species	locus1_target	locus1_coords	locus1_evalue	locus1_core	locus1_offset	locus2_target	locus2_coords	locus2_evalue	locus2_core	locus2_offset	core_edit_distance
Adonis_annua	HAP2_SCAFFOLD_8	179429164-179428835	7.90e-30	TAAACCCTAAACC	1	HAP2_SCAFFOLD_14	155572623-155572289	1.20e-26	TAAACCCTAAACC	1	0
Adonis_annua	HAP2_SCAFFOLD_8	179429164-179428835	7.90e-30	TAAACCCTAAACC	1	HAP2_SCAFFOLD_15	192072141-192071956	8.50e-09	TAAACCCTAAACC	1	0
Adonis_annua	HAP2_SCAFFOLD_14	155572623-155572289	1.20e-26	TAAACCCTAAACC	1	HAP2_SCAFFOLD_15	192072141-192071956	8.50e-09	TAAACCCTAAACC	1	0
Aethusa_cynapium	SUPER_7_HAP1	105274646-105274338	5.60e-06	ACCCTAACC	4	SUPER_7_HAP1	105330428-105330607	1.30e-05	ACCCTAACC	4	0
Aethusa_cynapium	SUPER_7_HAP1	105274646-105274338	5.60e-06	ACCCTAACC	4	SUPER_7_HAP1	105277716-105277437	3.70e-05	ACCCTAACC	4	0
Aethusa_cynapium	SUPER_7_HAP1	105330428-105330607	1.30e-05	ACCCTAACC	4	SUPER_7_HAP1	105277716-105277437	3.70e-05	ACCCTAACC	4	0
Agrostemma_githago	SUPER_14	66604228-66604573	1.30e-22	AACCCTAAACC	3	SUPER_14	66593331-66593678	4.30e-22	AACCCTAAACC	3	0
Agrostemma_githago	SUPER_14	66604228-66604573	1.30e-22	AACCCTAAACC	3	SUPER_1	83264777-83264435	1.80e-20	AACCCTAAACC	3	0
Agrostemma_githago	SUPER_14	66604228-66604573	1.30e-22	AACCCTAAACC	3	SUPER_14	66505394-66505045	1.30e-19	AACCCTAAACC	3	0
Agrostemma_githago	SUPER_14	66593331-66593678	4.30e-22	AACCCTAAACC	3	SUPER_1	83264777-83264435	1.80e-20	AACCCTAAACC	3	0
Agrostemma_githago	SUPER_14	66593331-66593678	4.30e-22	AACCCTAAACC	3	SUPER_14	66505394-66505045	1.30e-19	AACCCTAAACC	3	0
Agrostemma_githago	SUPER_1	83264777-83264435	1.80e-20	AACCCTAAACC	3	SUPER_14	66505394-66505045	1.30e-19	AACCCTAAACC	3	0
Ajuga_chamaepitys	SUPER_4	65087088-65086761	5.40e-47	AACCTAATC	3	SUPER_4	65099169-65098842	5.40e-47	AACCTAATC	3	0
Ajuga_chamaepitys	SUPER_4	65251381-65251076	1.50e-41	AAACTAAAC	2	SUPER_9	53209467-53209793	3.40e-31	AAACTAAAC	2	0
Ajuga_chamaepitys	SUPER_4	65251381-65251076	1.50e-41	AAACTAAAC	2	SUPER_8	48939983-48939764	8.90e-28	AAACTAAAC	2	0
Ajuga_chamaepitys	SUPER_4	65251381-65251076	1.50e-41	AAACTAAAC	2	SUPER_7	60902548-60902314	1.50e-21	AAACTAAAC	2	0
Ajuga_chamaepitys	SUPER_4	65251381-65251076	1.50e-41	AAACTAAAC	2	SUPER_1	84448766-84448479	3.20e-21	AAACTAAAC	2	0
Ajuga_chamaepitys	SUPER_9	53209467-53209793	3.40e-31	AAACTAAAC	2	SUPER_8	48939983-48939764	8.90e-28	AAACTAAAC	2	0
Ajuga_chamaepitys	SUPER_9	53209467-53209793	3.40e-31	AAACTAAAC	2	SUPER_7	60902548-60902314	1.50e-21	AAACTAAAC	2	0
Ajuga_chamaepitys	SUPER_9	53209467-53209793	3.40e-31	AAACTAAAC	2	SUPER_1	84448766-84448479	3.20e-21	AAACTAAAC	2	0
Ajuga_chamaepitys	SUPER_8	48939983-48939764	8.90e-28	AAACTAAAC	2	SUPER_7	60902548-60902314	1.50e-21	AAACTAAAC	2	0
Ajuga_chamaepitys	SUPER_8	48939983-48939764	8.90e-28	AAACTAAAC	2	SUPER_1	84448766-84448479	3.20e-21	AAACTAAAC	2	0
Ajuga_chamaepitys	SUPER_2	67625021-67625254	2.30e-22	CTAAACT	0	SUPER_2	67627184-67627410	2.10e-18	CTAAACT	0	0
Ajuga_chamaepitys	SUPER_2	67625021-67625254	2.30e-22	CTAAACT	0	SUPER_2	67623900-67624132	2.70e-16	CTAAACT	0	0
Ajuga_chamaepitys	SUPER_7	60902548-60902314	1.50e-21	AAACTAAAC	2	SUPER_1	84448766-84448479	3.20e-21	AAACTAAAC	2	0
Ajuga_chamaepitys	SUPER_2	67627184-67627410	2.10e-18	CTAAACT	0	SUPER_2	67623900-67624132	2.70e-16	CTAAACT	0	0
Ajuga_chamaepitys	SUPER_2	67628872-67629106	8.80e-15	AACCCT	8	SUPER_11	11737185-11737027	7.80e-09	AACCCT	9	0
Ajuga_reptans	SUPER_3	794225-793886	3.80e-56	CCTAAACC	5	SUPER_3	954018-954340	2.30e-42	CCTAAACC	5	0
Alchemilla_alpina	SUPER_69	6567947-6568257	3.80e-52	AAAACCCTAAACCCT	1	SUPER_72	14210214-14209904	2.60e-50	AAAACCCTAAACCCT	1	0
Alchemilla_alpina	SUPER_69	6567947-6568257	3.80e-52	AAAACCCTAAACCCT	1	SUPER_68	6583859-6584169	8.20e-49	AAAACCCTAAACCCT	1	0
Alchemilla_alpina	SUPER_69	6567947-6568257	3.80e-52	AAAACCCTAAACCCT	1	SUPER_115	7655691-7655597	3.70e-06	AAAACCCTAAACCCT	1	0
Alchemilla_alpina	SUPER_69	6567947-6568257	3.80e-52	AAAACCCTAAACCCT	1	SUPER_127	10286025-10286121	3.90e-06	AAAACCCTAAACCCT	1	0
Alchemilla_alpina	SUPER_72	14210214-14209904	2.60e-50	AAAACCCTAAACCCT	1	SUPER_68	6583859-6584169	8.20e-49	AAAACCCTAAACCCT	1	0
Alchemilla_alpina	SUPER_72	14210214-14209904	2.60e-50	AAAACCCTAAACCCT	1	SUPER_115	7655691-7655597	3.70e-06	AAAACCCTAAACCCT	1	0
Alchemilla_alpina	SUPER_72	14210214-14209904	2.60e-50	AAAACCCTAAACCCT	1	SUPER_127	10286025-10286121	3.90e-06	AAAACCCTAAACCCT	1	0
Alchemilla_alpina	SUPER_68	6583859-6584169	8.20e-49	AAAACCCTAAACCCT	1	SUPER_115	7655691-7655597	3.70e-06	AAAACCCTAAACCCT	1	0
Alchemilla_alpina	SUPER_68	6583859-6584169	8.20e-49	AAAACCCTAAACCCT	1	SUPER_127	10286025-10286121	3.90e-06	AAAACCCTAAACCCT	1	0
Alchemilla_alpina	SUPER_56	16788159-16787853	7.40e-46	AAACCCTAAACCCT	2	SUPER_54	16843945-16843640	4.00e-44	AAACCCTAAACCCT	2	0
Alchemilla_alpina	SUPER_56	16788159-16787853	7.40e-46	AAACCCTAAACCCT	2	SUPER_59	16688437-16688133	1.10e-43	AAACCCTAAACCCT	2	0
Alchemilla_alpina	SUPER_54	16843945-16843640	4.00e-44	AAACCCTAAACCCT	2	SUPER_59	16688437-16688133	1.10e-43	AAACCCTAAACCCT	2	0
Alchemilla_alpina	SUPER_39	4011227-4011524	8.10e-41	CCTAAACC	6	SUPER_55	4015999-4016296	8.10e-41	CCTAAACC	6	0
Alchemilla_alpina	SUPER_115	7655691-7655597	3.70e-06	AAAACCCTAAACCCT	1	SUPER_127	10286025-10286121	3.90e-06	AAAACCCTAAACCCT	1	0
Alopecurus_geniculatus	SUPER_8	374971748-374971625	4.40e-07	AAACCCTAAACC	2	SUPER_5	56067730-56067985	1.60e-06	AAACCCTAAACC	2	0
Alopecurus_pratensis	SUPER_3_HAP1	88054245-88054502	3.80e-10	AACCCTAAACC	3	SUPER_10_HAP1	316412459-316412744	4.20e-08	AACCCTAAACC	3	0
Ammi_majus	SUPER_4	44172553-44172187	1.80e-29	CTAAACCCTAAACC	0	SUPER_2	16322131-16322495	1.10e-28	CTAAACCCTAAACC	0	0
Anagallis_arvensis	SUPER_14	50592389-50592650	2.40e-24	CCCTAAACC	5	SUPER_14	50603583-50603710	9.50e-10	CCCTAAACC	5	0
Anagallis_arvensis	SUPER_7	25322233-25322004	2.50e-24	AAACCCTAAACC	2	SUPER_20	1616798-1616652	8.50e-09	AAACCCTAAACC	2	0
Anagallis_arvensis	SUPER_5	39104924-39104694	1.50e-23	AACCCT	5	SUPER_12	30697965-30697745	2.50e-23	AACCCT	5	0
Anagallis_arvensis	SUPER_5	39104924-39104694	1.50e-23	AACCCT	5	SUPER_12	30699466-30699236	7.50e-23	AACCCT	5	0
Anagallis_arvensis	SUPER_5	39104924-39104694	1.50e-23	AACCCT	5	SUPER_12	30695837-30695606	1.30e-22	AACCCT	5	0
Anagallis_arvensis	SUPER_5	39104924-39104694	1.50e-23	AACCCT	5	SUPER_5	39104057-39103826	4.40e-22	AACCCT	5	0
Anagallis_arvensis	SUPER_5	39104924-39104694	1.50e-23	AACCCT	5	SUPER_12	30698601-30698370	6.00e-22	AACCCT	5	0
Anagallis_arvensis	SUPER_5	39104924-39104694	1.50e-23	AACCCT	5	SUPER_5	39103414-39103194	8.00e-22	AACCCT	5	0
Anagallis_arvensis	SUPER_12	30697965-30697745	2.50e-23	AACCCT	5	SUPER_12	30699466-30699236	7.50e-23	AACCCT	5	0
Anagallis_arvensis	SUPER_12	30697965-30697745	2.50e-23	AACCCT	5	SUPER_12	30695837-30695606	1.30e-22	AACCCT	5	0
Anagallis_arvensis	SUPER_12	30697965-30697745	2.50e-23	AACCCT	5	SUPER_5	39104057-39103826	4.40e-22	AACCCT	5	0
Anagallis_arvensis	SUPER_12	30697965-30697745	2.50e-23	AACCCT	5	SUPER_12	30698601-30698370	6.00e-22	AACCCT	5	0
Anagallis_arvensis	SUPER_12	30697965-30697745	2.50e-23	AACCCT	5	SUPER_5	39103414-39103194	8.00e-22	AACCCT	5	0
Anagallis_arvensis	SUPER_12	30699466-30699236	7.50e-23	AACCCT	5	SUPER_12	30695837-30695606	1.30e-22	AACCCT	5	0
Anagallis_arvensis	SUPER_12	30699466-30699236	7.50e-23	AACCCT	5	SUPER_5	39104057-39103826	4.40e-22	AACCCT	5	0
Anagallis_arvensis	SUPER_12	30699466-30699236	7.50e-23	AACCCT	5	SUPER_12	30698601-30698370	6.00e-22	AACCCT	5	0
Anagallis_arvensis	SUPER_12	30699466-30699236	7.50e-23	AACCCT	5	SUPER_5	39103414-39103194	8.00e-22	AACCCT	5	0
Anagallis_arvensis	SUPER_12	30695837-30695606	1.30e-22	AACCCT	5	SUPER_5	39104057-39103826	4.40e-22	AACCCT	5	0
Anagallis_arvensis	SUPER_12	30695837-30695606	1.30e-22	AACCCT	5	SUPER_12	30698601-30698370	6.00e-22	AACCCT	5	0
Anagallis_arvensis	SUPER_12	30695837-30695606	1.30e-22	AACCCT	5	SUPER_5	39103414-39103194	8.00e-22	AACCCT	5	0
Anagallis_arvensis	SUPER_20	235958-235725	2.40e-22	AAACCCTAA	2	SUPER_20	283733-283968	1.10e-20	AAACCCTAA	2	0
Anagallis_arvensis	SUPER_5	39101315-39101084	2.60e-22	AACCCT	3	SUPER_12	30696658-30696433	1.80e-21	AACCCT	3	0
Anagallis_arvensis	SUPER_5	39101315-39101084	2.60e-22	AACCCT	3	SUPER_5	39102124-39101897	2.90e-19	AACCCT	3	0
Anagallis_arvensis	SUPER_5	39104057-39103826	4.40e-22	AACCCT	5	SUPER_12	30698601-30698370	6.00e-22	AACCCT	5	0
Anagallis_arvensis	SUPER_5	39104057-39103826	4.40e-22	AACCCT	5	SUPER_5	39103414-39103194	8.00e-22	AACCCT	5	0
Anagallis_arvensis	SUPER_12	30698601-30698370	6.00e-22	AACCCT	5	SUPER_5	39103414-39103194	8.00e-22	AACCCT	5	0
Anagallis_arvensis	SUPER_12	30696658-30696433	1.80e-21	AACCCT	3	SUPER_5	39102124-39101897	2.90e-19	AACCCT	3	0
Anchusa_arvensis	SUPER_20	303066306-303065993	8.50e-36	CTAAACCCTAAACC	0	SUPER_8	10360467-10360782	4.70e-32	CTAAACCCTAAACC	0	0
Anchusa_arvensis	SUPER_20	303066306-303065993	8.50e-36	CTAAACCCTAAACC	0	SUPER_17	140035521-140035832	8.00e-31	CTAAACCCTAAACC	0	0
Anchusa_arvensis	SUPER_20	303066306-303065993	8.50e-36	CTAAACCCTAAACC	0	SUPER_21	318800025-318799726	2.70e-29	CTAAACCCTAAACC	0	0
Anchusa_arvensis	SUPER_8	10360467-10360782	4.70e-32	CTAAACCCTAAACC	0	SUPER_17	140035521-140035832	8.00e-31	CTAAACCCTAAACC	0	0
Anchusa_arvensis	SUPER_8	10360467-10360782	4.70e-32	CTAAACCCTAAACC	0	SUPER_21	318800025-318799726	2.70e-29	CTAAACCCTAAACC	0	0
Anchusa_arvensis	SUPER_17	140035521-140035832	8.00e-31	CTAAACCCTAAACC	0	SUPER_21	318800025-318799726	2.70e-29	CTAAACCCTAAACC	0	0
Anchusa_arvensis	SUPER_1	329580000-329579740	3.50e-20	AACCCTAAACC	3	SUPER_1	329601664-329601409	1.20e-17	AACCCTAAACC	3	0
Andreaea_nivalis	SUPER_9	17254873-17255072	1.00e-07	AACCCTAAACC	1	SUPER_9	17093138-17093283	5.00e-07	AACCCTAAACC	1	0
Arabis_hirsuta	SCAFFOLD_2	26049025-26048677	5.10e-39	CTAAACCCTAAACC	0	SCAFFOLD_5	25465682-25466020	6.80e-35	CTAAACCCTAAACC	0	0
Arctium_lappa	SUPER_7	74748836-74749154	2.00e-27	TAAACCCTAAACC	1	SUPER_8	18356798-18356481	9.00e-27	TAAACCCTAAACC	1	0
Arctium_lappa	SUPER_7	74748836-74749154	2.00e-27	TAAACCCTAAACC	1	SUPER_10	2057311-2057035	4.50e-17	TAAACCCTAAACC	1	0
Arctium_lappa	SUPER_8	18356798-18356481	9.00e-27	TAAACCCTAAACC	1	SUPER_10	2057311-2057035	4.50e-17	TAAACCCTAAACC	1	0
Arctium_minus	SUPER_7	17423483-17423159	5.10e-29	TAAACCCTAAACC	1	SUPER_9	89566826-89567102	6.80e-18	TAAACCCTAAACC	1	0
Arenaria_serpyllifolia	SUPER_17	1396909-1396547	4.90e-22	AACCCTAAAC	3	SUPER_14	1400964-1400603	1.00e-20	AACCCTAAAC	3	0
Aria_edulis	SUPER_16	30182046-30181690	2.60e-55	AACCCTAAACC	3	SUPER_14	30892708-30892345	2.90e-53	AACCCTAAACC	3	0
Armoracia_rusticana	SUPER_6	9367979-9367649	2.30e-38	CTAAACCCT	0	SUPER_1	46946496-46946828	1.50e-37	CTAAACCCT	0	0
Artemisia_norvegica	SUPER_6	240882564-240882917	8.20e-37	AACCCTAAACC	3	SUPER_6	240929482-240929836	4.10e-33	AACCCTAAACC	3	0
Artemisia_norvegica	SUPER_6	240882564-240882917	8.20e-37	AACCCTAAACC	3	SUPER_6	240892738-240893059	1.50e-27	AACCCTAAACC	3	0
Artemisia_norvegica	SUPER_6	240882564-240882917	8.20e-37	AACCCTAAACC	3	SUPER_6	241613044-241612702	2.10e-27	AACCCTAAACC	3	0
Artemisia_norvegica	SUPER_6	240929482-240929836	4.10e-33	AACCCTAAACC	3	SUPER_6	240892738-240893059	1.50e-27	AACCCTAAACC	3	0
Artemisia_norvegica	SUPER_6	240929482-240929836	4.10e-33	AACCCTAAACC	3	SUPER_6	241613044-241612702	2.10e-27	AACCCTAAACC	3	0
Artemisia_norvegica	SUPER_6	240892738-240893059	1.50e-27	AACCCTAAACC	3	SUPER_6	241613044-241612702	2.10e-27	AACCCTAAACC	3	0
Atropa_belladonna	SUPER_21	32625733-32625396	7.40e-52	TAAACCCTAAACC	1	SUPER_3	49242272-49242054	9.70e-32	TAAACCCTAAACC	1	0
Atropa_belladonna	SUPER_21	32625733-32625396	7.40e-52	TAAACCCTAAACC	1	SUPER_19	45134071-45133928	8.10e-07	TAAACCCTAAACC	1	0
Atropa_belladonna	SUPER_3	49242272-49242054	9.70e-32	TAAACCCTAAACC	1	SUPER_19	45134071-45133928	8.10e-07	TAAACCCTAAACC	1	0
Ballota_nigra	SUPER_6	16215202-16215528	2.70e-52	AACCCTAAACC	3	SUPER_6	5123417-5123148	1.90e-38	AACCCTAAACC	3	0
Bazzania_pearsonii	SCAFFOLD_52	41001-41111	6.90e-08	AACCCTAAACCC	3	SCAFFOLD_29	43431-43542	8.40e-08	AACCCTAAACCC	3	0
Bazzania_pearsonii	SCAFFOLD_52	41001-41111	6.90e-08	AACCCTAAACCC	3	SCAFFOLD_34	29047-29158	8.40e-08	AACCCTAAACCC	3	0
Bazzania_pearsonii	SCAFFOLD_52	41001-41111	6.90e-08	AACCCTAAACCC	3	SCAFFOLD_29	156546-156445	1.90e-06	AACCCTAAACCC	3	0
Bazzania_pearsonii	SCAFFOLD_52	41001-41111	6.90e-08	AACCCTAAACCC	3	SCAFFOLD_34	142572-142471	1.90e-06	AACCCTAAACCC	3	0
Bazzania_pearsonii	SCAFFOLD_52	41001-41111	6.90e-08	AACCCTAAACCC	3	SCAFFOLD_94	37542-37644	7.60e-06	AACCCTAAACCC	3	0
Bazzania_pearsonii	SCAFFOLD_29	43431-43542	8.40e-08	AACCCTAAACCC	3	SCAFFOLD_34	29047-29158	8.40e-08	AACCCTAAACCC	3	0
Bazzania_pearsonii	SCAFFOLD_29	43431-43542	8.40e-08	AACCCTAAACCC	3	SCAFFOLD_29	156546-156445	1.90e-06	AACCCTAAACCC	3	0
Bazzania_pearsonii	SCAFFOLD_29	43431-43542	8.40e-08	AACCCTAAACCC	3	SCAFFOLD_34	142572-142471	1.90e-06	AACCCTAAACCC	3	0
Bazzania_pearsonii	SCAFFOLD_29	43431-43542	8.40e-08	AACCCTAAACCC	3	SCAFFOLD_94	37542-37644	7.60e-06	AACCCTAAACCC	3	0
Bazzania_pearsonii	SCAFFOLD_34	29047-29158	8.40e-08	AACCCTAAACCC	3	SCAFFOLD_29	156546-156445	1.90e-06	AACCCTAAACCC	3	0
Bazzania_pearsonii	SCAFFOLD_34	29047-29158	8.40e-08	AACCCTAAACCC	3	SCAFFOLD_34	142572-142471	1.90e-06	AACCCTAAACCC	3	0
Bazzania_pearsonii	SCAFFOLD_34	29047-29158	8.40e-08	AACCCTAAACCC	3	SCAFFOLD_94	37542-37644	7.60e-06	AACCCTAAACCC	3	0
Bazzania_pearsonii	SCAFFOLD_25	546539-546415	9.90e-07	AACCCTAAAC	1	SCAFFOLD_37	75724-75600	9.90e-07	AACCCTAAAC	1	0
Bazzania_pearsonii	SCAFFOLD_25	546539-546415	9.90e-07	AACCCTAAAC	1	SCAFFOLD_38	74815-74691	9.90e-07	AACCCTAAAC	1	0
Bazzania_pearsonii	SCAFFOLD_25	546539-546415	9.90e-07	AACCCTAAAC	1	SCAFFOLD_40	110293-110417	9.90e-07	AACCCTAAAC	1	0
Bazzania_pearsonii	SCAFFOLD_25	546539-546415	9.90e-07	AACCCTAAAC	1	SUPER_4	26889-27013	9.90e-07	AACCCTAAAC	1	0
Bazzania_pearsonii	SCAFFOLD_25	546539-546415	9.90e-07	AACCCTAAAC	1	SCAFFOLD_24	104769-104891	9.90e-07	AACCCTAAAC	1	0
Bazzania_pearsonii	SCAFFOLD_25	546539-546415	9.90e-07	AACCCTAAAC	1	SUPER_4	61074221-61074326	3.70e-06	AACCCTAAAC	2	0
Bazzania_pearsonii	SCAFFOLD_25	546539-546415	9.90e-07	AACCCTAAAC	1	SCAFFOLD_24	512561-512673	1.50e-05	AACCCTAAAC	1	0
Bazzania_pearsonii	SCAFFOLD_25	546539-546415	9.90e-07	AACCCTAAAC	1	SCAFFOLD_25	133699-133587	1.50e-05	AACCCTAAAC	1	0
Bazzania_pearsonii	SCAFFOLD_25	546539-546415	9.90e-07	AACCCTAAAC	1	SCAFFOLD_28	292141-292029	1.50e-05	AACCCTAAAC	1	0
Bazzania_pearsonii	SCAFFOLD_25	546539-546415	9.90e-07	AACCCTAAAC	1	SCAFFOLD_31	108713-108825	1.50e-05	AACCCTAAAC	1	0
Bazzania_pearsonii	SCAFFOLD_37	75724-75600	9.90e-07	AACCCTAAAC	1	SCAFFOLD_38	74815-74691	9.90e-07	AACCCTAAAC	1	0
Bazzania_pearsonii	SCAFFOLD_37	75724-75600	9.90e-07	AACCCTAAAC	1	SCAFFOLD_40	110293-110417	9.90e-07	AACCCTAAAC	1	0
Bazzania_pearsonii	SCAFFOLD_37	75724-75600	9.90e-07	AACCCTAAAC	1	SUPER_4	26889-27013	9.90e-07	AACCCTAAAC	1	0
Bazzania_pearsonii	SCAFFOLD_37	75724-75600	9.90e-07	AACCCTAAAC	1	SCAFFOLD_24	104769-104891	9.90e-07	AACCCTAAAC	1	0
Bazzania_pearsonii	SCAFFOLD_37	75724-75600	9.90e-07	AACCCTAAAC	1	SUPER_4	61074221-61074326	3.70e-06	AACCCTAAAC	2	0
Bazzania_pearsonii	SCAFFOLD_37	75724-75600	9.90e-07	AACCCTAAAC	1	SCAFFOLD_24	512561-512673	1.50e-05	AACCCTAAAC	1	0
Bazzania_pearsonii	SCAFFOLD_37	75724-75600	9.90e-07	AACCCTAAAC	1	SCAFFOLD_25	133699-133587	1.50e-05	AACCCTAAAC	1	0
Bazzania_pearsonii	SCAFFOLD_37	75724-75600	9.90e-07	AACCCTAAAC	1	SCAFFOLD_28	292141-292029	1.50e-05	AACCCTAAAC	1	0
Bazzania_pearsonii	SCAFFOLD_37	75724-75600	9.90e-07	AACCCTAAAC	1	SCAFFOLD_31	108713-108825	1.50e-05	AACCCTAAAC	1	0
Bazzania_pearsonii	SCAFFOLD_38	74815-74691	9.90e-07	AACCCTAAAC	1	SCAFFOLD_40	110293-110417	9.90e-07	AACCCTAAAC	1	0
Bazzania_pearsonii	SCAFFOLD_38	74815-74691	9.90e-07	AACCCTAAAC	1	SUPER_4	26889-27013	9.90e-07	AACCCTAAAC	1	0
Bazzania_pearsonii	SCAFFOLD_38	74815-74691	9.90e-07	AACCCTAAAC	1	SCAFFOLD_24	104769-104891	9.90e-07	AACCCTAAAC	1	0
Bazzania_pearsonii	SCAFFOLD_38	74815-74691	9.90e-07	AACCCTAAAC	1	SUPER_4	61074221-61074326	3.70e-06	AACCCTAAAC	2	0
Bazzania_pearsonii	SCAFFOLD_38	74815-74691	9.90e-07	AACCCTAAAC	1	SCAFFOLD_24	512561-512673	1.50e-05	AACCCTAAAC	1	0
Bazzania_pearsonii	SCAFFOLD_38	74815-74691	9.90e-07	AACCCTAAAC	1	SCAFFOLD_25	133699-133587	1.50e-05	AACCCTAAAC	1	0
Bazzania_pearsonii	SCAFFOLD_38	74815-74691	9.90e-07	AACCCTAAAC	1	SCAFFOLD_28	292141-292029	1.50e-05	AACCCTAAAC	1	0
Bazzania_pearsonii	SCAFFOLD_38	74815-74691	9.90e-07	AACCCTAAAC	1	SCAFFOLD_31	108713-108825	1.50e-05	AACCCTAAAC	1	0
Bazzania_pearsonii	SCAFFOLD_40	110293-110417	9.90e-07	AACCCTAAAC	1	SUPER_4	26889-27013	9.90e-07	AACCCTAAAC	1	0
Bazzania_pearsonii	SCAFFOLD_40	110293-110417	9.90e-07	AACCCTAAAC	1	SCAFFOLD_24	104769-104891	9.90e-07	AACCCTAAAC	1	0
Bazzania_pearsonii	SCAFFOLD_40	110293-110417	9.90e-07	AACCCTAAAC	1	SUPER_4	61074221-61074326	3.70e-06	AACCCTAAAC	2	0
Bazzania_pearsonii	SCAFFOLD_40	110293-110417	9.90e-07	AACCCTAAAC	1	SCAFFOLD_24	512561-512673	1.50e-05	AACCCTAAAC	1	0
Bazzania_pearsonii	SCAFFOLD_40	110293-110417	9.90e-07	AACCCTAAAC	1	SCAFFOLD_25	133699-133587	1.50e-05	AACCCTAAAC	1	0
Bazzania_pearsonii	SCAFFOLD_40	110293-110417	9.90e-07	AACCCTAAAC	1	SCAFFOLD_28	292141-292029	1.50e-05	AACCCTAAAC	1	0
Bazzania_pearsonii	SCAFFOLD_40	110293-110417	9.90e-07	AACCCTAAAC	1	SCAFFOLD_31	108713-108825	1.50e-05	AACCCTAAAC	1	0
Bazzania_pearsonii	SUPER_4	26889-27013	9.90e-07	AACCCTAAAC	1	SCAFFOLD_24	104769-104891	9.90e-07	AACCCTAAAC	1	0
Bazzania_pearsonii	SUPER_4	26889-27013	9.90e-07	AACCCTAAAC	1	SUPER_4	61074221-61074326	3.70e-06	AACCCTAAAC	2	0
Bazzania_pearsonii	SUPER_4	26889-27013	9.90e-07	AACCCTAAAC	1	SCAFFOLD_24	512561-512673	1.50e-05	AACCCTAAAC	1	0
Bazzania_pearsonii	SUPER_4	26889-27013	9.90e-07	AACCCTAAAC	1	SCAFFOLD_25	133699-133587	1.50e-05	AACCCTAAAC	1	0
Bazzania_pearsonii	SUPER_4	26889-27013	9.90e-07	AACCCTAAAC	1	SCAFFOLD_28	292141-292029	1.50e-05	AACCCTAAAC	1	0
Bazzania_pearsonii	SUPER_4	26889-27013	9.90e-07	AACCCTAAAC	1	SCAFFOLD_31	108713-108825	1.50e-05	AACCCTAAAC	1	0
Bazzania_pearsonii	SCAFFOLD_24	104769-104891	9.90e-07	AACCCTAAAC	1	SUPER_4	61074221-61074326	3.70e-06	AACCCTAAAC	2	0
Bazzania_pearsonii	SCAFFOLD_24	104769-104891	9.90e-07	AACCCTAAAC	1	SCAFFOLD_24	512561-512673	1.50e-05	AACCCTAAAC	1	0
Bazzania_pearsonii	SCAFFOLD_24	104769-104891	9.90e-07	AACCCTAAAC	1	SCAFFOLD_25	133699-133587	1.50e-05	AACCCTAAAC	1	0
Bazzania_pearsonii	SCAFFOLD_24	104769-104891	9.90e-07	AACCCTAAAC	1	SCAFFOLD_28	292141-292029	1.50e-05	AACCCTAAAC	1	0
Bazzania_pearsonii	SCAFFOLD_24	104769-104891	9.90e-07	AACCCTAAAC	1	SCAFFOLD_31	108713-108825	1.50e-05	AACCCTAAAC	1	0
Bazzania_pearsonii	SCAFFOLD_29	156546-156445	1.90e-06	AACCCTAAACCC	3	SCAFFOLD_34	142572-142471	1.90e-06	AACCCTAAACCC	3	0
Bazzania_pearsonii	SCAFFOLD_29	156546-156445	1.90e-06	AACCCTAAACCC	3	SCAFFOLD_94	37542-37644	7.60e-06	AACCCTAAACCC	3	0
Bazzania_pearsonii	SCAFFOLD_34	142572-142471	1.90e-06	AACCCTAAACCC	3	SCAFFOLD_94	37542-37644	7.60e-06	AACCCTAAACCC	3	0
Bazzania_pearsonii	SUPER_4	61074221-61074326	3.70e-06	AACCCTAAAC	2	SCAFFOLD_24	512561-512673	1.50e-05	AACCCTAAAC	1	0
Bazzania_pearsonii	SUPER_4	61074221-61074326	3.70e-06	AACCCTAAAC	2	SCAFFOLD_25	133699-133587	1.50e-05	AACCCTAAAC	1	0
Bazzania_pearsonii	SUPER_4	61074221-61074326	3.70e-06	AACCCTAAAC	2	SCAFFOLD_28	292141-292029	1.50e-05	AACCCTAAAC	1	0
Bazzania_pearsonii	SUPER_4	61074221-61074326	3.70e-06	AACCCTAAAC	2	SCAFFOLD_31	108713-108825	1.50e-05	AACCCTAAAC	1	0
Bazzania_pearsonii	SCAFFOLD_24	512561-512673	1.50e-05	AACCCTAAAC	1	SCAFFOLD_25	133699-133587	1.50e-05	AACCCTAAAC	1	0
Bazzania_pearsonii	SCAFFOLD_24	512561-512673	1.50e-05	AACCCTAAAC	1	SCAFFOLD_28	292141-292029	1.50e-05	AACCCTAAAC	1	0
Bazzania_pearsonii	SCAFFOLD_24	512561-512673	1.50e-05	AACCCTAAAC	1	SCAFFOLD_31	108713-108825	1.50e-05	AACCCTAAAC	1	0
Bazzania_pearsonii	SCAFFOLD_25	133699-133587	1.50e-05	AACCCTAAAC	1	SCAFFOLD_28	292141-292029	1.50e-05	AACCCTAAAC	1	0
Bazzania_pearsonii	SCAFFOLD_25	133699-133587	1.50e-05	AACCCTAAAC	1	SCAFFOLD_31	108713-108825	1.50e-05	AACCCTAAAC	1	0
Bazzania_pearsonii	SCAFFOLD_28	292141-292029	1.50e-05	AACCCTAAAC	1	SCAFFOLD_31	108713-108825	1.50e-05	AACCCTAAAC	1	0
Bellardia_viscosa	SUPER_17	11197867-11197537	1.10e-43	AACCCTAAACC	3	SUPER_21	26785839-26786168	3.80e-43	AACCCTAAACC	3	0
Blitum_bonus_henricus	SUPER_2	67073521-67073878	4.50e-23	AACCCTAAAC	3	SUPER_4	61284559-61284293	5.60e-12	AACCCTAAAC	3	0
Brassica_nigra	SUPER_4	12429186-12429526	6.20e-38	CTAAACCCT	0	SUPER_8	32213016-32213367	3.70e-32	CTAAACCCT	0	0
Bryum_calophyllum	SUPER_30	13569768-13569888	8.80e-07	AACCCTAAACC	3	SUPER_22	15128962-15128839	7.70e-06	AACCCTAAACC	3	0
Bryum_knowltonii	SUPER_14	6248835-6248959	3.80e-06	AACCCTAAACC	3	SUPER_16	6056202-6056325	2.10e-05	AACCCTAAACC	3	0
Buddleja_davidii	HAP2_SUPER_5	4138319-4137969	2.30e-60	AACCCTAAACC	3	HAP4_SUPER_5	4113779-4113431	7.50e-60	AACCCTAAACC	3	0
Buddleja_davidii	HAP2_SUPER_5	4138319-4137969	2.30e-60	AACCCTAAACC	3	HAP3_SUPER_5	3808470-3808122	1.00e-58	AACCCTAAACC	3	0
Buddleja_davidii	HAP4_SUPER_5	4113779-4113431	7.50e-60	AACCCTAAACC	3	HAP3_SUPER_5	3808470-3808122	1.00e-58	AACCCTAAACC	3	0
Buxus_sempervirens	SUPER_14	19922806-19923149	2.00e-52	AAACCCTAAACCT	2	SUPER_14	20059775-20060118	2.30e-52	AAACCCTAAACCT	2	0
Buxus_sempervirens	SUPER_14	19922806-19923149	2.00e-52	AAACCCTAAACCT	2	SUPER_12	777197-777548	1.60e-41	AAACCCTAAACCT	2	0
Buxus_sempervirens	SUPER_14	20059775-20060118	2.30e-52	AAACCCTAAACCT	2	SUPER_12	777197-777548	1.60e-41	AAACCCTAAACCT	2	0
Calendula_officinalis	SUPER_6	41440081-41439738	1.80e-29	AACCCTAAACC	3	SUPER_11	34323523-34323187	1.20e-28	AACCCTAAACC	3	0
Cardamine_pratensis	SUPER_12_HAP1	31007397-31007745	1.20e-35	CTAAACCCT	0	SUPER_8_HAP1	33241399-33241738	3.90e-35	CTAAACCCT	0	0
Cardamine_pratensis	SUPER_12_HAP1	31007397-31007745	1.20e-35	CTAAACCCT	0	SUPER_4_HAP1	10508388-10508731	4.80e-33	CTAAACCCT	0	0
Cardamine_pratensis	SUPER_12_HAP1	31007397-31007745	1.20e-35	CTAAACCCT	0	SUPER_8_HAP1	33254213-33254354	5.40e-13	CTAAACCCT	0	0
Cardamine_pratensis	SUPER_12_HAP1	31007397-31007745	1.20e-35	CTAAACCCT	0	SUPER_8_HAP1	33300843-33300984	5.40e-13	CTAAACCCT	0	0
Cardamine_pratensis	SUPER_12_HAP1	31007397-31007745	1.20e-35	CTAAACCCT	0	SUPER_8_HAP1	33275796-33275937	5.60e-13	CTAAACCCT	0	0
Cardamine_pratensis	SUPER_8_HAP1	33241399-33241738	3.90e-35	CTAAACCCT	0	SUPER_4_HAP1	10508388-10508731	4.80e-33	CTAAACCCT	0	0
Cardamine_pratensis	SUPER_8_HAP1	33241399-33241738	3.90e-35	CTAAACCCT	0	SUPER_8_HAP1	33254213-33254354	5.40e-13	CTAAACCCT	0	0
Cardamine_pratensis	SUPER_8_HAP1	33241399-33241738	3.90e-35	CTAAACCCT	0	SUPER_8_HAP1	33300843-33300984	5.40e-13	CTAAACCCT	0	0
Cardamine_pratensis	SUPER_8_HAP1	33241399-33241738	3.90e-35	CTAAACCCT	0	SUPER_8_HAP1	33275796-33275937	5.60e-13	CTAAACCCT	0	0
Cardamine_pratensis	SUPER_4_HAP1	10508388-10508731	4.80e-33	CTAAACCCT	0	SUPER_8_HAP1	33254213-33254354	5.40e-13	CTAAACCCT	0	0
Cardamine_pratensis	SUPER_4_HAP1	10508388-10508731	4.80e-33	CTAAACCCT	0	SUPER_8_HAP1	33300843-33300984	5.40e-13	CTAAACCCT	0	0
Cardamine_pratensis	SUPER_4_HAP1	10508388-10508731	4.80e-33	CTAAACCCT	0	SUPER_8_HAP1	33275796-33275937	5.60e-13	CTAAACCCT	0	0
Cardamine_pratensis	SUPER_8_HAP1	33254213-33254354	5.40e-13	CTAAACCCT	0	SUPER_8_HAP1	33300843-33300984	5.40e-13	CTAAACCCT	0	0
Cardamine_pratensis	SUPER_8_HAP1	33254213-33254354	5.40e-13	CTAAACCCT	0	SUPER_8_HAP1	33275796-33275937	5.60e-13	CTAAACCCT	0	0
Cardamine_pratensis	SUPER_8_HAP1	33300843-33300984	5.40e-13	CTAAACCCT	0	SUPER_8_HAP1	33275796-33275937	5.60e-13	CTAAACCCT	0	0
Carex_depauperata	SUPER_1	15861139-15860832	1.20e-32	TAAACCCTAAACCC	1	SUPER_1	32410406-32410243	1.40e-13	TAAACCCTAAACCC	1	0
Carex_pendula	SUPER_25	1145387-1145710	1.30e-30	TAAACCCTAAACCC	1	SUPER_1	918553-918878	3.10e-28	TAAACCCTAAACCC	1	0
Carex_rostrata	SUPER_2	14386552-14386242	1.50e-31	TAAACCCTAAACCC	1	SUPER_10	1345376-1345134	2.00e-23	TAAACCCTAAACCC	1	0
Carlina_vulgaris	SUPER_5	199000799-199001122	7.20e-18	AAACCGAACTG	3	SUPER_5	198973661-198973977	1.90e-15	AAACCGAACTG	2	0
Carpinus_betulus	SUPER_6	26662615-26662947	3.80e-53	TAAACCCTAAAAG	1	SUPER_8	7145498-7145295	1.30e-25	TAAACCCTAAAAG	1	0
Carpinus_betulus	SUPER_6	26662615-26662947	3.80e-53	TAAACCCTAAAAG	1	SUPER_8	7145699-7145505	7.90e-19	TAAACCCTAAAAG	1	0
Carpinus_betulus	SUPER_6	26662615-26662947	3.80e-53	TAAACCCTAAAAG	1	SUPER_8	7145297-7145157	1.40e-15	TAAACCCTAAAAG	1	0
Carpinus_betulus	SUPER_8	7145498-7145295	1.30e-25	TAAACCCTAAAAG	1	SUPER_8	7145699-7145505	7.90e-19	TAAACCCTAAAAG	1	0
Carpinus_betulus	SUPER_8	7145498-7145295	1.30e-25	TAAACCCTAAAAG	1	SUPER_8	7145297-7145157	1.40e-15	TAAACCCTAAAAG	1	0
Carpinus_betulus	SUPER_8	7145699-7145505	7.90e-19	TAAACCCTAAAAG	1	SUPER_8	7145297-7145157	1.40e-15	TAAACCCTAAAAG	1	0
Castanea_sativa	SUPER_1	58318633-58318296	1.30e-54	TAAACCCTAAACCT	1	SUPER_2	57213995-57214133	6.90e-15	TAAACCCTAAACCT	1	0
Centaurium_erythraea	SUPER_10	15104741-15104632	4.60e-10	CTAAACCCTAAACC	0	SUPER_10	15125095-15124986	4.60e-10	CTAAACCCTAAACC	0	0
Cerastium_alpinum	SUPER_12	49008815-49009160	5.10e-18	AACCCTAAAC	3	SUPER_23	1713186-1712839	3.50e-17	AACCCTAAAC	3	0
Chenopodium_album	SUPER_2	81519013-81519375	3.20e-22	AACCCTAAAC	3	SUPER_20	37837706-37838065	3.60e-22	AACCCTAAAC	3	0
Chenopodium_album	SUPER_2	81519013-81519375	3.20e-22	AACCCTAAAC	3	SUPER_11	4825112-4824753	1.90e-20	AACCCTAAAC	3	0
Chenopodium_album	SUPER_20	37837706-37838065	3.60e-22	AACCCTAAAC	3	SUPER_11	4825112-4824753	1.90e-20	AACCCTAAAC	3	0
Cochlearia_danica	SUPER_6_HAP1	35155641-35155292	4.70e-39	CTAAACCCT	0	SUPER_18_HAP1	18437427-18437771	9.90e-38	CTAAACCCT	0	0
Colchicum_autumnale	SUPER_24	26211975-26211633	2.70e-16	TAAACCCTAAACCCT	1	SUPER_42	15078222-15078574	2.40e-13	TAAACCCTAAACCCT	1	0
Colchicum_autumnale	SUPER_24	26211975-26211633	2.70e-16	TAAACCCTAAACCCT	1	SUPER_24	26210489-26210243	2.00e-06	TAAACCCTAAACCCT	1	0
Colchicum_autumnale	SUPER_24	26211975-26211633	2.70e-16	TAAACCCTAAACCCT	1	SUPER_19	1124492-1124707	3.50e-05	TAAACCCTAAACCCT	1	0
Colchicum_autumnale	SUPER_42	15078222-15078574	2.40e-13	TAAACCCTAAACCCT	1	SUPER_24	26210489-26210243	2.00e-06	TAAACCCTAAACCCT	1	0
Colchicum_autumnale	SUPER_42	15078222-15078574	2.40e-13	TAAACCCTAAACCCT	1	SUPER_19	1124492-1124707	3.50e-05	TAAACCCTAAACCCT	1	0
Colchicum_autumnale	SUPER_24	26210489-26210243	2.00e-06	TAAACCCTAAACCCT	1	SUPER_19	1124492-1124707	3.50e-05	TAAACCCTAAACCCT	1	0
Colchicum_autumnale	SUPER_24	26210837-26210591	2.90e-06	CCCTAAACCCT	5	SUPER_24	26211168-26210939	9.20e-06	CCCTAAACCCT	5	0
Colchicum_autumnale	SUPER_24	26210837-26210591	2.90e-06	CCCTAAACCCT	5	SUPER_24	26211516-26211287	9.20e-06	CCCTAAACCCT	5	0
Colchicum_autumnale	SUPER_24	26211168-26210939	9.20e-06	CCCTAAACCCT	5	SUPER_24	26211516-26211287	9.20e-06	CCCTAAACCCT	5	0
Convolvulus_arvensis	HAP2_SCAFFOLD_9	11136654-11136341	2.70e-47	AACCCTAAACCC	3	HAP2_SCAFFOLD_3	24738119-24737804	1.00e-46	AACCCTAAACCC	3	0
Cornus_sanguinea	SUPER_3	74227618-74227970	1.70e-17	TAAACC	5	SUPER_3	74220059-74220409	2.80e-15	TAAACC	5	0
Cornus_sanguinea	SUPER_3	74198784-74198425	6.90e-14	TAAACC	7	SUPER_9	51105267-51105155	4.30e-07	TAAACC	8	0
Corylus_colurna	SUPER_4	24818977-24818655	3.00e-57	TAAACCCTAAAC	1	SUPER_4	24808197-24807894	2.00e-36	TAAACCCTAAAC	1	0
Crataegus_monogyna	SUPER_2	344641-344998	1.40e-53	AACCCTAAACC	3	SUPER_14	429355-429695	1.80e-53	AACCCTAAACC	3	0
Crocus_tommasinianus	SUPER_1	168974222-168973896	6.30e-21	AACCCTAAC	3	SUPER_1	57370290-57369963	1.20e-14	AACCCTAAC	3	0
Descurainia_sophia	SUPER_11	8117321-8116979	1.40e-37	CTAAACCCT	0	SUPER_10	7523150-7523491	2.30e-35	CTAAACCCT	0	0
Digitaria_sanguinalis	SUPER_6	16944085-16944404	5.90e-09	AACCCTAAACC	3	SUPER_9	4654582-4654280	4.50e-08	AACCCTAAACC	3	0
Digitaria_sanguinalis	SUPER_6	16944085-16944404	5.90e-09	AACCCTAAACC	3	SUPER_5	5323569-5323278	1.80e-05	AACCCTAAACC	3	0
Digitaria_sanguinalis	SUPER_9	4654582-4654280	4.50e-08	AACCCTAAACC	3	SUPER_5	5323569-5323278	1.80e-05	AACCCTAAACC	3	0
Draba_incana	SUPER_8	18065670-18065324	2.20e-32	CTAAACCCTAAAC	0	SUPER_14	14511037-14511375	8.30e-31	CTAAACCCTAAAC	0	0
Draba_incana	SUPER_8	18065670-18065324	2.20e-32	CTAAACCCTAAAC	0	SUPER_14	14502994-14503161	1.20e-12	CTAAACCCTAAAC	0	0
Draba_incana	SUPER_14	14511037-14511375	8.30e-31	CTAAACCCTAAAC	0	SUPER_14	14502994-14503161	1.20e-12	CTAAACCCTAAAC	0	0
Draba_verna	SUPER_23	24585891-24586221	2.00e-32	CTAAACCCTAAAC	0	SUPER_15	4490739-4490405	4.80e-32	CTAAACCCTAAAC	0	0
Draba_verna	SUPER_23	24585891-24586221	2.00e-32	CTAAACCCTAAAC	0	SUPER_14	4574809-4575143	5.80e-32	CTAAACCCTAAAC	0	0
Draba_verna	SUPER_23	24585891-24586221	2.00e-32	CTAAACCCTAAAC	0	SUPER_14	4463655-4463321	2.00e-31	CTAAACCCTAAAC	0	0
Draba_verna	SUPER_23	24585891-24586221	2.00e-32	CTAAACCCTAAAC	0	SUPER_15	4582175-4582505	1.00e-30	CTAAACCCTAAAC	0	0
Draba_verna	SUPER_23	24585891-24586221	2.00e-32	CTAAACCCTAAAC	0	SUPER_19	5463429-5463759	1.80e-30	CTAAACCCTAAAC	0	0
Draba_verna	SUPER_23	24585891-24586221	2.00e-32	CTAAACCCTAAAC	0	SUPER_23	24237992-24237667	3.40e-30	CTAAACCCTAAAC	0	0
Draba_verna	SUPER_23	24585891-24586221	2.00e-32	CTAAACCCTAAAC	0	SUPER_19	5604261-5604467	5.20e-22	CTAAACCCTAAAC	0	0
Draba_verna	SUPER_23	24585891-24586221	2.00e-32	CTAAACCCTAAAC	0	SUPER_2	7221826-7221637	4.30e-16	CTAAACCCTAAAC	0	0
Draba_verna	SUPER_15	4490739-4490405	4.80e-32	CTAAACCCTAAAC	0	SUPER_14	4574809-4575143	5.80e-32	CTAAACCCTAAAC	0	0
Draba_verna	SUPER_15	4490739-4490405	4.80e-32	CTAAACCCTAAAC	0	SUPER_14	4463655-4463321	2.00e-31	CTAAACCCTAAAC	0	0
Draba_verna	SUPER_15	4490739-4490405	4.80e-32	CTAAACCCTAAAC	0	SUPER_15	4582175-4582505	1.00e-30	CTAAACCCTAAAC	0	0
Draba_verna	SUPER_15	4490739-4490405	4.80e-32	CTAAACCCTAAAC	0	SUPER_19	5463429-5463759	1.80e-30	CTAAACCCTAAAC	0	0
Draba_verna	SUPER_15	4490739-4490405	4.80e-32	CTAAACCCTAAAC	0	SUPER_23	24237992-24237667	3.40e-30	CTAAACCCTAAAC	0	0
Draba_verna	SUPER_15	4490739-4490405	4.80e-32	CTAAACCCTAAAC	0	SUPER_19	5604261-5604467	5.20e-22	CTAAACCCTAAAC	0	0
Draba_verna	SUPER_15	4490739-4490405	4.80e-32	CTAAACCCTAAAC	0	SUPER_2	7221826-7221637	4.30e-16	CTAAACCCTAAAC	0	0
Draba_verna	SUPER_14	4574809-4575143	5.80e-32	CTAAACCCTAAAC	0	SUPER_14	4463655-4463321	2.00e-31	CTAAACCCTAAAC	0	0
Draba_verna	SUPER_14	4574809-4575143	5.80e-32	CTAAACCCTAAAC	0	SUPER_15	4582175-4582505	1.00e-30	CTAAACCCTAAAC	0	0
Draba_verna	SUPER_14	4574809-4575143	5.80e-32	CTAAACCCTAAAC	0	SUPER_19	5463429-5463759	1.80e-30	CTAAACCCTAAAC	0	0
Draba_verna	SUPER_14	4574809-4575143	5.80e-32	CTAAACCCTAAAC	0	SUPER_23	24237992-24237667	3.40e-30	CTAAACCCTAAAC	0	0
Draba_verna	SUPER_14	4574809-4575143	5.80e-32	CTAAACCCTAAAC	0	SUPER_19	5604261-5604467	5.20e-22	CTAAACCCTAAAC	0	0
Draba_verna	SUPER_14	4574809-4575143	5.80e-32	CTAAACCCTAAAC	0	SUPER_2	7221826-7221637	4.30e-16	CTAAACCCTAAAC	0	0
Draba_verna	SUPER_14	4463655-4463321	2.00e-31	CTAAACCCTAAAC	0	SUPER_15	4582175-4582505	1.00e-30	CTAAACCCTAAAC	0	0
Draba_verna	SUPER_14	4463655-4463321	2.00e-31	CTAAACCCTAAAC	0	SUPER_19	5463429-5463759	1.80e-30	CTAAACCCTAAAC	0	0
Draba_verna	SUPER_14	4463655-4463321	2.00e-31	CTAAACCCTAAAC	0	SUPER_23	24237992-24237667	3.40e-30	CTAAACCCTAAAC	0	0
Draba_verna	SUPER_14	4463655-4463321	2.00e-31	CTAAACCCTAAAC	0	SUPER_19	5604261-5604467	5.20e-22	CTAAACCCTAAAC	0	0
Draba_verna	SUPER_14	4463655-4463321	2.00e-31	CTAAACCCTAAAC	0	SUPER_2	7221826-7221637	4.30e-16	CTAAACCCTAAAC	0	0
Draba_verna	SUPER_15	4582175-4582505	1.00e-30	CTAAACCCTAAAC	0	SUPER_19	5463429-5463759	1.80e-30	CTAAACCCTAAAC	0	0
Draba_verna	SUPER_15	4582175-4582505	1.00e-30	CTAAACCCTAAAC	0	SUPER_23	24237992-24237667	3.40e-30	CTAAACCCTAAAC	0	0
Draba_verna	SUPER_15	4582175-4582505	1.00e-30	CTAAACCCTAAAC	0	SUPER_19	5604261-5604467	5.20e-22	CTAAACCCTAAAC	0	0
Draba_verna	SUPER_15	4582175-4582505	1.00e-30	CTAAACCCTAAAC	0	SUPER_2	7221826-7221637	4.30e-16	CTAAACCCTAAAC	0	0
Draba_verna	SUPER_19	5463429-5463759	1.80e-30	CTAAACCCTAAAC	0	SUPER_23	24237992-24237667	3.40e-30	CTAAACCCTAAAC	0	0
Draba_verna	SUPER_19	5463429-5463759	1.80e-30	CTAAACCCTAAAC	0	SUPER_19	5604261-5604467	5.20e-22	CTAAACCCTAAAC	0	0
Draba_verna	SUPER_19	5463429-5463759	1.80e-30	CTAAACCCTAAAC	0	SUPER_2	7221826-7221637	4.30e-16	CTAAACCCTAAAC	0	0
Draba_verna	SUPER_23	24237992-24237667	3.40e-30	CTAAACCCTAAAC	0	SUPER_19	5604261-5604467	5.20e-22	CTAAACCCTAAAC	0	0
Draba_verna	SUPER_23	24237992-24237667	3.40e-30	CTAAACCCTAAAC	0	SUPER_2	7221826-7221637	4.30e-16	CTAAACCCTAAAC	0	0
Draba_verna	SUPER_3	54213724-54213397	2.00e-22	AAATCTA	2	SUPER_4	279419-279741	4.50e-22	AAATCTA	2	0
Draba_verna	SUPER_3	54213724-54213397	2.00e-22	AAATCTA	2	SUPER_1	56864133-56863819	7.80e-14	AAATCTA	3	0
Draba_verna	SUPER_4	279419-279741	4.50e-22	AAATCTA	2	SUPER_1	56864133-56863819	7.80e-14	AAATCTA	3	0
Draba_verna	SUPER_19	5604261-5604467	5.20e-22	CTAAACCCTAAAC	0	SUPER_2	7221826-7221637	4.30e-16	CTAAACCCTAAAC	0	0
Eleocharis_palustris	SUPER_1_HAP2	86177715-86177404	2.10e-28	CTAAACCCTAAACCCT	0	SUPER_10_HAP2	106318212-106317899	6.50e-28	CTAAACCCTAAACCCT	0	0
Eleocharis_palustris	SUPER_11_HAP2	90218396-90218707	1.20e-27	CTAAACCCTAAACCCTA	0	SUPER_12_HAP2	85199733-85200044	7.30e-27	CTAAACCCTAAACCCTA	0	0
Eleocharis_palustris	SUPER_11_HAP2	90218396-90218707	1.20e-27	CTAAACCCTAAACCCTA	0	SUPER_9_HAP2	110062589-110062447	1.70e-06	CTAAACCCTAAACCCTA	0	0
Eleocharis_palustris	SUPER_12_HAP2	85199733-85200044	7.30e-27	CTAAACCCTAAACCCTA	0	SUPER_9_HAP2	110062589-110062447	1.70e-06	CTAAACCCTAAACCCTA	0	0
Empetrum_nigrum	SUPER_13_HAP2	22995396-22995724	2.60e-56	AACCCTAAACCT	3	SUPER_13_HAP3	24553748-24554075	6.60e-56	AACCCTAAACCT	3	0
Empetrum_nigrum	SUPER_13_HAP2	22995396-22995724	2.60e-56	AACCCTAAACCT	3	SUPER_13_HAP4	26171568-26171895	9.00e-56	AACCCTAAACCT	3	0
Empetrum_nigrum	SUPER_13_HAP2	22995396-22995724	2.60e-56	AACCCTAAACCT	3	SUPER_4_HAP2	5565835-5565583	5.30e-49	AACCCTAAACCT	3	0
Empetrum_nigrum	SUPER_13_HAP2	22995396-22995724	2.60e-56	AACCCTAAACCT	3	SUPER_9_HAP2	10932563-10932815	9.00e-49	AACCCTAAACCT	3	0
Empetrum_nigrum	SUPER_13_HAP2	22995396-22995724	2.60e-56	AACCCTAAACCT	3	SUPER_1_HAP2	3913577-3913325	2.70e-48	AACCCTAAACCT	3	0
Empetrum_nigrum	SUPER_13_HAP2	22995396-22995724	2.60e-56	AACCCTAAACCT	3	SUPER_9_HAP2	32416968-32416862	3.80e-12	AACCCTAAACCT	3	0
Empetrum_nigrum	SUPER_13_HAP2	22995396-22995724	2.60e-56	AACCCTAAACCT	3	SUPER_9_HAP3	35297623-35297517	3.80e-12	AACCCTAAACCT	3	0
Empetrum_nigrum	SUPER_13_HAP2	22995396-22995724	2.60e-56	AACCCTAAACCT	3	SUPER_9_HAP4	35122372-35122266	3.80e-12	AACCCTAAACCT	3	0
Empetrum_nigrum	SUPER_13_HAP2	22995396-22995724	2.60e-56	AACCCTAAACCT	3	SUPER_6_HAP2	4576732-4576839	5.30e-12	AACCCTAAACCT	3	0
Empetrum_nigrum	SUPER_13_HAP2	22995396-22995724	2.60e-56	AACCCTAAACCT	3	SUPER_12_HAP2	29683185-29683080	5.50e-12	AACCCTAAACCT	3	0
Empetrum_nigrum	SUPER_13_HAP2	22995396-22995724	2.60e-56	AACCCTAAACCT	3	SUPER_12_HAP4	29644379-29644274	5.50e-12	AACCCTAAACCT	3	0
Empetrum_nigrum	SUPER_13_HAP3	24553748-24554075	6.60e-56	AACCCTAAACCT	3	SUPER_13_HAP4	26171568-26171895	9.00e-56	AACCCTAAACCT	3	0
Empetrum_nigrum	SUPER_13_HAP3	24553748-24554075	6.60e-56	AACCCTAAACCT	3	SUPER_4_HAP2	5565835-5565583	5.30e-49	AACCCTAAACCT	3	0
Empetrum_nigrum	SUPER_13_HAP3	24553748-24554075	6.60e-56	AACCCTAAACCT	3	SUPER_9_HAP2	10932563-10932815	9.00e-49	AACCCTAAACCT	3	0
Empetrum_nigrum	SUPER_13_HAP3	24553748-24554075	6.60e-56	AACCCTAAACCT	3	SUPER_1_HAP2	3913577-3913325	2.70e-48	AACCCTAAACCT	3	0
Empetrum_nigrum	SUPER_13_HAP3	24553748-24554075	6.60e-56	AACCCTAAACCT	3	SUPER_9_HAP2	32416968-32416862	3.80e-12	AACCCTAAACCT	3	0
Empetrum_nigrum	SUPER_13_HAP3	24553748-24554075	6.60e-56	AACCCTAAACCT	3	SUPER_9_HAP3	35297623-35297517	3.80e-12	AACCCTAAACCT	3	0
Empetrum_nigrum	SUPER_13_HAP3	24553748-24554075	6.60e-56	AACCCTAAACCT	3	SUPER_9_HAP4	35122372-35122266	3.80e-12	AACCCTAAACCT	3	0
Empetrum_nigrum	SUPER_13_HAP3	24553748-24554075	6.60e-56	AACCCTAAACCT	3	SUPER_6_HAP2	4576732-4576839	5.30e-12	AACCCTAAACCT	3	0
Empetrum_nigrum	SUPER_13_HAP3	24553748-24554075	6.60e-56	AACCCTAAACCT	3	SUPER_12_HAP2	29683185-29683080	5.50e-12	AACCCTAAACCT	3	0
Empetrum_nigrum	SUPER_13_HAP3	24553748-24554075	6.60e-56	AACCCTAAACCT	3	SUPER_12_HAP4	29644379-29644274	5.50e-12	AACCCTAAACCT	3	0
Empetrum_nigrum	SUPER_13_HAP4	26171568-26171895	9.00e-56	AACCCTAAACCT	3	SUPER_4_HAP2	5565835-5565583	5.30e-49	AACCCTAAACCT	3	0
Empetrum_nigrum	SUPER_13_HAP4	26171568-26171895	9.00e-56	AACCCTAAACCT	3	SUPER_9_HAP2	10932563-10932815	9.00e-49	AACCCTAAACCT	3	0
Empetrum_nigrum	SUPER_13_HAP4	26171568-26171895	9.00e-56	AACCCTAAACCT	3	SUPER_1_HAP2	3913577-3913325	2.70e-48	AACCCTAAACCT	3	0
Empetrum_nigrum	SUPER_13_HAP4	26171568-26171895	9.00e-56	AACCCTAAACCT	3	SUPER_9_HAP2	32416968-32416862	3.80e-12	AACCCTAAACCT	3	0
Empetrum_nigrum	SUPER_13_HAP4	26171568-26171895	9.00e-56	AACCCTAAACCT	3	SUPER_9_HAP3	35297623-35297517	3.80e-12	AACCCTAAACCT	3	0
Empetrum_nigrum	SUPER_13_HAP4	26171568-26171895	9.00e-56	AACCCTAAACCT	3	SUPER_9_HAP4	35122372-35122266	3.80e-12	AACCCTAAACCT	3	0
Empetrum_nigrum	SUPER_13_HAP4	26171568-26171895	9.00e-56	AACCCTAAACCT	3	SUPER_6_HAP2	4576732-4576839	5.30e-12	AACCCTAAACCT	3	0
Empetrum_nigrum	SUPER_13_HAP4	26171568-26171895	9.00e-56	AACCCTAAACCT	3	SUPER_12_HAP2	29683185-29683080	5.50e-12	AACCCTAAACCT	3	0
Empetrum_nigrum	SUPER_13_HAP4	26171568-26171895	9.00e-56	AACCCTAAACCT	3	SUPER_12_HAP4	29644379-29644274	5.50e-12	AACCCTAAACCT	3	0
Empetrum_nigrum	SUPER_4_HAP2	5565835-5565583	5.30e-49	AACCCTAAACCT	3	SUPER_9_HAP2	10932563-10932815	9.00e-49	AACCCTAAACCT	3	0
Empetrum_nigrum	SUPER_4_HAP2	5565835-5565583	5.30e-49	AACCCTAAACCT	3	SUPER_1_HAP2	3913577-3913325	2.70e-48	AACCCTAAACCT	3	0
Empetrum_nigrum	SUPER_4_HAP2	5565835-5565583	5.30e-49	AACCCTAAACCT	3	SUPER_9_HAP2	32416968-32416862	3.80e-12	AACCCTAAACCT	3	0
Empetrum_nigrum	SUPER_4_HAP2	5565835-5565583	5.30e-49	AACCCTAAACCT	3	SUPER_9_HAP3	35297623-35297517	3.80e-12	AACCCTAAACCT	3	0
Empetrum_nigrum	SUPER_4_HAP2	5565835-5565583	5.30e-49	AACCCTAAACCT	3	SUPER_9_HAP4	35122372-35122266	3.80e-12	AACCCTAAACCT	3	0
Empetrum_nigrum	SUPER_4_HAP2	5565835-5565583	5.30e-49	AACCCTAAACCT	3	SUPER_6_HAP2	4576732-4576839	5.30e-12	AACCCTAAACCT	3	0
Empetrum_nigrum	SUPER_4_HAP2	5565835-5565583	5.30e-49	AACCCTAAACCT	3	SUPER_12_HAP2	29683185-29683080	5.50e-12	AACCCTAAACCT	3	0
Empetrum_nigrum	SUPER_4_HAP2	5565835-5565583	5.30e-49	AACCCTAAACCT	3	SUPER_12_HAP4	29644379-29644274	5.50e-12	AACCCTAAACCT	3	0
Empetrum_nigrum	SUPER_9_HAP2	10932563-10932815	9.00e-49	AACCCTAAACCT	3	SUPER_1_HAP2	3913577-3913325	2.70e-48	AACCCTAAACCT	3	0
Empetrum_nigrum	SUPER_9_HAP2	10932563-10932815	9.00e-49	AACCCTAAACCT	3	SUPER_9_HAP2	32416968-32416862	3.80e-12	AACCCTAAACCT	3	0
Empetrum_nigrum	SUPER_9_HAP2	10932563-10932815	9.00e-49	AACCCTAAACCT	3	SUPER_9_HAP3	35297623-35297517	3.80e-12	AACCCTAAACCT	3	0
Empetrum_nigrum	SUPER_9_HAP2	10932563-10932815	9.00e-49	AACCCTAAACCT	3	SUPER_9_HAP4	35122372-35122266	3.80e-12	AACCCTAAACCT	3	0
Empetrum_nigrum	SUPER_9_HAP2	10932563-10932815	9.00e-49	AACCCTAAACCT	3	SUPER_6_HAP2	4576732-4576839	5.30e-12	AACCCTAAACCT	3	0
Empetrum_nigrum	SUPER_9_HAP2	10932563-10932815	9.00e-49	AACCCTAAACCT	3	SUPER_12_HAP2	29683185-29683080	5.50e-12	AACCCTAAACCT	3	0
Empetrum_nigrum	SUPER_9_HAP2	10932563-10932815	9.00e-49	AACCCTAAACCT	3	SUPER_12_HAP4	29644379-29644274	5.50e-12	AACCCTAAACCT	3	0
Empetrum_nigrum	SUPER_1_HAP2	3913577-3913325	2.70e-48	AACCCTAAACCT	3	SUPER_9_HAP2	32416968-32416862	3.80e-12	AACCCTAAACCT	3	0
Empetrum_nigrum	SUPER_1_HAP2	3913577-3913325	2.70e-48	AACCCTAAACCT	3	SUPER_9_HAP3	35297623-35297517	3.80e-12	AACCCTAAACCT	3	0
Empetrum_nigrum	SUPER_1_HAP2	3913577-3913325	2.70e-48	AACCCTAAACCT	3	SUPER_9_HAP4	35122372-35122266	3.80e-12	AACCCTAAACCT	3	0
Empetrum_nigrum	SUPER_1_HAP2	3913577-3913325	2.70e-48	AACCCTAAACCT	3	SUPER_6_HAP2	4576732-4576839	5.30e-12	AACCCTAAACCT	3	0
Empetrum_nigrum	SUPER_1_HAP2	3913577-3913325	2.70e-48	AACCCTAAACCT	3	SUPER_12_HAP2	29683185-29683080	5.50e-12	AACCCTAAACCT	3	0
Empetrum_nigrum	SUPER_1_HAP2	3913577-3913325	2.70e-48	AACCCTAAACCT	3	SUPER_12_HAP4	29644379-29644274	5.50e-12	AACCCTAAACCT	3	0
Empetrum_nigrum	SUPER_9_HAP2	32416968-32416862	3.80e-12	AACCCTAAACCT	3	SUPER_9_HAP3	35297623-35297517	3.80e-12	AACCCTAAACCT	3	0
Empetrum_nigrum	SUPER_9_HAP2	32416968-32416862	3.80e-12	AACCCTAAACCT	3	SUPER_9_HAP4	35122372-35122266	3.80e-12	AACCCTAAACCT	3	0
Empetrum_nigrum	SUPER_9_HAP2	32416968-32416862	3.80e-12	AACCCTAAACCT	3	SUPER_6_HAP2	4576732-4576839	5.30e-12	AACCCTAAACCT	3	0
Empetrum_nigrum	SUPER_9_HAP2	32416968-32416862	3.80e-12	AACCCTAAACCT	3	SUPER_12_HAP2	29683185-29683080	5.50e-12	AACCCTAAACCT	3	0
Empetrum_nigrum	SUPER_9_HAP2	32416968-32416862	3.80e-12	AACCCTAAACCT	3	SUPER_12_HAP4	29644379-29644274	5.50e-12	AACCCTAAACCT	3	0
Empetrum_nigrum	SUPER_9_HAP3	35297623-35297517	3.80e-12	AACCCTAAACCT	3	SUPER_9_HAP4	35122372-35122266	3.80e-12	AACCCTAAACCT	3	0
Empetrum_nigrum	SUPER_9_HAP3	35297623-35297517	3.80e-12	AACCCTAAACCT	3	SUPER_6_HAP2	4576732-4576839	5.30e-12	AACCCTAAACCT	3	0
Empetrum_nigrum	SUPER_9_HAP3	35297623-35297517	3.80e-12	AACCCTAAACCT	3	SUPER_12_HAP2	29683185-29683080	5.50e-12	AACCCTAAACCT	3	0
Empetrum_nigrum	SUPER_9_HAP3	35297623-35297517	3.80e-12	AACCCTAAACCT	3	SUPER_12_HAP4	29644379-29644274	5.50e-12	AACCCTAAACCT	3	0
Empetrum_nigrum	SUPER_9_HAP4	35122372-35122266	3.80e-12	AACCCTAAACCT	3	SUPER_6_HAP2	4576732-4576839	5.30e-12	AACCCTAAACCT	3	0
Empetrum_nigrum	SUPER_9_HAP4	35122372-35122266	3.80e-12	AACCCTAAACCT	3	SUPER_12_HAP2	29683185-29683080	5.50e-12	AACCCTAAACCT	3	0
Empetrum_nigrum	SUPER_9_HAP4	35122372-35122266	3.80e-12	AACCCTAAACCT	3	SUPER_12_HAP4	29644379-29644274	5.50e-12	AACCCTAAACCT	3	0
Empetrum_nigrum	SUPER_6_HAP2	4576732-4576839	5.30e-12	AACCCTAAACCT	3	SUPER_12_HAP2	29683185-29683080	5.50e-12	AACCCTAAACCT	3	0
Empetrum_nigrum	SUPER_6_HAP2	4576732-4576839	5.30e-12	AACCCTAAACCT	3	SUPER_12_HAP4	29644379-29644274	5.50e-12	AACCCTAAACCT	3	0
Empetrum_nigrum	SUPER_12_HAP2	29683185-29683080	5.50e-12	AACCCTAAACCT	3	SUPER_12_HAP4	29644379-29644274	5.50e-12	AACCCTAAACCT	3	0
Epilobium_ciliatum	SUPER_1	14635818-14635499	5.10e-26	TAAACCCTAAACC	1	SUPER_1	14619480-14619222	7.70e-20	TAAACCCTAAACC	1	0
Epilobium_ciliatum	SUPER_1	14635818-14635499	5.10e-26	TAAACCCTAAACC	1	SUPER_1	14637294-14637086	2.50e-16	TAAACCCTAAACC	1	0
Epilobium_ciliatum	SUPER_1	14619480-14619222	7.70e-20	TAAACCCTAAACC	1	SUPER_1	14637294-14637086	2.50e-16	TAAACCCTAAACC	1	0
Epilobium_hirsutum	SUPER_3	2628747-2629063	5.80e-25	AAACCCTAAACCT	2	SUPER_3	2606868-2607179	9.40e-24	AAACCCTAAACCT	2	0
Epilobium_hirsutum	SUPER_3	2628747-2629063	5.80e-25	AAACCCTAAACCT	2	SUPER_3	2605318-2605574	4.70e-19	AAACCCTAAACCT	2	0
Epilobium_hirsutum	SUPER_3	2606868-2607179	9.40e-24	AAACCCTAAACCT	2	SUPER_3	2605318-2605574	4.70e-19	AAACCCTAAACCT	2	0
Erica_cinerea	SUPER_1	26827916-26828239	1.20e-53	AACCCTAAACCT	3	SUPER_1	26831564-26831882	7.80e-53	AACCCTAAACCT	3	0
Eriophorum_angustifolium	SUPER_16	2565186-2565505	2.60e-30	TAAACCCTAAACCC	1	SUPER_16	7362867-7363060	1.70e-13	TAAACCCTAAACCC	1	0
Eriophorum_angustifolium	SUPER_16	2565186-2565505	2.60e-30	TAAACCCTAAACCC	1	SUPER_24	1648624-1648817	1.70e-13	TAAACCCTAAACCC	1	0
Eriophorum_angustifolium	SUPER_16	2565186-2565505	2.60e-30	TAAACCCTAAACCC	1	SUPER_7	6492018-6492210	2.90e-13	TAAACCCTAAACCC	1	0
Eriophorum_angustifolium	SUPER_16	2565186-2565505	2.60e-30	TAAACCCTAAACCC	1	SUPER_12	6789036-6788869	1.90e-12	TAAACCCTAAACCC	1	0
Eriophorum_angustifolium	SUPER_16	2565186-2565505	2.60e-30	TAAACCCTAAACCC	1	SUPER_2	19636972-19636781	2.40e-12	TAAACCCTAAACCC	1	0
Eriophorum_angustifolium	SUPER_16	7362867-7363060	1.70e-13	TAAACCCTAAACCC	1	SUPER_24	1648624-1648817	1.70e-13	TAAACCCTAAACCC	1	0
Eriophorum_angustifolium	SUPER_16	7362867-7363060	1.70e-13	TAAACCCTAAACCC	1	SUPER_7	6492018-6492210	2.90e-13	TAAACCCTAAACCC	1	0
Eriophorum_angustifolium	SUPER_16	7362867-7363060	1.70e-13	TAAACCCTAAACCC	1	SUPER_12	6789036-6788869	1.90e-12	TAAACCCTAAACCC	1	0
Eriophorum_angustifolium	SUPER_16	7362867-7363060	1.70e-13	TAAACCCTAAACCC	1	SUPER_2	19636972-19636781	2.40e-12	TAAACCCTAAACCC	1	0
Eriophorum_angustifolium	SUPER_24	1648624-1648817	1.70e-13	TAAACCCTAAACCC	1	SUPER_7	6492018-6492210	2.90e-13	TAAACCCTAAACCC	1	0
Eriophorum_angustifolium	SUPER_24	1648624-1648817	1.70e-13	TAAACCCTAAACCC	1	SUPER_12	6789036-6788869	1.90e-12	TAAACCCTAAACCC	1	0
Eriophorum_angustifolium	SUPER_24	1648624-1648817	1.70e-13	TAAACCCTAAACCC	1	SUPER_2	19636972-19636781	2.40e-12	TAAACCCTAAACCC	1	0
Eriophorum_angustifolium	SUPER_7	6492018-6492210	2.90e-13	TAAACCCTAAACCC	1	SUPER_12	6789036-6788869	1.90e-12	TAAACCCTAAACCC	1	0
Eriophorum_angustifolium	SUPER_7	6492018-6492210	2.90e-13	TAAACCCTAAACCC	1	SUPER_2	19636972-19636781	2.40e-12	TAAACCCTAAACCC	1	0
Eriophorum_angustifolium	SUPER_12	6789036-6788869	1.90e-12	TAAACCCTAAACCC	1	SUPER_2	19636972-19636781	2.40e-12	TAAACCCTAAACCC	1	0
Eriophorum_vaginatum	SUPER_18	9974171-9973857	1.20e-30	TAAACCCTAAACCC	1	SUPER_1	15285338-15285532	1.60e-13	TAAACCCTAAACCC	1	0
Eriophorum_vaginatum	SUPER_18	9974171-9973857	1.20e-30	TAAACCCTAAACCC	1	SUPER_18	2870974-2870780	1.60e-13	TAAACCCTAAACCC	1	0
Eriophorum_vaginatum	SUPER_1	15285338-15285532	1.60e-13	TAAACCCTAAACCC	1	SUPER_18	2870974-2870780	1.60e-13	TAAACCCTAAACCC	1	0
Euphorbia_amygdaloides	SUPER_10_HAP1	29577416-29577751	3.50e-40	TAACCCTAACCT	2	SUPER_10_HAP1	190608778-190609087	1.30e-33	TAACCCTAACCT	2	0
Euphorbia_helioscopia	SUPER_16_HAP1	23652625-23652301	3.80e-44	AAAACCCTAAAC	1	SUPER_10_HAP1	24344406-24344083	3.30e-42	AAAACCCTAAAC	1	0
Euphorbia_helioscopia	SUPER_16_HAP1	23652625-23652301	3.80e-44	AAAACCCTAAAC	1	SUPER_11_HAP1	24915667-24915344	7.10e-42	AAAACCCTAAAC	1	0
Euphorbia_helioscopia	SUPER_10_HAP1	24344406-24344083	3.30e-42	AAAACCCTAAAC	1	SUPER_11_HAP1	24915667-24915344	7.10e-42	AAAACCCTAAAC	1	0
Euphrasia_confusa	SUPER_20	8073816-8073472	4.30e-48	AACCCTAAACC	3	SUPER_22	7522484-7522142	2.40e-46	AACCCTAAACC	3	0
Euphrasia_nemorosa	SUPER_21	7349789-7349445	2.20e-48	AACCCTAAACC	3	SUPER_17	8041377-8041033	4.00e-48	AACCCTAAACC	3	0
Euphrasia_tetraquetra	SUPER_20	7760016-7759673	2.70e-48	AACCCTAAACC	3	SUPER_22	8212984-8212648	2.80e-44	AACCCTAAACC	3	0
Fagus_sylvatica	SUPER_12	7131336-7131008	1.70e-56	TAAACCCTAAACCT	1	SUPER_12	7127236-7127071	2.40e-18	TAAACCCTAAACCT	1	0
Fallopia_convolvulus	SUPER_15	34539529-34539239	1.60e-32	AACCCTAAACC	2	SUPER_9	35090560-35090267	1.90e-32	AACCCTAAACC	2	0
Fallopia_convolvulus	SUPER_15	34539529-34539239	1.60e-32	AACCCTAAACC	2	SUPER_14	21422172-21422003	1.90e-18	AACCCTAAACC	2	0
Fallopia_convolvulus	SUPER_15	34539529-34539239	1.60e-32	AACCCTAAACC	2	SUPER_13	3582646-3582515	7.60e-14	AACCCTAAACC	3	0
Fallopia_convolvulus	SUPER_9	35090560-35090267	1.90e-32	AACCCTAAACC	2	SUPER_14	21422172-21422003	1.90e-18	AACCCTAAACC	2	0
Fallopia_convolvulus	SUPER_9	35090560-35090267	1.90e-32	AACCCTAAACC	2	SUPER_13	3582646-3582515	7.60e-14	AACCCTAAACC	3	0
Fallopia_convolvulus	SUPER_14	21422172-21422003	1.90e-18	AACCCTAAACC	2	SUPER_13	3582646-3582515	7.60e-14	AACCCTAAACC	3	0
Festuca_heterophylla	SUPER_6_HAP2	85710113-85710375	4.80e-10	AACCCTAAACC	3	SUPER_9_HAP2	265372592-265372862	2.60e-09	AACCCTAAACC	3	0
Filago_lutescens	SUPER_1	54791032-54791372	4.50e-32	TAAACCCTAAACC	1	SUPER_11	12646619-12646955	5.10e-23	TAAACCCTAAACC	1	0
Filago_lutescens	SUPER_1	54791032-54791372	4.50e-32	TAAACCCTAAACC	1	SUPER_2	45891349-45891580	3.00e-11	TAAACCCTAAACC	1	0
Filago_lutescens	SUPER_11	12646619-12646955	5.10e-23	TAAACCCTAAACC	1	SUPER_2	45891349-45891580	3.00e-11	TAAACCCTAAACC	1	0
Filago_pyramidata	SUPER_1	15436506-15436168	1.40e-30	TAAACCCTAAACC	1	SUPER_2	14581322-14580984	4.60e-16	TAAACCCTAAACC	1	0
Fraxinus_excelsior	SUPER_8	9280332-9280001	5.90e-50	AACCCTAAACC	3	SUPER_6	10555414-10555098	1.70e-47	AACCCTAAACC	3	0
Fraxinus_excelsior	SUPER_8	9280332-9280001	5.90e-50	AACCCTAAACC	3	SUPER_2	4242655-4242979	9.20e-41	AACCCTAAACC	3	0
Fraxinus_excelsior	SUPER_8	9280332-9280001	5.90e-50	AACCCTAAACC	3	SUPER_2	4260435-4260759	9.20e-41	AACCCTAAACC	3	0
Fraxinus_excelsior	SUPER_6	10555414-10555098	1.70e-47	AACCCTAAACC	3	SUPER_2	4242655-4242979	9.20e-41	AACCCTAAACC	3	0
Fraxinus_excelsior	SUPER_6	10555414-10555098	1.70e-47	AACCCTAAACC	3	SUPER_2	4260435-4260759	9.20e-41	AACCCTAAACC	3	0
Fraxinus_excelsior	SUPER_2	4242655-4242979	9.20e-41	AACCCTAAACC	3	SUPER_2	4260435-4260759	9.20e-41	AACCCTAAACC	3	0
Galinsoga_quadriradiata	SUPER_4_HAP1	137437222-137437546	3.20e-25	TAAACCCTAAACC	1	SUPER_13_HAP1	76732854-76733147	5.60e-09	TAAACCCTAAACC	1	0
Galinsoga_quadriradiata	SUPER_9_HAP1	31974545-31974875	6.30e-25	CTAAACCCTAAACC	0	SUPER_7_HAP1	46600020-46599713	1.60e-18	CTAAACCCTAAACC	0	0
Galium_aparine	SCAFFOLD_8	5506736-5506399	2.40e-42	AACCCTAAACCT	3	SCAFFOLD_24	23170083-23169772	6.60e-42	AACCCTAAACCT	3	0
Galium_aparine	SCAFFOLD_8	5506736-5506399	2.40e-42	AACCCTAAACCT	3	SCAFFOLD_3	14980207-14979895	3.80e-38	AACCCTAAACCT	3	0
Galium_aparine	SCAFFOLD_24	23170083-23169772	6.60e-42	AACCCTAAACCT	3	SCAFFOLD_3	14980207-14979895	3.80e-38	AACCCTAAACCT	3	0
Galium_boreale	HAP3_SUPER_8	25789542-25789204	3.50e-43	AACCCTAAACCT	3	HAP4_SUPER_8	22880784-22880446	8.10e-43	AACCCTAAACCT	3	0
Galium_boreale	HAP3_SUPER_8	25789542-25789204	3.50e-43	AACCCTAAACCT	3	HAP2_SUPER_8	25798480-25798142	4.30e-42	AACCCTAAACCT	3	0
Galium_boreale	HAP4_SUPER_8	22880784-22880446	8.10e-43	AACCCTAAACCT	3	HAP2_SUPER_8	25798480-25798142	4.30e-42	AACCCTAAACCT	3	0
Gentianella_amarella	SUPER_9	12812168-12811842	2.00e-37	TAAACCCTAAACCC	1	SUPER_24	13220355-13220026	1.60e-33	TAAACCCTAAACCC	1	0
Gentianella_amarella	SUPER_9	12812168-12811842	2.00e-37	TAAACCCTAAACCC	1	SUPER_21	12487894-12487603	1.20e-29	TAAACCCTAAACCC	1	0
Gentianella_amarella	SUPER_24	13220355-13220026	1.60e-33	TAAACCCTAAACCC	1	SUPER_21	12487894-12487603	1.20e-29	TAAACCCTAAACCC	1	0
Geum_rivale	SUPER_8	27632334-27632651	1.80e-49	AACCCTAAACCCT	3	SUPER_2	25213878-25214143	1.20e-43	AACCCTAAACCCT	3	0
Geum_urbanum	SUPER_10	29196807-29197126	5.00e-51	AACCCTAAACCCT	3	SUPER_2	59232404-59232103	3.70e-42	AACCCTAAACCCT	3	0
Glechoma_hederacea	SUPER_17	26309812-26309487	8.70e-58	TAAACCCTAAACC	1	SUPER_14	22369577-22369902	7.30e-57	TAAACCCTAAACC	1	0
Glechoma_hederacea	SUPER_17	26309812-26309487	8.70e-58	TAAACCCTAAACC	1	SUPER_17	26424613-26424904	5.90e-47	TAAACCCTAAACC	1	0
Glechoma_hederacea	SUPER_14	22369577-22369902	7.30e-57	TAAACCCTAAACC	1	SUPER_17	26424613-26424904	5.90e-47	TAAACCCTAAACC	1	0
Gnaphalium_supinum	SUPER_1	21906719-21906381	1.30e-31	TAAACCCTAAACC	1	SUPER_1	21931827-21931500	2.00e-24	TAAACCCTAAACC	1	0
Gnaphalium_supinum	SUPER_1	21906719-21906381	1.30e-31	TAAACCCTAAACC	1	SUPER_2	75846782-75846963	5.10e-10	TAAACCCTAAACC	1	0
Gnaphalium_supinum	SUPER_1	21931827-21931500	2.00e-24	TAAACCCTAAACC	1	SUPER_2	75846782-75846963	5.10e-10	TAAACCCTAAACC	1	0
Helianthemum_oelandicum	SUPER_10	34731668-34731339	5.20e-27	ACCCCTAACCC	3	SUPER_10	34758117-34757779	6.50e-23	ACCCCTAACCC	3	0
Helianthemum_oelandicum	SUPER_10	34731668-34731339	5.20e-27	ACCCCTAACCC	3	SUPER_10	34826755-34826541	3.00e-07	ACCCCTAACCC	3	0
Helianthemum_oelandicum	SUPER_10	34758117-34757779	6.50e-23	ACCCCTAACCC	3	SUPER_10	34826755-34826541	3.00e-07	ACCCCTAACCC	3	0
Heracleum_mantegazzianum	SUPER_6	58764639-58764291	2.40e-31	TAAACCCTAAACC	1	SUPER_4	97620183-97620463	3.60e-26	TAAACCCTAAACC	1	0
Heracleum_mantegazzianum	SUPER_2	127603517-127603204	2.30e-07	ACCCTAACC	4	SUPER_2	127676199-127676516	4.30e-07	ACCCTAACC	4	0
Heracleum_mantegazzianum	SUPER_2	127603517-127603204	2.30e-07	ACCCTAACC	4	SUPER_2	127550033-127549854	3.10e-05	ACCCTAACC	4	0
Heracleum_mantegazzianum	SUPER_2	127603517-127603204	2.30e-07	ACCCTAACC	4	SUPER_2	127580748-127580573	3.90e-05	ACCCTAACC	4	0
Heracleum_mantegazzianum	SUPER_2	127603517-127603204	2.30e-07	ACCCTAACC	4	SUPER_2	127564370-127564195	4.30e-05	ACCCTAACC	4	0
Heracleum_mantegazzianum	SUPER_2	127676199-127676516	4.30e-07	ACCCTAACC	4	SUPER_2	127550033-127549854	3.10e-05	ACCCTAACC	4	0
Heracleum_mantegazzianum	SUPER_2	127676199-127676516	4.30e-07	ACCCTAACC	4	SUPER_2	127580748-127580573	3.90e-05	ACCCTAACC	4	0
Heracleum_mantegazzianum	SUPER_2	127676199-127676516	4.30e-07	ACCCTAACC	4	SUPER_2	127564370-127564195	4.30e-05	ACCCTAACC	4	0
Heracleum_mantegazzianum	SUPER_2	127550033-127549854	3.10e-05	ACCCTAACC	4	SUPER_2	127580748-127580573	3.90e-05	ACCCTAACC	4	0
Heracleum_mantegazzianum	SUPER_2	127550033-127549854	3.10e-05	ACCCTAACC	4	SUPER_2	127564370-127564195	4.30e-05	ACCCTAACC	4	0
Heracleum_mantegazzianum	SUPER_2	127580748-127580573	3.90e-05	ACCCTAACC	4	SUPER_2	127564370-127564195	4.30e-05	ACCCTAACC	4	0
Heracleum_sphondylium	SUPER_7	149661871-149662182	6.00e-08	ACCCTAACC	4	SUPER_7	149576160-149575855	1.10e-07	ACCCTAACC	4	0
Heracleum_sphondylium	SUPER_7	149661871-149662182	6.00e-08	ACCCTAACC	4	SUPER_7	149534803-149534496	1.20e-07	ACCCTAACC	4	0
Heracleum_sphondylium	SUPER_7	149661871-149662182	6.00e-08	ACCCTAACC	4	SUPER_7	149663721-149664036	9.60e-07	ACCCTAACC	4	0
Heracleum_sphondylium	SUPER_7	149661871-149662182	6.00e-08	ACCCTAACC	4	SUPER_7	149514826-149514646	8.20e-06	ACCCTAACC	4	0
Heracleum_sphondylium	SUPER_7	149661871-149662182	6.00e-08	ACCCTAACC	4	SUPER_7	149630453-149630211	9.30e-06	ACCCTAACC	4	0
Heracleum_sphondylium	SUPER_7	149576160-149575855	1.10e-07	ACCCTAACC	4	SUPER_7	149534803-149534496	1.20e-07	ACCCTAACC	4	0
Heracleum_sphondylium	SUPER_7	149576160-149575855	1.10e-07	ACCCTAACC	4	SUPER_7	149663721-149664036	9.60e-07	ACCCTAACC	4	0
Heracleum_sphondylium	SUPER_7	149576160-149575855	1.10e-07	ACCCTAACC	4	SUPER_7	149514826-149514646	8.20e-06	ACCCTAACC	4	0
Heracleum_sphondylium	SUPER_7	149576160-149575855	1.10e-07	ACCCTAACC	4	SUPER_7	149630453-149630211	9.30e-06	ACCCTAACC	4	0
Heracleum_sphondylium	SUPER_7	149534803-149534496	1.20e-07	ACCCTAACC	4	SUPER_7	149663721-149664036	9.60e-07	ACCCTAACC	4	0
Heracleum_sphondylium	SUPER_7	149534803-149534496	1.20e-07	ACCCTAACC	4	SUPER_7	149514826-149514646	8.20e-06	ACCCTAACC	4	0
Heracleum_sphondylium	SUPER_7	149534803-149534496	1.20e-07	ACCCTAACC	4	SUPER_7	149630453-149630211	9.30e-06	ACCCTAACC	4	0
Heracleum_sphondylium	SUPER_7	149663721-149664036	9.60e-07	ACCCTAACC	4	SUPER_7	149514826-149514646	8.20e-06	ACCCTAACC	4	0
Heracleum_sphondylium	SUPER_7	149663721-149664036	9.60e-07	ACCCTAACC	4	SUPER_7	149630453-149630211	9.30e-06	ACCCTAACC	4	0
Heracleum_sphondylium	SUPER_7	149514826-149514646	8.20e-06	ACCCTAACC	4	SUPER_7	149630453-149630211	9.30e-06	ACCCTAACC	4	0
Hesperis_matronalis	SUPER_1_HAP4	149847789-149847476	5.10e-35	CTAAACCCTAAACC	0	SUPER_1_HAP3	139073553-139073241	3.30e-32	CTAAACCCTAAACC	0	0
Hibiscus_tridactylites	SUPER_21	72128964-72129282	6.70e-33	AACCCTAAACC	3	SUPER_20	73522176-73522492	1.10e-31	AACCCTAAACC	3	0
Hibiscus_verdcourtii	SUPER_17	96169353-96169671	4.10e-33	TAACCCTAAACC	2	SUPER_25	5004034-5003716	4.70e-29	TAACCCTAAACC	2	0
Hieracium_snowdoniense	SUPER_7B	268187400-268187070	8.30e-29	AACCCTAAACC	3	SUPER_7A	207649357-207649025	1.20e-27	AACCCTAAACC	3	0
Hierochloe_odorata	SUPER_14	6447119-6446840	1.40e-09	AACCCTAAACC	3	SUPER_11	210392501-210392780	2.10e-09	AACCCTAAACC	3	0
Hierochloe_odorata	SUPER_14	6447119-6446840	1.40e-09	AACCCTAAACC	3	SUPER_5	250593212-250592923	2.30e-05	AACCCTAAACC	3	0
Hierochloe_odorata	SUPER_14	6447119-6446840	1.40e-09	AACCCTAAACC	3	SUPER_5	250419475-250419194	3.80e-05	AACCCTAAACC	3	0
Hierochloe_odorata	SUPER_11	210392501-210392780	2.10e-09	AACCCTAAACC	3	SUPER_5	250593212-250592923	2.30e-05	AACCCTAAACC	3	0
Hierochloe_odorata	SUPER_11	210392501-210392780	2.10e-09	AACCCTAAACC	3	SUPER_5	250419475-250419194	3.80e-05	AACCCTAAACC	3	0
Hierochloe_odorata	SUPER_5	250593212-250592923	2.30e-05	AACCCTAAACC	3	SUPER_5	250419475-250419194	3.80e-05	AACCCTAAACC	3	0
Hippuris_vulgaris	SUPER_9	29495995-29496343	1.60e-46	ACAACCCTAAACC	1	SUPER_13	26215126-26215238	4.20e-10	ACAACCCTAAACC	0	0
Holcus_mollis	SUPER_4	184597862-184597592	4.20e-13	AACCCTAAACC	3	SUPER_4	6620020-6619739	1.20e-08	AACCCTAAACC	2	0
Holcus_mollis	SUPER_4	184597862-184597592	4.20e-13	AACCCTAAACC	3	SUPER_19	179019756-179019616	5.40e-06	AACCCTAAACC	3	0
Holcus_mollis	SUPER_4	184597862-184597592	4.20e-13	AACCCTAAACC	3	HAP1_SCAFFOLD_276	28534-28281	5.60e-05	AACCCTAAACC	3	0
Holcus_mollis	SUPER_4	184597862-184597592	4.20e-13	AACCCTAAACC	3	SUPER_21	158338902-158339174	7.30e-05	AACCCTAAACC	2	0
Holcus_mollis	SUPER_7	33728401-33728118	1.10e-08	AAACCCTAAACC	2	SUPER_4	6600420-6600142	1.60e-08	AAACCCTAAACC	2	0
Holcus_mollis	SUPER_7	33728401-33728118	1.10e-08	AAACCCTAAACC	2	SUPER_6	8386407-8386125	1.30e-06	AAACCCTAAACC	2	0
Holcus_mollis	SUPER_7	33728401-33728118	1.10e-08	AAACCCTAAACC	2	SUPER_4	6577608-6577320	8.90e-06	AAACCCTAAACC	2	0
Holcus_mollis	SUPER_4	6620020-6619739	1.20e-08	AACCCTAAACC	2	SUPER_19	179019756-179019616	5.40e-06	AACCCTAAACC	3	0
Holcus_mollis	SUPER_4	6620020-6619739	1.20e-08	AACCCTAAACC	2	HAP1_SCAFFOLD_276	28534-28281	5.60e-05	AACCCTAAACC	3	0
Holcus_mollis	SUPER_4	6620020-6619739	1.20e-08	AACCCTAAACC	2	SUPER_21	158338902-158339174	7.30e-05	AACCCTAAACC	2	0
Holcus_mollis	SUPER_4	6600420-6600142	1.60e-08	AAACCCTAAACC	2	SUPER_6	8386407-8386125	1.30e-06	AAACCCTAAACC	2	0
Holcus_mollis	SUPER_4	6600420-6600142	1.60e-08	AAACCCTAAACC	2	SUPER_4	6577608-6577320	8.90e-06	AAACCCTAAACC	2	0
Holcus_mollis	SUPER_6	8386407-8386125	1.30e-06	AAACCCTAAACC	2	SUPER_4	6577608-6577320	8.90e-06	AAACCCTAAACC	2	0
Holcus_mollis	SUPER_19	179019756-179019616	5.40e-06	AACCCTAAACC	3	HAP1_SCAFFOLD_276	28534-28281	5.60e-05	AACCCTAAACC	3	0
Holcus_mollis	SUPER_19	179019756-179019616	5.40e-06	AACCCTAAACC	3	SUPER_21	158338902-158339174	7.30e-05	AACCCTAAACC	2	0
Holcus_mollis	HAP1_SCAFFOLD_276	28534-28281	5.60e-05	AACCCTAAACC	3	SUPER_21	158338902-158339174	7.30e-05	AACCCTAAACC	2	0
Honckenya_peploides	SUPER_13	8299817-8300167	1.90e-19	AACCCTAAAC	3	SUPER_6	8729118-8729471	3.00e-19	AACCCTAAAC	3	0
Honckenya_peploides	SUPER_13	8299817-8300167	1.90e-19	AACCCTAAAC	3	SUPER_5	116911201-116910846	1.10e-18	AACCCTAAAC	3	0
Honckenya_peploides	SUPER_6	8729118-8729471	3.00e-19	AACCCTAAAC	3	SUPER_5	116911201-116910846	1.10e-18	AACCCTAAAC	3	0
Hypericum_maculatum	SUPER_6_HAP4	9212752-9212413	2.70e-46	CTAAACCCTAA	0	SUPER_2_HAP4	812917-812718	2.90e-21	CTAAACCCTAA	0	0
Hypericum_perforatum	HAP3_SUPER_7	10385879-10385533	1.80e-45	AAACCCTAAACCCTA	1	HAP4_SUPER_7	10094787-10094442	8.80e-45	AAACCCTAAACCCTA	1	0
Impatiens_parviflora	SUPER_7	32044964-32045291	1.30e-28	AAACCCTAAACC	2	SUPER_11	25176107-25175781	2.20e-26	AAACCCTAAACC	2	0
Inula_conyza	SUPER_2	249313248-249313593	6.30e-34	TAAACCCTAAACC	1	SUPER_9	157855046-157854908	1.10e-09	TAAACCCTAAACC	1	0
Inula_conyza	SUPER_2	249313248-249313593	6.30e-34	TAAACCCTAAACC	1	SUPER_13	150275491-150275619	1.10e-07	TAAACCCTAAACC	1	0
Inula_conyza	SUPER_9	157855046-157854908	1.10e-09	TAAACCCTAAACC	1	SUPER_13	150275491-150275619	1.10e-07	TAAACCCTAAACC	1	0
Isolepis_cernua	SUPER_3_HAP1	16174930-16175262	7.30e-26	AAACCCTAAACC	2	SUPER_6_HAP1	12786345-12786688	1.10e-25	AAACCCTAAACC	2	0
Isopterygiella_pulchella	SUPER_21	4148521-4148394	8.40e-06	AACCCTAAACC	3	SUPER_20	4545126-4545253	1.00e-05	AACCCTAAACC	3	0
Juncus_bufonius	SUPER_42	2196639-2196318	1.90e-22	AAAACCCTAAACCCTA	1	SUPER_44	8345051-8345322	8.90e-18	AAAACCCTAAACCCTA	1	0
Juncus_bufonius	SUPER_25	14933236-14933564	1.70e-17	CTAAACCCTAGAT	0	SUPER_16	233804-233495	2.00e-16	CTAAACCCTAGAT	0	0
Leersia_oryzoides	SUPER_14	5991634-5991251	6.70e-12	AACCCTAAACC	3	SUPER_24	11313677-11313478	4.90e-07	AACCCTAAACC	3	0
Leontodon_hispidus	SUPER_5	62953014-62953354	1.10e-26	AACCCTAAAC	2	SUPER_1	93136092-93136423	2.20e-22	AACCCTAAAC	2	0
Lepidium_didymum	SUPER_5	13276170-13276489	2.70e-37	AACCCTGAACCCT	3	SUPER_1	8703419-8703744	5.00e-30	AACCCTGAACCCT	3	0
Levisticum_officinale	SUPER_8	130503550-130503372	2.70e-07	ACCCTAA	4	SUPER_8	129305414-129305594	2.90e-07	ACCCTAA	4	0
Levisticum_officinale	SUPER_8	130503550-130503372	2.70e-07	ACCCTAA	4	SUPER_8	130504875-130504694	3.40e-07	ACCCTAA	4	0
Levisticum_officinale	SUPER_8	130503550-130503372	2.70e-07	ACCCTAA	4	SUPER_8	130500917-130500739	3.50e-07	ACCCTAA	4	0
Levisticum_officinale	SUPER_8	130503550-130503372	2.70e-07	ACCCTAA	4	SUPER_8	129266532-129266712	4.10e-07	ACCCTAA	4	0
Levisticum_officinale	SUPER_8	130503550-130503372	2.70e-07	ACCCTAA	4	SUPER_8	129302746-129302926	4.10e-07	ACCCTAA	4	0
Levisticum_officinale	SUPER_8	130503550-130503372	2.70e-07	ACCCTAA	4	SUPER_8	129304080-129304260	4.10e-07	ACCCTAA	4	0
Levisticum_officinale	SUPER_8	130503550-130503372	2.70e-07	ACCCTAA	4	SUPER_8	130530917-130530737	4.10e-07	ACCCTAA	4	0
Levisticum_officinale	SUPER_8	130503550-130503372	2.70e-07	ACCCTAA	4	SUPER_8	129301413-129301593	4.20e-07	ACCCTAA	4	0
Levisticum_officinale	SUPER_8	130503550-130503372	2.70e-07	ACCCTAA	4	SUPER_8	129280568-129280747	4.20e-07	ACCCTAA	4	0
Levisticum_officinale	SUPER_8	130503550-130503372	2.70e-07	ACCCTAA	4	SUPER_8	129297497-129297676	4.20e-07	ACCCTAA	4	0
Levisticum_officinale	SUPER_8	130503550-130503372	2.70e-07	ACCCTAA	4	SUPER_8	129300098-129300277	4.20e-07	ACCCTAA	4	0
Levisticum_officinale	SUPER_8	130503550-130503372	2.70e-07	ACCCTAA	4	SUPER_8	130510184-130510005	4.20e-07	ACCCTAA	4	0
Levisticum_officinale	SUPER_8	130503550-130503372	2.70e-07	ACCCTAA	4	SUPER_8	130497574-130497395	4.40e-07	ACCCTAA	4	0
Levisticum_officinale	SUPER_8	130503550-130503372	2.70e-07	ACCCTAA	4	SUPER_8	129298788-129298968	4.40e-07	ACCCTAA	4	0
Levisticum_officinale	SUPER_8	130503550-130503372	2.70e-07	ACCCTAA	4	SUPER_8	130507533-130507352	4.70e-07	ACCCTAA	4	0
Levisticum_officinale	SUPER_8	130503550-130503372	2.70e-07	ACCCTAA	4	SUPER_8	130506201-130506018	4.80e-07	ACCCTAA	4	0
Levisticum_officinale	SUPER_8	130503550-130503372	2.70e-07	ACCCTAA	4	SUPER_8	130512835-130512655	5.30e-07	ACCCTAA	4	0
Levisticum_officinale	SUPER_8	130503550-130503372	2.70e-07	ACCCTAA	4	SUPER_8	130545499-130545319	5.30e-07	ACCCTAA	4	0
Levisticum_officinale	SUPER_8	130503550-130503372	2.70e-07	ACCCTAA	4	SUPER_8	130493354-130493175	5.40e-07	ACCCTAA	4	0
Levisticum_officinale	SUPER_8	130503550-130503372	2.70e-07	ACCCTAA	4	SUPER_8	130502243-130502064	5.40e-07	ACCCTAA	4	0
Levisticum_officinale	SUPER_8	130503550-130503372	2.70e-07	ACCCTAA	4	SUPER_8	130511509-130511330	5.40e-07	ACCCTAA	4	0
Levisticum_officinale	SUPER_8	130503550-130503372	2.70e-07	ACCCTAA	4	SUPER_8	130534898-130534719	5.40e-07	ACCCTAA	4	0
Levisticum_officinale	SUPER_8	130503550-130503372	2.70e-07	ACCCTAA	4	SUPER_8	130536223-130536044	5.40e-07	ACCCTAA	4	0
Levisticum_officinale	SUPER_8	130503550-130503372	2.70e-07	ACCCTAA	4	SUPER_8	130537548-130537369	5.40e-07	ACCCTAA	4	0
Levisticum_officinale	SUPER_8	130503550-130503372	2.70e-07	ACCCTAA	4	SUPER_8	130538873-130538694	5.40e-07	ACCCTAA	4	0
Levisticum_officinale	SUPER_8	130503550-130503372	2.70e-07	ACCCTAA	4	SUPER_8	130540198-130540019	5.40e-07	ACCCTAA	4	0
Levisticum_officinale	SUPER_8	130503550-130503372	2.70e-07	ACCCTAA	4	SUPER_8	130541523-130541344	5.40e-07	ACCCTAA	4	0
Levisticum_officinale	SUPER_8	130503550-130503372	2.70e-07	ACCCTAA	4	SUPER_8	130542848-130542669	5.40e-07	ACCCTAA	4	0
Levisticum_officinale	SUPER_8	130503550-130503372	2.70e-07	ACCCTAA	4	SUPER_8	130544173-130543994	5.40e-07	ACCCTAA	4	0
Levisticum_officinale	SUPER_8	130503550-130503372	2.70e-07	ACCCTAA	4	SUPER_8	129294912-129295091	5.50e-07	ACCCTAA	4	0
Levisticum_officinale	SUPER_8	130503550-130503372	2.70e-07	ACCCTAA	4	SUPER_8	130478921-130478742	5.50e-07	ACCCTAA	4	0
Levisticum_officinale	SUPER_8	130503550-130503372	2.70e-07	ACCCTAA	4	SUPER_8	130528244-130528065	6.40e-07	ACCCTAA	4	0
Levisticum_officinale	SUPER_8	130503550-130503372	2.70e-07	ACCCTAA	4	SUPER_8	129281876-129282055	6.50e-07	ACCCTAA	4	0
Levisticum_officinale	SUPER_8	130503550-130503372	2.70e-07	ACCCTAA	4	SUPER_8	129267841-129268023	8.40e-07	ACCCTAA	4	0
Levisticum_officinale	SUPER_8	130503550-130503372	2.70e-07	ACCCTAA	4	SUPER_8	129306742-129306924	8.40e-07	ACCCTAA	4	0
Levisticum_officinale	SUPER_8	130503550-130503372	2.70e-07	ACCCTAA	4	SUPER_8	130494679-130494500	1.30e-06	ACCCTAA	4	0
Levisticum_officinale	SUPER_8	130503550-130503372	2.70e-07	ACCCTAA	4	SUPER_8	130529569-130529390	1.60e-06	ACCCTAA	4	0
Levisticum_officinale	SUPER_8	130503550-130503372	2.70e-07	ACCCTAA	4	SUPER_8	130477596-130477418	2.20e-06	ACCCTAA	4	0
Levisticum_officinale	SUPER_8	130503550-130503372	2.70e-07	ACCCTAA	4	SUPER_8	130532249-130532100	6.80e-06	ACCCTAA	4	0
Levisticum_officinale	SUPER_8	130503550-130503372	2.70e-07	ACCCTAA	4	SUPER_8	129308067-129308216	8.40e-06	ACCCTAA	4	0
Levisticum_officinale	SUPER_8	130503550-130503372	2.70e-07	ACCCTAA	4	SUPER_8	130533574-130533425	9.10e-06	ACCCTAA	4	0
Levisticum_officinale	SUPER_8	130503550-130503372	2.70e-07	ACCCTAA	4	SUPER_8	129283200-129283378	1.60e-05	ACCCTAA	4	0
Levisticum_officinale	SUPER_8	130503550-130503372	2.70e-07	ACCCTAA	4	SUPER_8	130496242-130496063	3.50e-05	ACCCTAA	4	0
Levisticum_officinale	SUPER_8	129305414-129305594	2.90e-07	ACCCTAA	4	SUPER_8	130504875-130504694	3.40e-07	ACCCTAA	4	0
Levisticum_officinale	SUPER_8	129305414-129305594	2.90e-07	ACCCTAA	4	SUPER_8	130500917-130500739	3.50e-07	ACCCTAA	4	0
Levisticum_officinale	SUPER_8	129305414-129305594	2.90e-07	ACCCTAA	4	SUPER_8	129266532-129266712	4.10e-07	ACCCTAA	4	0
Levisticum_officinale	SUPER_8	129305414-129305594	2.90e-07	ACCCTAA	4	SUPER_8	129302746-129302926	4.10e-07	ACCCTAA	4	0
Levisticum_officinale	SUPER_8	129305414-129305594	2.90e-07	ACCCTAA	4	SUPER_8	129304080-129304260	4.10e-07	ACCCTAA	4	0
Levisticum_officinale	SUPER_8	129305414-129305594	2.90e-07	ACCCTAA	4	SUPER_8	130530917-130530737	4.10e-07	ACCCTAA	4	0
Levisticum_officinale	SUPER_8	129305414-129305594	2.90e-07	ACCCTAA	4	SUPER_8	129301413-129301593	4.20e-07	ACCCTAA	4	0
Levisticum_officinale	SUPER_8	129305414-129305594	2.90e-07	ACCCTAA	4	SUPER_8	129280568-129280747	4.20e-07	ACCCTAA	4	0
Levisticum_officinale	SUPER_8	129305414-129305594	2.90e-07	ACCCTAA	4	SUPER_8	129297497-129297676	4.20e-07	ACCCTAA	4	0
Levisticum_officinale	SUPER_8	129305414-129305594	2.90e-07	ACCCTAA	4	SUPER_8	129300098-129300277	4.20e-07	ACCCTAA	4	0
Levisticum_officinale	SUPER_8	129305414-129305594	2.90e-07	ACCCTAA	4	SUPER_8	130510184-130510005	4.20e-07	ACCCTAA	4	0
Levisticum_officinale	SUPER_8	129305414-129305594	2.90e-07	ACCCTAA	4	SUPER_8	130497574-130497395	4.40e-07	ACCCTAA	4	0
Levisticum_officinale	SUPER_8	129305414-129305594	2.90e-07	ACCCTAA	4	SUPER_8	129298788-129298968	4.40e-07	ACCCTAA	4	0
Levisticum_officinale	SUPER_8	129305414-129305594	2.90e-07	ACCCTAA	4	SUPER_8	130507533-130507352	4.70e-07	ACCCTAA	4	0
Levisticum_officinale	SUPER_8	129305414-129305594	2.90e-07	ACCCTAA	4	SUPER_8	130506201-130506018	4.80e-07	ACCCTAA	4	0
Levisticum_officinale	SUPER_8	129305414-129305594	2.90e-07	ACCCTAA	4	SUPER_8	130512835-130512655	5.30e-07	ACCCTAA	4	0
Levisticum_officinale	SUPER_8	129305414-129305594	2.90e-07	ACCCTAA	4	SUPER_8	130545499-130545319	5.30e-07	ACCCTAA	4	0
Levisticum_officinale	SUPER_8	129305414-129305594	2.90e-07	ACCCTAA	4	SUPER_8	130493354-130493175	5.40e-07	ACCCTAA	4	0
Levisticum_officinale	SUPER_8	129305414-129305594	2.90e-07	ACCCTAA	4	SUPER_8	130502243-130502064	5.40e-07	ACCCTAA	4	0
Levisticum_officinale	SUPER_8	129305414-129305594	2.90e-07	ACCCTAA	4	SUPER_8	130511509-130511330	5.40e-07	ACCCTAA	4	0
Levisticum_officinale	SUPER_8	129305414-129305594	2.90e-07	ACCCTAA	4	SUPER_8	130534898-130534719	5.40e-07	ACCCTAA	4	0
Levisticum_officinale	SUPER_8	129305414-129305594	2.90e-07	ACCCTAA	4	SUPER_8	130536223-130536044	5.40e-07	ACCCTAA	4	0
Levisticum_officinale	SUPER_8	129305414-129305594	2.90e-07	ACCCTAA	4	SUPER_8	130537548-130537369	5.40e-07	ACCCTAA	4	0
Levisticum_officinale	SUPER_8	129305414-129305594	2.90e-07	ACCCTAA	4	SUPER_8	130538873-130538694	5.40e-07	ACCCTAA	4	0
Levisticum_officinale	SUPER_8	129305414-129305594	2.90e-07	ACCCTAA	4	SUPER_8	130540198-130540019	5.40e-07	ACCCTAA	4	0
Levisticum_officinale	SUPER_8	129305414-129305594	2.90e-07	ACCCTAA	4	SUPER_8	130541523-130541344	5.40e-07	ACCCTAA	4	0
Levisticum_officinale	SUPER_8	129305414-129305594	2.90e-07	ACCCTAA	4	SUPER_8	130542848-130542669	5.40e-07	ACCCTAA	4	0
Levisticum_officinale	SUPER_8	129305414-129305594	2.90e-07	ACCCTAA	4	SUPER_8	130544173-130543994	5.40e-07	ACCCTAA	4	0
Levisticum_officinale	SUPER_8	129305414-129305594	2.90e-07	ACCCTAA	4	SUPER_8	129294912-129295091	5.50e-07	ACCCTAA	4	0
Levisticum_officinale	SUPER_8	129305414-129305594	2.90e-07	ACCCTAA	4	SUPER_8	130478921-130478742	5.50e-07	ACCCTAA	4	0
Levisticum_officinale	SUPER_8	129305414-129305594	2.90e-07	ACCCTAA	4	SUPER_8	130528244-130528065	6.40e-07	ACCCTAA	4	0
Levisticum_officinale	SUPER_8	129305414-129305594	2.90e-07	ACCCTAA	4	SUPER_8	129281876-129282055	6.50e-07	ACCCTAA	4	0
Levisticum_officinale	SUPER_8	129305414-129305594	2.90e-07	ACCCTAA	4	SUPER_8	129267841-129268023	8.40e-07	ACCCTAA	4	0
Levisticum_officinale	SUPER_8	129305414-129305594	2.90e-07	ACCCTAA	4	SUPER_8	129306742-129306924	8.40e-07	ACCCTAA	4	0
Levisticum_officinale	SUPER_8	129305414-129305594	2.90e-07	ACCCTAA	4	SUPER_8	130494679-130494500	1.30e-06	ACCCTAA	4	0
Levisticum_officinale	SUPER_8	129305414-129305594	2.90e-07	ACCCTAA	4	SUPER_8	130529569-130529390	1.60e-06	ACCCTAA	4	0
Levisticum_officinale	SUPER_8	129305414-129305594	2.90e-07	ACCCTAA	4	SUPER_8	130477596-130477418	2.20e-06	ACCCTAA	4	0
Levisticum_officinale	SUPER_8	129305414-129305594	2.90e-07	ACCCTAA	4	SUPER_8	130532249-130532100	6.80e-06	ACCCTAA	4	0
Levisticum_officinale	SUPER_8	129305414-129305594	2.90e-07	ACCCTAA	4	SUPER_8	129308067-129308216	8.40e-06	ACCCTAA	4	0
Levisticum_officinale	SUPER_8	129305414-129305594	2.90e-07	ACCCTAA	4	SUPER_8	130533574-130533425	9.10e-06	ACCCTAA	4	0
Levisticum_officinale	SUPER_8	129305414-129305594	2.90e-07	ACCCTAA	4	SUPER_8	129283200-129283378	1.60e-05	ACCCTAA	4	0
Levisticum_officinale	SUPER_8	129305414-129305594	2.90e-07	ACCCTAA	4	SUPER_8	130496242-130496063	3.50e-05	ACCCTAA	4	0
Levisticum_officinale	SUPER_8	130504875-130504694	3.40e-07	ACCCTAA	4	SUPER_8	130500917-130500739	3.50e-07	ACCCTAA	4	0
Levisticum_officinale	SUPER_8	130504875-130504694	3.40e-07	ACCCTAA	4	SUPER_8	129266532-129266712	4.10e-07	ACCCTAA	4	0
Levisticum_officinale	SUPER_8	130504875-130504694	3.40e-07	ACCCTAA	4	SUPER_8	129302746-129302926	4.10e-07	ACCCTAA	4	0
Levisticum_officinale	SUPER_8	130504875-130504694	3.40e-07	ACCCTAA	4	SUPER_8	129304080-129304260	4.10e-07	ACCCTAA	4	0
Levisticum_officinale	SUPER_8	130504875-130504694	3.40e-07	ACCCTAA	4	SUPER_8	130530917-130530737	4.10e-07	ACCCTAA	4	0
Levisticum_officinale	SUPER_8	130504875-130504694	3.40e-07	ACCCTAA	4	SUPER_8	129301413-129301593	4.20e-07	ACCCTAA	4	0
Levisticum_officinale	SUPER_8	130504875-130504694	3.40e-07	ACCCTAA	4	SUPER_8	129280568-129280747	4.20e-07	ACCCTAA	4	0
Levisticum_officinale	SUPER_8	130504875-130504694	3.40e-07	ACCCTAA	4	SUPER_8	129297497-129297676	4.20e-07	ACCCTAA	4	0
Levisticum_officinale	SUPER_8	130504875-130504694	3.40e-07	ACCCTAA	4	SUPER_8	129300098-129300277	4.20e-07	ACCCTAA	4	0
Levisticum_officinale	SUPER_8	130504875-130504694	3.40e-07	ACCCTAA	4	SUPER_8	130510184-130510005	4.20e-07	ACCCTAA	4	0
Levisticum_officinale	SUPER_8	130504875-130504694	3.40e-07	ACCCTAA	4	SUPER_8	130497574-130497395	4.40e-07	ACCCTAA	4	0
Levisticum_officinale	SUPER_8	130504875-130504694	3.40e-07	ACCCTAA	4	SUPER_8	129298788-129298968	4.40e-07	ACCCTAA	4	0
Levisticum_officinale	SUPER_8	130504875-130504694	3.40e-07	ACCCTAA	4	SUPER_8	130507533-130507352	4.70e-07	ACCCTAA	4	0
Levisticum_officinale	SUPER_8	130504875-130504694	3.40e-07	ACCCTAA	4	SUPER_8	130506201-130506018	4.80e-07	ACCCTAA	4	0
Levisticum_officinale	SUPER_8	130504875-130504694	3.40e-07	ACCCTAA	4	SUPER_8	130512835-130512655	5.30e-07	ACCCTAA	4	0
Levisticum_officinale	SUPER_8	130504875-130504694	3.40e-07	ACCCTAA	4	SUPER_8	130545499-130545319	5.30e-07	ACCCTAA	4	0
Levisticum_officinale	SUPER_8	130504875-130504694	3.40e-07	ACCCTAA	4	SUPER_8	130493354-130493175	5.40e-07	ACCCTAA	4	0
Levisticum_officinale	SUPER_8	130504875-130504694	3.40e-07	ACCCTAA	4	SUPER_8	130502243-130502064	5.40e-07	ACCCTAA	4	0
Levisticum_officinale	SUPER_8	130504875-130504694	3.40e-07	ACCCTAA	4	SUPER_8	130511509-130511330	5.40e-07	ACCCTAA	4	0
Levisticum_officinale	SUPER_8	130504875-130504694	3.40e-07	ACCCTAA	4	SUPER_8	130534898-130534719	5.40e-07	ACCCTAA	4	0
Levisticum_officinale	SUPER_8	130504875-130504694	3.40e-07	ACCCTAA	4	SUPER_8	130536223-130536044	5.40e-07	ACCCTAA	4	0
Levisticum_officinale	SUPER_8	130504875-130504694	3.40e-07	ACCCTAA	4	SUPER_8	130537548-130537369	5.40e-07	ACCCTAA	4	0
Levisticum_officinale	SUPER_8	130504875-130504694	3.40e-07	ACCCTAA	4	SUPER_8	130538873-130538694	5.40e-07	ACCCTAA	4	0
Levisticum_officinale	SUPER_8	130504875-130504694	3.40e-07	ACCCTAA	4	SUPER_8	130540198-130540019	5.40e-07	ACCCTAA	4	0
Levisticum_officinale	SUPER_8	130504875-130504694	3.40e-07	ACCCTAA	4	SUPER_8	130541523-130541344	5.40e-07	ACCCTAA	4	0
Levisticum_officinale	SUPER_8	130504875-130504694	3.40e-07	ACCCTAA	4	SUPER_8	130542848-130542669	5.40e-07	ACCCTAA	4	0
Levisticum_officinale	SUPER_8	130504875-130504694	3.40e-07	ACCCTAA	4	SUPER_8	130544173-130543994	5.40e-07	ACCCTAA	4	0
Levisticum_officinale	SUPER_8	130504875-130504694	3.40e-07	ACCCTAA	4	SUPER_8	129294912-129295091	5.50e-07	ACCCTAA	4	0
Levisticum_officinale	SUPER_8	130504875-130504694	3.40e-07	ACCCTAA	4	SUPER_8	130478921-130478742	5.50e-07	ACCCTAA	4	0
Levisticum_officinale	SUPER_8	130504875-130504694	3.40e-07	ACCCTAA	4	SUPER_8	130528244-130528065	6.40e-07	ACCCTAA	4	0
Levisticum_officinale	SUPER_8	130504875-130504694	3.40e-07	ACCCTAA	4	SUPER_8	129281876-129282055	6.50e-07	ACCCTAA	4	0
Levisticum_officinale	SUPER_8	130504875-130504694	3.40e-07	ACCCTAA	4	SUPER_8	129267841-129268023	8.40e-07	ACCCTAA	4	0
Levisticum_officinale	SUPER_8	130504875-130504694	3.40e-07	ACCCTAA	4	SUPER_8	129306742-129306924	8.40e-07	ACCCTAA	4	0
Levisticum_officinale	SUPER_8	130504875-130504694	3.40e-07	ACCCTAA	4	SUPER_8	130494679-130494500	1.30e-06	ACCCTAA	4	0
Levisticum_officinale	SUPER_8	130504875-130504694	3.40e-07	ACCCTAA	4	SUPER_8	130529569-130529390	1.60e-06	ACCCTAA	4	0
Levisticum_officinale	SUPER_8	130504875-130504694	3.40e-07	ACCCTAA	4	SUPER_8	130477596-130477418	2.20e-06	ACCCTAA	4	0
Levisticum_officinale	SUPER_8	130504875-130504694	3.40e-07	ACCCTAA	4	SUPER_8	130532249-130532100	6.80e-06	ACCCTAA	4	0
Levisticum_officinale	SUPER_8	130504875-130504694	3.40e-07	ACCCTAA	4	SUPER_8	129308067-129308216	8.40e-06	ACCCTAA	4	0
Levisticum_officinale	SUPER_8	130504875-130504694	3.40e-07	ACCCTAA	4	SUPER_8	130533574-130533425	9.10e-06	ACCCTAA	4	0
Levisticum_officinale	SUPER_8	130504875-130504694	3.40e-07	ACCCTAA	4	SUPER_8	129283200-129283378	1.60e-05	ACCCTAA	4	0
Levisticum_officinale	SUPER_8	130504875-130504694	3.40e-07	ACCCTAA	4	SUPER_8	130496242-130496063	3.50e-05	ACCCTAA	4	0
Levisticum_officinale	SUPER_8	130500917-130500739	3.50e-07	ACCCTAA	4	SUPER_8	129266532-129266712	4.10e-07	ACCCTAA	4	0
Levisticum_officinale	SUPER_8	130500917-130500739	3.50e-07	ACCCTAA	4	SUPER_8	129302746-129302926	4.10e-07	ACCCTAA	4	0
Levisticum_officinale	SUPER_8	130500917-130500739	3.50e-07	ACCCTAA	4	SUPER_8	129304080-129304260	4.10e-07	ACCCTAA	4	0
Levisticum_officinale	SUPER_8	130500917-130500739	3.50e-07	ACCCTAA	4	SUPER_8	130530917-130530737	4.10e-07	ACCCTAA	4	0
Levisticum_officinale	SUPER_8	130500917-130500739	3.50e-07	ACCCTAA	4	SUPER_8	129301413-129301593	4.20e-07	ACCCTAA	4	0
Levisticum_officinale	SUPER_8	130500917-130500739	3.50e-07	ACCCTAA	4	SUPER_8	129280568-129280747	4.20e-07	ACCCTAA	4	0
Levisticum_officinale	SUPER_8	130500917-130500739	3.50e-07	ACCCTAA	4	SUPER_8	129297497-129297676	4.20e-07	ACCCTAA	4	0
Levisticum_officinale	SUPER_8	130500917-130500739	3.50e-07	ACCCTAA	4	SUPER_8	129300098-129300277	4.20e-07	ACCCTAA	4	0
Levisticum_officinale	SUPER_8	130500917-130500739	3.50e-07	ACCCTAA	4	SUPER_8	130510184-130510005	4.20e-07	ACCCTAA	4	0
Levisticum_officinale	SUPER_8	130500917-130500739	3.50e-07	ACCCTAA	4	SUPER_8	130497574-130497395	4.40e-07	ACCCTAA	4	0
Levisticum_officinale	SUPER_8	130500917-130500739	3.50e-07	ACCCTAA	4	SUPER_8	129298788-129298968	4.40e-07	ACCCTAA	4	0
Levisticum_officinale	SUPER_8	130500917-130500739	3.50e-07	ACCCTAA	4	SUPER_8	130507533-130507352	4.70e-07	ACCCTAA	4	0
Levisticum_officinale	SUPER_8	130500917-130500739	3.50e-07	ACCCTAA	4	SUPER_8	130506201-130506018	4.80e-07	ACCCTAA	4	0
Levisticum_officinale	SUPER_8	130500917-130500739	3.50e-07	ACCCTAA	4	SUPER_8	130512835-130512655	5.30e-07	ACCCTAA	4	0
Levisticum_officinale	SUPER_8	130500917-130500739	3.50e-07	ACCCTAA	4	SUPER_8	130545499-130545319	5.30e-07	ACCCTAA	4	0
Levisticum_officinale	SUPER_8	130500917-130500739	3.50e-07	ACCCTAA	4	SUPER_8	130493354-130493175	5.40e-07	ACCCTAA	4	0
Levisticum_officinale	SUPER_8	130500917-130500739	3.50e-07	ACCCTAA	4	SUPER_8	130502243-130502064	5.40e-07	ACCCTAA	4	0
Levisticum_officinale	SUPER_8	130500917-130500739	3.50e-07	ACCCTAA	4	SUPER_8	130511509-130511330	5.40e-07	ACCCTAA	4	0
Levisticum_officinale	SUPER_8	130500917-130500739	3.50e-07	ACCCTAA	4	SUPER_8	130534898-130534719	5.40e-07	ACCCTAA	4	0
Levisticum_officinale	SUPER_8	130500917-130500739	3.50e-07	ACCCTAA	4	SUPER_8	130536223-130536044	5.40e-07	ACCCTAA	4	0
Levisticum_officinale	SUPER_8	130500917-130500739	3.50e-07	ACCCTAA	4	SUPER_8	130537548-130537369	5.40e-07	ACCCTAA	4	0
Levisticum_officinale	SUPER_8	130500917-130500739	3.50e-07	ACCCTAA	4	SUPER_8	130538873-130538694	5.40e-07	ACCCTAA	4	0
Levisticum_officinale	SUPER_8	130500917-130500739	3.50e-07	ACCCTAA	4	SUPER_8	130540198-130540019	5.40e-07	ACCCTAA	4	0
Levisticum_officinale	SUPER_8	130500917-130500739	3.50e-07	ACCCTAA	4	SUPER_8	130541523-130541344	5.40e-07	ACCCTAA	4	0
Levisticum_officinale	SUPER_8	130500917-130500739	3.50e-07	ACCCTAA	4	SUPER_8	130542848-130542669	5.40e-07	ACCCTAA	4	0
Levisticum_officinale	SUPER_8	130500917-130500739	3.50e-07	ACCCTAA	4	SUPER_8	130544173-130543994	5.40e-07	ACCCTAA	4	0
Levisticum_officinale	SUPER_8	130500917-130500739	3.50e-07	ACCCTAA	4	SUPER_8	129294912-129295091	5.50e-07	ACCCTAA	4	0
Levisticum_officinale	SUPER_8	130500917-130500739	3.50e-07	ACCCTAA	4	SUPER_8	130478921-130478742	5.50e-07	ACCCTAA	4	0
Levisticum_officinale	SUPER_8	130500917-130500739	3.50e-07	ACCCTAA	4	SUPER_8	130528244-130528065	6.40e-07	ACCCTAA	4	0
Levisticum_officinale	SUPER_8	130500917-130500739	3.50e-07	ACCCTAA	4	SUPER_8	129281876-129282055	6.50e-07	ACCCTAA	4	0
Levisticum_officinale	SUPER_8	130500917-130500739	3.50e-07	ACCCTAA	4	SUPER_8	129267841-129268023	8.40e-07	ACCCTAA	4	0
Levisticum_officinale	SUPER_8	130500917-130500739	3.50e-07	ACCCTAA	4	SUPER_8	129306742-129306924	8.40e-07	ACCCTAA	4	0
Levisticum_officinale	SUPER_8	130500917-130500739	3.50e-07	ACCCTAA	4	SUPER_8	130494679-130494500	1.30e-06	ACCCTAA	4	0
Levisticum_officinale	SUPER_8	130500917-130500739	3.50e-07	ACCCTAA	4	SUPER_8	130529569-130529390	1.60e-06	ACCCTAA	4	0
Levisticum_officinale	SUPER_8	130500917-130500739	3.50e-07	ACCCTAA	4	SUPER_8	130477596-130477418	2.20e-06	ACCCTAA	4	0
Levisticum_officinale	SUPER_8	130500917-130500739	3.50e-07	ACCCTAA	4	SUPER_8	130532249-130532100	6.80e-06	ACCCTAA	4	0
Levisticum_officinale	SUPER_8	130500917-130500739	3.50e-07	ACCCTAA	4	SUPER_8	129308067-129308216	8.40e-06	ACCCTAA	4	0
Levisticum_officinale	SUPER_8	130500917-130500739	3.50e-07	ACCCTAA	4	SUPER_8	130533574-130533425	9.10e-06	ACCCTAA	4	0
Levisticum_officinale	SUPER_8	130500917-130500739	3.50e-07	ACCCTAA	4	SUPER_8	129283200-129283378	1.60e-05	ACCCTAA	4	0
Levisticum_officinale	SUPER_8	130500917-130500739	3.50e-07	ACCCTAA	4	SUPER_8	130496242-130496063	3.50e-05	ACCCTAA	4	0
Levisticum_officinale	SUPER_8	129266532-129266712	4.10e-07	ACCCTAA	4	SUPER_8	129302746-129302926	4.10e-07	ACCCTAA	4	0
Levisticum_officinale	SUPER_8	129266532-129266712	4.10e-07	ACCCTAA	4	SUPER_8	129304080-129304260	4.10e-07	ACCCTAA	4	0
Levisticum_officinale	SUPER_8	129266532-129266712	4.10e-07	ACCCTAA	4	SUPER_8	130530917-130530737	4.10e-07	ACCCTAA	4	0
Levisticum_officinale	SUPER_8	129266532-129266712	4.10e-07	ACCCTAA	4	SUPER_8	129301413-129301593	4.20e-07	ACCCTAA	4	0
Levisticum_officinale	SUPER_8	129266532-129266712	4.10e-07	ACCCTAA	4	SUPER_8	129280568-129280747	4.20e-07	ACCCTAA	4	0
Levisticum_officinale	SUPER_8	129266532-129266712	4.10e-07	ACCCTAA	4	SUPER_8	129297497-129297676	4.20e-07	ACCCTAA	4	0
Levisticum_officinale	SUPER_8	129266532-129266712	4.10e-07	ACCCTAA	4	SUPER_8	129300098-129300277	4.20e-07	ACCCTAA	4	0
Levisticum_officinale	SUPER_8	129266532-129266712	4.10e-07	ACCCTAA	4	SUPER_8	130510184-130510005	4.20e-07	ACCCTAA	4	0
Levisticum_officinale	SUPER_8	129266532-129266712	4.10e-07	ACCCTAA	4	SUPER_8	130497574-130497395	4.40e-07	ACCCTAA	4	0
Levisticum_officinale	SUPER_8	129266532-129266712	4.10e-07	ACCCTAA	4	SUPER_8	129298788-129298968	4.40e-07	ACCCTAA	4	0
Levisticum_officinale	SUPER_8	129266532-129266712	4.10e-07	ACCCTAA	4	SUPER_8	130507533-130507352	4.70e-07	ACCCTAA	4	0
Levisticum_officinale	SUPER_8	129266532-129266712	4.10e-07	ACCCTAA	4	SUPER_8	130506201-130506018	4.80e-07	ACCCTAA	4	0
Levisticum_officinale	SUPER_8	129266532-129266712	4.10e-07	ACCCTAA	4	SUPER_8	130512835-130512655	5.30e-07	ACCCTAA	4	0
Levisticum_officinale	SUPER_8	129266532-129266712	4.10e-07	ACCCTAA	4	SUPER_8	130545499-130545319	5.30e-07	ACCCTAA	4	0
Levisticum_officinale	SUPER_8	129266532-129266712	4.10e-07	ACCCTAA	4	SUPER_8	130493354-130493175	5.40e-07	ACCCTAA	4	0
Levisticum_officinale	SUPER_8	129266532-129266712	4.10e-07	ACCCTAA	4	SUPER_8	130502243-130502064	5.40e-07	ACCCTAA	4	0
Levisticum_officinale	SUPER_8	129266532-129266712	4.10e-07	ACCCTAA	4	SUPER_8	130511509-130511330	5.40e-07	ACCCTAA	4	0
Levisticum_officinale	SUPER_8	129266532-129266712	4.10e-07	ACCCTAA	4	SUPER_8	130534898-130534719	5.40e-07	ACCCTAA	4	0
Levisticum_officinale	SUPER_8	129266532-129266712	4.10e-07	ACCCTAA	4	SUPER_8	130536223-130536044	5.40e-07	ACCCTAA	4	0
Levisticum_officinale	SUPER_8	129266532-129266712	4.10e-07	ACCCTAA	4	SUPER_8	130537548-130537369	5.40e-07	ACCCTAA	4	0
Levisticum_officinale	SUPER_8	129266532-129266712	4.10e-07	ACCCTAA	4	SUPER_8	130538873-130538694	5.40e-07	ACCCTAA	4	0
Levisticum_officinale	SUPER_8	129266532-129266712	4.10e-07	ACCCTAA	4	SUPER_8	130540198-130540019	5.40e-07	ACCCTAA	4	0
Levisticum_officinale	SUPER_8	129266532-129266712	4.10e-07	ACCCTAA	4	SUPER_8	130541523-130541344	5.40e-07	ACCCTAA	4	0
Levisticum_officinale	SUPER_8	129266532-129266712	4.10e-07	ACCCTAA	4	SUPER_8	130542848-130542669	5.40e-07	ACCCTAA	4	0
Levisticum_officinale	SUPER_8	129266532-129266712	4.10e-07	ACCCTAA	4	SUPER_8	130544173-130543994	5.40e-07	ACCCTAA	4	0
Levisticum_officinale	SUPER_8	129266532-129266712	4.10e-07	ACCCTAA	4	SUPER_8	129294912-129295091	5.50e-07	ACCCTAA	4	0
Levisticum_officinale	SUPER_8	129266532-129266712	4.10e-07	ACCCTAA	4	SUPER_8	130478921-130478742	5.50e-07	ACCCTAA	4	0
Levisticum_officinale	SUPER_8	129266532-129266712	4.10e-07	ACCCTAA	4	SUPER_8	130528244-130528065	6.40e-07	ACCCTAA	4	0
Levisticum_officinale	SUPER_8	129266532-129266712	4.10e-07	ACCCTAA	4	SUPER_8	129281876-129282055	6.50e-07	ACCCTAA	4	0
Levisticum_officinale	SUPER_8	129266532-129266712	4.10e-07	ACCCTAA	4	SUPER_8	129267841-129268023	8.40e-07	ACCCTAA	4	0
Levisticum_officinale	SUPER_8	129266532-129266712	4.10e-07	ACCCTAA	4	SUPER_8	129306742-129306924	8.40e-07	ACCCTAA	4	0
Levisticum_officinale	SUPER_8	129266532-129266712	4.10e-07	ACCCTAA	4	SUPER_8	130494679-130494500	1.30e-06	ACCCTAA	4	0
Levisticum_officinale	SUPER_8	129266532-129266712	4.10e-07	ACCCTAA	4	SUPER_8	130529569-130529390	1.60e-06	ACCCTAA	4	0
Levisticum_officinale	SUPER_8	129266532-129266712	4.10e-07	ACCCTAA	4	SUPER_8	130477596-130477418	2.20e-06	ACCCTAA	4	0
Levisticum_officinale	SUPER_8	129266532-129266712	4.10e-07	ACCCTAA	4	SUPER_8	130532249-130532100	6.80e-06	ACCCTAA	4	0
Levisticum_officinale	SUPER_8	129266532-129266712	4.10e-07	ACCCTAA	4	SUPER_8	129308067-129308216	8.40e-06	ACCCTAA	4	0
Levisticum_officinale	SUPER_8	129266532-129266712	4.10e-07	ACCCTAA	4	SUPER_8	130533574-130533425	9.10e-06	ACCCTAA	4	0
Levisticum_officinale	SUPER_8	129266532-129266712	4.10e-07	ACCCTAA	4	SUPER_8	129283200-129283378	1.60e-05	ACCCTAA	4	0
Levisticum_officinale	SUPER_8	129266532-129266712	4.10e-07	ACCCTAA	4	SUPER_8	130496242-130496063	3.50e-05	ACCCTAA	4	0
Levisticum_officinale	SUPER_8	129302746-129302926	4.10e-07	ACCCTAA	4	SUPER_8	129304080-129304260	4.10e-07	ACCCTAA	4	0
Levisticum_officinale	SUPER_8	129302746-129302926	4.10e-07	ACCCTAA	4	SUPER_8	130530917-130530737	4.10e-07	ACCCTAA	4	0
Levisticum_officinale	SUPER_8	129302746-129302926	4.10e-07	ACCCTAA	4	SUPER_8	129301413-129301593	4.20e-07	ACCCTAA	4	0
Levisticum_officinale	SUPER_8	129302746-129302926	4.10e-07	ACCCTAA	4	SUPER_8	129280568-129280747	4.20e-07	ACCCTAA	4	0
Levisticum_officinale	SUPER_8	129302746-129302926	4.10e-07	ACCCTAA	4	SUPER_8	129297497-129297676	4.20e-07	ACCCTAA	4	0
Levisticum_officinale	SUPER_8	129302746-129302926	4.10e-07	ACCCTAA	4	SUPER_8	129300098-129300277	4.20e-07	ACCCTAA	4	0
Levisticum_officinale	SUPER_8	129302746-129302926	4.10e-07	ACCCTAA	4	SUPER_8	130510184-130510005	4.20e-07	ACCCTAA	4	0
Levisticum_officinale	SUPER_8	129302746-129302926	4.10e-07	ACCCTAA	4	SUPER_8	130497574-130497395	4.40e-07	ACCCTAA	4	0
Levisticum_officinale	SUPER_8	129302746-129302926	4.10e-07	ACCCTAA	4	SUPER_8	129298788-129298968	4.40e-07	ACCCTAA	4	0
Levisticum_officinale	SUPER_8	129302746-129302926	4.10e-07	ACCCTAA	4	SUPER_8	130507533-130507352	4.70e-07	ACCCTAA	4	0
Levisticum_officinale	SUPER_8	129302746-129302926	4.10e-07	ACCCTAA	4	SUPER_8	130506201-130506018	4.80e-07	ACCCTAA	4	0
Levisticum_officinale	SUPER_8	129302746-129302926	4.10e-07	ACCCTAA	4	SUPER_8	130512835-130512655	5.30e-07	ACCCTAA	4	0
Levisticum_officinale	SUPER_8	129302746-129302926	4.10e-07	ACCCTAA	4	SUPER_8	130545499-130545319	5.30e-07	ACCCTAA	4	0
Levisticum_officinale	SUPER_8	129302746-129302926	4.10e-07	ACCCTAA	4	SUPER_8	130493354-130493175	5.40e-07	ACCCTAA	4	0
Levisticum_officinale	SUPER_8	129302746-129302926	4.10e-07	ACCCTAA	4	SUPER_8	130502243-130502064	5.40e-07	ACCCTAA	4	0
Levisticum_officinale	SUPER_8	129302746-129302926	4.10e-07	ACCCTAA	4	SUPER_8	130511509-130511330	5.40e-07	ACCCTAA	4	0
Levisticum_officinale	SUPER_8	129302746-129302926	4.10e-07	ACCCTAA	4	SUPER_8	130534898-130534719	5.40e-07	ACCCTAA	4	0
Levisticum_officinale	SUPER_8	129302746-129302926	4.10e-07	ACCCTAA	4	SUPER_8	130536223-130536044	5.40e-07	ACCCTAA	4	0
Levisticum_officinale	SUPER_8	129302746-129302926	4.10e-07	ACCCTAA	4	SUPER_8	130537548-130537369	5.40e-07	ACCCTAA	4	0
Levisticum_officinale	SUPER_8	129302746-129302926	4.10e-07	ACCCTAA	4	SUPER_8	130538873-130538694	5.40e-07	ACCCTAA	4	0
Levisticum_officinale	SUPER_8	129302746-129302926	4.10e-07	ACCCTAA	4	SUPER_8	130540198-130540019	5.40e-07	ACCCTAA	4	0
Levisticum_officinale	SUPER_8	129302746-129302926	4.10e-07	ACCCTAA	4	SUPER_8	130541523-130541344	5.40e-07	ACCCTAA	4	0
Levisticum_officinale	SUPER_8	129302746-129302926	4.10e-07	ACCCTAA	4	SUPER_8	130542848-130542669	5.40e-07	ACCCTAA	4	0
Levisticum_officinale	SUPER_8	129302746-129302926	4.10e-07	ACCCTAA	4	SUPER_8	130544173-130543994	5.40e-07	ACCCTAA	4	0
Levisticum_officinale	SUPER_8	129302746-129302926	4.10e-07	ACCCTAA	4	SUPER_8	129294912-129295091	5.50e-07	ACCCTAA	4	0
Levisticum_officinale	SUPER_8	129302746-129302926	4.10e-07	ACCCTAA	4	SUPER_8	130478921-130478742	5.50e-07	ACCCTAA	4	0
Levisticum_officinale	SUPER_8	129302746-129302926	4.10e-07	ACCCTAA	4	SUPER_8	130528244-130528065	6.40e-07	ACCCTAA	4	0
Levisticum_officinale	SUPER_8	129302746-129302926	4.10e-07	ACCCTAA	4	SUPER_8	129281876-129282055	6.50e-07	ACCCTAA	4	0
Levisticum_officinale	SUPER_8	129302746-129302926	4.10e-07	ACCCTAA	4	SUPER_8	129267841-129268023	8.40e-07	ACCCTAA	4	0
Levisticum_officinale	SUPER_8	129302746-129302926	4.10e-07	ACCCTAA	4	SUPER_8	129306742-129306924	8.40e-07	ACCCTAA	4	0
Levisticum_officinale	SUPER_8	129302746-129302926	4.10e-07	ACCCTAA	4	SUPER_8	130494679-130494500	1.30e-06	ACCCTAA	4	0
Levisticum_officinale	SUPER_8	129302746-129302926	4.10e-07	ACCCTAA	4	SUPER_8	130529569-130529390	1.60e-06	ACCCTAA	4	0
Levisticum_officinale	SUPER_8	129302746-129302926	4.10e-07	ACCCTAA	4	SUPER_8	130477596-130477418	2.20e-06	ACCCTAA	4	0
Levisticum_officinale	SUPER_8	129302746-129302926	4.10e-07	ACCCTAA	4	SUPER_8	130532249-130532100	6.80e-06	ACCCTAA	4	0
Levisticum_officinale	SUPER_8	129302746-129302926	4.10e-07	ACCCTAA	4	SUPER_8	129308067-129308216	8.40e-06	ACCCTAA	4	0
Levisticum_officinale	SUPER_8	129302746-129302926	4.10e-07	ACCCTAA	4	SUPER_8	130533574-130533425	9.10e-06	ACCCTAA	4	0
Levisticum_officinale	SUPER_8	129302746-129302926	4.10e-07	ACCCTAA	4	SUPER_8	129283200-129283378	1.60e-05	ACCCTAA	4	0
Levisticum_officinale	SUPER_8	129302746-129302926	4.10e-07	ACCCTAA	4	SUPER_8	130496242-130496063	3.50e-05	ACCCTAA	4	0
Levisticum_officinale	SUPER_8	129304080-129304260	4.10e-07	ACCCTAA	4	SUPER_8	130530917-130530737	4.10e-07	ACCCTAA	4	0
Levisticum_officinale	SUPER_8	129304080-129304260	4.10e-07	ACCCTAA	4	SUPER_8	129301413-129301593	4.20e-07	ACCCTAA	4	0
Levisticum_officinale	SUPER_8	129304080-129304260	4.10e-07	ACCCTAA	4	SUPER_8	129280568-129280747	4.20e-07	ACCCTAA	4	0
Levisticum_officinale	SUPER_8	129304080-129304260	4.10e-07	ACCCTAA	4	SUPER_8	129297497-129297676	4.20e-07	ACCCTAA	4	0
Levisticum_officinale	SUPER_8	129304080-129304260	4.10e-07	ACCCTAA	4	SUPER_8	129300098-129300277	4.20e-07	ACCCTAA	4	0
Levisticum_officinale	SUPER_8	129304080-129304260	4.10e-07	ACCCTAA	4	SUPER_8	130510184-130510005	4.20e-07	ACCCTAA	4	0
Levisticum_officinale	SUPER_8	129304080-129304260	4.10e-07	ACCCTAA	4	SUPER_8	130497574-130497395	4.40e-07	ACCCTAA	4	0
Levisticum_officinale	SUPER_8	129304080-129304260	4.10e-07	ACCCTAA	4	SUPER_8	129298788-129298968	4.40e-07	ACCCTAA	4	0
Levisticum_officinale	SUPER_8	129304080-129304260	4.10e-07	ACCCTAA	4	SUPER_8	130507533-130507352	4.70e-07	ACCCTAA	4	0
Levisticum_officinale	SUPER_8	129304080-129304260	4.10e-07	ACCCTAA	4	SUPER_8	130506201-130506018	4.80e-07	ACCCTAA	4	0
Levisticum_officinale	SUPER_8	129304080-129304260	4.10e-07	ACCCTAA	4	SUPER_8	130512835-130512655	5.30e-07	ACCCTAA	4	0
Levisticum_officinale	SUPER_8	129304080-129304260	4.10e-07	ACCCTAA	4	SUPER_8	130545499-130545319	5.30e-07	ACCCTAA	4	0
Levisticum_officinale	SUPER_8	129304080-129304260	4.10e-07	ACCCTAA	4	SUPER_8	130493354-130493175	5.40e-07	ACCCTAA	4	0
Levisticum_officinale	SUPER_8	129304080-129304260	4.10e-07	ACCCTAA	4	SUPER_8	130502243-130502064	5.40e-07	ACCCTAA	4	0
Levisticum_officinale	SUPER_8	129304080-129304260	4.10e-07	ACCCTAA	4	SUPER_8	130511509-130511330	5.40e-07	ACCCTAA	4	0
Levisticum_officinale	SUPER_8	129304080-129304260	4.10e-07	ACCCTAA	4	SUPER_8	130534898-130534719	5.40e-07	ACCCTAA	4	0
Levisticum_officinale	SUPER_8	129304080-129304260	4.10e-07	ACCCTAA	4	SUPER_8	130536223-130536044	5.40e-07	ACCCTAA	4	0
Levisticum_officinale	SUPER_8	129304080-129304260	4.10e-07	ACCCTAA	4	SUPER_8	130537548-130537369	5.40e-07	ACCCTAA	4	0
Levisticum_officinale	SUPER_8	129304080-129304260	4.10e-07	ACCCTAA	4	SUPER_8	130538873-130538694	5.40e-07	ACCCTAA	4	0
Levisticum_officinale	SUPER_8	129304080-129304260	4.10e-07	ACCCTAA	4	SUPER_8	130540198-130540019	5.40e-07	ACCCTAA	4	0
Levisticum_officinale	SUPER_8	129304080-129304260	4.10e-07	ACCCTAA	4	SUPER_8	130541523-130541344	5.40e-07	ACCCTAA	4	0
Levisticum_officinale	SUPER_8	129304080-129304260	4.10e-07	ACCCTAA	4	SUPER_8	130542848-130542669	5.40e-07	ACCCTAA	4	0
Levisticum_officinale	SUPER_8	129304080-129304260	4.10e-07	ACCCTAA	4	SUPER_8	130544173-130543994	5.40e-07	ACCCTAA	4	0
Levisticum_officinale	SUPER_8	129304080-129304260	4.10e-07	ACCCTAA	4	SUPER_8	129294912-129295091	5.50e-07	ACCCTAA	4	0
Levisticum_officinale	SUPER_8	129304080-129304260	4.10e-07	ACCCTAA	4	SUPER_8	130478921-130478742	5.50e-07	ACCCTAA	4	0
Levisticum_officinale	SUPER_8	129304080-129304260	4.10e-07	ACCCTAA	4	SUPER_8	130528244-130528065	6.40e-07	ACCCTAA	4	0
Levisticum_officinale	SUPER_8	129304080-129304260	4.10e-07	ACCCTAA	4	SUPER_8	129281876-129282055	6.50e-07	ACCCTAA	4	0
Levisticum_officinale	SUPER_8	129304080-129304260	4.10e-07	ACCCTAA	4	SUPER_8	129267841-129268023	8.40e-07	ACCCTAA	4	0
Levisticum_officinale	SUPER_8	129304080-129304260	4.10e-07	ACCCTAA	4	SUPER_8	129306742-129306924	8.40e-07	ACCCTAA	4	0
Levisticum_officinale	SUPER_8	129304080-129304260	4.10e-07	ACCCTAA	4	SUPER_8	130494679-130494500	1.30e-06	ACCCTAA	4	0
Levisticum_officinale	SUPER_8	129304080-129304260	4.10e-07	ACCCTAA	4	SUPER_8	130529569-130529390	1.60e-06	ACCCTAA	4	0
Levisticum_officinale	SUPER_8	129304080-129304260	4.10e-07	ACCCTAA	4	SUPER_8	130477596-130477418	2.20e-06	ACCCTAA	4	0
Levisticum_officinale	SUPER_8	129304080-129304260	4.10e-07	ACCCTAA	4	SUPER_8	130532249-130532100	6.80e-06	ACCCTAA	4	0
Levisticum_officinale	SUPER_8	129304080-129304260	4.10e-07	ACCCTAA	4	SUPER_8	129308067-129308216	8.40e-06	ACCCTAA	4	0
Levisticum_officinale	SUPER_8	129304080-129304260	4.10e-07	ACCCTAA	4	SUPER_8	130533574-130533425	9.10e-06	ACCCTAA	4	0
Levisticum_officinale	SUPER_8	129304080-129304260	4.10e-07	ACCCTAA	4	SUPER_8	129283200-129283378	1.60e-05	ACCCTAA	4	0
Levisticum_officinale	SUPER_8	129304080-129304260	4.10e-07	ACCCTAA	4	SUPER_8	130496242-130496063	3.50e-05	ACCCTAA	4	0
Levisticum_officinale	SUPER_8	130530917-130530737	4.10e-07	ACCCTAA	4	SUPER_8	129301413-129301593	4.20e-07	ACCCTAA	4	0
Levisticum_officinale	SUPER_8	130530917-130530737	4.10e-07	ACCCTAA	4	SUPER_8	129280568-129280747	4.20e-07	ACCCTAA	4	0
Levisticum_officinale	SUPER_8	130530917-130530737	4.10e-07	ACCCTAA	4	SUPER_8	129297497-129297676	4.20e-07	ACCCTAA	4	0
Levisticum_officinale	SUPER_8	130530917-130530737	4.10e-07	ACCCTAA	4	SUPER_8	129300098-129300277	4.20e-07	ACCCTAA	4	0
Levisticum_officinale	SUPER_8	130530917-130530737	4.10e-07	ACCCTAA	4	SUPER_8	130510184-130510005	4.20e-07	ACCCTAA	4	0
Levisticum_officinale	SUPER_8	130530917-130530737	4.10e-07	ACCCTAA	4	SUPER_8	130497574-130497395	4.40e-07	ACCCTAA	4	0
Levisticum_officinale	SUPER_8	130530917-130530737	4.10e-07	ACCCTAA	4	SUPER_8	129298788-129298968	4.40e-07	ACCCTAA	4	0
Levisticum_officinale	SUPER_8	130530917-130530737	4.10e-07	ACCCTAA	4	SUPER_8	130507533-130507352	4.70e-07	ACCCTAA	4	0
Levisticum_officinale	SUPER_8	130530917-130530737	4.10e-07	ACCCTAA	4	SUPER_8	130506201-130506018	4.80e-07	ACCCTAA	4	0
Levisticum_officinale	SUPER_8	130530917-130530737	4.10e-07	ACCCTAA	4	SUPER_8	130512835-130512655	5.30e-07	ACCCTAA	4	0
Levisticum_officinale	SUPER_8	130530917-130530737	4.10e-07	ACCCTAA	4	SUPER_8	130545499-130545319	5.30e-07	ACCCTAA	4	0
Levisticum_officinale	SUPER_8	130530917-130530737	4.10e-07	ACCCTAA	4	SUPER_8	130493354-130493175	5.40e-07	ACCCTAA	4	0
Levisticum_officinale	SUPER_8	130530917-130530737	4.10e-07	ACCCTAA	4	SUPER_8	130502243-130502064	5.40e-07	ACCCTAA	4	0
Levisticum_officinale	SUPER_8	130530917-130530737	4.10e-07	ACCCTAA	4	SUPER_8	130511509-130511330	5.40e-07	ACCCTAA	4	0
Levisticum_officinale	SUPER_8	130530917-130530737	4.10e-07	ACCCTAA	4	SUPER_8	130534898-130534719	5.40e-07	ACCCTAA	4	0
Levisticum_officinale	SUPER_8	130530917-130530737	4.10e-07	ACCCTAA	4	SUPER_8	130536223-130536044	5.40e-07	ACCCTAA	4	0
Levisticum_officinale	SUPER_8	130530917-130530737	4.10e-07	ACCCTAA	4	SUPER_8	130537548-130537369	5.40e-07	ACCCTAA	4	0
Levisticum_officinale	SUPER_8	130530917-130530737	4.10e-07	ACCCTAA	4	SUPER_8	130538873-130538694	5.40e-07	ACCCTAA	4	0
Levisticum_officinale	SUPER_8	130530917-130530737	4.10e-07	ACCCTAA	4	SUPER_8	130540198-130540019	5.40e-07	ACCCTAA	4	0
Levisticum_officinale	SUPER_8	130530917-130530737	4.10e-07	ACCCTAA	4	SUPER_8	130541523-130541344	5.40e-07	ACCCTAA	4	0
Levisticum_officinale	SUPER_8	130530917-130530737	4.10e-07	ACCCTAA	4	SUPER_8	130542848-130542669	5.40e-07	ACCCTAA	4	0
Levisticum_officinale	SUPER_8	130530917-130530737	4.10e-07	ACCCTAA	4	SUPER_8	130544173-130543994	5.40e-07	ACCCTAA	4	0
Levisticum_officinale	SUPER_8	130530917-130530737	4.10e-07	ACCCTAA	4	SUPER_8	129294912-129295091	5.50e-07	ACCCTAA	4	0
Levisticum_officinale	SUPER_8	130530917-130530737	4.10e-07	ACCCTAA	4	SUPER_8	130478921-130478742	5.50e-07	ACCCTAA	4	0
Levisticum_officinale	SUPER_8	130530917-130530737	4.10e-07	ACCCTAA	4	SUPER_8	130528244-130528065	6.40e-07	ACCCTAA	4	0
Levisticum_officinale	SUPER_8	130530917-130530737	4.10e-07	ACCCTAA	4	SUPER_8	129281876-129282055	6.50e-07	ACCCTAA	4	0
Levisticum_officinale	SUPER_8	130530917-130530737	4.10e-07	ACCCTAA	4	SUPER_8	129267841-129268023	8.40e-07	ACCCTAA	4	0
Levisticum_officinale	SUPER_8	130530917-130530737	4.10e-07	ACCCTAA	4	SUPER_8	129306742-129306924	8.40e-07	ACCCTAA	4	0
Levisticum_officinale	SUPER_8	130530917-130530737	4.10e-07	ACCCTAA	4	SUPER_8	130494679-130494500	1.30e-06	ACCCTAA	4	0
Levisticum_officinale	SUPER_8	130530917-130530737	4.10e-07	ACCCTAA	4	SUPER_8	130529569-130529390	1.60e-06	ACCCTAA	4	0
Levisticum_officinale	SUPER_8	130530917-130530737	4.10e-07	ACCCTAA	4	SUPER_8	130477596-130477418	2.20e-06	ACCCTAA	4	0
Levisticum_officinale	SUPER_8	130530917-130530737	4.10e-07	ACCCTAA	4	SUPER_8	130532249-130532100	6.80e-06	ACCCTAA	4	0
Levisticum_officinale	SUPER_8	130530917-130530737	4.10e-07	ACCCTAA	4	SUPER_8	129308067-129308216	8.40e-06	ACCCTAA	4	0
Levisticum_officinale	SUPER_8	130530917-130530737	4.10e-07	ACCCTAA	4	SUPER_8	130533574-130533425	9.10e-06	ACCCTAA	4	0
Levisticum_officinale	SUPER_8	130530917-130530737	4.10e-07	ACCCTAA	4	SUPER_8	129283200-129283378	1.60e-05	ACCCTAA	4	0
Levisticum_officinale	SUPER_8	130530917-130530737	4.10e-07	ACCCTAA	4	SUPER_8	130496242-130496063	3.50e-05	ACCCTAA	4	0
Levisticum_officinale	SUPER_8	129301413-129301593	4.20e-07	ACCCTAA	4	SUPER_8	129280568-129280747	4.20e-07	ACCCTAA	4	0
Levisticum_officinale	SUPER_8	129301413-129301593	4.20e-07	ACCCTAA	4	SUPER_8	129297497-129297676	4.20e-07	ACCCTAA	4	0
Levisticum_officinale	SUPER_8	129301413-129301593	4.20e-07	ACCCTAA	4	SUPER_8	129300098-129300277	4.20e-07	ACCCTAA	4	0
Levisticum_officinale	SUPER_8	129301413-129301593	4.20e-07	ACCCTAA	4	SUPER_8	130510184-130510005	4.20e-07	ACCCTAA	4	0
Levisticum_officinale	SUPER_8	129301413-129301593	4.20e-07	ACCCTAA	4	SUPER_8	130497574-130497395	4.40e-07	ACCCTAA	4	0
Levisticum_officinale	SUPER_8	129301413-129301593	4.20e-07	ACCCTAA	4	SUPER_8	129298788-129298968	4.40e-07	ACCCTAA	4	0
Levisticum_officinale	SUPER_8	129301413-129301593	4.20e-07	ACCCTAA	4	SUPER_8	130507533-130507352	4.70e-07	ACCCTAA	4	0
Levisticum_officinale	SUPER_8	129301413-129301593	4.20e-07	ACCCTAA	4	SUPER_8	130506201-130506018	4.80e-07	ACCCTAA	4	0
Levisticum_officinale	SUPER_8	129301413-129301593	4.20e-07	ACCCTAA	4	SUPER_8	130512835-130512655	5.30e-07	ACCCTAA	4	0
Levisticum_officinale	SUPER_8	129301413-129301593	4.20e-07	ACCCTAA	4	SUPER_8	130545499-130545319	5.30e-07	ACCCTAA	4	0
Levisticum_officinale	SUPER_8	129301413-129301593	4.20e-07	ACCCTAA	4	SUPER_8	130493354-130493175	5.40e-07	ACCCTAA	4	0
Levisticum_officinale	SUPER_8	129301413-129301593	4.20e-07	ACCCTAA	4	SUPER_8	130502243-130502064	5.40e-07	ACCCTAA	4	0
Levisticum_officinale	SUPER_8	129301413-129301593	4.20e-07	ACCCTAA	4	SUPER_8	130511509-130511330	5.40e-07	ACCCTAA	4	0
Levisticum_officinale	SUPER_8	129301413-129301593	4.20e-07	ACCCTAA	4	SUPER_8	130534898-130534719	5.40e-07	ACCCTAA	4	0
Levisticum_officinale	SUPER_8	129301413-129301593	4.20e-07	ACCCTAA	4	SUPER_8	130536223-130536044	5.40e-07	ACCCTAA	4	0
Levisticum_officinale	SUPER_8	129301413-129301593	4.20e-07	ACCCTAA	4	SUPER_8	130537548-130537369	5.40e-07	ACCCTAA	4	0
Levisticum_officinale	SUPER_8	129301413-129301593	4.20e-07	ACCCTAA	4	SUPER_8	130538873-130538694	5.40e-07	ACCCTAA	4	0
Levisticum_officinale	SUPER_8	129301413-129301593	4.20e-07	ACCCTAA	4	SUPER_8	130540198-130540019	5.40e-07	ACCCTAA	4	0
Levisticum_officinale	SUPER_8	129301413-129301593	4.20e-07	ACCCTAA	4	SUPER_8	130541523-130541344	5.40e-07	ACCCTAA	4	0
Levisticum_officinale	SUPER_8	129301413-129301593	4.20e-07	ACCCTAA	4	SUPER_8	130542848-130542669	5.40e-07	ACCCTAA	4	0
Levisticum_officinale	SUPER_8	129301413-129301593	4.20e-07	ACCCTAA	4	SUPER_8	130544173-130543994	5.40e-07	ACCCTAA	4	0
Levisticum_officinale	SUPER_8	129301413-129301593	4.20e-07	ACCCTAA	4	SUPER_8	129294912-129295091	5.50e-07	ACCCTAA	4	0
Levisticum_officinale	SUPER_8	129301413-129301593	4.20e-07	ACCCTAA	4	SUPER_8	130478921-130478742	5.50e-07	ACCCTAA	4	0
Levisticum_officinale	SUPER_8	129301413-129301593	4.20e-07	ACCCTAA	4	SUPER_8	130528244-130528065	6.40e-07	ACCCTAA	4	0
Levisticum_officinale	SUPER_8	129301413-129301593	4.20e-07	ACCCTAA	4	SUPER_8	129281876-129282055	6.50e-07	ACCCTAA	4	0
Levisticum_officinale	SUPER_8	129301413-129301593	4.20e-07	ACCCTAA	4	SUPER_8	129267841-129268023	8.40e-07	ACCCTAA	4	0
Levisticum_officinale	SUPER_8	129301413-129301593	4.20e-07	ACCCTAA	4	SUPER_8	129306742-129306924	8.40e-07	ACCCTAA	4	0
Levisticum_officinale	SUPER_8	129301413-129301593	4.20e-07	ACCCTAA	4	SUPER_8	130494679-130494500	1.30e-06	ACCCTAA	4	0
Levisticum_officinale	SUPER_8	129301413-129301593	4.20e-07	ACCCTAA	4	SUPER_8	130529569-130529390	1.60e-06	ACCCTAA	4	0
Levisticum_officinale	SUPER_8	129301413-129301593	4.20e-07	ACCCTAA	4	SUPER_8	130477596-130477418	2.20e-06	ACCCTAA	4	0
Levisticum_officinale	SUPER_8	129301413-129301593	4.20e-07	ACCCTAA	4	SUPER_8	130532249-130532100	6.80e-06	ACCCTAA	4	0
Levisticum_officinale	SUPER_8	129301413-129301593	4.20e-07	ACCCTAA	4	SUPER_8	129308067-129308216	8.40e-06	ACCCTAA	4	0
Levisticum_officinale	SUPER_8	129301413-129301593	4.20e-07	ACCCTAA	4	SUPER_8	130533574-130533425	9.10e-06	ACCCTAA	4	0
Levisticum_officinale	SUPER_8	129301413-129301593	4.20e-07	ACCCTAA	4	SUPER_8	129283200-129283378	1.60e-05	ACCCTAA	4	0
Levisticum_officinale	SUPER_8	129301413-129301593	4.20e-07	ACCCTAA	4	SUPER_8	130496242-130496063	3.50e-05	ACCCTAA	4	0
Levisticum_officinale	SUPER_8	129280568-129280747	4.20e-07	ACCCTAA	4	SUPER_8	129297497-129297676	4.20e-07	ACCCTAA	4	0
Levisticum_officinale	SUPER_8	129280568-129280747	4.20e-07	ACCCTAA	4	SUPER_8	129300098-129300277	4.20e-07	ACCCTAA	4	0
Levisticum_officinale	SUPER_8	129280568-129280747	4.20e-07	ACCCTAA	4	SUPER_8	130510184-130510005	4.20e-07	ACCCTAA	4	0
Levisticum_officinale	SUPER_8	129280568-129280747	4.20e-07	ACCCTAA	4	SUPER_8	130497574-130497395	4.40e-07	ACCCTAA	4	0
Levisticum_officinale	SUPER_8	129280568-129280747	4.20e-07	ACCCTAA	4	SUPER_8	129298788-129298968	4.40e-07	ACCCTAA	4	0
Levisticum_officinale	SUPER_8	129280568-129280747	4.20e-07	ACCCTAA	4	SUPER_8	130507533-130507352	4.70e-07	ACCCTAA	4	0
Levisticum_officinale	SUPER_8	129280568-129280747	4.20e-07	ACCCTAA	4	SUPER_8	130506201-130506018	4.80e-07	ACCCTAA	4	0
Levisticum_officinale	SUPER_8	129280568-129280747	4.20e-07	ACCCTAA	4	SUPER_8	130512835-130512655	5.30e-07	ACCCTAA	4	0
Levisticum_officinale	SUPER_8	129280568-129280747	4.20e-07	ACCCTAA	4	SUPER_8	130545499-130545319	5.30e-07	ACCCTAA	4	0
Levisticum_officinale	SUPER_8	129280568-129280747	4.20e-07	ACCCTAA	4	SUPER_8	130493354-130493175	5.40e-07	ACCCTAA	4	0
Levisticum_officinale	SUPER_8	129280568-129280747	4.20e-07	ACCCTAA	4	SUPER_8	130502243-130502064	5.40e-07	ACCCTAA	4	0
Levisticum_officinale	SUPER_8	129280568-129280747	4.20e-07	ACCCTAA	4	SUPER_8	130511509-130511330	5.40e-07	ACCCTAA	4	0
Levisticum_officinale	SUPER_8	129280568-129280747	4.20e-07	ACCCTAA	4	SUPER_8	130534898-130534719	5.40e-07	ACCCTAA	4	0
Levisticum_officinale	SUPER_8	129280568-129280747	4.20e-07	ACCCTAA	4	SUPER_8	130536223-130536044	5.40e-07	ACCCTAA	4	0
Levisticum_officinale	SUPER_8	129280568-129280747	4.20e-07	ACCCTAA	4	SUPER_8	130537548-130537369	5.40e-07	ACCCTAA	4	0
Levisticum_officinale	SUPER_8	129280568-129280747	4.20e-07	ACCCTAA	4	SUPER_8	130538873-130538694	5.40e-07	ACCCTAA	4	0
Levisticum_officinale	SUPER_8	129280568-129280747	4.20e-07	ACCCTAA	4	SUPER_8	130540198-130540019	5.40e-07	ACCCTAA	4	0
Levisticum_officinale	SUPER_8	129280568-129280747	4.20e-07	ACCCTAA	4	SUPER_8	130541523-130541344	5.40e-07	ACCCTAA	4	0
Levisticum_officinale	SUPER_8	129280568-129280747	4.20e-07	ACCCTAA	4	SUPER_8	130542848-130542669	5.40e-07	ACCCTAA	4	0
Levisticum_officinale	SUPER_8	129280568-129280747	4.20e-07	ACCCTAA	4	SUPER_8	130544173-130543994	5.40e-07	ACCCTAA	4	0
Levisticum_officinale	SUPER_8	129280568-129280747	4.20e-07	ACCCTAA	4	SUPER_8	129294912-129295091	5.50e-07	ACCCTAA	4	0
Levisticum_officinale	SUPER_8	129280568-129280747	4.20e-07	ACCCTAA	4	SUPER_8	130478921-130478742	5.50e-07	ACCCTAA	4	0
Levisticum_officinale	SUPER_8	129280568-129280747	4.20e-07	ACCCTAA	4	SUPER_8	130528244-130528065	6.40e-07	ACCCTAA	4	0
Levisticum_officinale	SUPER_8	129280568-129280747	4.20e-07	ACCCTAA	4	SUPER_8	129281876-129282055	6.50e-07	ACCCTAA	4	0
Levisticum_officinale	SUPER_8	129280568-129280747	4.20e-07	ACCCTAA	4	SUPER_8	129267841-129268023	8.40e-07	ACCCTAA	4	0
Levisticum_officinale	SUPER_8	129280568-129280747	4.20e-07	ACCCTAA	4	SUPER_8	129306742-129306924	8.40e-07	ACCCTAA	4	0
Levisticum_officinale	SUPER_8	129280568-129280747	4.20e-07	ACCCTAA	4	SUPER_8	130494679-130494500	1.30e-06	ACCCTAA	4	0
Levisticum_officinale	SUPER_8	129280568-129280747	4.20e-07	ACCCTAA	4	SUPER_8	130529569-130529390	1.60e-06	ACCCTAA	4	0
Levisticum_officinale	SUPER_8	129280568-129280747	4.20e-07	ACCCTAA	4	SUPER_8	130477596-130477418	2.20e-06	ACCCTAA	4	0
Levisticum_officinale	SUPER_8	129280568-129280747	4.20e-07	ACCCTAA	4	SUPER_8	130532249-130532100	6.80e-06	ACCCTAA	4	0
Levisticum_officinale	SUPER_8	129280568-129280747	4.20e-07	ACCCTAA	4	SUPER_8	129308067-129308216	8.40e-06	ACCCTAA	4	0
Levisticum_officinale	SUPER_8	129280568-129280747	4.20e-07	ACCCTAA	4	SUPER_8	130533574-130533425	9.10e-06	ACCCTAA	4	0
Levisticum_officinale	SUPER_8	129280568-129280747	4.20e-07	ACCCTAA	4	SUPER_8	129283200-129283378	1.60e-05	ACCCTAA	4	0
Levisticum_officinale	SUPER_8	129280568-129280747	4.20e-07	ACCCTAA	4	SUPER_8	130496242-130496063	3.50e-05	ACCCTAA	4	0
Levisticum_officinale	SUPER_8	129297497-129297676	4.20e-07	ACCCTAA	4	SUPER_8	129300098-129300277	4.20e-07	ACCCTAA	4	0
Levisticum_officinale	SUPER_8	129297497-129297676	4.20e-07	ACCCTAA	4	SUPER_8	130510184-130510005	4.20e-07	ACCCTAA	4	0
Levisticum_officinale	SUPER_8	129297497-129297676	4.20e-07	ACCCTAA	4	SUPER_8	130497574-130497395	4.40e-07	ACCCTAA	4	0
Levisticum_officinale	SUPER_8	129297497-129297676	4.20e-07	ACCCTAA	4	SUPER_8	129298788-129298968	4.40e-07	ACCCTAA	4	0
Levisticum_officinale	SUPER_8	129297497-129297676	4.20e-07	ACCCTAA	4	SUPER_8	130507533-130507352	4.70e-07	ACCCTAA	4	0
Levisticum_officinale	SUPER_8	129297497-129297676	4.20e-07	ACCCTAA	4	SUPER_8	130506201-130506018	4.80e-07	ACCCTAA	4	0
Levisticum_officinale	SUPER_8	129297497-129297676	4.20e-07	ACCCTAA	4	SUPER_8	130512835-130512655	5.30e-07	ACCCTAA	4	0
Levisticum_officinale	SUPER_8	129297497-129297676	4.20e-07	ACCCTAA	4	SUPER_8	130545499-130545319	5.30e-07	ACCCTAA	4	0
Levisticum_officinale	SUPER_8	129297497-129297676	4.20e-07	ACCCTAA	4	SUPER_8	130493354-130493175	5.40e-07	ACCCTAA	4	0
Levisticum_officinale	SUPER_8	129297497-129297676	4.20e-07	ACCCTAA	4	SUPER_8	130502243-130502064	5.40e-07	ACCCTAA	4	0
Levisticum_officinale	SUPER_8	129297497-129297676	4.20e-07	ACCCTAA	4	SUPER_8	130511509-130511330	5.40e-07	ACCCTAA	4	0
Levisticum_officinale	SUPER_8	129297497-129297676	4.20e-07	ACCCTAA	4	SUPER_8	130534898-130534719	5.40e-07	ACCCTAA	4	0
Levisticum_officinale	SUPER_8	129297497-129297676	4.20e-07	ACCCTAA	4	SUPER_8	130536223-130536044	5.40e-07	ACCCTAA	4	0
Levisticum_officinale	SUPER_8	129297497-129297676	4.20e-07	ACCCTAA	4	SUPER_8	130537548-130537369	5.40e-07	ACCCTAA	4	0
Levisticum_officinale	SUPER_8	129297497-129297676	4.20e-07	ACCCTAA	4	SUPER_8	130538873-130538694	5.40e-07	ACCCTAA	4	0
Levisticum_officinale	SUPER_8	129297497-129297676	4.20e-07	ACCCTAA	4	SUPER_8	130540198-130540019	5.40e-07	ACCCTAA	4	0
Levisticum_officinale	SUPER_8	129297497-129297676	4.20e-07	ACCCTAA	4	SUPER_8	130541523-130541344	5.40e-07	ACCCTAA	4	0
Levisticum_officinale	SUPER_8	129297497-129297676	4.20e-07	ACCCTAA	4	SUPER_8	130542848-130542669	5.40e-07	ACCCTAA	4	0
Levisticum_officinale	SUPER_8	129297497-129297676	4.20e-07	ACCCTAA	4	SUPER_8	130544173-130543994	5.40e-07	ACCCTAA	4	0
Levisticum_officinale	SUPER_8	129297497-129297676	4.20e-07	ACCCTAA	4	SUPER_8	129294912-129295091	5.50e-07	ACCCTAA	4	0
Levisticum_officinale	SUPER_8	129297497-129297676	4.20e-07	ACCCTAA	4	SUPER_8	130478921-130478742	5.50e-07	ACCCTAA	4	0
Levisticum_officinale	SUPER_8	129297497-129297676	4.20e-07	ACCCTAA	4	SUPER_8	130528244-130528065	6.40e-07	ACCCTAA	4	0
Levisticum_officinale	SUPER_8	129297497-129297676	4.20e-07	ACCCTAA	4	SUPER_8	129281876-129282055	6.50e-07	ACCCTAA	4	0
Levisticum_officinale	SUPER_8	129297497-129297676	4.20e-07	ACCCTAA	4	SUPER_8	129267841-129268023	8.40e-07	ACCCTAA	4	0
Levisticum_officinale	SUPER_8	129297497-129297676	4.20e-07	ACCCTAA	4	SUPER_8	129306742-129306924	8.40e-07	ACCCTAA	4	0
Levisticum_officinale	SUPER_8	129297497-129297676	4.20e-07	ACCCTAA	4	SUPER_8	130494679-130494500	1.30e-06	ACCCTAA	4	0
Levisticum_officinale	SUPER_8	129297497-129297676	4.20e-07	ACCCTAA	4	SUPER_8	130529569-130529390	1.60e-06	ACCCTAA	4	0
Levisticum_officinale	SUPER_8	129297497-129297676	4.20e-07	ACCCTAA	4	SUPER_8	130477596-130477418	2.20e-06	ACCCTAA	4	0
Levisticum_officinale	SUPER_8	129297497-129297676	4.20e-07	ACCCTAA	4	SUPER_8	130532249-130532100	6.80e-06	ACCCTAA	4	0
Levisticum_officinale	SUPER_8	129297497-129297676	4.20e-07	ACCCTAA	4	SUPER_8	129308067-129308216	8.40e-06	ACCCTAA	4	0
Levisticum_officinale	SUPER_8	129297497-129297676	4.20e-07	ACCCTAA	4	SUPER_8	130533574-130533425	9.10e-06	ACCCTAA	4	0
Levisticum_officinale	SUPER_8	129297497-129297676	4.20e-07	ACCCTAA	4	SUPER_8	129283200-129283378	1.60e-05	ACCCTAA	4	0
Levisticum_officinale	SUPER_8	129297497-129297676	4.20e-07	ACCCTAA	4	SUPER_8	130496242-130496063	3.50e-05	ACCCTAA	4	0
Levisticum_officinale	SUPER_8	129300098-129300277	4.20e-07	ACCCTAA	4	SUPER_8	130510184-130510005	4.20e-07	ACCCTAA	4	0
Levisticum_officinale	SUPER_8	129300098-129300277	4.20e-07	ACCCTAA	4	SUPER_8	130497574-130497395	4.40e-07	ACCCTAA	4	0
Levisticum_officinale	SUPER_8	129300098-129300277	4.20e-07	ACCCTAA	4	SUPER_8	129298788-129298968	4.40e-07	ACCCTAA	4	0
Levisticum_officinale	SUPER_8	129300098-129300277	4.20e-07	ACCCTAA	4	SUPER_8	130507533-130507352	4.70e-07	ACCCTAA	4	0
Levisticum_officinale	SUPER_8	129300098-129300277	4.20e-07	ACCCTAA	4	SUPER_8	130506201-130506018	4.80e-07	ACCCTAA	4	0
Levisticum_officinale	SUPER_8	129300098-129300277	4.20e-07	ACCCTAA	4	SUPER_8	130512835-130512655	5.30e-07	ACCCTAA	4	0
Levisticum_officinale	SUPER_8	129300098-129300277	4.20e-07	ACCCTAA	4	SUPER_8	130545499-130545319	5.30e-07	ACCCTAA	4	0
Levisticum_officinale	SUPER_8	129300098-129300277	4.20e-07	ACCCTAA	4	SUPER_8	130493354-130493175	5.40e-07	ACCCTAA	4	0
Levisticum_officinale	SUPER_8	129300098-129300277	4.20e-07	ACCCTAA	4	SUPER_8	130502243-130502064	5.40e-07	ACCCTAA	4	0
Levisticum_officinale	SUPER_8	129300098-129300277	4.20e-07	ACCCTAA	4	SUPER_8	130511509-130511330	5.40e-07	ACCCTAA	4	0
Levisticum_officinale	SUPER_8	129300098-129300277	4.20e-07	ACCCTAA	4	SUPER_8	130534898-130534719	5.40e-07	ACCCTAA	4	0
Levisticum_officinale	SUPER_8	129300098-129300277	4.20e-07	ACCCTAA	4	SUPER_8	130536223-130536044	5.40e-07	ACCCTAA	4	0
Levisticum_officinale	SUPER_8	129300098-129300277	4.20e-07	ACCCTAA	4	SUPER_8	130537548-130537369	5.40e-07	ACCCTAA	4	0
Levisticum_officinale	SUPER_8	129300098-129300277	4.20e-07	ACCCTAA	4	SUPER_8	130538873-130538694	5.40e-07	ACCCTAA	4	0
Levisticum_officinale	SUPER_8	129300098-129300277	4.20e-07	ACCCTAA	4	SUPER_8	130540198-130540019	5.40e-07	ACCCTAA	4	0
Levisticum_officinale	SUPER_8	129300098-129300277	4.20e-07	ACCCTAA	4	SUPER_8	130541523-130541344	5.40e-07	ACCCTAA	4	0
Levisticum_officinale	SUPER_8	129300098-129300277	4.20e-07	ACCCTAA	4	SUPER_8	130542848-130542669	5.40e-07	ACCCTAA	4	0
Levisticum_officinale	SUPER_8	129300098-129300277	4.20e-07	ACCCTAA	4	SUPER_8	130544173-130543994	5.40e-07	ACCCTAA	4	0
Levisticum_officinale	SUPER_8	129300098-129300277	4.20e-07	ACCCTAA	4	SUPER_8	129294912-129295091	5.50e-07	ACCCTAA	4	0
Levisticum_officinale	SUPER_8	129300098-129300277	4.20e-07	ACCCTAA	4	SUPER_8	130478921-130478742	5.50e-07	ACCCTAA	4	0
Levisticum_officinale	SUPER_8	129300098-129300277	4.20e-07	ACCCTAA	4	SUPER_8	130528244-130528065	6.40e-07	ACCCTAA	4	0
Levisticum_officinale	SUPER_8	129300098-129300277	4.20e-07	ACCCTAA	4	SUPER_8	129281876-129282055	6.50e-07	ACCCTAA	4	0
Levisticum_officinale	SUPER_8	129300098-129300277	4.20e-07	ACCCTAA	4	SUPER_8	129267841-129268023	8.40e-07	ACCCTAA	4	0
Levisticum_officinale	SUPER_8	129300098-129300277	4.20e-07	ACCCTAA	4	SUPER_8	129306742-129306924	8.40e-07	ACCCTAA	4	0
Levisticum_officinale	SUPER_8	129300098-129300277	4.20e-07	ACCCTAA	4	SUPER_8	130494679-130494500	1.30e-06	ACCCTAA	4	0
Levisticum_officinale	SUPER_8	129300098-129300277	4.20e-07	ACCCTAA	4	SUPER_8	130529569-130529390	1.60e-06	ACCCTAA	4	0
Levisticum_officinale	SUPER_8	129300098-129300277	4.20e-07	ACCCTAA	4	SUPER_8	130477596-130477418	2.20e-06	ACCCTAA	4	0
Levisticum_officinale	SUPER_8	129300098-129300277	4.20e-07	ACCCTAA	4	SUPER_8	130532249-130532100	6.80e-06	ACCCTAA	4	0
Levisticum_officinale	SUPER_8	129300098-129300277	4.20e-07	ACCCTAA	4	SUPER_8	129308067-129308216	8.40e-06	ACCCTAA	4	0
Levisticum_officinale	SUPER_8	129300098-129300277	4.20e-07	ACCCTAA	4	SUPER_8	130533574-130533425	9.10e-06	ACCCTAA	4	0
Levisticum_officinale	SUPER_8	129300098-129300277	4.20e-07	ACCCTAA	4	SUPER_8	129283200-129283378	1.60e-05	ACCCTAA	4	0
Levisticum_officinale	SUPER_8	129300098-129300277	4.20e-07	ACCCTAA	4	SUPER_8	130496242-130496063	3.50e-05	ACCCTAA	4	0
Levisticum_officinale	SUPER_8	130510184-130510005	4.20e-07	ACCCTAA	4	SUPER_8	130497574-130497395	4.40e-07	ACCCTAA	4	0
Levisticum_officinale	SUPER_8	130510184-130510005	4.20e-07	ACCCTAA	4	SUPER_8	129298788-129298968	4.40e-07	ACCCTAA	4	0
Levisticum_officinale	SUPER_8	130510184-130510005	4.20e-07	ACCCTAA	4	SUPER_8	130507533-130507352	4.70e-07	ACCCTAA	4	0
Levisticum_officinale	SUPER_8	130510184-130510005	4.20e-07	ACCCTAA	4	SUPER_8	130506201-130506018	4.80e-07	ACCCTAA	4	0
Levisticum_officinale	SUPER_8	130510184-130510005	4.20e-07	ACCCTAA	4	SUPER_8	130512835-130512655	5.30e-07	ACCCTAA	4	0
Levisticum_officinale	SUPER_8	130510184-130510005	4.20e-07	ACCCTAA	4	SUPER_8	130545499-130545319	5.30e-07	ACCCTAA	4	0
Levisticum_officinale	SUPER_8	130510184-130510005	4.20e-07	ACCCTAA	4	SUPER_8	130493354-130493175	5.40e-07	ACCCTAA	4	0
Levisticum_officinale	SUPER_8	130510184-130510005	4.20e-07	ACCCTAA	4	SUPER_8	130502243-130502064	5.40e-07	ACCCTAA	4	0
Levisticum_officinale	SUPER_8	130510184-130510005	4.20e-07	ACCCTAA	4	SUPER_8	130511509-130511330	5.40e-07	ACCCTAA	4	0
Levisticum_officinale	SUPER_8	130510184-130510005	4.20e-07	ACCCTAA	4	SUPER_8	130534898-130534719	5.40e-07	ACCCTAA	4	0
Levisticum_officinale	SUPER_8	130510184-130510005	4.20e-07	ACCCTAA	4	SUPER_8	130536223-130536044	5.40e-07	ACCCTAA	4	0
Levisticum_officinale	SUPER_8	130510184-130510005	4.20e-07	ACCCTAA	4	SUPER_8	130537548-130537369	5.40e-07	ACCCTAA	4	0
Levisticum_officinale	SUPER_8	130510184-130510005	4.20e-07	ACCCTAA	4	SUPER_8	130538873-130538694	5.40e-07	ACCCTAA	4	0
Levisticum_officinale	SUPER_8	130510184-130510005	4.20e-07	ACCCTAA	4	SUPER_8	130540198-130540019	5.40e-07	ACCCTAA	4	0
Levisticum_officinale	SUPER_8	130510184-130510005	4.20e-07	ACCCTAA	4	SUPER_8	130541523-130541344	5.40e-07	ACCCTAA	4	0
Levisticum_officinale	SUPER_8	130510184-130510005	4.20e-07	ACCCTAA	4	SUPER_8	130542848-130542669	5.40e-07	ACCCTAA	4	0
Levisticum_officinale	SUPER_8	130510184-130510005	4.20e-07	ACCCTAA	4	SUPER_8	130544173-130543994	5.40e-07	ACCCTAA	4	0
Levisticum_officinale	SUPER_8	130510184-130510005	4.20e-07	ACCCTAA	4	SUPER_8	129294912-129295091	5.50e-07	ACCCTAA	4	0
Levisticum_officinale	SUPER_8	130510184-130510005	4.20e-07	ACCCTAA	4	SUPER_8	130478921-130478742	5.50e-07	ACCCTAA	4	0
Levisticum_officinale	SUPER_8	130510184-130510005	4.20e-07	ACCCTAA	4	SUPER_8	130528244-130528065	6.40e-07	ACCCTAA	4	0
Levisticum_officinale	SUPER_8	130510184-130510005	4.20e-07	ACCCTAA	4	SUPER_8	129281876-129282055	6.50e-07	ACCCTAA	4	0
Levisticum_officinale	SUPER_8	130510184-130510005	4.20e-07	ACCCTAA	4	SUPER_8	129267841-129268023	8.40e-07	ACCCTAA	4	0
Levisticum_officinale	SUPER_8	130510184-130510005	4.20e-07	ACCCTAA	4	SUPER_8	129306742-129306924	8.40e-07	ACCCTAA	4	0
Levisticum_officinale	SUPER_8	130510184-130510005	4.20e-07	ACCCTAA	4	SUPER_8	130494679-130494500	1.30e-06	ACCCTAA	4	0
Levisticum_officinale	SUPER_8	130510184-130510005	4.20e-07	ACCCTAA	4	SUPER_8	130529569-130529390	1.60e-06	ACCCTAA	4	0
Levisticum_officinale	SUPER_8	130510184-130510005	4.20e-07	ACCCTAA	4	SUPER_8	130477596-130477418	2.20e-06	ACCCTAA	4	0
Levisticum_officinale	SUPER_8	130510184-130510005	4.20e-07	ACCCTAA	4	SUPER_8	130532249-130532100	6.80e-06	ACCCTAA	4	0
Levisticum_officinale	SUPER_8	130510184-130510005	4.20e-07	ACCCTAA	4	SUPER_8	129308067-129308216	8.40e-06	ACCCTAA	4	0
Levisticum_officinale	SUPER_8	130510184-130510005	4.20e-07	ACCCTAA	4	SUPER_8	130533574-130533425	9.10e-06	ACCCTAA	4	0
Levisticum_officinale	SUPER_8	130510184-130510005	4.20e-07	ACCCTAA	4	SUPER_8	129283200-129283378	1.60e-05	ACCCTAA	4	0
Levisticum_officinale	SUPER_8	130510184-130510005	4.20e-07	ACCCTAA	4	SUPER_8	130496242-130496063	3.50e-05	ACCCTAA	4	0
Levisticum_officinale	SUPER_8	130497574-130497395	4.40e-07	ACCCTAA	4	SUPER_8	129298788-129298968	4.40e-07	ACCCTAA	4	0
Levisticum_officinale	SUPER_8	130497574-130497395	4.40e-07	ACCCTAA	4	SUPER_8	130507533-130507352	4.70e-07	ACCCTAA	4	0
Levisticum_officinale	SUPER_8	130497574-130497395	4.40e-07	ACCCTAA	4	SUPER_8	130506201-130506018	4.80e-07	ACCCTAA	4	0
Levisticum_officinale	SUPER_8	130497574-130497395	4.40e-07	ACCCTAA	4	SUPER_8	130512835-130512655	5.30e-07	ACCCTAA	4	0
Levisticum_officinale	SUPER_8	130497574-130497395	4.40e-07	ACCCTAA	4	SUPER_8	130545499-130545319	5.30e-07	ACCCTAA	4	0
Levisticum_officinale	SUPER_8	130497574-130497395	4.40e-07	ACCCTAA	4	SUPER_8	130493354-130493175	5.40e-07	ACCCTAA	4	0
Levisticum_officinale	SUPER_8	130497574-130497395	4.40e-07	ACCCTAA	4	SUPER_8	130502243-130502064	5.40e-07	ACCCTAA	4	0
Levisticum_officinale	SUPER_8	130497574-130497395	4.40e-07	ACCCTAA	4	SUPER_8	130511509-130511330	5.40e-07	ACCCTAA	4	0
Levisticum_officinale	SUPER_8	130497574-130497395	4.40e-07	ACCCTAA	4	SUPER_8	130534898-130534719	5.40e-07	ACCCTAA	4	0
Levisticum_officinale	SUPER_8	130497574-130497395	4.40e-07	ACCCTAA	4	SUPER_8	130536223-130536044	5.40e-07	ACCCTAA	4	0
Levisticum_officinale	SUPER_8	130497574-130497395	4.40e-07	ACCCTAA	4	SUPER_8	130537548-130537369	5.40e-07	ACCCTAA	4	0
Levisticum_officinale	SUPER_8	130497574-130497395	4.40e-07	ACCCTAA	4	SUPER_8	130538873-130538694	5.40e-07	ACCCTAA	4	0
Levisticum_officinale	SUPER_8	130497574-130497395	4.40e-07	ACCCTAA	4	SUPER_8	130540198-130540019	5.40e-07	ACCCTAA	4	0
Levisticum_officinale	SUPER_8	130497574-130497395	4.40e-07	ACCCTAA	4	SUPER_8	130541523-130541344	5.40e-07	ACCCTAA	4	0
Levisticum_officinale	SUPER_8	130497574-130497395	4.40e-07	ACCCTAA	4	SUPER_8	130542848-130542669	5.40e-07	ACCCTAA	4	0
Levisticum_officinale	SUPER_8	130497574-130497395	4.40e-07	ACCCTAA	4	SUPER_8	130544173-130543994	5.40e-07	ACCCTAA	4	0
Levisticum_officinale	SUPER_8	130497574-130497395	4.40e-07	ACCCTAA	4	SUPER_8	129294912-129295091	5.50e-07	ACCCTAA	4	0
Levisticum_officinale	SUPER_8	130497574-130497395	4.40e-07	ACCCTAA	4	SUPER_8	130478921-130478742	5.50e-07	ACCCTAA	4	0
Levisticum_officinale	SUPER_8	130497574-130497395	4.40e-07	ACCCTAA	4	SUPER_8	130528244-130528065	6.40e-07	ACCCTAA	4	0
Levisticum_officinale	SUPER_8	130497574-130497395	4.40e-07	ACCCTAA	4	SUPER_8	129281876-129282055	6.50e-07	ACCCTAA	4	0
Levisticum_officinale	SUPER_8	130497574-130497395	4.40e-07	ACCCTAA	4	SUPER_8	129267841-129268023	8.40e-07	ACCCTAA	4	0
Levisticum_officinale	SUPER_8	130497574-130497395	4.40e-07	ACCCTAA	4	SUPER_8	129306742-129306924	8.40e-07	ACCCTAA	4	0
Levisticum_officinale	SUPER_8	130497574-130497395	4.40e-07	ACCCTAA	4	SUPER_8	130494679-130494500	1.30e-06	ACCCTAA	4	0
Levisticum_officinale	SUPER_8	130497574-130497395	4.40e-07	ACCCTAA	4	SUPER_8	130529569-130529390	1.60e-06	ACCCTAA	4	0
Levisticum_officinale	SUPER_8	130497574-130497395	4.40e-07	ACCCTAA	4	SUPER_8	130477596-130477418	2.20e-06	ACCCTAA	4	0
Levisticum_officinale	SUPER_8	130497574-130497395	4.40e-07	ACCCTAA	4	SUPER_8	130532249-130532100	6.80e-06	ACCCTAA	4	0
Levisticum_officinale	SUPER_8	130497574-130497395	4.40e-07	ACCCTAA	4	SUPER_8	129308067-129308216	8.40e-06	ACCCTAA	4	0
Levisticum_officinale	SUPER_8	130497574-130497395	4.40e-07	ACCCTAA	4	SUPER_8	130533574-130533425	9.10e-06	ACCCTAA	4	0
Levisticum_officinale	SUPER_8	130497574-130497395	4.40e-07	ACCCTAA	4	SUPER_8	129283200-129283378	1.60e-05	ACCCTAA	4	0
Levisticum_officinale	SUPER_8	130497574-130497395	4.40e-07	ACCCTAA	4	SUPER_8	130496242-130496063	3.50e-05	ACCCTAA	4	0
Levisticum_officinale	SUPER_8	129298788-129298968	4.40e-07	ACCCTAA	4	SUPER_8	130507533-130507352	4.70e-07	ACCCTAA	4	0
Levisticum_officinale	SUPER_8	129298788-129298968	4.40e-07	ACCCTAA	4	SUPER_8	130506201-130506018	4.80e-07	ACCCTAA	4	0
Levisticum_officinale	SUPER_8	129298788-129298968	4.40e-07	ACCCTAA	4	SUPER_8	130512835-130512655	5.30e-07	ACCCTAA	4	0
Levisticum_officinale	SUPER_8	129298788-129298968	4.40e-07	ACCCTAA	4	SUPER_8	130545499-130545319	5.30e-07	ACCCTAA	4	0
Levisticum_officinale	SUPER_8	129298788-129298968	4.40e-07	ACCCTAA	4	SUPER_8	130493354-130493175	5.40e-07	ACCCTAA	4	0
Levisticum_officinale	SUPER_8	129298788-129298968	4.40e-07	ACCCTAA	4	SUPER_8	130502243-130502064	5.40e-07	ACCCTAA	4	0
Levisticum_officinale	SUPER_8	129298788-129298968	4.40e-07	ACCCTAA	4	SUPER_8	130511509-130511330	5.40e-07	ACCCTAA	4	0
Levisticum_officinale	SUPER_8	129298788-129298968	4.40e-07	ACCCTAA	4	SUPER_8	130534898-130534719	5.40e-07	ACCCTAA	4	0
Levisticum_officinale	SUPER_8	129298788-129298968	4.40e-07	ACCCTAA	4	SUPER_8	130536223-130536044	5.40e-07	ACCCTAA	4	0
Levisticum_officinale	SUPER_8	129298788-129298968	4.40e-07	ACCCTAA	4	SUPER_8	130537548-130537369	5.40e-07	ACCCTAA	4	0
Levisticum_officinale	SUPER_8	129298788-129298968	4.40e-07	ACCCTAA	4	SUPER_8	130538873-130538694	5.40e-07	ACCCTAA	4	0
Levisticum_officinale	SUPER_8	129298788-129298968	4.40e-07	ACCCTAA	4	SUPER_8	130540198-130540019	5.40e-07	ACCCTAA	4	0
Levisticum_officinale	SUPER_8	129298788-129298968	4.40e-07	ACCCTAA	4	SUPER_8	130541523-130541344	5.40e-07	ACCCTAA	4	0
Levisticum_officinale	SUPER_8	129298788-129298968	4.40e-07	ACCCTAA	4	SUPER_8	130542848-130542669	5.40e-07	ACCCTAA	4	0
Levisticum_officinale	SUPER_8	129298788-129298968	4.40e-07	ACCCTAA	4	SUPER_8	130544173-130543994	5.40e-07	ACCCTAA	4	0
Levisticum_officinale	SUPER_8	129298788-129298968	4.40e-07	ACCCTAA	4	SUPER_8	129294912-129295091	5.50e-07	ACCCTAA	4	0
Levisticum_officinale	SUPER_8	129298788-129298968	4.40e-07	ACCCTAA	4	SUPER_8	130478921-130478742	5.50e-07	ACCCTAA	4	0
Levisticum_officinale	SUPER_8	129298788-129298968	4.40e-07	ACCCTAA	4	SUPER_8	130528244-130528065	6.40e-07	ACCCTAA	4	0
Levisticum_officinale	SUPER_8	129298788-129298968	4.40e-07	ACCCTAA	4	SUPER_8	129281876-129282055	6.50e-07	ACCCTAA	4	0
Levisticum_officinale	SUPER_8	129298788-129298968	4.40e-07	ACCCTAA	4	SUPER_8	129267841-129268023	8.40e-07	ACCCTAA	4	0
Levisticum_officinale	SUPER_8	129298788-129298968	4.40e-07	ACCCTAA	4	SUPER_8	129306742-129306924	8.40e-07	ACCCTAA	4	0
Levisticum_officinale	SUPER_8	129298788-129298968	4.40e-07	ACCCTAA	4	SUPER_8	130494679-130494500	1.30e-06	ACCCTAA	4	0
Levisticum_officinale	SUPER_8	129298788-129298968	4.40e-07	ACCCTAA	4	SUPER_8	130529569-130529390	1.60e-06	ACCCTAA	4	0
Levisticum_officinale	SUPER_8	129298788-129298968	4.40e-07	ACCCTAA	4	SUPER_8	130477596-130477418	2.20e-06	ACCCTAA	4	0
Levisticum_officinale	SUPER_8	129298788-129298968	4.40e-07	ACCCTAA	4	SUPER_8	130532249-130532100	6.80e-06	ACCCTAA	4	0
Levisticum_officinale	SUPER_8	129298788-129298968	4.40e-07	ACCCTAA	4	SUPER_8	129308067-129308216	8.40e-06	ACCCTAA	4	0
Levisticum_officinale	SUPER_8	129298788-129298968	4.40e-07	ACCCTAA	4	SUPER_8	130533574-130533425	9.10e-06	ACCCTAA	4	0
Levisticum_officinale	SUPER_8	129298788-129298968	4.40e-07	ACCCTAA	4	SUPER_8	129283200-129283378	1.60e-05	ACCCTAA	4	0
Levisticum_officinale	SUPER_8	129298788-129298968	4.40e-07	ACCCTAA	4	SUPER_8	130496242-130496063	3.50e-05	ACCCTAA	4	0
Levisticum_officinale	SUPER_8	130507533-130507352	4.70e-07	ACCCTAA	4	SUPER_8	130506201-130506018	4.80e-07	ACCCTAA	4	0
Levisticum_officinale	SUPER_8	130507533-130507352	4.70e-07	ACCCTAA	4	SUPER_8	130512835-130512655	5.30e-07	ACCCTAA	4	0
Levisticum_officinale	SUPER_8	130507533-130507352	4.70e-07	ACCCTAA	4	SUPER_8	130545499-130545319	5.30e-07	ACCCTAA	4	0
Levisticum_officinale	SUPER_8	130507533-130507352	4.70e-07	ACCCTAA	4	SUPER_8	130493354-130493175	5.40e-07	ACCCTAA	4	0
Levisticum_officinale	SUPER_8	130507533-130507352	4.70e-07	ACCCTAA	4	SUPER_8	130502243-130502064	5.40e-07	ACCCTAA	4	0
Levisticum_officinale	SUPER_8	130507533-130507352	4.70e-07	ACCCTAA	4	SUPER_8	130511509-130511330	5.40e-07	ACCCTAA	4	0
Levisticum_officinale	SUPER_8	130507533-130507352	4.70e-07	ACCCTAA	4	SUPER_8	130534898-130534719	5.40e-07	ACCCTAA	4	0
Levisticum_officinale	SUPER_8	130507533-130507352	4.70e-07	ACCCTAA	4	SUPER_8	130536223-130536044	5.40e-07	ACCCTAA	4	0
Levisticum_officinale	SUPER_8	130507533-130507352	4.70e-07	ACCCTAA	4	SUPER_8	130537548-130537369	5.40e-07	ACCCTAA	4	0
Levisticum_officinale	SUPER_8	130507533-130507352	4.70e-07	ACCCTAA	4	SUPER_8	130538873-130538694	5.40e-07	ACCCTAA	4	0
Levisticum_officinale	SUPER_8	130507533-130507352	4.70e-07	ACCCTAA	4	SUPER_8	130540198-130540019	5.40e-07	ACCCTAA	4	0
Levisticum_officinale	SUPER_8	130507533-130507352	4.70e-07	ACCCTAA	4	SUPER_8	130541523-130541344	5.40e-07	ACCCTAA	4	0
Levisticum_officinale	SUPER_8	130507533-130507352	4.70e-07	ACCCTAA	4	SUPER_8	130542848-130542669	5.40e-07	ACCCTAA	4	0
Levisticum_officinale	SUPER_8	130507533-130507352	4.70e-07	ACCCTAA	4	SUPER_8	130544173-130543994	5.40e-07	ACCCTAA	4	0
Levisticum_officinale	SUPER_8	130507533-130507352	4.70e-07	ACCCTAA	4	SUPER_8	129294912-129295091	5.50e-07	ACCCTAA	4	0
Levisticum_officinale	SUPER_8	130507533-130507352	4.70e-07	ACCCTAA	4	SUPER_8	130478921-130478742	5.50e-07	ACCCTAA	4	0
Levisticum_officinale	SUPER_8	130507533-130507352	4.70e-07	ACCCTAA	4	SUPER_8	130528244-130528065	6.40e-07	ACCCTAA	4	0
Levisticum_officinale	SUPER_8	130507533-130507352	4.70e-07	ACCCTAA	4	SUPER_8	129281876-129282055	6.50e-07	ACCCTAA	4	0
Levisticum_officinale	SUPER_8	130507533-130507352	4.70e-07	ACCCTAA	4	SUPER_8	129267841-129268023	8.40e-07	ACCCTAA	4	0
Levisticum_officinale	SUPER_8	130507533-130507352	4.70e-07	ACCCTAA	4	SUPER_8	129306742-129306924	8.40e-07	ACCCTAA	4	0
Levisticum_officinale	SUPER_8	130507533-130507352	4.70e-07	ACCCTAA	4	SUPER_8	130494679-130494500	1.30e-06	ACCCTAA	4	0
Levisticum_officinale	SUPER_8	130507533-130507352	4.70e-07	ACCCTAA	4	SUPER_8	130529569-130529390	1.60e-06	ACCCTAA	4	0
Levisticum_officinale	SUPER_8	130507533-130507352	4.70e-07	ACCCTAA	4	SUPER_8	130477596-130477418	2.20e-06	ACCCTAA	4	0
Levisticum_officinale	SUPER_8	130507533-130507352	4.70e-07	ACCCTAA	4	SUPER_8	130532249-130532100	6.80e-06	ACCCTAA	4	0
Levisticum_officinale	SUPER_8	130507533-130507352	4.70e-07	ACCCTAA	4	SUPER_8	129308067-129308216	8.40e-06	ACCCTAA	4	0
Levisticum_officinale	SUPER_8	130507533-130507352	4.70e-07	ACCCTAA	4	SUPER_8	130533574-130533425	9.10e-06	ACCCTAA	4	0
Levisticum_officinale	SUPER_8	130507533-130507352	4.70e-07	ACCCTAA	4	SUPER_8	129283200-129283378	1.60e-05	ACCCTAA	4	0
Levisticum_officinale	SUPER_8	130507533-130507352	4.70e-07	ACCCTAA	4	SUPER_8	130496242-130496063	3.50e-05	ACCCTAA	4	0
Levisticum_officinale	SUPER_8	130506201-130506018	4.80e-07	ACCCTAA	4	SUPER_8	130512835-130512655	5.30e-07	ACCCTAA	4	0
Levisticum_officinale	SUPER_8	130506201-130506018	4.80e-07	ACCCTAA	4	SUPER_8	130545499-130545319	5.30e-07	ACCCTAA	4	0
Levisticum_officinale	SUPER_8	130506201-130506018	4.80e-07	ACCCTAA	4	SUPER_8	130493354-130493175	5.40e-07	ACCCTAA	4	0
Levisticum_officinale	SUPER_8	130506201-130506018	4.80e-07	ACCCTAA	4	SUPER_8	130502243-130502064	5.40e-07	ACCCTAA	4	0
Levisticum_officinale	SUPER_8	130506201-130506018	4.80e-07	ACCCTAA	4	SUPER_8	130511509-130511330	5.40e-07	ACCCTAA	4	0
Levisticum_officinale	SUPER_8	130506201-130506018	4.80e-07	ACCCTAA	4	SUPER_8	130534898-130534719	5.40e-07	ACCCTAA	4	0
Levisticum_officinale	SUPER_8	130506201-130506018	4.80e-07	ACCCTAA	4	SUPER_8	130536223-130536044	5.40e-07	ACCCTAA	4	0
Levisticum_officinale	SUPER_8	130506201-130506018	4.80e-07	ACCCTAA	4	SUPER_8	130537548-130537369	5.40e-07	ACCCTAA	4	0
Levisticum_officinale	SUPER_8	130506201-130506018	4.80e-07	ACCCTAA	4	SUPER_8	130538873-130538694	5.40e-07	ACCCTAA	4	0
Levisticum_officinale	SUPER_8	130506201-130506018	4.80e-07	ACCCTAA	4	SUPER_8	130540198-130540019	5.40e-07	ACCCTAA	4	0
Levisticum_officinale	SUPER_8	130506201-130506018	4.80e-07	ACCCTAA	4	SUPER_8	130541523-130541344	5.40e-07	ACCCTAA	4	0
Levisticum_officinale	SUPER_8	130506201-130506018	4.80e-07	ACCCTAA	4	SUPER_8	130542848-130542669	5.40e-07	ACCCTAA	4	0
Levisticum_officinale	SUPER_8	130506201-130506018	4.80e-07	ACCCTAA	4	SUPER_8	130544173-130543994	5.40e-07	ACCCTAA	4	0
Levisticum_officinale	SUPER_8	130506201-130506018	4.80e-07	ACCCTAA	4	SUPER_8	129294912-129295091	5.50e-07	ACCCTAA	4	0
Levisticum_officinale	SUPER_8	130506201-130506018	4.80e-07	ACCCTAA	4	SUPER_8	130478921-130478742	5.50e-07	ACCCTAA	4	0
Levisticum_officinale	SUPER_8	130506201-130506018	4.80e-07	ACCCTAA	4	SUPER_8	130528244-130528065	6.40e-07	ACCCTAA	4	0
Levisticum_officinale	SUPER_8	130506201-130506018	4.80e-07	ACCCTAA	4	SUPER_8	129281876-129282055	6.50e-07	ACCCTAA	4	0
Levisticum_officinale	SUPER_8	130506201-130506018	4.80e-07	ACCCTAA	4	SUPER_8	129267841-129268023	8.40e-07	ACCCTAA	4	0
Levisticum_officinale	SUPER_8	130506201-130506018	4.80e-07	ACCCTAA	4	SUPER_8	129306742-129306924	8.40e-07	ACCCTAA	4	0
Levisticum_officinale	SUPER_8	130506201-130506018	4.80e-07	ACCCTAA	4	SUPER_8	130494679-130494500	1.30e-06	ACCCTAA	4	0
Levisticum_officinale	SUPER_8	130506201-130506018	4.80e-07	ACCCTAA	4	SUPER_8	130529569-130529390	1.60e-06	ACCCTAA	4	0
Levisticum_officinale	SUPER_8	130506201-130506018	4.80e-07	ACCCTAA	4	SUPER_8	130477596-130477418	2.20e-06	ACCCTAA	4	0
Levisticum_officinale	SUPER_8	130506201-130506018	4.80e-07	ACCCTAA	4	SUPER_8	130532249-130532100	6.80e-06	ACCCTAA	4	0
Levisticum_officinale	SUPER_8	130506201-130506018	4.80e-07	ACCCTAA	4	SUPER_8	129308067-129308216	8.40e-06	ACCCTAA	4	0
Levisticum_officinale	SUPER_8	130506201-130506018	4.80e-07	ACCCTAA	4	SUPER_8	130533574-130533425	9.10e-06	ACCCTAA	4	0
Levisticum_officinale	SUPER_8	130506201-130506018	4.80e-07	ACCCTAA	4	SUPER_8	129283200-129283378	1.60e-05	ACCCTAA	4	0
Levisticum_officinale	SUPER_8	130506201-130506018	4.80e-07	ACCCTAA	4	SUPER_8	130496242-130496063	3.50e-05	ACCCTAA	4	0
Levisticum_officinale	SUPER_8	130512835-130512655	5.30e-07	ACCCTAA	4	SUPER_8	130545499-130545319	5.30e-07	ACCCTAA	4	0
Levisticum_officinale	SUPER_8	130512835-130512655	5.30e-07	ACCCTAA	4	SUPER_8	130493354-130493175	5.40e-07	ACCCTAA	4	0
Levisticum_officinale	SUPER_8	130512835-130512655	5.30e-07	ACCCTAA	4	SUPER_8	130502243-130502064	5.40e-07	ACCCTAA	4	0
Levisticum_officinale	SUPER_8	130512835-130512655	5.30e-07	ACCCTAA	4	SUPER_8	130511509-130511330	5.40e-07	ACCCTAA	4	0
Levisticum_officinale	SUPER_8	130512835-130512655	5.30e-07	ACCCTAA	4	SUPER_8	130534898-130534719	5.40e-07	ACCCTAA	4	0
Levisticum_officinale	SUPER_8	130512835-130512655	5.30e-07	ACCCTAA	4	SUPER_8	130536223-130536044	5.40e-07	ACCCTAA	4	0
Levisticum_officinale	SUPER_8	130512835-130512655	5.30e-07	ACCCTAA	4	SUPER_8	130537548-130537369	5.40e-07	ACCCTAA	4	0
Levisticum_officinale	SUPER_8	130512835-130512655	5.30e-07	ACCCTAA	4	SUPER_8	130538873-130538694	5.40e-07	ACCCTAA	4	0
Levisticum_officinale	SUPER_8	130512835-130512655	5.30e-07	ACCCTAA	4	SUPER_8	130540198-130540019	5.40e-07	ACCCTAA	4	0
Levisticum_officinale	SUPER_8	130512835-130512655	5.30e-07	ACCCTAA	4	SUPER_8	130541523-130541344	5.40e-07	ACCCTAA	4	0
Levisticum_officinale	SUPER_8	130512835-130512655	5.30e-07	ACCCTAA	4	SUPER_8	130542848-130542669	5.40e-07	ACCCTAA	4	0
Levisticum_officinale	SUPER_8	130512835-130512655	5.30e-07	ACCCTAA	4	SUPER_8	130544173-130543994	5.40e-07	ACCCTAA	4	0
Levisticum_officinale	SUPER_8	130512835-130512655	5.30e-07	ACCCTAA	4	SUPER_8	129294912-129295091	5.50e-07	ACCCTAA	4	0
Levisticum_officinale	SUPER_8	130512835-130512655	5.30e-07	ACCCTAA	4	SUPER_8	130478921-130478742	5.50e-07	ACCCTAA	4	0
Levisticum_officinale	SUPER_8	130512835-130512655	5.30e-07	ACCCTAA	4	SUPER_8	130528244-130528065	6.40e-07	ACCCTAA	4	0
Levisticum_officinale	SUPER_8	130512835-130512655	5.30e-07	ACCCTAA	4	SUPER_8	129281876-129282055	6.50e-07	ACCCTAA	4	0
Levisticum_officinale	SUPER_8	130512835-130512655	5.30e-07	ACCCTAA	4	SUPER_8	129267841-129268023	8.40e-07	ACCCTAA	4	0
Levisticum_officinale	SUPER_8	130512835-130512655	5.30e-07	ACCCTAA	4	SUPER_8	129306742-129306924	8.40e-07	ACCCTAA	4	0
Levisticum_officinale	SUPER_8	130512835-130512655	5.30e-07	ACCCTAA	4	SUPER_8	130494679-130494500	1.30e-06	ACCCTAA	4	0
Levisticum_officinale	SUPER_8	130512835-130512655	5.30e-07	ACCCTAA	4	SUPER_8	130529569-130529390	1.60e-06	ACCCTAA	4	0
Levisticum_officinale	SUPER_8	130512835-130512655	5.30e-07	ACCCTAA	4	SUPER_8	130477596-130477418	2.20e-06	ACCCTAA	4	0
Levisticum_officinale	SUPER_8	130512835-130512655	5.30e-07	ACCCTAA	4	SUPER_8	130532249-130532100	6.80e-06	ACCCTAA	4	0
Levisticum_officinale	SUPER_8	130512835-130512655	5.30e-07	ACCCTAA	4	SUPER_8	129308067-129308216	8.40e-06	ACCCTAA	4	0
Levisticum_officinale	SUPER_8	130512835-130512655	5.30e-07	ACCCTAA	4	SUPER_8	130533574-130533425	9.10e-06	ACCCTAA	4	0
Levisticum_officinale	SUPER_8	130512835-130512655	5.30e-07	ACCCTAA	4	SUPER_8	129283200-129283378	1.60e-05	ACCCTAA	4	0
Levisticum_officinale	SUPER_8	130512835-130512655	5.30e-07	ACCCTAA	4	SUPER_8	130496242-130496063	3.50e-05	ACCCTAA	4	0
Levisticum_officinale	SUPER_8	130545499-130545319	5.30e-07	ACCCTAA	4	SUPER_8	130493354-130493175	5.40e-07	ACCCTAA	4	0
Levisticum_officinale	SUPER_8	130545499-130545319	5.30e-07	ACCCTAA	4	SUPER_8	130502243-130502064	5.40e-07	ACCCTAA	4	0
Levisticum_officinale	SUPER_8	130545499-130545319	5.30e-07	ACCCTAA	4	SUPER_8	130511509-130511330	5.40e-07	ACCCTAA	4	0
Levisticum_officinale	SUPER_8	130545499-130545319	5.30e-07	ACCCTAA	4	SUPER_8	130534898-130534719	5.40e-07	ACCCTAA	4	0
Levisticum_officinale	SUPER_8	130545499-130545319	5.30e-07	ACCCTAA	4	SUPER_8	130536223-130536044	5.40e-07	ACCCTAA	4	0
Levisticum_officinale	SUPER_8	130545499-130545319	5.30e-07	ACCCTAA	4	SUPER_8	130537548-130537369	5.40e-07	ACCCTAA	4	0
Levisticum_officinale	SUPER_8	130545499-130545319	5.30e-07	ACCCTAA	4	SUPER_8	130538873-130538694	5.40e-07	ACCCTAA	4	0
Levisticum_officinale	SUPER_8	130545499-130545319	5.30e-07	ACCCTAA	4	SUPER_8	130540198-130540019	5.40e-07	ACCCTAA	4	0
Levisticum_officinale	SUPER_8	130545499-130545319	5.30e-07	ACCCTAA	4	SUPER_8	130541523-130541344	5.40e-07	ACCCTAA	4	0
Levisticum_officinale	SUPER_8	130545499-130545319	5.30e-07	ACCCTAA	4	SUPER_8	130542848-130542669	5.40e-07	ACCCTAA	4	0
Levisticum_officinale	SUPER_8	130545499-130545319	5.30e-07	ACCCTAA	4	SUPER_8	130544173-130543994	5.40e-07	ACCCTAA	4	0
Levisticum_officinale	SUPER_8	130545499-130545319	5.30e-07	ACCCTAA	4	SUPER_8	129294912-129295091	5.50e-07	ACCCTAA	4	0
Levisticum_officinale	SUPER_8	130545499-130545319	5.30e-07	ACCCTAA	4	SUPER_8	130478921-130478742	5.50e-07	ACCCTAA	4	0
Levisticum_officinale	SUPER_8	130545499-130545319	5.30e-07	ACCCTAA	4	SUPER_8	130528244-130528065	6.40e-07	ACCCTAA	4	0
Levisticum_officinale	SUPER_8	130545499-130545319	5.30e-07	ACCCTAA	4	SUPER_8	129281876-129282055	6.50e-07	ACCCTAA	4	0
Levisticum_officinale	SUPER_8	130545499-130545319	5.30e-07	ACCCTAA	4	SUPER_8	129267841-129268023	8.40e-07	ACCCTAA	4	0
Levisticum_officinale	SUPER_8	130545499-130545319	5.30e-07	ACCCTAA	4	SUPER_8	129306742-129306924	8.40e-07	ACCCTAA	4	0
Levisticum_officinale	SUPER_8	130545499-130545319	5.30e-07	ACCCTAA	4	SUPER_8	130494679-130494500	1.30e-06	ACCCTAA	4	0
Levisticum_officinale	SUPER_8	130545499-130545319	5.30e-07	ACCCTAA	4	SUPER_8	130529569-130529390	1.60e-06	ACCCTAA	4	0
Levisticum_officinale	SUPER_8	130545499-130545319	5.30e-07	ACCCTAA	4	SUPER_8	130477596-130477418	2.20e-06	ACCCTAA	4	0
Levisticum_officinale	SUPER_8	130545499-130545319	5.30e-07	ACCCTAA	4	SUPER_8	130532249-130532100	6.80e-06	ACCCTAA	4	0
Levisticum_officinale	SUPER_8	130545499-130545319	5.30e-07	ACCCTAA	4	SUPER_8	129308067-129308216	8.40e-06	ACCCTAA	4	0
Levisticum_officinale	SUPER_8	130545499-130545319	5.30e-07	ACCCTAA	4	SUPER_8	130533574-130533425	9.10e-06	ACCCTAA	4	0
Levisticum_officinale	SUPER_8	130545499-130545319	5.30e-07	ACCCTAA	4	SUPER_8	129283200-129283378	1.60e-05	ACCCTAA	4	0
Levisticum_officinale	SUPER_8	130545499-130545319	5.30e-07	ACCCTAA	4	SUPER_8	130496242-130496063	3.50e-05	ACCCTAA	4	0
Levisticum_officinale	SUPER_8	130493354-130493175	5.40e-07	ACCCTAA	4	SUPER_8	130502243-130502064	5.40e-07	ACCCTAA	4	0
Levisticum_officinale	SUPER_8	130493354-130493175	5.40e-07	ACCCTAA	4	SUPER_8	130511509-130511330	5.40e-07	ACCCTAA	4	0
Levisticum_officinale	SUPER_8	130493354-130493175	5.40e-07	ACCCTAA	4	SUPER_8	130534898-130534719	5.40e-07	ACCCTAA	4	0
Levisticum_officinale	SUPER_8	130493354-130493175	5.40e-07	ACCCTAA	4	SUPER_8	130536223-130536044	5.40e-07	ACCCTAA	4	0
Levisticum_officinale	SUPER_8	130493354-130493175	5.40e-07	ACCCTAA	4	SUPER_8	130537548-130537369	5.40e-07	ACCCTAA	4	0
Levisticum_officinale	SUPER_8	130493354-130493175	5.40e-07	ACCCTAA	4	SUPER_8	130538873-130538694	5.40e-07	ACCCTAA	4	0
Levisticum_officinale	SUPER_8	130493354-130493175	5.40e-07	ACCCTAA	4	SUPER_8	130540198-130540019	5.40e-07	ACCCTAA	4	0
Levisticum_officinale	SUPER_8	130493354-130493175	5.40e-07	ACCCTAA	4	SUPER_8	130541523-130541344	5.40e-07	ACCCTAA	4	0
Levisticum_officinale	SUPER_8	130493354-130493175	5.40e-07	ACCCTAA	4	SUPER_8	130542848-130542669	5.40e-07	ACCCTAA	4	0
Levisticum_officinale	SUPER_8	130493354-130493175	5.40e-07	ACCCTAA	4	SUPER_8	130544173-130543994	5.40e-07	ACCCTAA	4	0
Levisticum_officinale	SUPER_8	130493354-130493175	5.40e-07	ACCCTAA	4	SUPER_8	129294912-129295091	5.50e-07	ACCCTAA	4	0
Levisticum_officinale	SUPER_8	130493354-130493175	5.40e-07	ACCCTAA	4	SUPER_8	130478921-130478742	5.50e-07	ACCCTAA	4	0
Levisticum_officinale	SUPER_8	130493354-130493175	5.40e-07	ACCCTAA	4	SUPER_8	130528244-130528065	6.40e-07	ACCCTAA	4	0
Levisticum_officinale	SUPER_8	130493354-130493175	5.40e-07	ACCCTAA	4	SUPER_8	129281876-129282055	6.50e-07	ACCCTAA	4	0
Levisticum_officinale	SUPER_8	130493354-130493175	5.40e-07	ACCCTAA	4	SUPER_8	129267841-129268023	8.40e-07	ACCCTAA	4	0
Levisticum_officinale	SUPER_8	130493354-130493175	5.40e-07	ACCCTAA	4	SUPER_8	129306742-129306924	8.40e-07	ACCCTAA	4	0
Levisticum_officinale	SUPER_8	130493354-130493175	5.40e-07	ACCCTAA	4	SUPER_8	130494679-130494500	1.30e-06	ACCCTAA	4	0
Levisticum_officinale	SUPER_8	130493354-130493175	5.40e-07	ACCCTAA	4	SUPER_8	130529569-130529390	1.60e-06	ACCCTAA	4	0
Levisticum_officinale	SUPER_8	130493354-130493175	5.40e-07	ACCCTAA	4	SUPER_8	130477596-130477418	2.20e-06	ACCCTAA	4	0
Levisticum_officinale	SUPER_8	130493354-130493175	5.40e-07	ACCCTAA	4	SUPER_8	130532249-130532100	6.80e-06	ACCCTAA	4	0
Levisticum_officinale	SUPER_8	130493354-130493175	5.40e-07	ACCCTAA	4	SUPER_8	129308067-129308216	8.40e-06	ACCCTAA	4	0
Levisticum_officinale	SUPER_8	130493354-130493175	5.40e-07	ACCCTAA	4	SUPER_8	130533574-130533425	9.10e-06	ACCCTAA	4	0
Levisticum_officinale	SUPER_8	130493354-130493175	5.40e-07	ACCCTAA	4	SUPER_8	129283200-129283378	1.60e-05	ACCCTAA	4	0
Levisticum_officinale	SUPER_8	130493354-130493175	5.40e-07	ACCCTAA	4	SUPER_8	130496242-130496063	3.50e-05	ACCCTAA	4	0
Levisticum_officinale	SUPER_8	130502243-130502064	5.40e-07	ACCCTAA	4	SUPER_8	130511509-130511330	5.40e-07	ACCCTAA	4	0
Levisticum_officinale	SUPER_8	130502243-130502064	5.40e-07	ACCCTAA	4	SUPER_8	130534898-130534719	5.40e-07	ACCCTAA	4	0
Levisticum_officinale	SUPER_8	130502243-130502064	5.40e-07	ACCCTAA	4	SUPER_8	130536223-130536044	5.40e-07	ACCCTAA	4	0
Levisticum_officinale	SUPER_8	130502243-130502064	5.40e-07	ACCCTAA	4	SUPER_8	130537548-130537369	5.40e-07	ACCCTAA	4	0
Levisticum_officinale	SUPER_8	130502243-130502064	5.40e-07	ACCCTAA	4	SUPER_8	130538873-130538694	5.40e-07	ACCCTAA	4	0
Levisticum_officinale	SUPER_8	130502243-130502064	5.40e-07	ACCCTAA	4	SUPER_8	130540198-130540019	5.40e-07	ACCCTAA	4	0
Levisticum_officinale	SUPER_8	130502243-130502064	5.40e-07	ACCCTAA	4	SUPER_8	130541523-130541344	5.40e-07	ACCCTAA	4	0
Levisticum_officinale	SUPER_8	130502243-130502064	5.40e-07	ACCCTAA	4	SUPER_8	130542848-130542669	5.40e-07	ACCCTAA	4	0
Levisticum_officinale	SUPER_8	130502243-130502064	5.40e-07	ACCCTAA	4	SUPER_8	130544173-130543994	5.40e-07	ACCCTAA	4	0
Levisticum_officinale	SUPER_8	130502243-130502064	5.40e-07	ACCCTAA	4	SUPER_8	129294912-129295091	5.50e-07	ACCCTAA	4	0
Levisticum_officinale	SUPER_8	130502243-130502064	5.40e-07	ACCCTAA	4	SUPER_8	130478921-130478742	5.50e-07	ACCCTAA	4	0
Levisticum_officinale	SUPER_8	130502243-130502064	5.40e-07	ACCCTAA	4	SUPER_8	130528244-130528065	6.40e-07	ACCCTAA	4	0
Levisticum_officinale	SUPER_8	130502243-130502064	5.40e-07	ACCCTAA	4	SUPER_8	129281876-129282055	6.50e-07	ACCCTAA	4	0
Levisticum_officinale	SUPER_8	130502243-130502064	5.40e-07	ACCCTAA	4	SUPER_8	129267841-129268023	8.40e-07	ACCCTAA	4	0
Levisticum_officinale	SUPER_8	130502243-130502064	5.40e-07	ACCCTAA	4	SUPER_8	129306742-129306924	8.40e-07	ACCCTAA	4	0
Levisticum_officinale	SUPER_8	130502243-130502064	5.40e-07	ACCCTAA	4	SUPER_8	130494679-130494500	1.30e-06	ACCCTAA	4	0
Levisticum_officinale	SUPER_8	130502243-130502064	5.40e-07	ACCCTAA	4	SUPER_8	130529569-130529390	1.60e-06	ACCCTAA	4	0
Levisticum_officinale	SUPER_8	130502243-130502064	5.40e-07	ACCCTAA	4	SUPER_8	130477596-130477418	2.20e-06	ACCCTAA	4	0
Levisticum_officinale	SUPER_8	130502243-130502064	5.40e-07	ACCCTAA	4	SUPER_8	130532249-130532100	6.80e-06	ACCCTAA	4	0
Levisticum_officinale	SUPER_8	130502243-130502064	5.40e-07	ACCCTAA	4	SUPER_8	129308067-129308216	8.40e-06	ACCCTAA	4	0
Levisticum_officinale	SUPER_8	130502243-130502064	5.40e-07	ACCCTAA	4	SUPER_8	130533574-130533425	9.10e-06	ACCCTAA	4	0
Levisticum_officinale	SUPER_8	130502243-130502064	5.40e-07	ACCCTAA	4	SUPER_8	129283200-129283378	1.60e-05	ACCCTAA	4	0
Levisticum_officinale	SUPER_8	130502243-130502064	5.40e-07	ACCCTAA	4	SUPER_8	130496242-130496063	3.50e-05	ACCCTAA	4	0
Levisticum_officinale	SUPER_8	130511509-130511330	5.40e-07	ACCCTAA	4	SUPER_8	130534898-130534719	5.40e-07	ACCCTAA	4	0
Levisticum_officinale	SUPER_8	130511509-130511330	5.40e-07	ACCCTAA	4	SUPER_8	130536223-130536044	5.40e-07	ACCCTAA	4	0
Levisticum_officinale	SUPER_8	130511509-130511330	5.40e-07	ACCCTAA	4	SUPER_8	130537548-130537369	5.40e-07	ACCCTAA	4	0
Levisticum_officinale	SUPER_8	130511509-130511330	5.40e-07	ACCCTAA	4	SUPER_8	130538873-130538694	5.40e-07	ACCCTAA	4	0
Levisticum_officinale	SUPER_8	130511509-130511330	5.40e-07	ACCCTAA	4	SUPER_8	130540198-130540019	5.40e-07	ACCCTAA	4	0
Levisticum_officinale	SUPER_8	130511509-130511330	5.40e-07	ACCCTAA	4	SUPER_8	130541523-130541344	5.40e-07	ACCCTAA	4	0
Levisticum_officinale	SUPER_8	130511509-130511330	5.40e-07	ACCCTAA	4	SUPER_8	130542848-130542669	5.40e-07	ACCCTAA	4	0
Levisticum_officinale	SUPER_8	130511509-130511330	5.40e-07	ACCCTAA	4	SUPER_8	130544173-130543994	5.40e-07	ACCCTAA	4	0
Levisticum_officinale	SUPER_8	130511509-130511330	5.40e-07	ACCCTAA	4	SUPER_8	129294912-129295091	5.50e-07	ACCCTAA	4	0
Levisticum_officinale	SUPER_8	130511509-130511330	5.40e-07	ACCCTAA	4	SUPER_8	130478921-130478742	5.50e-07	ACCCTAA	4	0
Levisticum_officinale	SUPER_8	130511509-130511330	5.40e-07	ACCCTAA	4	SUPER_8	130528244-130528065	6.40e-07	ACCCTAA	4	0
Levisticum_officinale	SUPER_8	130511509-130511330	5.40e-07	ACCCTAA	4	SUPER_8	129281876-129282055	6.50e-07	ACCCTAA	4	0
Levisticum_officinale	SUPER_8	130511509-130511330	5.40e-07	ACCCTAA	4	SUPER_8	129267841-129268023	8.40e-07	ACCCTAA	4	0
Levisticum_officinale	SUPER_8	130511509-130511330	5.40e-07	ACCCTAA	4	SUPER_8	129306742-129306924	8.40e-07	ACCCTAA	4	0
Levisticum_officinale	SUPER_8	130511509-130511330	5.40e-07	ACCCTAA	4	SUPER_8	130494679-130494500	1.30e-06	ACCCTAA	4	0
Levisticum_officinale	SUPER_8	130511509-130511330	5.40e-07	ACCCTAA	4	SUPER_8	130529569-130529390	1.60e-06	ACCCTAA	4	0
Levisticum_officinale	SUPER_8	130511509-130511330	5.40e-07	ACCCTAA	4	SUPER_8	130477596-130477418	2.20e-06	ACCCTAA	4	0
Levisticum_officinale	SUPER_8	130511509-130511330	5.40e-07	ACCCTAA	4	SUPER_8	130532249-130532100	6.80e-06	ACCCTAA	4	0
Levisticum_officinale	SUPER_8	130511509-130511330	5.40e-07	ACCCTAA	4	SUPER_8	129308067-129308216	8.40e-06	ACCCTAA	4	0
Levisticum_officinale	SUPER_8	130511509-130511330	5.40e-07	ACCCTAA	4	SUPER_8	130533574-130533425	9.10e-06	ACCCTAA	4	0
Levisticum_officinale	SUPER_8	130511509-130511330	5.40e-07	ACCCTAA	4	SUPER_8	129283200-129283378	1.60e-05	ACCCTAA	4	0
Levisticum_officinale	SUPER_8	130511509-130511330	5.40e-07	ACCCTAA	4	SUPER_8	130496242-130496063	3.50e-05	ACCCTAA	4	0
Levisticum_officinale	SUPER_8	130534898-130534719	5.40e-07	ACCCTAA	4	SUPER_8	130536223-130536044	5.40e-07	ACCCTAA	4	0
Levisticum_officinale	SUPER_8	130534898-130534719	5.40e-07	ACCCTAA	4	SUPER_8	130537548-130537369	5.40e-07	ACCCTAA	4	0
Levisticum_officinale	SUPER_8	130534898-130534719	5.40e-07	ACCCTAA	4	SUPER_8	130538873-130538694	5.40e-07	ACCCTAA	4	0
Levisticum_officinale	SUPER_8	130534898-130534719	5.40e-07	ACCCTAA	4	SUPER_8	130540198-130540019	5.40e-07	ACCCTAA	4	0
Levisticum_officinale	SUPER_8	130534898-130534719	5.40e-07	ACCCTAA	4	SUPER_8	130541523-130541344	5.40e-07	ACCCTAA	4	0
Levisticum_officinale	SUPER_8	130534898-130534719	5.40e-07	ACCCTAA	4	SUPER_8	130542848-130542669	5.40e-07	ACCCTAA	4	0
Levisticum_officinale	SUPER_8	130534898-130534719	5.40e-07	ACCCTAA	4	SUPER_8	130544173-130543994	5.40e-07	ACCCTAA	4	0
Levisticum_officinale	SUPER_8	130534898-130534719	5.40e-07	ACCCTAA	4	SUPER_8	129294912-129295091	5.50e-07	ACCCTAA	4	0
Levisticum_officinale	SUPER_8	130534898-130534719	5.40e-07	ACCCTAA	4	SUPER_8	130478921-130478742	5.50e-07	ACCCTAA	4	0
Levisticum_officinale	SUPER_8	130534898-130534719	5.40e-07	ACCCTAA	4	SUPER_8	130528244-130528065	6.40e-07	ACCCTAA	4	0
Levisticum_officinale	SUPER_8	130534898-130534719	5.40e-07	ACCCTAA	4	SUPER_8	129281876-129282055	6.50e-07	ACCCTAA	4	0
Levisticum_officinale	SUPER_8	130534898-130534719	5.40e-07	ACCCTAA	4	SUPER_8	129267841-129268023	8.40e-07	ACCCTAA	4	0
Levisticum_officinale	SUPER_8	130534898-130534719	5.40e-07	ACCCTAA	4	SUPER_8	129306742-129306924	8.40e-07	ACCCTAA	4	0
Levisticum_officinale	SUPER_8	130534898-130534719	5.40e-07	ACCCTAA	4	SUPER_8	130494679-130494500	1.30e-06	ACCCTAA	4	0
Levisticum_officinale	SUPER_8	130534898-130534719	5.40e-07	ACCCTAA	4	SUPER_8	130529569-130529390	1.60e-06	ACCCTAA	4	0
Levisticum_officinale	SUPER_8	130534898-130534719	5.40e-07	ACCCTAA	4	SUPER_8	130477596-130477418	2.20e-06	ACCCTAA	4	0
Levisticum_officinale	SUPER_8	130534898-130534719	5.40e-07	ACCCTAA	4	SUPER_8	130532249-130532100	6.80e-06	ACCCTAA	4	0
Levisticum_officinale	SUPER_8	130534898-130534719	5.40e-07	ACCCTAA	4	SUPER_8	129308067-129308216	8.40e-06	ACCCTAA	4	0
Levisticum_officinale	SUPER_8	130534898-130534719	5.40e-07	ACCCTAA	4	SUPER_8	130533574-130533425	9.10e-06	ACCCTAA	4	0
Levisticum_officinale	SUPER_8	130534898-130534719	5.40e-07	ACCCTAA	4	SUPER_8	129283200-129283378	1.60e-05	ACCCTAA	4	0
Levisticum_officinale	SUPER_8	130534898-130534719	5.40e-07	ACCCTAA	4	SUPER_8	130496242-130496063	3.50e-05	ACCCTAA	4	0
Levisticum_officinale	SUPER_8	130536223-130536044	5.40e-07	ACCCTAA	4	SUPER_8	130537548-130537369	5.40e-07	ACCCTAA	4	0
Levisticum_officinale	SUPER_8	130536223-130536044	5.40e-07	ACCCTAA	4	SUPER_8	130538873-130538694	5.40e-07	ACCCTAA	4	0
Levisticum_officinale	SUPER_8	130536223-130536044	5.40e-07	ACCCTAA	4	SUPER_8	130540198-130540019	5.40e-07	ACCCTAA	4	0
Levisticum_officinale	SUPER_8	130536223-130536044	5.40e-07	ACCCTAA	4	SUPER_8	130541523-130541344	5.40e-07	ACCCTAA	4	0
Levisticum_officinale	SUPER_8	130536223-130536044	5.40e-07	ACCCTAA	4	SUPER_8	130542848-130542669	5.40e-07	ACCCTAA	4	0
Levisticum_officinale	SUPER_8	130536223-130536044	5.40e-07	ACCCTAA	4	SUPER_8	130544173-130543994	5.40e-07	ACCCTAA	4	0
Levisticum_officinale	SUPER_8	130536223-130536044	5.40e-07	ACCCTAA	4	SUPER_8	129294912-129295091	5.50e-07	ACCCTAA	4	0
Levisticum_officinale	SUPER_8	130536223-130536044	5.40e-07	ACCCTAA	4	SUPER_8	130478921-130478742	5.50e-07	ACCCTAA	4	0
Levisticum_officinale	SUPER_8	130536223-130536044	5.40e-07	ACCCTAA	4	SUPER_8	130528244-130528065	6.40e-07	ACCCTAA	4	0
Levisticum_officinale	SUPER_8	130536223-130536044	5.40e-07	ACCCTAA	4	SUPER_8	129281876-129282055	6.50e-07	ACCCTAA	4	0
Levisticum_officinale	SUPER_8	130536223-130536044	5.40e-07	ACCCTAA	4	SUPER_8	129267841-129268023	8.40e-07	ACCCTAA	4	0
Levisticum_officinale	SUPER_8	130536223-130536044	5.40e-07	ACCCTAA	4	SUPER_8	129306742-129306924	8.40e-07	ACCCTAA	4	0
Levisticum_officinale	SUPER_8	130536223-130536044	5.40e-07	ACCCTAA	4	SUPER_8	130494679-130494500	1.30e-06	ACCCTAA	4	0
Levisticum_officinale	SUPER_8	130536223-130536044	5.40e-07	ACCCTAA	4	SUPER_8	130529569-130529390	1.60e-06	ACCCTAA	4	0
Levisticum_officinale	SUPER_8	130536223-130536044	5.40e-07	ACCCTAA	4	SUPER_8	130477596-130477418	2.20e-06	ACCCTAA	4	0
Levisticum_officinale	SUPER_8	130536223-130536044	5.40e-07	ACCCTAA	4	SUPER_8	130532249-130532100	6.80e-06	ACCCTAA	4	0
Levisticum_officinale	SUPER_8	130536223-130536044	5.40e-07	ACCCTAA	4	SUPER_8	129308067-129308216	8.40e-06	ACCCTAA	4	0
Levisticum_officinale	SUPER_8	130536223-130536044	5.40e-07	ACCCTAA	4	SUPER_8	130533574-130533425	9.10e-06	ACCCTAA	4	0
Levisticum_officinale	SUPER_8	130536223-130536044	5.40e-07	ACCCTAA	4	SUPER_8	129283200-129283378	1.60e-05	ACCCTAA	4	0
Levisticum_officinale	SUPER_8	130536223-130536044	5.40e-07	ACCCTAA	4	SUPER_8	130496242-130496063	3.50e-05	ACCCTAA	4	0
Levisticum_officinale	SUPER_8	130537548-130537369	5.40e-07	ACCCTAA	4	SUPER_8	130538873-130538694	5.40e-07	ACCCTAA	4	0
Levisticum_officinale	SUPER_8	130537548-130537369	5.40e-07	ACCCTAA	4	SUPER_8	130540198-130540019	5.40e-07	ACCCTAA	4	0
Levisticum_officinale	SUPER_8	130537548-130537369	5.40e-07	ACCCTAA	4	SUPER_8	130541523-130541344	5.40e-07	ACCCTAA	4	0
Levisticum_officinale	SUPER_8	130537548-130537369	5.40e-07	ACCCTAA	4	SUPER_8	130542848-130542669	5.40e-07	ACCCTAA	4	0
Levisticum_officinale	SUPER_8	130537548-130537369	5.40e-07	ACCCTAA	4	SUPER_8	130544173-130543994	5.40e-07	ACCCTAA	4	0
Levisticum_officinale	SUPER_8	130537548-130537369	5.40e-07	ACCCTAA	4	SUPER_8	129294912-129295091	5.50e-07	ACCCTAA	4	0
Levisticum_officinale	SUPER_8	130537548-130537369	5.40e-07	ACCCTAA	4	SUPER_8	130478921-130478742	5.50e-07	ACCCTAA	4	0
Levisticum_officinale	SUPER_8	130537548-130537369	5.40e-07	ACCCTAA	4	SUPER_8	130528244-130528065	6.40e-07	ACCCTAA	4	0
Levisticum_officinale	SUPER_8	130537548-130537369	5.40e-07	ACCCTAA	4	SUPER_8	129281876-129282055	6.50e-07	ACCCTAA	4	0
Levisticum_officinale	SUPER_8	130537548-130537369	5.40e-07	ACCCTAA	4	SUPER_8	129267841-129268023	8.40e-07	ACCCTAA	4	0
Levisticum_officinale	SUPER_8	130537548-130537369	5.40e-07	ACCCTAA	4	SUPER_8	129306742-129306924	8.40e-07	ACCCTAA	4	0
Levisticum_officinale	SUPER_8	130537548-130537369	5.40e-07	ACCCTAA	4	SUPER_8	130494679-130494500	1.30e-06	ACCCTAA	4	0
Levisticum_officinale	SUPER_8	130537548-130537369	5.40e-07	ACCCTAA	4	SUPER_8	130529569-130529390	1.60e-06	ACCCTAA	4	0
Levisticum_officinale	SUPER_8	130537548-130537369	5.40e-07	ACCCTAA	4	SUPER_8	130477596-130477418	2.20e-06	ACCCTAA	4	0
Levisticum_officinale	SUPER_8	130537548-130537369	5.40e-07	ACCCTAA	4	SUPER_8	130532249-130532100	6.80e-06	ACCCTAA	4	0
Levisticum_officinale	SUPER_8	130537548-130537369	5.40e-07	ACCCTAA	4	SUPER_8	129308067-129308216	8.40e-06	ACCCTAA	4	0
Levisticum_officinale	SUPER_8	130537548-130537369	5.40e-07	ACCCTAA	4	SUPER_8	130533574-130533425	9.10e-06	ACCCTAA	4	0
Levisticum_officinale	SUPER_8	130537548-130537369	5.40e-07	ACCCTAA	4	SUPER_8	129283200-129283378	1.60e-05	ACCCTAA	4	0
Levisticum_officinale	SUPER_8	130537548-130537369	5.40e-07	ACCCTAA	4	SUPER_8	130496242-130496063	3.50e-05	ACCCTAA	4	0
Levisticum_officinale	SUPER_8	130538873-130538694	5.40e-07	ACCCTAA	4	SUPER_8	130540198-130540019	5.40e-07	ACCCTAA	4	0
Levisticum_officinale	SUPER_8	130538873-130538694	5.40e-07	ACCCTAA	4	SUPER_8	130541523-130541344	5.40e-07	ACCCTAA	4	0
Levisticum_officinale	SUPER_8	130538873-130538694	5.40e-07	ACCCTAA	4	SUPER_8	130542848-130542669	5.40e-07	ACCCTAA	4	0
Levisticum_officinale	SUPER_8	130538873-130538694	5.40e-07	ACCCTAA	4	SUPER_8	130544173-130543994	5.40e-07	ACCCTAA	4	0
Levisticum_officinale	SUPER_8	130538873-130538694	5.40e-07	ACCCTAA	4	SUPER_8	129294912-129295091	5.50e-07	ACCCTAA	4	0
Levisticum_officinale	SUPER_8	130538873-130538694	5.40e-07	ACCCTAA	4	SUPER_8	130478921-130478742	5.50e-07	ACCCTAA	4	0
Levisticum_officinale	SUPER_8	130538873-130538694	5.40e-07	ACCCTAA	4	SUPER_8	130528244-130528065	6.40e-07	ACCCTAA	4	0
Levisticum_officinale	SUPER_8	130538873-130538694	5.40e-07	ACCCTAA	4	SUPER_8	129281876-129282055	6.50e-07	ACCCTAA	4	0
Levisticum_officinale	SUPER_8	130538873-130538694	5.40e-07	ACCCTAA	4	SUPER_8	129267841-129268023	8.40e-07	ACCCTAA	4	0
Levisticum_officinale	SUPER_8	130538873-130538694	5.40e-07	ACCCTAA	4	SUPER_8	129306742-129306924	8.40e-07	ACCCTAA	4	0
Levisticum_officinale	SUPER_8	130538873-130538694	5.40e-07	ACCCTAA	4	SUPER_8	130494679-130494500	1.30e-06	ACCCTAA	4	0
Levisticum_officinale	SUPER_8	130538873-130538694	5.40e-07	ACCCTAA	4	SUPER_8	130529569-130529390	1.60e-06	ACCCTAA	4	0
Levisticum_officinale	SUPER_8	130538873-130538694	5.40e-07	ACCCTAA	4	SUPER_8	130477596-130477418	2.20e-06	ACCCTAA	4	0
Levisticum_officinale	SUPER_8	130538873-130538694	5.40e-07	ACCCTAA	4	SUPER_8	130532249-130532100	6.80e-06	ACCCTAA	4	0
Levisticum_officinale	SUPER_8	130538873-130538694	5.40e-07	ACCCTAA	4	SUPER_8	129308067-129308216	8.40e-06	ACCCTAA	4	0
Levisticum_officinale	SUPER_8	130538873-130538694	5.40e-07	ACCCTAA	4	SUPER_8	130533574-130533425	9.10e-06	ACCCTAA	4	0
Levisticum_officinale	SUPER_8	130538873-130538694	5.40e-07	ACCCTAA	4	SUPER_8	129283200-129283378	1.60e-05	ACCCTAA	4	0
Levisticum_officinale	SUPER_8	130538873-130538694	5.40e-07	ACCCTAA	4	SUPER_8	130496242-130496063	3.50e-05	ACCCTAA	4	0
Levisticum_officinale	SUPER_8	130540198-130540019	5.40e-07	ACCCTAA	4	SUPER_8	130541523-130541344	5.40e-07	ACCCTAA	4	0
Levisticum_officinale	SUPER_8	130540198-130540019	5.40e-07	ACCCTAA	4	SUPER_8	130542848-130542669	5.40e-07	ACCCTAA	4	0
Levisticum_officinale	SUPER_8	130540198-130540019	5.40e-07	ACCCTAA	4	SUPER_8	130544173-130543994	5.40e-07	ACCCTAA	4	0
Levisticum_officinale	SUPER_8	130540198-130540019	5.40e-07	ACCCTAA	4	SUPER_8	129294912-129295091	5.50e-07	ACCCTAA	4	0
Levisticum_officinale	SUPER_8	130540198-130540019	5.40e-07	ACCCTAA	4	SUPER_8	130478921-130478742	5.50e-07	ACCCTAA	4	0
Levisticum_officinale	SUPER_8	130540198-130540019	5.40e-07	ACCCTAA	4	SUPER_8	130528244-130528065	6.40e-07	ACCCTAA	4	0
Levisticum_officinale	SUPER_8	130540198-130540019	5.40e-07	ACCCTAA	4	SUPER_8	129281876-129282055	6.50e-07	ACCCTAA	4	0
Levisticum_officinale	SUPER_8	130540198-130540019	5.40e-07	ACCCTAA	4	SUPER_8	129267841-129268023	8.40e-07	ACCCTAA	4	0
Levisticum_officinale	SUPER_8	130540198-130540019	5.40e-07	ACCCTAA	4	SUPER_8	129306742-129306924	8.40e-07	ACCCTAA	4	0
Levisticum_officinale	SUPER_8	130540198-130540019	5.40e-07	ACCCTAA	4	SUPER_8	130494679-130494500	1.30e-06	ACCCTAA	4	0
Levisticum_officinale	SUPER_8	130540198-130540019	5.40e-07	ACCCTAA	4	SUPER_8	130529569-130529390	1.60e-06	ACCCTAA	4	0
Levisticum_officinale	SUPER_8	130540198-130540019	5.40e-07	ACCCTAA	4	SUPER_8	130477596-130477418	2.20e-06	ACCCTAA	4	0
Levisticum_officinale	SUPER_8	130540198-130540019	5.40e-07	ACCCTAA	4	SUPER_8	130532249-130532100	6.80e-06	ACCCTAA	4	0
Levisticum_officinale	SUPER_8	130540198-130540019	5.40e-07	ACCCTAA	4	SUPER_8	129308067-129308216	8.40e-06	ACCCTAA	4	0
Levisticum_officinale	SUPER_8	130540198-130540019	5.40e-07	ACCCTAA	4	SUPER_8	130533574-130533425	9.10e-06	ACCCTAA	4	0
Levisticum_officinale	SUPER_8	130540198-130540019	5.40e-07	ACCCTAA	4	SUPER_8	129283200-129283378	1.60e-05	ACCCTAA	4	0
Levisticum_officinale	SUPER_8	130540198-130540019	5.40e-07	ACCCTAA	4	SUPER_8	130496242-130496063	3.50e-05	ACCCTAA	4	0
Levisticum_officinale	SUPER_8	130541523-130541344	5.40e-07	ACCCTAA	4	SUPER_8	130542848-130542669	5.40e-07	ACCCTAA	4	0
Levisticum_officinale	SUPER_8	130541523-130541344	5.40e-07	ACCCTAA	4	SUPER_8	130544173-130543994	5.40e-07	ACCCTAA	4	0
Levisticum_officinale	SUPER_8	130541523-130541344	5.40e-07	ACCCTAA	4	SUPER_8	129294912-129295091	5.50e-07	ACCCTAA	4	0
Levisticum_officinale	SUPER_8	130541523-130541344	5.40e-07	ACCCTAA	4	SUPER_8	130478921-130478742	5.50e-07	ACCCTAA	4	0
Levisticum_officinale	SUPER_8	130541523-130541344	5.40e-07	ACCCTAA	4	SUPER_8	130528244-130528065	6.40e-07	ACCCTAA	4	0
Levisticum_officinale	SUPER_8	130541523-130541344	5.40e-07	ACCCTAA	4	SUPER_8	129281876-129282055	6.50e-07	ACCCTAA	4	0
Levisticum_officinale	SUPER_8	130541523-130541344	5.40e-07	ACCCTAA	4	SUPER_8	129267841-129268023	8.40e-07	ACCCTAA	4	0
Levisticum_officinale	SUPER_8	130541523-130541344	5.40e-07	ACCCTAA	4	SUPER_8	129306742-129306924	8.40e-07	ACCCTAA	4	0
Levisticum_officinale	SUPER_8	130541523-130541344	5.40e-07	ACCCTAA	4	SUPER_8	130494679-130494500	1.30e-06	ACCCTAA	4	0
Levisticum_officinale	SUPER_8	130541523-130541344	5.40e-07	ACCCTAA	4	SUPER_8	130529569-130529390	1.60e-06	ACCCTAA	4	0
Levisticum_officinale	SUPER_8	130541523-130541344	5.40e-07	ACCCTAA	4	SUPER_8	130477596-130477418	2.20e-06	ACCCTAA	4	0
Levisticum_officinale	SUPER_8	130541523-130541344	5.40e-07	ACCCTAA	4	SUPER_8	130532249-130532100	6.80e-06	ACCCTAA	4	0
Levisticum_officinale	SUPER_8	130541523-130541344	5.40e-07	ACCCTAA	4	SUPER_8	129308067-129308216	8.40e-06	ACCCTAA	4	0
Levisticum_officinale	SUPER_8	130541523-130541344	5.40e-07	ACCCTAA	4	SUPER_8	130533574-130533425	9.10e-06	ACCCTAA	4	0
Levisticum_officinale	SUPER_8	130541523-130541344	5.40e-07	ACCCTAA	4	SUPER_8	129283200-129283378	1.60e-05	ACCCTAA	4	0
Levisticum_officinale	SUPER_8	130541523-130541344	5.40e-07	ACCCTAA	4	SUPER_8	130496242-130496063	3.50e-05	ACCCTAA	4	0
Levisticum_officinale	SUPER_8	130542848-130542669	5.40e-07	ACCCTAA	4	SUPER_8	130544173-130543994	5.40e-07	ACCCTAA	4	0
Levisticum_officinale	SUPER_8	130542848-130542669	5.40e-07	ACCCTAA	4	SUPER_8	129294912-129295091	5.50e-07	ACCCTAA	4	0
Levisticum_officinale	SUPER_8	130542848-130542669	5.40e-07	ACCCTAA	4	SUPER_8	130478921-130478742	5.50e-07	ACCCTAA	4	0
Levisticum_officinale	SUPER_8	130542848-130542669	5.40e-07	ACCCTAA	4	SUPER_8	130528244-130528065	6.40e-07	ACCCTAA	4	0
Levisticum_officinale	SUPER_8	130542848-130542669	5.40e-07	ACCCTAA	4	SUPER_8	129281876-129282055	6.50e-07	ACCCTAA	4	0
Levisticum_officinale	SUPER_8	130542848-130542669	5.40e-07	ACCCTAA	4	SUPER_8	129267841-129268023	8.40e-07	ACCCTAA	4	0
Levisticum_officinale	SUPER_8	130542848-130542669	5.40e-07	ACCCTAA	4	SUPER_8	129306742-129306924	8.40e-07	ACCCTAA	4	0
Levisticum_officinale	SUPER_8	130542848-130542669	5.40e-07	ACCCTAA	4	SUPER_8	130494679-130494500	1.30e-06	ACCCTAA	4	0
Levisticum_officinale	SUPER_8	130542848-130542669	5.40e-07	ACCCTAA	4	SUPER_8	130529569-130529390	1.60e-06	ACCCTAA	4	0
Levisticum_officinale	SUPER_8	130542848-130542669	5.40e-07	ACCCTAA	4	SUPER_8	130477596-130477418	2.20e-06	ACCCTAA	4	0
Levisticum_officinale	SUPER_8	130542848-130542669	5.40e-07	ACCCTAA	4	SUPER_8	130532249-130532100	6.80e-06	ACCCTAA	4	0
Levisticum_officinale	SUPER_8	130542848-130542669	5.40e-07	ACCCTAA	4	SUPER_8	129308067-129308216	8.40e-06	ACCCTAA	4	0
Levisticum_officinale	SUPER_8	130542848-130542669	5.40e-07	ACCCTAA	4	SUPER_8	130533574-130533425	9.10e-06	ACCCTAA	4	0
Levisticum_officinale	SUPER_8	130542848-130542669	5.40e-07	ACCCTAA	4	SUPER_8	129283200-129283378	1.60e-05	ACCCTAA	4	0
Levisticum_officinale	SUPER_8	130542848-130542669	5.40e-07	ACCCTAA	4	SUPER_8	130496242-130496063	3.50e-05	ACCCTAA	4	0
Levisticum_officinale	SUPER_8	130544173-130543994	5.40e-07	ACCCTAA	4	SUPER_8	129294912-129295091	5.50e-07	ACCCTAA	4	0
Levisticum_officinale	SUPER_8	130544173-130543994	5.40e-07	ACCCTAA	4	SUPER_8	130478921-130478742	5.50e-07	ACCCTAA	4	0
Levisticum_officinale	SUPER_8	130544173-130543994	5.40e-07	ACCCTAA	4	SUPER_8	130528244-130528065	6.40e-07	ACCCTAA	4	0
Levisticum_officinale	SUPER_8	130544173-130543994	5.40e-07	ACCCTAA	4	SUPER_8	129281876-129282055	6.50e-07	ACCCTAA	4	0
Levisticum_officinale	SUPER_8	130544173-130543994	5.40e-07	ACCCTAA	4	SUPER_8	129267841-129268023	8.40e-07	ACCCTAA	4	0
Levisticum_officinale	SUPER_8	130544173-130543994	5.40e-07	ACCCTAA	4	SUPER_8	129306742-129306924	8.40e-07	ACCCTAA	4	0
Levisticum_officinale	SUPER_8	130544173-130543994	5.40e-07	ACCCTAA	4	SUPER_8	130494679-130494500	1.30e-06	ACCCTAA	4	0
Levisticum_officinale	SUPER_8	130544173-130543994	5.40e-07	ACCCTAA	4	SUPER_8	130529569-130529390	1.60e-06	ACCCTAA	4	0
Levisticum_officinale	SUPER_8	130544173-130543994	5.40e-07	ACCCTAA	4	SUPER_8	130477596-130477418	2.20e-06	ACCCTAA	4	0
Levisticum_officinale	SUPER_8	130544173-130543994	5.40e-07	ACCCTAA	4	SUPER_8	130532249-130532100	6.80e-06	ACCCTAA	4	0
Levisticum_officinale	SUPER_8	130544173-130543994	5.40e-07	ACCCTAA	4	SUPER_8	129308067-129308216	8.40e-06	ACCCTAA	4	0
Levisticum_officinale	SUPER_8	130544173-130543994	5.40e-07	ACCCTAA	4	SUPER_8	130533574-130533425	9.10e-06	ACCCTAA	4	0
Levisticum_officinale	SUPER_8	130544173-130543994	5.40e-07	ACCCTAA	4	SUPER_8	129283200-129283378	1.60e-05	ACCCTAA	4	0
Levisticum_officinale	SUPER_8	130544173-130543994	5.40e-07	ACCCTAA	4	SUPER_8	130496242-130496063	3.50e-05	ACCCTAA	4	0
Levisticum_officinale	SUPER_8	129294912-129295091	5.50e-07	ACCCTAA	4	SUPER_8	130478921-130478742	5.50e-07	ACCCTAA	4	0
Levisticum_officinale	SUPER_8	129294912-129295091	5.50e-07	ACCCTAA	4	SUPER_8	130528244-130528065	6.40e-07	ACCCTAA	4	0
Levisticum_officinale	SUPER_8	129294912-129295091	5.50e-07	ACCCTAA	4	SUPER_8	129281876-129282055	6.50e-07	ACCCTAA	4	0
Levisticum_officinale	SUPER_8	129294912-129295091	5.50e-07	ACCCTAA	4	SUPER_8	129267841-129268023	8.40e-07	ACCCTAA	4	0
Levisticum_officinale	SUPER_8	129294912-129295091	5.50e-07	ACCCTAA	4	SUPER_8	129306742-129306924	8.40e-07	ACCCTAA	4	0
Levisticum_officinale	SUPER_8	129294912-129295091	5.50e-07	ACCCTAA	4	SUPER_8	130494679-130494500	1.30e-06	ACCCTAA	4	0
Levisticum_officinale	SUPER_8	129294912-129295091	5.50e-07	ACCCTAA	4	SUPER_8	130529569-130529390	1.60e-06	ACCCTAA	4	0
Levisticum_officinale	SUPER_8	129294912-129295091	5.50e-07	ACCCTAA	4	SUPER_8	130477596-130477418	2.20e-06	ACCCTAA	4	0
Levisticum_officinale	SUPER_8	129294912-129295091	5.50e-07	ACCCTAA	4	SUPER_8	130532249-130532100	6.80e-06	ACCCTAA	4	0
Levisticum_officinale	SUPER_8	129294912-129295091	5.50e-07	ACCCTAA	4	SUPER_8	129308067-129308216	8.40e-06	ACCCTAA	4	0
Levisticum_officinale	SUPER_8	129294912-129295091	5.50e-07	ACCCTAA	4	SUPER_8	130533574-130533425	9.10e-06	ACCCTAA	4	0
Levisticum_officinale	SUPER_8	129294912-129295091	5.50e-07	ACCCTAA	4	SUPER_8	129283200-129283378	1.60e-05	ACCCTAA	4	0
Levisticum_officinale	SUPER_8	129294912-129295091	5.50e-07	ACCCTAA	4	SUPER_8	130496242-130496063	3.50e-05	ACCCTAA	4	0
Levisticum_officinale	SUPER_8	130478921-130478742	5.50e-07	ACCCTAA	4	SUPER_8	130528244-130528065	6.40e-07	ACCCTAA	4	0
Levisticum_officinale	SUPER_8	130478921-130478742	5.50e-07	ACCCTAA	4	SUPER_8	129281876-129282055	6.50e-07	ACCCTAA	4	0
Levisticum_officinale	SUPER_8	130478921-130478742	5.50e-07	ACCCTAA	4	SUPER_8	129267841-129268023	8.40e-07	ACCCTAA	4	0
Levisticum_officinale	SUPER_8	130478921-130478742	5.50e-07	ACCCTAA	4	SUPER_8	129306742-129306924	8.40e-07	ACCCTAA	4	0
Levisticum_officinale	SUPER_8	130478921-130478742	5.50e-07	ACCCTAA	4	SUPER_8	130494679-130494500	1.30e-06	ACCCTAA	4	0
Levisticum_officinale	SUPER_8	130478921-130478742	5.50e-07	ACCCTAA	4	SUPER_8	130529569-130529390	1.60e-06	ACCCTAA	4	0
Levisticum_officinale	SUPER_8	130478921-130478742	5.50e-07	ACCCTAA	4	SUPER_8	130477596-130477418	2.20e-06	ACCCTAA	4	0
Levisticum_officinale	SUPER_8	130478921-130478742	5.50e-07	ACCCTAA	4	SUPER_8	130532249-130532100	6.80e-06	ACCCTAA	4	0
Levisticum_officinale	SUPER_8	130478921-130478742	5.50e-07	ACCCTAA	4	SUPER_8	129308067-129308216	8.40e-06	ACCCTAA	4	0
Levisticum_officinale	SUPER_8	130478921-130478742	5.50e-07	ACCCTAA	4	SUPER_8	130533574-130533425	9.10e-06	ACCCTAA	4	0
Levisticum_officinale	SUPER_8	130478921-130478742	5.50e-07	ACCCTAA	4	SUPER_8	129283200-129283378	1.60e-05	ACCCTAA	4	0
Levisticum_officinale	SUPER_8	130478921-130478742	5.50e-07	ACCCTAA	4	SUPER_8	130496242-130496063	3.50e-05	ACCCTAA	4	0
Levisticum_officinale	SUPER_8	130528244-130528065	6.40e-07	ACCCTAA	4	SUPER_8	129281876-129282055	6.50e-07	ACCCTAA	4	0
Levisticum_officinale	SUPER_8	130528244-130528065	6.40e-07	ACCCTAA	4	SUPER_8	129267841-129268023	8.40e-07	ACCCTAA	4	0
Levisticum_officinale	SUPER_8	130528244-130528065	6.40e-07	ACCCTAA	4	SUPER_8	129306742-129306924	8.40e-07	ACCCTAA	4	0
Levisticum_officinale	SUPER_8	130528244-130528065	6.40e-07	ACCCTAA	4	SUPER_8	130494679-130494500	1.30e-06	ACCCTAA	4	0
Levisticum_officinale	SUPER_8	130528244-130528065	6.40e-07	ACCCTAA	4	SUPER_8	130529569-130529390	1.60e-06	ACCCTAA	4	0
Levisticum_officinale	SUPER_8	130528244-130528065	6.40e-07	ACCCTAA	4	SUPER_8	130477596-130477418	2.20e-06	ACCCTAA	4	0
Levisticum_officinale	SUPER_8	130528244-130528065	6.40e-07	ACCCTAA	4	SUPER_8	130532249-130532100	6.80e-06	ACCCTAA	4	0
Levisticum_officinale	SUPER_8	130528244-130528065	6.40e-07	ACCCTAA	4	SUPER_8	129308067-129308216	8.40e-06	ACCCTAA	4	0
Levisticum_officinale	SUPER_8	130528244-130528065	6.40e-07	ACCCTAA	4	SUPER_8	130533574-130533425	9.10e-06	ACCCTAA	4	0
Levisticum_officinale	SUPER_8	130528244-130528065	6.40e-07	ACCCTAA	4	SUPER_8	129283200-129283378	1.60e-05	ACCCTAA	4	0
Levisticum_officinale	SUPER_8	130528244-130528065	6.40e-07	ACCCTAA	4	SUPER_8	130496242-130496063	3.50e-05	ACCCTAA	4	0
Levisticum_officinale	SUPER_8	129281876-129282055	6.50e-07	ACCCTAA	4	SUPER_8	129267841-129268023	8.40e-07	ACCCTAA	4	0
Levisticum_officinale	SUPER_8	129281876-129282055	6.50e-07	ACCCTAA	4	SUPER_8	129306742-129306924	8.40e-07	ACCCTAA	4	0
Levisticum_officinale	SUPER_8	129281876-129282055	6.50e-07	ACCCTAA	4	SUPER_8	130494679-130494500	1.30e-06	ACCCTAA	4	0
Levisticum_officinale	SUPER_8	129281876-129282055	6.50e-07	ACCCTAA	4	SUPER_8	130529569-130529390	1.60e-06	ACCCTAA	4	0
Levisticum_officinale	SUPER_8	129281876-129282055	6.50e-07	ACCCTAA	4	SUPER_8	130477596-130477418	2.20e-06	ACCCTAA	4	0
Levisticum_officinale	SUPER_8	129281876-129282055	6.50e-07	ACCCTAA	4	SUPER_8	130532249-130532100	6.80e-06	ACCCTAA	4	0
Levisticum_officinale	SUPER_8	129281876-129282055	6.50e-07	ACCCTAA	4	SUPER_8	129308067-129308216	8.40e-06	ACCCTAA	4	0
Levisticum_officinale	SUPER_8	129281876-129282055	6.50e-07	ACCCTAA	4	SUPER_8	130533574-130533425	9.10e-06	ACCCTAA	4	0
Levisticum_officinale	SUPER_8	129281876-129282055	6.50e-07	ACCCTAA	4	SUPER_8	129283200-129283378	1.60e-05	ACCCTAA	4	0
Levisticum_officinale	SUPER_8	129281876-129282055	6.50e-07	ACCCTAA	4	SUPER_8	130496242-130496063	3.50e-05	ACCCTAA	4	0
Levisticum_officinale	SUPER_8	129267841-129268023	8.40e-07	ACCCTAA	4	SUPER_8	129306742-129306924	8.40e-07	ACCCTAA	4	0
Levisticum_officinale	SUPER_8	129267841-129268023	8.40e-07	ACCCTAA	4	SUPER_8	130494679-130494500	1.30e-06	ACCCTAA	4	0
Levisticum_officinale	SUPER_8	129267841-129268023	8.40e-07	ACCCTAA	4	SUPER_8	130529569-130529390	1.60e-06	ACCCTAA	4	0
Levisticum_officinale	SUPER_8	129267841-129268023	8.40e-07	ACCCTAA	4	SUPER_8	130477596-130477418	2.20e-06	ACCCTAA	4	0
Levisticum_officinale	SUPER_8	129267841-129268023	8.40e-07	ACCCTAA	4	SUPER_8	130532249-130532100	6.80e-06	ACCCTAA	4	0
Levisticum_officinale	SUPER_8	129267841-129268023	8.40e-07	ACCCTAA	4	SUPER_8	129308067-129308216	8.40e-06	ACCCTAA	4	0
Levisticum_officinale	SUPER_8	129267841-129268023	8.40e-07	ACCCTAA	4	SUPER_8	130533574-130533425	9.10e-06	ACCCTAA	4	0
Levisticum_officinale	SUPER_8	129267841-129268023	8.40e-07	ACCCTAA	4	SUPER_8	129283200-129283378	1.60e-05	ACCCTAA	4	0
Levisticum_officinale	SUPER_8	129267841-129268023	8.40e-07	ACCCTAA	4	SUPER_8	130496242-130496063	3.50e-05	ACCCTAA	4	0
Levisticum_officinale	SUPER_8	129306742-129306924	8.40e-07	ACCCTAA	4	SUPER_8	130494679-130494500	1.30e-06	ACCCTAA	4	0
Levisticum_officinale	SUPER_8	129306742-129306924	8.40e-07	ACCCTAA	4	SUPER_8	130529569-130529390	1.60e-06	ACCCTAA	4	0
Levisticum_officinale	SUPER_8	129306742-129306924	8.40e-07	ACCCTAA	4	SUPER_8	130477596-130477418	2.20e-06	ACCCTAA	4	0
Levisticum_officinale	SUPER_8	129306742-129306924	8.40e-07	ACCCTAA	4	SUPER_8	130532249-130532100	6.80e-06	ACCCTAA	4	0
Levisticum_officinale	SUPER_8	129306742-129306924	8.40e-07	ACCCTAA	4	SUPER_8	129308067-129308216	8.40e-06	ACCCTAA	4	0
Levisticum_officinale	SUPER_8	129306742-129306924	8.40e-07	ACCCTAA	4	SUPER_8	130533574-130533425	9.10e-06	ACCCTAA	4	0
Levisticum_officinale	SUPER_8	129306742-129306924	8.40e-07	ACCCTAA	4	SUPER_8	129283200-129283378	1.60e-05	ACCCTAA	4	0
Levisticum_officinale	SUPER_8	129306742-129306924	8.40e-07	ACCCTAA	4	SUPER_8	130496242-130496063	3.50e-05	ACCCTAA	4	0
Levisticum_officinale	SUPER_8	130494679-130494500	1.30e-06	ACCCTAA	4	SUPER_8	130529569-130529390	1.60e-06	ACCCTAA	4	0
Levisticum_officinale	SUPER_8	130494679-130494500	1.30e-06	ACCCTAA	4	SUPER_8	130477596-130477418	2.20e-06	ACCCTAA	4	0
Levisticum_officinale	SUPER_8	130494679-130494500	1.30e-06	ACCCTAA	4	SUPER_8	130532249-130532100	6.80e-06	ACCCTAA	4	0
Levisticum_officinale	SUPER_8	130494679-130494500	1.30e-06	ACCCTAA	4	SUPER_8	129308067-129308216	8.40e-06	ACCCTAA	4	0
Levisticum_officinale	SUPER_8	130494679-130494500	1.30e-06	ACCCTAA	4	SUPER_8	130533574-130533425	9.10e-06	ACCCTAA	4	0
Levisticum_officinale	SUPER_8	130494679-130494500	1.30e-06	ACCCTAA	4	SUPER_8	129283200-129283378	1.60e-05	ACCCTAA	4	0
Levisticum_officinale	SUPER_8	130494679-130494500	1.30e-06	ACCCTAA	4	SUPER_8	130496242-130496063	3.50e-05	ACCCTAA	4	0
Levisticum_officinale	SUPER_8	130529569-130529390	1.60e-06	ACCCTAA	4	SUPER_8	130477596-130477418	2.20e-06	ACCCTAA	4	0
Levisticum_officinale	SUPER_8	130529569-130529390	1.60e-06	ACCCTAA	4	SUPER_8	130532249-130532100	6.80e-06	ACCCTAA	4	0
Levisticum_officinale	SUPER_8	130529569-130529390	1.60e-06	ACCCTAA	4	SUPER_8	129308067-129308216	8.40e-06	ACCCTAA	4	0
Levisticum_officinale	SUPER_8	130529569-130529390	1.60e-06	ACCCTAA	4	SUPER_8	130533574-130533425	9.10e-06	ACCCTAA	4	0
Levisticum_officinale	SUPER_8	130529569-130529390	1.60e-06	ACCCTAA	4	SUPER_8	129283200-129283378	1.60e-05	ACCCTAA	4	0
Levisticum_officinale	SUPER_8	130529569-130529390	1.60e-06	ACCCTAA	4	SUPER_8	130496242-130496063	3.50e-05	ACCCTAA	4	0
Levisticum_officinale	SUPER_8	130477596-130477418	2.20e-06	ACCCTAA	4	SUPER_8	130532249-130532100	6.80e-06	ACCCTAA	4	0
Levisticum_officinale	SUPER_8	130477596-130477418	2.20e-06	ACCCTAA	4	SUPER_8	129308067-129308216	8.40e-06	ACCCTAA	4	0
Levisticum_officinale	SUPER_8	130477596-130477418	2.20e-06	ACCCTAA	4	SUPER_8	130533574-130533425	9.10e-06	ACCCTAA	4	0
Levisticum_officinale	SUPER_8	130477596-130477418	2.20e-06	ACCCTAA	4	SUPER_8	129283200-129283378	1.60e-05	ACCCTAA	4	0
Levisticum_officinale	SUPER_8	130477596-130477418	2.20e-06	ACCCTAA	4	SUPER_8	130496242-130496063	3.50e-05	ACCCTAA	4	0
Levisticum_officinale	SUPER_8	130532249-130532100	6.80e-06	ACCCTAA	4	SUPER_8	129308067-129308216	8.40e-06	ACCCTAA	4	0
Levisticum_officinale	SUPER_8	130532249-130532100	6.80e-06	ACCCTAA	4	SUPER_8	130533574-130533425	9.10e-06	ACCCTAA	4	0
Levisticum_officinale	SUPER_8	130532249-130532100	6.80e-06	ACCCTAA	4	SUPER_8	129283200-129283378	1.60e-05	ACCCTAA	4	0
Levisticum_officinale	SUPER_8	130532249-130532100	6.80e-06	ACCCTAA	4	SUPER_8	130496242-130496063	3.50e-05	ACCCTAA	4	0
Levisticum_officinale	SUPER_8	129308067-129308216	8.40e-06	ACCCTAA	4	SUPER_8	130533574-130533425	9.10e-06	ACCCTAA	4	0
Levisticum_officinale	SUPER_8	129308067-129308216	8.40e-06	ACCCTAA	4	SUPER_8	129283200-129283378	1.60e-05	ACCCTAA	4	0
Levisticum_officinale	SUPER_8	129308067-129308216	8.40e-06	ACCCTAA	4	SUPER_8	130496242-130496063	3.50e-05	ACCCTAA	4	0
Levisticum_officinale	SUPER_8	130533574-130533425	9.10e-06	ACCCTAA	4	SUPER_8	129283200-129283378	1.60e-05	ACCCTAA	4	0
Levisticum_officinale	SUPER_8	130533574-130533425	9.10e-06	ACCCTAA	4	SUPER_8	130496242-130496063	3.50e-05	ACCCTAA	4	0
Levisticum_officinale	SUPER_8	129283200-129283378	1.60e-05	ACCCTAA	4	SUPER_8	130496242-130496063	3.50e-05	ACCCTAA	4	0
Lewinskya_speciosa	SUPER_1	65070015-65069804	4.70e-07	CACCCTAAACC	3	SUPER_11	30982365-30982223	5.20e-06	CACCCTAAACC	3	0
Linaria_repens	SUPER_5	62026980-62026613	2.90e-49	CTAAACCCT	0	SUPER_5	62628799-62629104	2.00e-42	CTAAACCCT	0	0
Linaria_repens	SUPER_5	62026980-62026613	2.90e-49	CTAAACCCT	0	SUPER_5	62630966-62631268	1.10e-40	CTAAACCCT	0	0
Linaria_repens	SUPER_5	62628799-62629104	2.00e-42	CTAAACCCT	0	SUPER_5	62630966-62631268	1.10e-40	CTAAACCCT	0	0
Linnaea_borealis	SUPER_12	14827007-14826670	8.10e-55	AAACCCTAAACC	2	SUPER_12	14799062-14798718	1.50e-53	AAACCCTAAACC	2	0
Logfia_minima	SUPER_1	13713940-13713599	7.70e-30	TAAACCCTAAACC	1	SUPER_1	13726559-13726218	2.80e-27	TAAACCCTAAACC	1	0
Logfia_minima	SUPER_1	13713940-13713599	7.70e-30	TAAACCCTAAACC	1	SUPER_9	18448086-18447750	7.40e-14	TAAACCCTAAACC	1	0
Logfia_minima	SUPER_1	13726559-13726218	2.80e-27	TAAACCCTAAACC	1	SUPER_9	18448086-18447750	7.40e-14	TAAACCCTAAACC	1	0
Lotus_pedunculatus	SUPER_3	581181-581517	2.00e-45	AACCCTAA	3	SUPER_3	34327064-34326892	1.50e-22	AACCCTAA	3	0
Lotus_subbiflorus	SUPER_10	62484590-62484259	5.80e-41	AACCCTAA	3	SUPER_8	65902923-65902689	6.60e-34	AACCCTAA	3	0
Lotus_subbiflorus	SUPER_10	62484590-62484259	5.80e-41	AACCCTAA	3	SUPER_8	65903160-65902924	3.20e-31	AACCCTAA	3	0
Lotus_subbiflorus	SUPER_8	65902923-65902689	6.60e-34	AACCCTAA	3	SUPER_8	65903160-65902924	3.20e-31	AACCCTAA	3	0
Lycopus_europaeus	SUPER_7	24945556-24945881	4.30e-55	TAAACCCTAAACC	1	SUPER_7	24917266-24917591	4.90e-54	TAAACCCTAAACC	1	0
Lycopus_europaeus	SUPER_7	24945556-24945881	4.30e-55	TAAACCCTAAACC	1	SUPER_5	19137365-19137690	5.80e-54	TAAACCCTAAACC	1	0
Lycopus_europaeus	SUPER_7	24945556-24945881	4.30e-55	TAAACCCTAAACC	1	SUPER_5	1768086-1768409	1.20e-53	TAAACCCTAAACC	1	0
Lycopus_europaeus	SUPER_7	24945556-24945881	4.30e-55	TAAACCCTAAACC	1	SUPER_7	24892122-24892447	3.50e-51	TAAACCCTAAACC	1	0
Lycopus_europaeus	SUPER_7	24917266-24917591	4.90e-54	TAAACCCTAAACC	1	SUPER_5	19137365-19137690	5.80e-54	TAAACCCTAAACC	1	0
Lycopus_europaeus	SUPER_7	24917266-24917591	4.90e-54	TAAACCCTAAACC	1	SUPER_5	1768086-1768409	1.20e-53	TAAACCCTAAACC	1	0
Lycopus_europaeus	SUPER_7	24917266-24917591	4.90e-54	TAAACCCTAAACC	1	SUPER_7	24892122-24892447	3.50e-51	TAAACCCTAAACC	1	0
Lycopus_europaeus	SUPER_5	19137365-19137690	5.80e-54	TAAACCCTAAACC	1	SUPER_5	1768086-1768409	1.20e-53	TAAACCCTAAACC	1	0
Lycopus_europaeus	SUPER_5	19137365-19137690	5.80e-54	TAAACCCTAAACC	1	SUPER_7	24892122-24892447	3.50e-51	TAAACCCTAAACC	1	0
Lycopus_europaeus	SUPER_5	1768086-1768409	1.20e-53	TAAACCCTAAACC	1	SUPER_7	24892122-24892447	3.50e-51	TAAACCCTAAACC	1	0
Lythrum_salicaria	SUPER_15_HAP3	31634719-31635039	1.50e-33	AAACCCTAAACCT	2	SUPER_15_HAP2	36531412-36531732	3.40e-32	AAACCCTAAACCT	2	0
Lythrum_salicaria	SUPER_15_HAP3	31634719-31635039	1.50e-33	AAACCCTAAACCT	2	HAP2_SCAFFOLD_31	342254-341923	6.10e-32	AAACCCTAAACCT	2	0
Lythrum_salicaria	SUPER_15_HAP2	36531412-36531732	3.40e-32	AAACCCTAAACCT	2	HAP2_SCAFFOLD_31	342254-341923	6.10e-32	AAACCCTAAACCT	2	0
Lythrum_salicaria	SUPER_2_HAP2	29631522-29631202	4.80e-29	ACCCTAAACCC	4	SUPER_2_HAP4	31431275-31430954	8.50e-29	ACCCTAAACCC	4	0
Lythrum_salicaria	SUPER_8_HAP2	11229318-11229452	1.90e-08	AACCCTAAACC	3	SUPER_8_HAP3	13728229-13728363	1.90e-08	AACCCTAAACC	3	0
Lythrum_salicaria	SUPER_8_HAP2	11229318-11229452	1.90e-08	AACCCTAAACC	3	SUPER_8_HAP4	11207614-11207748	1.90e-08	AACCCTAAACC	3	0
Lythrum_salicaria	SUPER_8_HAP3	13728229-13728363	1.90e-08	AACCCTAAACC	3	SUPER_8_HAP4	11207614-11207748	1.90e-08	AACCCTAAACC	3	0
Malus_sylvestris	SUPER_12	32135063-32134704	6.20e-54	AACCCTAAACC	3	SUPER_4	30729537-30729179	1.10e-53	AACCCTAAACC	3	0
Malus_x_robusta	SUPER_13	412681-413038	1.30e-56	AACCCTAAACC	3	SUPER_17	377161-377516	3.00e-53	AACCCTAAACC	3	0
Matricaria_discoidea	HAP2_SCAFFOLD_2	111721892-111722214	2.20e-15	AACCCTAAAC	3	HAP2_SCAFFOLD_6	111734308-111734579	1.70e-10	AACCCTAAAC	3	0
Medicago_lupulina	SUPER_6	57012305-57012618	4.00e-47	TAAACCCTAAAC	1	SUPER_3	25930308-25930574	1.70e-23	TAAACCCTAAAC	1	0
Mentha_aquatica	SUPER_46	11619338-11619030	2.50e-39	AACCCTAAACCC	3	SUPER_46	11652727-11652413	1.30e-38	AACCCTAAACCC	3	0
Mentha_aquatica	SUPER_46	11619338-11619030	2.50e-39	AACCCTAAACCC	3	SUPER_46	11546426-11546734	1.30e-37	AACCCTAAACCC	3	0
Mentha_aquatica	SUPER_46	11619338-11619030	2.50e-39	AACCCTAAACCC	3	SUPER_2	9366239-9365946	4.20e-35	AACCCTAAACCC	3	0
Mentha_aquatica	SUPER_46	11619338-11619030	2.50e-39	AACCCTAAACCC	3	SUPER_46	11632768-11632468	1.70e-28	AACCCTAAACCC	3	0
Mentha_aquatica	SUPER_46	11619338-11619030	2.50e-39	AACCCTAAACCC	3	SUPER_46	11660798-11660632	4.60e-14	AACCCTAAACCC	3	0
Mentha_aquatica	SUPER_46	11652727-11652413	1.30e-38	AACCCTAAACCC	3	SUPER_46	11546426-11546734	1.30e-37	AACCCTAAACCC	3	0
Mentha_aquatica	SUPER_46	11652727-11652413	1.30e-38	AACCCTAAACCC	3	SUPER_2	9366239-9365946	4.20e-35	AACCCTAAACCC	3	0
Mentha_aquatica	SUPER_46	11652727-11652413	1.30e-38	AACCCTAAACCC	3	SUPER_46	11632768-11632468	1.70e-28	AACCCTAAACCC	3	0
Mentha_aquatica	SUPER_46	11652727-11652413	1.30e-38	AACCCTAAACCC	3	SUPER_46	11660798-11660632	4.60e-14	AACCCTAAACCC	3	0
Mentha_aquatica	SUPER_46	11546426-11546734	1.30e-37	AACCCTAAACCC	3	SUPER_2	9366239-9365946	4.20e-35	AACCCTAAACCC	3	0
Mentha_aquatica	SUPER_46	11546426-11546734	1.30e-37	AACCCTAAACCC	3	SUPER_46	11632768-11632468	1.70e-28	AACCCTAAACCC	3	0
Mentha_aquatica	SUPER_46	11546426-11546734	1.30e-37	AACCCTAAACCC	3	SUPER_46	11660798-11660632	4.60e-14	AACCCTAAACCC	3	0
Mentha_aquatica	SUPER_2	9366239-9365946	4.20e-35	AACCCTAAACCC	3	SUPER_46	11632768-11632468	1.70e-28	AACCCTAAACCC	3	0
Mentha_aquatica	SUPER_2	9366239-9365946	4.20e-35	AACCCTAAACCC	3	SUPER_46	11660798-11660632	4.60e-14	AACCCTAAACCC	3	0
Mentha_aquatica	SUPER_46	11632768-11632468	1.70e-28	AACCCTAAACCC	3	SUPER_46	11660798-11660632	4.60e-14	AACCCTAAACCC	3	0
Mimulus_peregrinus	SUPER_29_HAP2	12235250-12234887	8.50e-38	AACCCGAAACC	3	SUPER_14_HAP2	15272721-15273080	1.50e-36	AACCCGAAACC	3	0
Mimulus_peregrinus	SUPER_29_HAP2	12235250-12234887	8.50e-38	AACCCGAAACC	3	SUPER_23_HAP2	12575339-12575702	1.60e-33	AACCCGAAACC	3	0
Mimulus_peregrinus	SUPER_14_HAP2	15272721-15273080	1.50e-36	AACCCGAAACC	3	SUPER_23_HAP2	12575339-12575702	1.60e-33	AACCCGAAACC	3	0
Myrica_gale	SUPER_18	8667989-8668310	2.00e-49	AACCCTAAACC	3	SUPER_2	20600705-20601022	4.70e-49	AACCCTAAACC	3	0
Myriophyllum_aquaticum	SUPER_5_HAP2	31137030-31136693	1.00e-43	CTAAACCCTAAACC	0	SUPER_7_HAP2	30056752-30056619	2.80e-07	CTAAACCCTAAACC	0	0
Myriophyllum_spicatum	SUPER_10_HAP1	4543370-4543708	5.10e-41	CTAAACCCTAAACC	0	SUPER_12_HAP1	4951995-4952318	6.60e-24	CTAAACCCTAAACC	0	0
Myrrhis_odorata	SUPER_8	52167611-52167910	3.10e-07	ACCCTAACCT	4	SUPER_8	52157467-52157764	1.70e-06	ACCCTAACCT	4	0
Myrrhis_odorata	SUPER_8	52167611-52167910	3.10e-07	ACCCTAACCT	4	SUPER_8	52164084-52164379	4.60e-06	ACCCTAACCT	4	0
Myrrhis_odorata	SUPER_8	52167611-52167910	3.10e-07	ACCCTAACCT	4	SUPER_8	52154010-52154303	3.90e-05	ACCCTAACCT	4	0
Myrrhis_odorata	SUPER_8	52157467-52157764	1.70e-06	ACCCTAACCT	4	SUPER_8	52164084-52164379	4.60e-06	ACCCTAACCT	4	0
Myrrhis_odorata	SUPER_8	52157467-52157764	1.70e-06	ACCCTAACCT	4	SUPER_8	52154010-52154303	3.90e-05	ACCCTAACCT	4	0
Myrrhis_odorata	SUPER_8	52164084-52164379	4.60e-06	ACCCTAACCT	4	SUPER_8	52154010-52154303	3.90e-05	ACCCTAACCT	4	0
Narthecium_ossifragum	SUPER_2	7210168-7209841	2.00e-25	TAAACCCTAAAC	1	SUPER_6	22857832-22857621	3.50e-19	TAAACCCTAAAC	1	0
Nicotiana_alata	SUPER_3_HAP2	175570399-175570585	2.60e-07	AAACCCTAAA	2	SUPER_7_HAP2	157082075-157082258	1.10e-05	AAACCCTAAA	2	0
Nicotiana_alata	SUPER_3_HAP2	175570399-175570585	2.60e-07	AAACCCTAAA	2	SUPER_7_HAP2	157111417-157111589	5.70e-05	AAACCCTAAA	2	0
Nicotiana_alata	SUPER_7_HAP2	157082075-157082258	1.10e-05	AAACCCTAAA	2	SUPER_7_HAP2	157111417-157111589	5.70e-05	AAACCCTAAA	2	0
Nymphoides_peltata	SUPER_1	364401-364708	1.40e-31	ACCCTAAC	4	SUPER_1	256216-255920	9.40e-30	ACCCTAAC	4	0
Nymphoides_peltata	SUPER_1	364401-364708	1.40e-31	ACCCTAAC	4	SUPER_11	3406846-3406966	6.20e-05	ACCCTAAC	4	0
Nymphoides_peltata	SUPER_1	256216-255920	9.40e-30	ACCCTAAC	4	SUPER_11	3406846-3406966	6.20e-05	ACCCTAAC	4	0
Ornithopus_perpusillus	SUPER_1	87206923-87207261	1.60e-49	AACCCTAAAC	3	SUPER_6	415027-415359	6.10e-40	AACCCTAAAC	3	0
Orthothecium_rufescens	SUPER_6	8472226-8472105	2.60e-09	TAAACCCTAAACC	1	SUPER_6	8680362-8680196	1.20e-08	TAAACCCTAAACC	1	0
Orthothecium_rufescens	SUPER_6	8472226-8472105	2.60e-09	TAAACCCTAAACC	1	SUPER_8	7139933-7139739	2.70e-07	TAAACCCTAAACC	1	0
Orthothecium_rufescens	SUPER_6	8472226-8472105	2.60e-09	TAAACCCTAAACC	1	SUPER_6	8025137-8025259	5.50e-07	TAAACCCTAAACC	1	0
Orthothecium_rufescens	SUPER_6	8472226-8472105	2.60e-09	TAAACCCTAAACC	1	SUPER_6	8053178-8053294	1.80e-06	TAAACCCTAAACC	1	0
Orthothecium_rufescens	SUPER_6	8472226-8472105	2.60e-09	TAAACCCTAAACC	1	SUPER_6	7976274-7976387	2.90e-05	TAAACCCTAAACC	1	0
Orthothecium_rufescens	SUPER_6	8680362-8680196	1.20e-08	TAAACCCTAAACC	1	SUPER_8	7139933-7139739	2.70e-07	TAAACCCTAAACC	1	0
Orthothecium_rufescens	SUPER_6	8680362-8680196	1.20e-08	TAAACCCTAAACC	1	SUPER_6	8025137-8025259	5.50e-07	TAAACCCTAAACC	1	0
Orthothecium_rufescens	SUPER_6	8680362-8680196	1.20e-08	TAAACCCTAAACC	1	SUPER_6	8053178-8053294	1.80e-06	TAAACCCTAAACC	1	0
Orthothecium_rufescens	SUPER_6	8680362-8680196	1.20e-08	TAAACCCTAAACC	1	SUPER_6	7976274-7976387	2.90e-05	TAAACCCTAAACC	1	0
Orthothecium_rufescens	SUPER_8	7139933-7139739	2.70e-07	TAAACCCTAAACC	1	SUPER_6	8025137-8025259	5.50e-07	TAAACCCTAAACC	1	0
Orthothecium_rufescens	SUPER_8	7139933-7139739	2.70e-07	TAAACCCTAAACC	1	SUPER_6	8053178-8053294	1.80e-06	TAAACCCTAAACC	1	0
Orthothecium_rufescens	SUPER_8	7139933-7139739	2.70e-07	TAAACCCTAAACC	1	SUPER_6	7976274-7976387	2.90e-05	TAAACCCTAAACC	1	0
Orthothecium_rufescens	SUPER_6	8025137-8025259	5.50e-07	TAAACCCTAAACC	1	SUPER_6	8053178-8053294	1.80e-06	TAAACCCTAAACC	1	0
Orthothecium_rufescens	SUPER_6	8025137-8025259	5.50e-07	TAAACCCTAAACC	1	SUPER_6	7976274-7976387	2.90e-05	TAAACCCTAAACC	1	0
Orthothecium_rufescens	SUPER_6	8053178-8053294	1.80e-06	TAAACCCTAAACC	1	SUPER_6	7976274-7976387	2.90e-05	TAAACCCTAAACC	1	0
Orthothecium_rufescens	SUPER_10	9758984-9758860	7.40e-05	AACCCTAAACC	3	SUPER_9	17085252-17085133	9.90e-05	AACCCTAAACC	3	0
Persicaria_amphibia	SUPER_42	5630525-5630187	2.50e-44	AACCCTAAACCTCCC	2	SUPER_39	4650461-4650122	2.80e-38	AACCCTAAACCTCCC	2	0
Persicaria_amphibia	SUPER_42	5630525-5630187	2.50e-44	AACCCTAAACCTCCC	2	SUPER_48	6178980-6178731	2.00e-26	AACCCTAAACCTCCC	3	0
Persicaria_amphibia	SUPER_42	5630525-5630187	2.50e-44	AACCCTAAACCTCCC	2	SUPER_41	31224040-31223813	3.90e-21	AACCCTAAACCTCCC	3	0
Persicaria_amphibia	SUPER_42	5630525-5630187	2.50e-44	AACCCTAAACCTCCC	2	SUPER_7	25921500-25921312	1.40e-14	AACCCTAAACCTCCC	2	0
Persicaria_amphibia	SUPER_42	5630525-5630187	2.50e-44	AACCCTAAACCTCCC	2	SUPER_5	25681310-25681515	1.70e-14	AACCCTAAACCTCCC	3	0
Persicaria_amphibia	SUPER_39	4650461-4650122	2.80e-38	AACCCTAAACCTCCC	2	SUPER_48	6178980-6178731	2.00e-26	AACCCTAAACCTCCC	3	0
Persicaria_amphibia	SUPER_39	4650461-4650122	2.80e-38	AACCCTAAACCTCCC	2	SUPER_41	31224040-31223813	3.90e-21	AACCCTAAACCTCCC	3	0
Persicaria_amphibia	SUPER_39	4650461-4650122	2.80e-38	AACCCTAAACCTCCC	2	SUPER_7	25921500-25921312	1.40e-14	AACCCTAAACCTCCC	2	0
Persicaria_amphibia	SUPER_39	4650461-4650122	2.80e-38	AACCCTAAACCTCCC	2	SUPER_5	25681310-25681515	1.70e-14	AACCCTAAACCTCCC	3	0
Persicaria_amphibia	SUPER_48	6178980-6178731	2.00e-26	AACCCTAAACCTCCC	3	SUPER_41	31224040-31223813	3.90e-21	AACCCTAAACCTCCC	3	0
Persicaria_amphibia	SUPER_48	6178980-6178731	2.00e-26	AACCCTAAACCTCCC	3	SUPER_7	25921500-25921312	1.40e-14	AACCCTAAACCTCCC	2	0
Persicaria_amphibia	SUPER_48	6178980-6178731	2.00e-26	AACCCTAAACCTCCC	3	SUPER_5	25681310-25681515	1.70e-14	AACCCTAAACCTCCC	3	0
Persicaria_amphibia	SUPER_41	31224040-31223813	3.90e-21	AACCCTAAACCTCCC	3	SUPER_7	25921500-25921312	1.40e-14	AACCCTAAACCTCCC	2	0
Persicaria_amphibia	SUPER_41	31224040-31223813	3.90e-21	AACCCTAAACCTCCC	3	SUPER_5	25681310-25681515	1.70e-14	AACCCTAAACCTCCC	3	0
Persicaria_amphibia	SUPER_7	25921500-25921312	1.40e-14	AACCCTAAACCTCCC	2	SUPER_5	25681310-25681515	1.70e-14	AACCCTAAACCTCCC	3	0
Persicaria_maculosa	SUPER_1	7982217-7981885	2.20e-42	AACCCTAAACCT	3	SUPER_20	51925919-51926255	2.90e-42	AACCCTAAACCT	3	0
Persicaria_maculosa	SUPER_1	7982217-7981885	2.20e-42	AACCCTAAACCT	3	SUPER_13	33851102-33851331	5.80e-08	AACCCTAAACCT	3	0
Persicaria_maculosa	SUPER_20	51925919-51926255	2.90e-42	AACCCTAAACCT	3	SUPER_13	33851102-33851331	5.80e-08	AACCCTAAACCT	3	0
Petasites_albus	SUPER_17	69406257-69406613	1.30e-38	AACCCTAAACC	3	SUPER_23	233082-233271	3.50e-07	AACCCTAAACC	3	0
Phalaris_arundinacea	SUPER_6	6118952-6119232	7.60e-11	AACCCTAAACC	3	SUPER_3	332319091-332318829	1.90e-08	AACCCTAAACC	3	0
Phalaris_arundinacea	SUPER_6	6118952-6119232	7.60e-11	AACCCTAAACC	3	SUPER_5	132625490-132625682	2.20e-08	AACCCTAAACC	3	0
Phalaris_arundinacea	SUPER_6	6118952-6119232	7.60e-11	AACCCTAAACC	3	SUPER_8	116375807-116376146	4.50e-06	AACCCTAAACC	3	0
Phalaris_arundinacea	SUPER_6	6118952-6119232	7.60e-11	AACCCTAAACC	3	SUPER_3	332377093-332376970	1.00e-05	AACCCTAAACC	3	0
Phalaris_arundinacea	SUPER_3	332319091-332318829	1.90e-08	AACCCTAAACC	3	SUPER_5	132625490-132625682	2.20e-08	AACCCTAAACC	3	0
Phalaris_arundinacea	SUPER_3	332319091-332318829	1.90e-08	AACCCTAAACC	3	SUPER_8	116375807-116376146	4.50e-06	AACCCTAAACC	3	0
Phalaris_arundinacea	SUPER_3	332319091-332318829	1.90e-08	AACCCTAAACC	3	SUPER_3	332377093-332376970	1.00e-05	AACCCTAAACC	3	0
Phalaris_arundinacea	SUPER_5	132625490-132625682	2.20e-08	AACCCTAAACC	3	SUPER_8	116375807-116376146	4.50e-06	AACCCTAAACC	3	0
Phalaris_arundinacea	SUPER_5	132625490-132625682	2.20e-08	AACCCTAAACC	3	SUPER_3	332377093-332376970	1.00e-05	AACCCTAAACC	3	0
Phalaris_arundinacea	SUPER_8	116375807-116376146	4.50e-06	AACCCTAAACC	3	SUPER_3	332377093-332376970	1.00e-05	AACCCTAAACC	3	0
Phleum_pratense	SUPER_1	115814436-115814158	8.30e-08	AACCCTAAACC	3	SUPER_2	193180548-193180421	9.30e-08	AACCCTAAACC	3	0
Pilosella_aurantiaca	SUPER_12_HAP1	60133762-60134102	1.80e-28	AACCCTAAACC	3	SUPER_10_HAP1	64838773-64839104	2.40e-28	AACCCTAAACC	3	0
Platanus_x_hispanica	SUPER_15	52743873-52744058	5.90e-20	AAACCCTAAAC	2	SUPER_14	2004877-2004681	1.10e-19	AAACCCTAAAC	2	0
Platanus_x_hispanica	SUPER_15	52743873-52744058	5.90e-20	AAACCCTAAAC	2	SUPER_7	60157913-60157717	1.20e-18	AAACCCTAAAC	2	0
Platanus_x_hispanica	SUPER_15	52743873-52744058	5.90e-20	AAACCCTAAAC	2	SUPER_5	72318952-72318757	9.80e-18	AAACCCTAAAC	2	0
Platanus_x_hispanica	SUPER_15	52743873-52744058	5.90e-20	AAACCCTAAAC	2	SUPER_15	60210343-60210151	2.70e-15	AAACCCTAAAC	2	0
Platanus_x_hispanica	SUPER_15	52743873-52744058	5.90e-20	AAACCCTAAAC	2	SUPER_5	72326375-72326570	3.00e-15	AAACCCTAAAC	2	0
Platanus_x_hispanica	SUPER_15	52743873-52744058	5.90e-20	AAACCCTAAAC	2	SUPER_11	45355080-45355265	2.40e-10	AAACCCTAAAC	2	0
Platanus_x_hispanica	SUPER_14	2004877-2004681	1.10e-19	AAACCCTAAAC	2	SUPER_7	60157913-60157717	1.20e-18	AAACCCTAAAC	2	0
Platanus_x_hispanica	SUPER_14	2004877-2004681	1.10e-19	AAACCCTAAAC	2	SUPER_5	72318952-72318757	9.80e-18	AAACCCTAAAC	2	0
Platanus_x_hispanica	SUPER_14	2004877-2004681	1.10e-19	AAACCCTAAAC	2	SUPER_15	60210343-60210151	2.70e-15	AAACCCTAAAC	2	0
Platanus_x_hispanica	SUPER_14	2004877-2004681	1.10e-19	AAACCCTAAAC	2	SUPER_5	72326375-72326570	3.00e-15	AAACCCTAAAC	2	0
Platanus_x_hispanica	SUPER_14	2004877-2004681	1.10e-19	AAACCCTAAAC	2	SUPER_11	45355080-45355265	2.40e-10	AAACCCTAAAC	2	0
Platanus_x_hispanica	SUPER_7	60157913-60157717	1.20e-18	AAACCCTAAAC	2	SUPER_5	72318952-72318757	9.80e-18	AAACCCTAAAC	2	0
Platanus_x_hispanica	SUPER_7	60157913-60157717	1.20e-18	AAACCCTAAAC	2	SUPER_15	60210343-60210151	2.70e-15	AAACCCTAAAC	2	0
Platanus_x_hispanica	SUPER_7	60157913-60157717	1.20e-18	AAACCCTAAAC	2	SUPER_5	72326375-72326570	3.00e-15	AAACCCTAAAC	2	0
Platanus_x_hispanica	SUPER_7	60157913-60157717	1.20e-18	AAACCCTAAAC	2	SUPER_11	45355080-45355265	2.40e-10	AAACCCTAAAC	2	0
Platanus_x_hispanica	SUPER_5	72318952-72318757	9.80e-18	AAACCCTAAAC	2	SUPER_15	60210343-60210151	2.70e-15	AAACCCTAAAC	2	0
Platanus_x_hispanica	SUPER_5	72318952-72318757	9.80e-18	AAACCCTAAAC	2	SUPER_5	72326375-72326570	3.00e-15	AAACCCTAAAC	2	0
Platanus_x_hispanica	SUPER_5	72318952-72318757	9.80e-18	AAACCCTAAAC	2	SUPER_11	45355080-45355265	2.40e-10	AAACCCTAAAC	2	0
Platanus_x_hispanica	SUPER_15	60210343-60210151	2.70e-15	AAACCCTAAAC	2	SUPER_5	72326375-72326570	3.00e-15	AAACCCTAAAC	2	0
Platanus_x_hispanica	SUPER_15	60210343-60210151	2.70e-15	AAACCCTAAAC	2	SUPER_11	45355080-45355265	2.40e-10	AAACCCTAAAC	2	0
Platanus_x_hispanica	SUPER_5	72326375-72326570	3.00e-15	AAACCCTAAAC	2	SUPER_11	45355080-45355265	2.40e-10	AAACCCTAAAC	2	0
Platanus_x_hispanica	SUPER_5	29666929-29667100	3.30e-15	CCTAAAC	5	SUPER_11	30693322-30693494	9.60e-12	CCTAAAC	5	0
Platanus_x_hispanica	SUPER_5	29666929-29667100	3.30e-15	CCTAAAC	5	SUPER_2	81903756-81903928	3.80e-11	CCTAAAC	5	0
Platanus_x_hispanica	SUPER_5	29666929-29667100	3.30e-15	CCTAAAC	5	SUPER_11	11788996-11789168	5.40e-11	CCTAAAC	5	0
Platanus_x_hispanica	SUPER_5	29666929-29667100	3.30e-15	CCTAAAC	5	SUPER_14	11910322-11910494	7.00e-10	CCTAAAC	5	0
Platanus_x_hispanica	SUPER_11	30693322-30693494	9.60e-12	CCTAAAC	5	SUPER_2	81903756-81903928	3.80e-11	CCTAAAC	5	0
Platanus_x_hispanica	SUPER_11	30693322-30693494	9.60e-12	CCTAAAC	5	SUPER_11	11788996-11789168	5.40e-11	CCTAAAC	5	0
Platanus_x_hispanica	SUPER_11	30693322-30693494	9.60e-12	CCTAAAC	5	SUPER_14	11910322-11910494	7.00e-10	CCTAAAC	5	0
Platanus_x_hispanica	SUPER_2	81903756-81903928	3.80e-11	CCTAAAC	5	SUPER_11	11788996-11789168	5.40e-11	CCTAAAC	5	0
Platanus_x_hispanica	SUPER_2	81903756-81903928	3.80e-11	CCTAAAC	5	SUPER_14	11910322-11910494	7.00e-10	CCTAAAC	5	0
Platanus_x_hispanica	SUPER_11	11788996-11789168	5.40e-11	CCTAAAC	5	SUPER_14	11910322-11910494	7.00e-10	CCTAAAC	5	0
Poa_chaixii	SUPER_2	1685766-1685532	4.80e-10	AAACCAA	9	SUPER_1	57637614-57637326	4.80e-08	AAACCAA	9	0
Pohlia_cruda	SUPER_11	8268167-8268353	1.20e-06	AACCCTAAACC	3	SUPER_11	7309743-7309917	2.00e-06	AACCCTAAACC	3	0
Pohlia_nutans	SUPER_20	4564990-4565208	2.90e-08	AACCCTAAACC	3	SUPER_17	6541332-6541509	4.00e-08	AACCCTAAACC	3	0
Polycarpon_tetraphyllum	SUPER_11	37691736-37692096	8.20e-25	AAACCCTAAACCT	2	SUPER_24	31496392-31496750	1.20e-23	AAACCCTAAACCT	2	0
Polycarpon_tetraphyllum	SUPER_21	3922362-3921999	7.80e-23	AACCCTAAACCT	3	SUPER_17	35439713-35439354	5.70e-22	AACCCTAAACCT	3	0
Polypogon_viridis	SUPER_3	83012981-83013275	9.20e-10	AAACCCTAAACC	2	SUPER_1	91005337-91005621	3.10e-09	AAACCCTAAACC	2	0
Potamogeton_lucens	SUPER_3	19735471-19735165	4.60e-32	TAAACCCTAAAC	1	SUPER_19	11625286-11625113	2.70e-07	TAAACCCTAAAC	1	0
Potamogeton_natans	SUPER_21	5589135-5589436	2.70e-30	TAAACCCTAAAC	1	SUPER_16	9984718-9985019	3.20e-29	TAAACCCTAAAC	1	0
Potamogeton_nodosus	SUPER_21	2224563-2224862	4.30e-29	TAAACCCTAAAC	1	SUPER_16	9345839-9345542	5.60e-28	TAAACCCTAAAC	1	0
Potamogeton_perfoliatus	SUPER_16	10309203-10309502	4.80e-30	TAAACCCTAAAC	1	SUPER_21	3042600-3042901	1.80e-29	TAAACCCTAAAC	1	0
Potentilla_anglica	SUPER_9	23385299-23385626	5.10e-60	TAAACCCTAAACCCT	1	SUPER_15	23578685-23579003	2.40e-58	TAAACCCTAAACCCT	1	0
Potentilla_anglica	SUPER_9	23385299-23385626	5.10e-60	TAAACCCTAAACCCT	1	SUPER_5	25677070-25677388	3.00e-58	TAAACCCTAAACCCT	1	0
Potentilla_anglica	SUPER_15	23578685-23579003	2.40e-58	TAAACCCTAAACCCT	1	SUPER_5	25677070-25677388	3.00e-58	TAAACCCTAAACCCT	1	0
Potentilla_anglica	SUPER_8	45412310-45412644	4.90e-55	ACTCTAAACTCTA	3	SUPER_23	3556607-3556931	2.90e-54	ACTCTAAACTCTA	4	0
Potentilla_anglica	SUPER_8	45412310-45412644	4.90e-55	ACTCTAAACTCTA	3	SUPER_22	1322376-1322530	3.00e-13	ACTCTAAACTCTA	4	0
Potentilla_anglica	SUPER_8	45412310-45412644	4.90e-55	ACTCTAAACTCTA	3	SUPER_19	893547-893680	1.60e-11	ACTCTAAACTCTA	4	0
Potentilla_anglica	SUPER_8	45412310-45412644	4.90e-55	ACTCTAAACTCTA	3	SUPER_22	22567462-22567333	3.50e-06	ACTCTAAACTCTA	4	0
Potentilla_anglica	SUPER_23	3556607-3556931	2.90e-54	ACTCTAAACTCTA	4	SUPER_22	1322376-1322530	3.00e-13	ACTCTAAACTCTA	4	0
Potentilla_anglica	SUPER_23	3556607-3556931	2.90e-54	ACTCTAAACTCTA	4	SUPER_19	893547-893680	1.60e-11	ACTCTAAACTCTA	4	0
Potentilla_anglica	SUPER_23	3556607-3556931	2.90e-54	ACTCTAAACTCTA	4	SUPER_22	22567462-22567333	3.50e-06	ACTCTAAACTCTA	4	0
Potentilla_anglica	SUPER_22	1322376-1322530	3.00e-13	ACTCTAAACTCTA	4	SUPER_19	893547-893680	1.60e-11	ACTCTAAACTCTA	4	0
Potentilla_anglica	SUPER_22	1322376-1322530	3.00e-13	ACTCTAAACTCTA	4	SUPER_22	22567462-22567333	3.50e-06	ACTCTAAACTCTA	4	0
Potentilla_anglica	SUPER_19	893547-893680	1.60e-11	ACTCTAAACTCTA	4	SUPER_22	22567462-22567333	3.50e-06	ACTCTAAACTCTA	4	0
Potentilla_indica	HAP2_SCAFFOLD_13	24153777-24153448	1.50e-61	TAAACCCTAAACCCT	1	HAP2_SCAFFOLD_8	19584895-19584599	9.40e-48	TAAACCCTAAACCCT	1	0
Potentilla_indica	HAP2_SCAFFOLD_31	31616-31953	5.50e-51	ACTCTAAACTCTA	4	HAP2_SCAFFOLD_3	8052107-8052367	1.00e-44	ACTCTAAACTCTA	4	0
Potentilla_indica	HAP2_SCAFFOLD_31	31616-31953	5.50e-51	ACTCTAAACTCTA	4	HAP2_SCAFFOLD_14	2287461-2287722	5.60e-44	ACTCTAAACTCTA	4	0
Potentilla_indica	HAP2_SCAFFOLD_3	8052107-8052367	1.00e-44	ACTCTAAACTCTA	4	HAP2_SCAFFOLD_14	2287461-2287722	5.60e-44	ACTCTAAACTCTA	4	0
Potentilla_sterilis	SUPER_6	31787478-31787148	3.90e-61	TAAACCCTAAACCCT	1	SUPER_2	33156465-33156795	8.80e-58	TAAACCCTAAACCCT	1	0
Primula_farinosa	SUPER_7	40649431-40649748	4.20e-43	AACCCTAAACC	3	SUPER_7	40656296-40656612	1.10e-36	AACCCTAAACC	3	0
Primula_farinosa	SUPER_7	40649431-40649748	4.20e-43	AACCCTAAACC	3	SUPER_7	40608207-40608488	1.10e-30	AACCCTAAACC	3	0
Primula_farinosa	SUPER_7	40656296-40656612	1.10e-36	AACCCTAAACC	3	SUPER_7	40608207-40608488	1.10e-30	AACCCTAAACC	3	0
Primula_scotica	SUPER_19	28036177-28036494	5.40e-45	AACCCTAAACC	3	SUPER_6	30849733-30850052	8.40e-44	AACCCTAAACC	3	0
Primula_scotica	SUPER_19	28036177-28036494	5.40e-45	AACCCTAAACC	3	SUPER_26	23859802-23860123	8.60e-44	AACCCTAAACC	3	0
Primula_scotica	SUPER_19	28036177-28036494	5.40e-45	AACCCTAAACC	3	SUPER_6	30860417-30860733	4.20e-43	AACCCTAAACC	3	0
Primula_scotica	SUPER_19	28036177-28036494	5.40e-45	AACCCTAAACC	3	SUPER_19	28050459-28050775	4.40e-43	AACCCTAAACC	3	0
Primula_scotica	SUPER_19	28036177-28036494	5.40e-45	AACCCTAAACC	3	SUPER_19	28057682-28057847	1.10e-13	AACCCTAAACC	3	0
Primula_scotica	SUPER_6	30849733-30850052	8.40e-44	AACCCTAAACC	3	SUPER_26	23859802-23860123	8.60e-44	AACCCTAAACC	3	0
Primula_scotica	SUPER_6	30849733-30850052	8.40e-44	AACCCTAAACC	3	SUPER_6	30860417-30860733	4.20e-43	AACCCTAAACC	3	0
Primula_scotica	SUPER_6	30849733-30850052	8.40e-44	AACCCTAAACC	3	SUPER_19	28050459-28050775	4.40e-43	AACCCTAAACC	3	0
Primula_scotica	SUPER_6	30849733-30850052	8.40e-44	AACCCTAAACC	3	SUPER_19	28057682-28057847	1.10e-13	AACCCTAAACC	3	0
Primula_scotica	SUPER_26	23859802-23860123	8.60e-44	AACCCTAAACC	3	SUPER_6	30860417-30860733	4.20e-43	AACCCTAAACC	3	0
Primula_scotica	SUPER_26	23859802-23860123	8.60e-44	AACCCTAAACC	3	SUPER_19	28050459-28050775	4.40e-43	AACCCTAAACC	3	0
Primula_scotica	SUPER_26	23859802-23860123	8.60e-44	AACCCTAAACC	3	SUPER_19	28057682-28057847	1.10e-13	AACCCTAAACC	3	0
Primula_scotica	SUPER_6	30860417-30860733	4.20e-43	AACCCTAAACC	3	SUPER_19	28050459-28050775	4.40e-43	AACCCTAAACC	3	0
Primula_scotica	SUPER_6	30860417-30860733	4.20e-43	AACCCTAAACC	3	SUPER_19	28057682-28057847	1.10e-13	AACCCTAAACC	3	0
Primula_scotica	SUPER_19	28050459-28050775	4.40e-43	AACCCTAAACC	3	SUPER_19	28057682-28057847	1.10e-13	AACCCTAAACC	3	0
Prunus_padus	SUPER_4	29418038-29417682	1.80e-63	AACCCTAAACC	3	SUPER_2	32564517-32564163	4.50e-60	AACCCTAAACC	3	0
Pulicaria_dysenterica	SUPER_4	28079378-28079720	1.50e-33	TAAACCCTAAACC	1	SUPER_5	742220-742397	8.60e-11	TAAACCCTAAACC	1	0
Pulicaria_dysenterica	SUPER_4	28079378-28079720	1.50e-33	TAAACCCTAAACC	1	SUPER_7	45783699-45783574	2.30e-08	TAAACCCTAAACC	1	0
Pulicaria_dysenterica	SUPER_9	38751316-38751670	6.50e-22	CCTAAACC	6	SUPER_5	817696-817529	1.90e-08	CCTAAACC	6	0
Pulicaria_dysenterica	SUPER_5	742220-742397	8.60e-11	TAAACCCTAAACC	1	SUPER_7	45783699-45783574	2.30e-08	TAAACCCTAAACC	1	0
Pyrus_communis	SUPER_17	24289727-24289371	1.60e-53	AACCCTAAACC	3	SUPER_9	389768-390104	1.30e-44	AACCCTAAACC	3	0
Ranunculus_repens	SUPER_9_HAP1	127434122-127434453	4.10e-13	TGAACCCTGAAC	1	SUPER_16_HAP1	403593176-403592828	6.60e-13	TGAACCCTGAAC	1	0
Ranunculus_repens	SUPER_9_HAP1	127434122-127434453	4.10e-13	TGAACCCTGAAC	1	SUPER_3_HAP1	363076302-363076609	3.50e-08	TGAACCCTGAAC	1	0
Ranunculus_repens	SUPER_16_HAP1	403593176-403592828	6.60e-13	TGAACCCTGAAC	1	SUPER_3_HAP1	363076302-363076609	3.50e-08	TGAACCCTGAAC	1	0
Ranunculus_repens	SUPER_5_HAP1	420906526-420906773	1.10e-11	AAACCCTGAACC	2	SUPER_6_HAP1	445035191-445035334	1.50e-07	AAACCCTGAACC	2	0
Ranunculus_sceleratus	SUPER_3	112346866-112347201	1.10e-24	CTAAACCCTAAACCT	0	SUPER_1	133302032-133301697	2.40e-24	CTAAACCCTAAACCT	0	0
Rosa_agrestis	SUPER_24	49204559-49204215	2.50e-55	ACCCTAAACCC	4	SUPER_21	61674283-61674622	2.00e-53	ACCCTAAACCC	4	0
Rosa_agrestis	SUPER_24	49204559-49204215	2.50e-55	ACCCTAAACCC	4	SUPER_14	64221202-64221542	3.10e-52	ACCCTAAACCC	4	0
Rosa_agrestis	SUPER_24	49204559-49204215	2.50e-55	ACCCTAAACCC	4	SUPER_3	55549009-55549358	4.70e-52	ACCCTAAACCC	4	0
Rosa_agrestis	SUPER_21	61674283-61674622	2.00e-53	ACCCTAAACCC	4	SUPER_14	64221202-64221542	3.10e-52	ACCCTAAACCC	4	0
Rosa_agrestis	SUPER_21	61674283-61674622	2.00e-53	ACCCTAAACCC	4	SUPER_3	55549009-55549358	4.70e-52	ACCCTAAACCC	4	0
Rosa_agrestis	SUPER_14	64221202-64221542	3.10e-52	ACCCTAAACCC	4	SUPER_3	55549009-55549358	4.70e-52	ACCCTAAACCC	4	0
Rosa_agrestis	SUPER_8	92249903-92250164	2.20e-36	AACCCTAAACCCT	3	SUPER_9	90193810-90194071	2.50e-36	AACCCTAAACCCT	3	0
Rosa_agrestis	SUPER_8	92249903-92250164	2.20e-36	AACCCTAAACCCT	3	SUPER_2	74776739-74776964	6.40e-28	AACCCTAAACCCT	3	0
Rosa_agrestis	SUPER_8	92249903-92250164	2.20e-36	AACCCTAAACCCT	3	SUPER_12	74512022-74512252	2.20e-26	AACCCTAAACCCT	3	0
Rosa_agrestis	SUPER_9	90193810-90194071	2.50e-36	AACCCTAAACCCT	3	SUPER_2	74776739-74776964	6.40e-28	AACCCTAAACCCT	3	0
Rosa_agrestis	SUPER_9	90193810-90194071	2.50e-36	AACCCTAAACCCT	3	SUPER_12	74512022-74512252	2.20e-26	AACCCTAAACCCT	3	0
Rosa_agrestis	SUPER_2	74776739-74776964	6.40e-28	AACCCTAAACCCT	3	SUPER_12	74512022-74512252	2.20e-26	AACCCTAAACCCT	3	0
Rosa_rubiginosa	SUPER_25	49923251-49922907	2.50e-55	ACCCTAAACCC	4	SUPER_20	61681602-61681941	2.00e-53	ACCCTAAACCC	4	0
Rosa_rubiginosa	SUPER_25	49923251-49922907	2.50e-55	ACCCTAAACCC	4	SUPER_12	64418404-64418744	3.10e-52	ACCCTAAACCC	4	0
Rosa_rubiginosa	SUPER_25	49923251-49922907	2.50e-55	ACCCTAAACCC	4	SUPER_3	55711589-55711938	4.70e-52	ACCCTAAACCC	4	0
Rosa_rubiginosa	SUPER_20	61681602-61681941	2.00e-53	ACCCTAAACCC	4	SUPER_12	64418404-64418744	3.10e-52	ACCCTAAACCC	4	0
Rosa_rubiginosa	SUPER_20	61681602-61681941	2.00e-53	ACCCTAAACCC	4	SUPER_3	55711589-55711938	4.70e-52	ACCCTAAACCC	4	0
Rosa_rubiginosa	SUPER_12	64418404-64418744	3.10e-52	ACCCTAAACCC	4	SUPER_3	55711589-55711938	4.70e-52	ACCCTAAACCC	4	0
Rosa_rubiginosa	SUPER_8	92255223-92255484	2.20e-36	AACCCTAAACCCT	3	SUPER_9	90644097-90644358	2.50e-36	AACCCTAAACCCT	3	0
Rosa_rubiginosa	SUPER_8	92255223-92255484	2.20e-36	AACCCTAAACCCT	3	SUPER_2	74909636-74909861	6.40e-28	AACCCTAAACCCT	3	0
Rosa_rubiginosa	SUPER_8	92255223-92255484	2.20e-36	AACCCTAAACCCT	3	SUPER_14	73032741-73032971	2.20e-26	AACCCTAAACCCT	3	0
Rosa_rubiginosa	SUPER_9	90644097-90644358	2.50e-36	AACCCTAAACCCT	3	SUPER_2	74909636-74909861	6.40e-28	AACCCTAAACCCT	3	0
Rosa_rubiginosa	SUPER_9	90644097-90644358	2.50e-36	AACCCTAAACCCT	3	SUPER_14	73032741-73032971	2.20e-26	AACCCTAAACCCT	3	0
Rosa_rubiginosa	SUPER_2	74909636-74909861	6.40e-28	AACCCTAAACCCT	3	SUPER_14	73032741-73032971	2.20e-26	AACCCTAAACCCT	3	0
Rosa_spinosissima	SUPER_9	7662297-7661954	8.80e-58	ACCCTAAACCC	4	SUPER_5	7539304-7538961	2.80e-54	ACCCTAAACCC	4	0
Rubus_caesius	SUPER_4	27279079-27279394	2.10e-57	AACCCTAAACCCT	3	SUPER_3	22744414-22744732	2.20e-54	AACCCTAAACCCT	3	0
Rubus_saxatilis	SUPER_4	26962644-26962958	5.10e-60	AACCCTAAACCCT	3	SUPER_2	29915313-29915634	1.40e-54	AACCCTAAACCCT	3	0
Rubus_saxatilis	SUPER_4	26962644-26962958	5.10e-60	AACCCTAAACCCT	3	SUPER_6	42936224-42936535	2.10e-42	AACCCTAAACCCT	3	0
Rubus_saxatilis	SUPER_4	26962644-26962958	5.10e-60	AACCCTAAACCCT	3	SUPER_5	3774776-3774971	1.90e-21	AACCCTAAACCCT	3	0
Rubus_saxatilis	SUPER_4	26962644-26962958	5.10e-60	AACCCTAAACCCT	3	SUPER_8	3202760-3202931	2.90e-14	AACCCTAAACCCT	3	0
Rubus_saxatilis	SUPER_2	29915313-29915634	1.40e-54	AACCCTAAACCCT	3	SUPER_6	42936224-42936535	2.10e-42	AACCCTAAACCCT	3	0
Rubus_saxatilis	SUPER_2	29915313-29915634	1.40e-54	AACCCTAAACCCT	3	SUPER_5	3774776-3774971	1.90e-21	AACCCTAAACCCT	3	0
Rubus_saxatilis	SUPER_2	29915313-29915634	1.40e-54	AACCCTAAACCCT	3	SUPER_8	3202760-3202931	2.90e-14	AACCCTAAACCCT	3	0
Rubus_saxatilis	SUPER_6	42936224-42936535	2.10e-42	AACCCTAAACCCT	3	SUPER_5	3774776-3774971	1.90e-21	AACCCTAAACCCT	3	0
Rubus_saxatilis	SUPER_6	42936224-42936535	2.10e-42	AACCCTAAACCCT	3	SUPER_8	3202760-3202931	2.90e-14	AACCCTAAACCCT	3	0
Rubus_saxatilis	SUPER_5	3774776-3774971	1.90e-21	AACCCTAAACCCT	3	SUPER_8	3202760-3202931	2.90e-14	AACCCTAAACCCT	3	0
Rumex_acetosa	SUPER_4	304069642-304069351	1.40e-30	AACCCTAAACC	3	SUPER_4	308268131-308268411	4.60e-30	AACCCTAAACC	3	0
Rumex_acetosa	SUPER_4	304069642-304069351	1.40e-30	AACCCTAAACC	3	SUPER_4	299749028-299748747	6.60e-29	AACCCTAAACC	3	0
Rumex_acetosa	SUPER_4	304069642-304069351	1.40e-30	AACCCTAAACC	3	SUPER_1	45761664-45761794	3.10e-07	AACCCTAAACC	3	0
Rumex_acetosa	SUPER_4	308268131-308268411	4.60e-30	AACCCTAAACC	3	SUPER_4	299749028-299748747	6.60e-29	AACCCTAAACC	3	0
Rumex_acetosa	SUPER_4	308268131-308268411	4.60e-30	AACCCTAAACC	3	SUPER_1	45761664-45761794	3.10e-07	AACCCTAAACC	3	0
Rumex_acetosa	SUPER_4	299749028-299748747	6.60e-29	AACCCTAAACC	3	SUPER_1	45761664-45761794	3.10e-07	AACCCTAAACC	3	0
Rumex_acetosella	SUPER_15	20513174-20512884	2.00e-32	AACCCTAAACCT	3	SUPER_21	21204406-21204122	8.80e-30	AACCCTAAACCT	3	0
Rumex_acetosella	SUPER_15	20513174-20512884	2.00e-32	AACCCTAAACCT	3	SUPER_24	19025918-19025634	8.80e-30	AACCCTAAACCT	3	0
Rumex_acetosella	SUPER_15	20513174-20512884	2.00e-32	AACCCTAAACCT	3	SUPER_18	20069778-20069494	1.00e-29	AACCCTAAACCT	3	0
Rumex_acetosella	SUPER_15	20513174-20512884	2.00e-32	AACCCTAAACCT	3	SUPER_19	21730744-21730460	2.50e-29	AACCCTAAACCT	3	0
Rumex_acetosella	SUPER_15	20513174-20512884	2.00e-32	AACCCTAAACCT	3	SUPER_7	22426994-22427255	1.70e-24	AACCCTAAACCT	3	0
Rumex_acetosella	SUPER_21	21204406-21204122	8.80e-30	AACCCTAAACCT	3	SUPER_24	19025918-19025634	8.80e-30	AACCCTAAACCT	3	0
Rumex_acetosella	SUPER_21	21204406-21204122	8.80e-30	AACCCTAAACCT	3	SUPER_18	20069778-20069494	1.00e-29	AACCCTAAACCT	3	0
Rumex_acetosella	SUPER_21	21204406-21204122	8.80e-30	AACCCTAAACCT	3	SUPER_19	21730744-21730460	2.50e-29	AACCCTAAACCT	3	0
Rumex_acetosella	SUPER_21	21204406-21204122	8.80e-30	AACCCTAAACCT	3	SUPER_7	22426994-22427255	1.70e-24	AACCCTAAACCT	3	0
Rumex_acetosella	SUPER_24	19025918-19025634	8.80e-30	AACCCTAAACCT	3	SUPER_18	20069778-20069494	1.00e-29	AACCCTAAACCT	3	0
Rumex_acetosella	SUPER_24	19025918-19025634	8.80e-30	AACCCTAAACCT	3	SUPER_19	21730744-21730460	2.50e-29	AACCCTAAACCT	3	0
Rumex_acetosella	SUPER_24	19025918-19025634	8.80e-30	AACCCTAAACCT	3	SUPER_7	22426994-22427255	1.70e-24	AACCCTAAACCT	3	0
Rumex_acetosella	SUPER_18	20069778-20069494	1.00e-29	AACCCTAAACCT	3	SUPER_19	21730744-21730460	2.50e-29	AACCCTAAACCT	3	0
Rumex_acetosella	SUPER_18	20069778-20069494	1.00e-29	AACCCTAAACCT	3	SUPER_7	22426994-22427255	1.70e-24	AACCCTAAACCT	3	0
Rumex_acetosella	SUPER_19	21730744-21730460	2.50e-29	AACCCTAAACCT	3	SUPER_7	22426994-22427255	1.70e-24	AACCCTAAACCT	3	0
Rumex_acetosella	SUPER_3	104080736-104080532	6.50e-06	ATGCTG	14	SUPER_2	159316379-159316174	6.10e-05	ATGCTG	14	0
Rumex_acetosella	SUPER_3	104080736-104080532	6.50e-06	ATGCTG	14	SUPER_13	98635148-98634943	9.30e-05	ATGCTG	14	0
Rumex_acetosella	SUPER_2	159316379-159316174	6.10e-05	ATGCTG	14	SUPER_13	98635148-98634943	9.30e-05	ATGCTG	14	0
Rumex_obtusifolius	SUPER_19_HAP1	20877957-20877659	1.50e-33	AACCCTAAACCT	3	SUPER_5_HAP1	38252922-38252616	5.20e-32	AACCCTAAACCT	3	0
Sagina_maritima	SUPER_10_HAP2	42301057-42300702	4.90e-19	AACCCTAAAC	3	SUPER_1_HAP2	65170329-65169975	1.80e-15	AACCCTAAAC	3	0
Salicornia_ramosissima	SUPER_1	57473695-57473345	3.60e-17	CTAAACCCTAAACC	0	SUPER_6	37533036-37532659	3.10e-11	CTAAACCCTAAACC	0	0
Salix_alba	SUPER_32_HAP1	7198678-7199027	9.30e-49	AAACCCTAAACCT	2	SUPER_33_HAP1	6422702-6423055	1.70e-46	AAACCCTAAACCT	2	0
Salix_cinerea	HAP2_SCAFFOLD_15	9804478-9804825	9.10e-50	AAACCCTAAACCT	2	HAP2_SCAFFOLD_15	27318642-27318292	8.50e-49	AAACCCTAAACCT	2	0
Salix_cinerea	HAP2_SCAFFOLD_15	9804478-9804825	9.10e-50	AAACCCTAAACCT	2	HAP1_SCAFFOLD_15	7780183-7779835	1.20e-48	AAACCCTAAACCT	2	0
Salix_cinerea	HAP2_SCAFFOLD_15	9804478-9804825	9.10e-50	AAACCCTAAACCT	2	HAP2_SCAFFOLD_120	126182-125834	1.20e-48	AAACCCTAAACCT	2	0
Salix_cinerea	HAP2_SCAFFOLD_15	27318642-27318292	8.50e-49	AAACCCTAAACCT	2	HAP1_SCAFFOLD_15	7780183-7779835	1.20e-48	AAACCCTAAACCT	2	0
Salix_cinerea	HAP2_SCAFFOLD_15	27318642-27318292	8.50e-49	AAACCCTAAACCT	2	HAP2_SCAFFOLD_120	126182-125834	1.20e-48	AAACCCTAAACCT	2	0
Salix_cinerea	HAP1_SCAFFOLD_15	7780183-7779835	1.20e-48	AAACCCTAAACCT	2	HAP2_SCAFFOLD_120	126182-125834	1.20e-48	AAACCCTAAACCT	2	0
Salix_euxina	SUPER_28_HAP1	8402122-8401773	1.20e-48	AAACCCTAAACCT	2	SUPER_25_HAP1	6517882-6518235	1.60e-46	AAACCCTAAACCT	2	0
Salix_pentandra	SUPER_34	8063729-8063380	3.40e-48	AAACCCTAAACCT	2	SUPER_33	8309684-8309352	2.80e-39	AAACCCTAAACCT	2	0
Samolus_valerandi	SUPER_1	32915688-32916025	2.60e-42	AACCCTAAACC	3	SUPER_1	32927791-32928119	4.30e-39	AACCCTAAACC	3	0
Saxifraga_cespitosa	SUPER_26_HAP1	28511278-28511580	1.60e-23	AACCCTAAACCC	3	SUPER_1_HAP1	96866737-96867052	2.20e-23	AACCCTAAACCC	3	0
Saxifraga_cespitosa	SUPER_24_HAP1	9083399-9083081	2.80e-23	ACCCTAAACCC	4	SUPER_29_HAP1	42037440-42037742	3.50e-22	ACCCTAAACCC	4	0
Saxifraga_cespitosa	SUPER_21_HAP1	46037464-46037786	4.40e-22	AACCCTAAACCCT	3	SUPER_12_HAP1	42171591-42171913	1.80e-21	AACCCTAAACCCT	3	0
Saxifraga_cespitosa	SUPER_21_HAP1	46037464-46037786	4.40e-22	AACCCTAAACCCT	3	SUPER_6_HAP1	69824430-69824739	2.60e-21	AACCCTAAACCCT	3	0
Saxifraga_cespitosa	SUPER_21_HAP1	46037464-46037786	4.40e-22	AACCCTAAACCCT	3	SUPER_11_HAP1	26415165-26415477	3.70e-21	AACCCTAAACCCT	3	0
Saxifraga_cespitosa	SUPER_21_HAP1	46037464-46037786	4.40e-22	AACCCTAAACCCT	3	SUPER_6_HAP1	70061705-70061394	5.30e-20	AACCCTAAACCCT	3	0
Saxifraga_cespitosa	SUPER_21_HAP1	46037464-46037786	4.40e-22	AACCCTAAACCCT	3	SUPER_6_HAP1	70067732-70067421	5.30e-20	AACCCTAAACCCT	3	0
Saxifraga_cespitosa	SUPER_21_HAP1	46037464-46037786	4.40e-22	AACCCTAAACCCT	3	SUPER_19_HAP1	15283373-15283709	7.60e-20	AACCCTAAACCCT	3	0
Saxifraga_cespitosa	SUPER_21_HAP1	46037464-46037786	4.40e-22	AACCCTAAACCCT	3	SUPER_6_HAP1	70026944-70026637	3.00e-15	AACCCTAAACCCT	3	0
Saxifraga_cespitosa	SUPER_12_HAP1	42171591-42171913	1.80e-21	AACCCTAAACCCT	3	SUPER_6_HAP1	69824430-69824739	2.60e-21	AACCCTAAACCCT	3	0
Saxifraga_cespitosa	SUPER_12_HAP1	42171591-42171913	1.80e-21	AACCCTAAACCCT	3	SUPER_11_HAP1	26415165-26415477	3.70e-21	AACCCTAAACCCT	3	0
Saxifraga_cespitosa	SUPER_12_HAP1	42171591-42171913	1.80e-21	AACCCTAAACCCT	3	SUPER_6_HAP1	70061705-70061394	5.30e-20	AACCCTAAACCCT	3	0
Saxifraga_cespitosa	SUPER_12_HAP1	42171591-42171913	1.80e-21	AACCCTAAACCCT	3	SUPER_6_HAP1	70067732-70067421	5.30e-20	AACCCTAAACCCT	3	0
Saxifraga_cespitosa	SUPER_12_HAP1	42171591-42171913	1.80e-21	AACCCTAAACCCT	3	SUPER_19_HAP1	15283373-15283709	7.60e-20	AACCCTAAACCCT	3	0
Saxifraga_cespitosa	SUPER_12_HAP1	42171591-42171913	1.80e-21	AACCCTAAACCCT	3	SUPER_6_HAP1	70026944-70026637	3.00e-15	AACCCTAAACCCT	3	0
Saxifraga_cespitosa	SUPER_6_HAP1	69824430-69824739	2.60e-21	AACCCTAAACCCT	3	SUPER_11_HAP1	26415165-26415477	3.70e-21	AACCCTAAACCCT	3	0
Saxifraga_cespitosa	SUPER_6_HAP1	69824430-69824739	2.60e-21	AACCCTAAACCCT	3	SUPER_6_HAP1	70061705-70061394	5.30e-20	AACCCTAAACCCT	3	0
Saxifraga_cespitosa	SUPER_6_HAP1	69824430-69824739	2.60e-21	AACCCTAAACCCT	3	SUPER_6_HAP1	70067732-70067421	5.30e-20	AACCCTAAACCCT	3	0
Saxifraga_cespitosa	SUPER_6_HAP1	69824430-69824739	2.60e-21	AACCCTAAACCCT	3	SUPER_19_HAP1	15283373-15283709	7.60e-20	AACCCTAAACCCT	3	0
Saxifraga_cespitosa	SUPER_6_HAP1	69824430-69824739	2.60e-21	AACCCTAAACCCT	3	SUPER_6_HAP1	70026944-70026637	3.00e-15	AACCCTAAACCCT	3	0
Saxifraga_cespitosa	SUPER_11_HAP1	26415165-26415477	3.70e-21	AACCCTAAACCCT	3	SUPER_6_HAP1	70061705-70061394	5.30e-20	AACCCTAAACCCT	3	0
Saxifraga_cespitosa	SUPER_11_HAP1	26415165-26415477	3.70e-21	AACCCTAAACCCT	3	SUPER_6_HAP1	70067732-70067421	5.30e-20	AACCCTAAACCCT	3	0
Saxifraga_cespitosa	SUPER_11_HAP1	26415165-26415477	3.70e-21	AACCCTAAACCCT	3	SUPER_19_HAP1	15283373-15283709	7.60e-20	AACCCTAAACCCT	3	0
Saxifraga_cespitosa	SUPER_11_HAP1	26415165-26415477	3.70e-21	AACCCTAAACCCT	3	SUPER_6_HAP1	70026944-70026637	3.00e-15	AACCCTAAACCCT	3	0
Saxifraga_cespitosa	SUPER_9_HAP1	66043165-66042850	1.30e-20	AACCCTAAACCCTA	3	SUPER_9_HAP1	65901887-65902134	1.70e-15	AACCCTAAACCCTA	3	0
Saxifraga_cespitosa	SUPER_9_HAP1	66043165-66042850	1.30e-20	AACCCTAAACCCTA	3	SUPER_9_HAP1	65900204-65900507	1.80e-15	AACCCTAAACCCTA	3	0
Saxifraga_cespitosa	SUPER_6_HAP1	70061705-70061394	5.30e-20	AACCCTAAACCCT	3	SUPER_6_HAP1	70067732-70067421	5.30e-20	AACCCTAAACCCT	3	0
Saxifraga_cespitosa	SUPER_6_HAP1	70061705-70061394	5.30e-20	AACCCTAAACCCT	3	SUPER_19_HAP1	15283373-15283709	7.60e-20	AACCCTAAACCCT	3	0
Saxifraga_cespitosa	SUPER_6_HAP1	70061705-70061394	5.30e-20	AACCCTAAACCCT	3	SUPER_6_HAP1	70026944-70026637	3.00e-15	AACCCTAAACCCT	3	0
Saxifraga_cespitosa	SUPER_6_HAP1	70067732-70067421	5.30e-20	AACCCTAAACCCT	3	SUPER_19_HAP1	15283373-15283709	7.60e-20	AACCCTAAACCCT	3	0
Saxifraga_cespitosa	SUPER_6_HAP1	70067732-70067421	5.30e-20	AACCCTAAACCCT	3	SUPER_6_HAP1	70026944-70026637	3.00e-15	AACCCTAAACCCT	3	0
Saxifraga_cespitosa	SUPER_19_HAP1	15283373-15283709	7.60e-20	AACCCTAAACCCT	3	SUPER_6_HAP1	70026944-70026637	3.00e-15	AACCCTAAACCCT	3	0
Saxifraga_cespitosa	SUPER_9_HAP1	65901887-65902134	1.70e-15	AACCCTAAACCCTA	3	SUPER_9_HAP1	65900204-65900507	1.80e-15	AACCCTAAACCCTA	3	0
Scheuchzeria_palustris	SUPER_1	65985194-65985525	1.10e-29	CTAAACCCTAAAC	0	SUPER_1	65927400-65927069	1.10e-29	CTAAACCCTAAAC	0	0
Schoenus_nigricans	SUPER_14	7652527-7652214	8.90e-27	AAACCCTAAACC	2	SUPER_11	24699099-24699280	9.40e-10	AAACCCTAAACC	2	0
Schoenus_nigricans	SUPER_14	7652527-7652214	8.90e-27	AAACCCTAAACC	2	SUPER_11	24687339-24687520	1.00e-09	AAACCCTAAACC	2	0
Schoenus_nigricans	SUPER_14	7652527-7652214	8.90e-27	AAACCCTAAACC	2	SUPER_12	21022008-21021873	4.10e-08	AAACCCTAAACC	2	0
Schoenus_nigricans	SUPER_14	7652527-7652214	8.90e-27	AAACCCTAAACC	2	SUPER_7	24412054-24412180	6.80e-08	AAACCCTAAACC	2	0
Schoenus_nigricans	SUPER_14	7652527-7652214	8.90e-27	AAACCCTAAACC	2	SUPER_18	14214451-14214586	2.40e-07	AAACCCTAAACC	2	0
Schoenus_nigricans	SUPER_14	7652527-7652214	8.90e-27	AAACCCTAAACC	2	SUPER_2B	1385885-1385747	2.40e-07	AAACCCTAAACC	2	0
Schoenus_nigricans	SUPER_14	7652527-7652214	8.90e-27	AAACCCTAAACC	2	SUPER_2A	2176301-2176166	2.60e-07	AAACCCTAAACC	2	0
Schoenus_nigricans	SUPER_14	7652527-7652214	8.90e-27	AAACCCTAAACC	2	SUPER_11	19627405-19627540	2.60e-07	AAACCCTAAACC	2	0
Schoenus_nigricans	SUPER_14	7652527-7652214	8.90e-27	AAACCCTAAACC	2	SUPER_12	26676134-26676269	2.60e-07	AAACCCTAAACC	2	0
Schoenus_nigricans	SUPER_14	7652527-7652214	8.90e-27	AAACCCTAAACC	2	SUPER_18	14208388-14208523	2.60e-07	AAACCCTAAACC	2	0
Schoenus_nigricans	SUPER_14	7652527-7652214	8.90e-27	AAACCCTAAACC	2	SUPER_3	29803882-29803747	1.10e-06	AAACCCTAAACC	2	0
Schoenus_nigricans	SUPER_14	7652527-7652214	8.90e-27	AAACCCTAAACC	2	SUPER_7	6337905-6337770	1.80e-06	AAACCCTAAACC	2	0
Schoenus_nigricans	SUPER_14	7652527-7652214	8.90e-27	AAACCCTAAACC	2	SUPER_4	37406386-37406521	2.90e-06	AAACCCTAAACC	2	0
Schoenus_nigricans	SUPER_14	7652527-7652214	8.90e-27	AAACCCTAAACC	2	SUPER_5	7367719-7367589	5.00e-06	AAACCCTAAACC	2	0
Schoenus_nigricans	SUPER_14	7652527-7652214	8.90e-27	AAACCCTAAACC	2	SUPER_3	36201469-36201600	1.50e-05	AAACCCTAAACC	2	0
Schoenus_nigricans	SUPER_14	7652527-7652214	8.90e-27	AAACCCTAAACC	2	SUPER_6	10609619-10609758	2.30e-05	AAACCCTAAACC	2	0
Schoenus_nigricans	SUPER_14	7652527-7652214	8.90e-27	AAACCCTAAACC	2	SUPER_9	11920196-11920324	2.70e-05	AAACCCTAAACC	2	0
Schoenus_nigricans	SUPER_14	7652527-7652214	8.90e-27	AAACCCTAAACC	2	SUPER_6	1122274-1122144	3.20e-05	AAACCCTAAACC	2	0
Schoenus_nigricans	SUPER_14	7652527-7652214	8.90e-27	AAACCCTAAACC	2	SUPER_15	16637256-16637126	3.70e-05	AAACCCTAAACC	2	0
Schoenus_nigricans	SUPER_14	7652527-7652214	8.90e-27	AAACCCTAAACC	2	SUPER_9	2569894-2570024	3.70e-05	AAACCCTAAACC	2	0
Schoenus_nigricans	SUPER_14	7652527-7652214	8.90e-27	AAACCCTAAACC	2	SUPER_9	32793684-32793827	4.50e-05	AAACCCTAAACC	2	0
Schoenus_nigricans	SUPER_14	7652527-7652214	8.90e-27	AAACCCTAAACC	2	SUPER_2A	3655875-3656002	5.20e-05	AAACCCTAAACC	2	0
Schoenus_nigricans	SUPER_14	7652527-7652214	8.90e-27	AAACCCTAAACC	2	SUPER_13	16226333-16226461	7.40e-05	AAACCCTAAACC	2	0
Schoenus_nigricans	SUPER_11	24699099-24699280	9.40e-10	AAACCCTAAACC	2	SUPER_11	24687339-24687520	1.00e-09	AAACCCTAAACC	2	0
Schoenus_nigricans	SUPER_11	24699099-24699280	9.40e-10	AAACCCTAAACC	2	SUPER_12	21022008-21021873	4.10e-08	AAACCCTAAACC	2	0
Schoenus_nigricans	SUPER_11	24699099-24699280	9.40e-10	AAACCCTAAACC	2	SUPER_7	24412054-24412180	6.80e-08	AAACCCTAAACC	2	0
Schoenus_nigricans	SUPER_11	24699099-24699280	9.40e-10	AAACCCTAAACC	2	SUPER_18	14214451-14214586	2.40e-07	AAACCCTAAACC	2	0
Schoenus_nigricans	SUPER_11	24699099-24699280	9.40e-10	AAACCCTAAACC	2	SUPER_2B	1385885-1385747	2.40e-07	AAACCCTAAACC	2	0
Schoenus_nigricans	SUPER_11	24699099-24699280	9.40e-10	AAACCCTAAACC	2	SUPER_2A	2176301-2176166	2.60e-07	AAACCCTAAACC	2	0
Schoenus_nigricans	SUPER_11	24699099-24699280	9.40e-10	AAACCCTAAACC	2	SUPER_11	19627405-19627540	2.60e-07	AAACCCTAAACC	2	0
Schoenus_nigricans	SUPER_11	24699099-24699280	9.40e-10	AAACCCTAAACC	2	SUPER_12	26676134-26676269	2.60e-07	AAACCCTAAACC	2	0
Schoenus_nigricans	SUPER_11	24699099-24699280	9.40e-10	AAACCCTAAACC	2	SUPER_18	14208388-14208523	2.60e-07	AAACCCTAAACC	2	0
Schoenus_nigricans	SUPER_11	24699099-24699280	9.40e-10	AAACCCTAAACC	2	SUPER_3	29803882-29803747	1.10e-06	AAACCCTAAACC	2	0
Schoenus_nigricans	SUPER_11	24699099-24699280	9.40e-10	AAACCCTAAACC	2	SUPER_7	6337905-6337770	1.80e-06	AAACCCTAAACC	2	0
Schoenus_nigricans	SUPER_11	24699099-24699280	9.40e-10	AAACCCTAAACC	2	SUPER_4	37406386-37406521	2.90e-06	AAACCCTAAACC	2	0
Schoenus_nigricans	SUPER_11	24699099-24699280	9.40e-10	AAACCCTAAACC	2	SUPER_5	7367719-7367589	5.00e-06	AAACCCTAAACC	2	0
Schoenus_nigricans	SUPER_11	24699099-24699280	9.40e-10	AAACCCTAAACC	2	SUPER_3	36201469-36201600	1.50e-05	AAACCCTAAACC	2	0
Schoenus_nigricans	SUPER_11	24699099-24699280	9.40e-10	AAACCCTAAACC	2	SUPER_6	10609619-10609758	2.30e-05	AAACCCTAAACC	2	0
Schoenus_nigricans	SUPER_11	24699099-24699280	9.40e-10	AAACCCTAAACC	2	SUPER_9	11920196-11920324	2.70e-05	AAACCCTAAACC	2	0
Schoenus_nigricans	SUPER_11	24699099-24699280	9.40e-10	AAACCCTAAACC	2	SUPER_6	1122274-1122144	3.20e-05	AAACCCTAAACC	2	0
Schoenus_nigricans	SUPER_11	24699099-24699280	9.40e-10	AAACCCTAAACC	2	SUPER_15	16637256-16637126	3.70e-05	AAACCCTAAACC	2	0
Schoenus_nigricans	SUPER_11	24699099-24699280	9.40e-10	AAACCCTAAACC	2	SUPER_9	2569894-2570024	3.70e-05	AAACCCTAAACC	2	0
Schoenus_nigricans	SUPER_11	24699099-24699280	9.40e-10	AAACCCTAAACC	2	SUPER_9	32793684-32793827	4.50e-05	AAACCCTAAACC	2	0
Schoenus_nigricans	SUPER_11	24699099-24699280	9.40e-10	AAACCCTAAACC	2	SUPER_2A	3655875-3656002	5.20e-05	AAACCCTAAACC	2	0
Schoenus_nigricans	SUPER_11	24699099-24699280	9.40e-10	AAACCCTAAACC	2	SUPER_13	16226333-16226461	7.40e-05	AAACCCTAAACC	2	0
Schoenus_nigricans	SUPER_11	24687339-24687520	1.00e-09	AAACCCTAAACC	2	SUPER_12	21022008-21021873	4.10e-08	AAACCCTAAACC	2	0
Schoenus_nigricans	SUPER_11	24687339-24687520	1.00e-09	AAACCCTAAACC	2	SUPER_7	24412054-24412180	6.80e-08	AAACCCTAAACC	2	0
Schoenus_nigricans	SUPER_11	24687339-24687520	1.00e-09	AAACCCTAAACC	2	SUPER_18	14214451-14214586	2.40e-07	AAACCCTAAACC	2	0
Schoenus_nigricans	SUPER_11	24687339-24687520	1.00e-09	AAACCCTAAACC	2	SUPER_2B	1385885-1385747	2.40e-07	AAACCCTAAACC	2	0
Schoenus_nigricans	SUPER_11	24687339-24687520	1.00e-09	AAACCCTAAACC	2	SUPER_2A	2176301-2176166	2.60e-07	AAACCCTAAACC	2	0
Schoenus_nigricans	SUPER_11	24687339-24687520	1.00e-09	AAACCCTAAACC	2	SUPER_11	19627405-19627540	2.60e-07	AAACCCTAAACC	2	0
Schoenus_nigricans	SUPER_11	24687339-24687520	1.00e-09	AAACCCTAAACC	2	SUPER_12	26676134-26676269	2.60e-07	AAACCCTAAACC	2	0
Schoenus_nigricans	SUPER_11	24687339-24687520	1.00e-09	AAACCCTAAACC	2	SUPER_18	14208388-14208523	2.60e-07	AAACCCTAAACC	2	0
Schoenus_nigricans	SUPER_11	24687339-24687520	1.00e-09	AAACCCTAAACC	2	SUPER_3	29803882-29803747	1.10e-06	AAACCCTAAACC	2	0
Schoenus_nigricans	SUPER_11	24687339-24687520	1.00e-09	AAACCCTAAACC	2	SUPER_7	6337905-6337770	1.80e-06	AAACCCTAAACC	2	0
Schoenus_nigricans	SUPER_11	24687339-24687520	1.00e-09	AAACCCTAAACC	2	SUPER_4	37406386-37406521	2.90e-06	AAACCCTAAACC	2	0
Schoenus_nigricans	SUPER_11	24687339-24687520	1.00e-09	AAACCCTAAACC	2	SUPER_5	7367719-7367589	5.00e-06	AAACCCTAAACC	2	0
Schoenus_nigricans	SUPER_11	24687339-24687520	1.00e-09	AAACCCTAAACC	2	SUPER_3	36201469-36201600	1.50e-05	AAACCCTAAACC	2	0
Schoenus_nigricans	SUPER_11	24687339-24687520	1.00e-09	AAACCCTAAACC	2	SUPER_6	10609619-10609758	2.30e-05	AAACCCTAAACC	2	0
Schoenus_nigricans	SUPER_11	24687339-24687520	1.00e-09	AAACCCTAAACC	2	SUPER_9	11920196-11920324	2.70e-05	AAACCCTAAACC	2	0
Schoenus_nigricans	SUPER_11	24687339-24687520	1.00e-09	AAACCCTAAACC	2	SUPER_6	1122274-1122144	3.20e-05	AAACCCTAAACC	2	0
Schoenus_nigricans	SUPER_11	24687339-24687520	1.00e-09	AAACCCTAAACC	2	SUPER_15	16637256-16637126	3.70e-05	AAACCCTAAACC	2	0
Schoenus_nigricans	SUPER_11	24687339-24687520	1.00e-09	AAACCCTAAACC	2	SUPER_9	2569894-2570024	3.70e-05	AAACCCTAAACC	2	0
Schoenus_nigricans	SUPER_11	24687339-24687520	1.00e-09	AAACCCTAAACC	2	SUPER_9	32793684-32793827	4.50e-05	AAACCCTAAACC	2	0
Schoenus_nigricans	SUPER_11	24687339-24687520	1.00e-09	AAACCCTAAACC	2	SUPER_2A	3655875-3656002	5.20e-05	AAACCCTAAACC	2	0
Schoenus_nigricans	SUPER_11	24687339-24687520	1.00e-09	AAACCCTAAACC	2	SUPER_13	16226333-16226461	7.40e-05	AAACCCTAAACC	2	0
Schoenus_nigricans	SUPER_12	21022008-21021873	4.10e-08	AAACCCTAAACC	2	SUPER_7	24412054-24412180	6.80e-08	AAACCCTAAACC	2	0
Schoenus_nigricans	SUPER_12	21022008-21021873	4.10e-08	AAACCCTAAACC	2	SUPER_18	14214451-14214586	2.40e-07	AAACCCTAAACC	2	0
Schoenus_nigricans	SUPER_12	21022008-21021873	4.10e-08	AAACCCTAAACC	2	SUPER_2B	1385885-1385747	2.40e-07	AAACCCTAAACC	2	0
Schoenus_nigricans	SUPER_12	21022008-21021873	4.10e-08	AAACCCTAAACC	2	SUPER_2A	2176301-2176166	2.60e-07	AAACCCTAAACC	2	0
Schoenus_nigricans	SUPER_12	21022008-21021873	4.10e-08	AAACCCTAAACC	2	SUPER_11	19627405-19627540	2.60e-07	AAACCCTAAACC	2	0
Schoenus_nigricans	SUPER_12	21022008-21021873	4.10e-08	AAACCCTAAACC	2	SUPER_12	26676134-26676269	2.60e-07	AAACCCTAAACC	2	0
Schoenus_nigricans	SUPER_12	21022008-21021873	4.10e-08	AAACCCTAAACC	2	SUPER_18	14208388-14208523	2.60e-07	AAACCCTAAACC	2	0
Schoenus_nigricans	SUPER_12	21022008-21021873	4.10e-08	AAACCCTAAACC	2	SUPER_3	29803882-29803747	1.10e-06	AAACCCTAAACC	2	0
Schoenus_nigricans	SUPER_12	21022008-21021873	4.10e-08	AAACCCTAAACC	2	SUPER_7	6337905-6337770	1.80e-06	AAACCCTAAACC	2	0
Schoenus_nigricans	SUPER_12	21022008-21021873	4.10e-08	AAACCCTAAACC	2	SUPER_4	37406386-37406521	2.90e-06	AAACCCTAAACC	2	0
Schoenus_nigricans	SUPER_12	21022008-21021873	4.10e-08	AAACCCTAAACC	2	SUPER_5	7367719-7367589	5.00e-06	AAACCCTAAACC	2	0
Schoenus_nigricans	SUPER_12	21022008-21021873	4.10e-08	AAACCCTAAACC	2	SUPER_3	36201469-36201600	1.50e-05	AAACCCTAAACC	2	0
Schoenus_nigricans	SUPER_12	21022008-21021873	4.10e-08	AAACCCTAAACC	2	SUPER_6	10609619-10609758	2.30e-05	AAACCCTAAACC	2	0
Schoenus_nigricans	SUPER_12	21022008-21021873	4.10e-08	AAACCCTAAACC	2	SUPER_9	11920196-11920324	2.70e-05	AAACCCTAAACC	2	0
Schoenus_nigricans	SUPER_12	21022008-21021873	4.10e-08	AAACCCTAAACC	2	SUPER_6	1122274-1122144	3.20e-05	AAACCCTAAACC	2	0
Schoenus_nigricans	SUPER_12	21022008-21021873	4.10e-08	AAACCCTAAACC	2	SUPER_15	16637256-16637126	3.70e-05	AAACCCTAAACC	2	0
Schoenus_nigricans	SUPER_12	21022008-21021873	4.10e-08	AAACCCTAAACC	2	SUPER_9	2569894-2570024	3.70e-05	AAACCCTAAACC	2	0
Schoenus_nigricans	SUPER_12	21022008-21021873	4.10e-08	AAACCCTAAACC	2	SUPER_9	32793684-32793827	4.50e-05	AAACCCTAAACC	2	0
Schoenus_nigricans	SUPER_12	21022008-21021873	4.10e-08	AAACCCTAAACC	2	SUPER_2A	3655875-3656002	5.20e-05	AAACCCTAAACC	2	0
Schoenus_nigricans	SUPER_12	21022008-21021873	4.10e-08	AAACCCTAAACC	2	SUPER_13	16226333-16226461	7.40e-05	AAACCCTAAACC	2	0
Schoenus_nigricans	SUPER_7	24412054-24412180	6.80e-08	AAACCCTAAACC	2	SUPER_18	14214451-14214586	2.40e-07	AAACCCTAAACC	2	0
Schoenus_nigricans	SUPER_7	24412054-24412180	6.80e-08	AAACCCTAAACC	2	SUPER_2B	1385885-1385747	2.40e-07	AAACCCTAAACC	2	0
Schoenus_nigricans	SUPER_7	24412054-24412180	6.80e-08	AAACCCTAAACC	2	SUPER_2A	2176301-2176166	2.60e-07	AAACCCTAAACC	2	0
Schoenus_nigricans	SUPER_7	24412054-24412180	6.80e-08	AAACCCTAAACC	2	SUPER_11	19627405-19627540	2.60e-07	AAACCCTAAACC	2	0
Schoenus_nigricans	SUPER_7	24412054-24412180	6.80e-08	AAACCCTAAACC	2	SUPER_12	26676134-26676269	2.60e-07	AAACCCTAAACC	2	0
Schoenus_nigricans	SUPER_7	24412054-24412180	6.80e-08	AAACCCTAAACC	2	SUPER_18	14208388-14208523	2.60e-07	AAACCCTAAACC	2	0
Schoenus_nigricans	SUPER_7	24412054-24412180	6.80e-08	AAACCCTAAACC	2	SUPER_3	29803882-29803747	1.10e-06	AAACCCTAAACC	2	0
Schoenus_nigricans	SUPER_7	24412054-24412180	6.80e-08	AAACCCTAAACC	2	SUPER_7	6337905-6337770	1.80e-06	AAACCCTAAACC	2	0
Schoenus_nigricans	SUPER_7	24412054-24412180	6.80e-08	AAACCCTAAACC	2	SUPER_4	37406386-37406521	2.90e-06	AAACCCTAAACC	2	0
Schoenus_nigricans	SUPER_7	24412054-24412180	6.80e-08	AAACCCTAAACC	2	SUPER_5	7367719-7367589	5.00e-06	AAACCCTAAACC	2	0
Schoenus_nigricans	SUPER_7	24412054-24412180	6.80e-08	AAACCCTAAACC	2	SUPER_3	36201469-36201600	1.50e-05	AAACCCTAAACC	2	0
Schoenus_nigricans	SUPER_7	24412054-24412180	6.80e-08	AAACCCTAAACC	2	SUPER_6	10609619-10609758	2.30e-05	AAACCCTAAACC	2	0
Schoenus_nigricans	SUPER_7	24412054-24412180	6.80e-08	AAACCCTAAACC	2	SUPER_9	11920196-11920324	2.70e-05	AAACCCTAAACC	2	0
Schoenus_nigricans	SUPER_7	24412054-24412180	6.80e-08	AAACCCTAAACC	2	SUPER_6	1122274-1122144	3.20e-05	AAACCCTAAACC	2	0
Schoenus_nigricans	SUPER_7	24412054-24412180	6.80e-08	AAACCCTAAACC	2	SUPER_15	16637256-16637126	3.70e-05	AAACCCTAAACC	2	0
Schoenus_nigricans	SUPER_7	24412054-24412180	6.80e-08	AAACCCTAAACC	2	SUPER_9	2569894-2570024	3.70e-05	AAACCCTAAACC	2	0
Schoenus_nigricans	SUPER_7	24412054-24412180	6.80e-08	AAACCCTAAACC	2	SUPER_9	32793684-32793827	4.50e-05	AAACCCTAAACC	2	0
Schoenus_nigricans	SUPER_7	24412054-24412180	6.80e-08	AAACCCTAAACC	2	SUPER_2A	3655875-3656002	5.20e-05	AAACCCTAAACC	2	0
Schoenus_nigricans	SUPER_7	24412054-24412180	6.80e-08	AAACCCTAAACC	2	SUPER_13	16226333-16226461	7.40e-05	AAACCCTAAACC	2	0
Schoenus_nigricans	SUPER_18	14214451-14214586	2.40e-07	AAACCCTAAACC	2	SUPER_2B	1385885-1385747	2.40e-07	AAACCCTAAACC	2	0
Schoenus_nigricans	SUPER_18	14214451-14214586	2.40e-07	AAACCCTAAACC	2	SUPER_2A	2176301-2176166	2.60e-07	AAACCCTAAACC	2	0
Schoenus_nigricans	SUPER_18	14214451-14214586	2.40e-07	AAACCCTAAACC	2	SUPER_11	19627405-19627540	2.60e-07	AAACCCTAAACC	2	0
Schoenus_nigricans	SUPER_18	14214451-14214586	2.40e-07	AAACCCTAAACC	2	SUPER_12	26676134-26676269	2.60e-07	AAACCCTAAACC	2	0
Schoenus_nigricans	SUPER_18	14214451-14214586	2.40e-07	AAACCCTAAACC	2	SUPER_18	14208388-14208523	2.60e-07	AAACCCTAAACC	2	0
Schoenus_nigricans	SUPER_18	14214451-14214586	2.40e-07	AAACCCTAAACC	2	SUPER_3	29803882-29803747	1.10e-06	AAACCCTAAACC	2	0
Schoenus_nigricans	SUPER_18	14214451-14214586	2.40e-07	AAACCCTAAACC	2	SUPER_7	6337905-6337770	1.80e-06	AAACCCTAAACC	2	0
Schoenus_nigricans	SUPER_18	14214451-14214586	2.40e-07	AAACCCTAAACC	2	SUPER_4	37406386-37406521	2.90e-06	AAACCCTAAACC	2	0
Schoenus_nigricans	SUPER_18	14214451-14214586	2.40e-07	AAACCCTAAACC	2	SUPER_5	7367719-7367589	5.00e-06	AAACCCTAAACC	2	0
Schoenus_nigricans	SUPER_18	14214451-14214586	2.40e-07	AAACCCTAAACC	2	SUPER_3	36201469-36201600	1.50e-05	AAACCCTAAACC	2	0
Schoenus_nigricans	SUPER_18	14214451-14214586	2.40e-07	AAACCCTAAACC	2	SUPER_6	10609619-10609758	2.30e-05	AAACCCTAAACC	2	0
Schoenus_nigricans	SUPER_18	14214451-14214586	2.40e-07	AAACCCTAAACC	2	SUPER_9	11920196-11920324	2.70e-05	AAACCCTAAACC	2	0
Schoenus_nigricans	SUPER_18	14214451-14214586	2.40e-07	AAACCCTAAACC	2	SUPER_6	1122274-1122144	3.20e-05	AAACCCTAAACC	2	0
Schoenus_nigricans	SUPER_18	14214451-14214586	2.40e-07	AAACCCTAAACC	2	SUPER_15	16637256-16637126	3.70e-05	AAACCCTAAACC	2	0
Schoenus_nigricans	SUPER_18	14214451-14214586	2.40e-07	AAACCCTAAACC	2	SUPER_9	2569894-2570024	3.70e-05	AAACCCTAAACC	2	0
Schoenus_nigricans	SUPER_18	14214451-14214586	2.40e-07	AAACCCTAAACC	2	SUPER_9	32793684-32793827	4.50e-05	AAACCCTAAACC	2	0
Schoenus_nigricans	SUPER_18	14214451-14214586	2.40e-07	AAACCCTAAACC	2	SUPER_2A	3655875-3656002	5.20e-05	AAACCCTAAACC	2	0
Schoenus_nigricans	SUPER_18	14214451-14214586	2.40e-07	AAACCCTAAACC	2	SUPER_13	16226333-16226461	7.40e-05	AAACCCTAAACC	2	0
Schoenus_nigricans	SUPER_2B	1385885-1385747	2.40e-07	AAACCCTAAACC	2	SUPER_2A	2176301-2176166	2.60e-07	AAACCCTAAACC	2	0
Schoenus_nigricans	SUPER_2B	1385885-1385747	2.40e-07	AAACCCTAAACC	2	SUPER_11	19627405-19627540	2.60e-07	AAACCCTAAACC	2	0
Schoenus_nigricans	SUPER_2B	1385885-1385747	2.40e-07	AAACCCTAAACC	2	SUPER_12	26676134-26676269	2.60e-07	AAACCCTAAACC	2	0
Schoenus_nigricans	SUPER_2B	1385885-1385747	2.40e-07	AAACCCTAAACC	2	SUPER_18	14208388-14208523	2.60e-07	AAACCCTAAACC	2	0
Schoenus_nigricans	SUPER_2B	1385885-1385747	2.40e-07	AAACCCTAAACC	2	SUPER_3	29803882-29803747	1.10e-06	AAACCCTAAACC	2	0
Schoenus_nigricans	SUPER_2B	1385885-1385747	2.40e-07	AAACCCTAAACC	2	SUPER_7	6337905-6337770	1.80e-06	AAACCCTAAACC	2	0
Schoenus_nigricans	SUPER_2B	1385885-1385747	2.40e-07	AAACCCTAAACC	2	SUPER_4	37406386-37406521	2.90e-06	AAACCCTAAACC	2	0
Schoenus_nigricans	SUPER_2B	1385885-1385747	2.40e-07	AAACCCTAAACC	2	SUPER_5	7367719-7367589	5.00e-06	AAACCCTAAACC	2	0
Schoenus_nigricans	SUPER_2B	1385885-1385747	2.40e-07	AAACCCTAAACC	2	SUPER_3	36201469-36201600	1.50e-05	AAACCCTAAACC	2	0
Schoenus_nigricans	SUPER_2B	1385885-1385747	2.40e-07	AAACCCTAAACC	2	SUPER_6	10609619-10609758	2.30e-05	AAACCCTAAACC	2	0
Schoenus_nigricans	SUPER_2B	1385885-1385747	2.40e-07	AAACCCTAAACC	2	SUPER_9	11920196-11920324	2.70e-05	AAACCCTAAACC	2	0
Schoenus_nigricans	SUPER_2B	1385885-1385747	2.40e-07	AAACCCTAAACC	2	SUPER_6	1122274-1122144	3.20e-05	AAACCCTAAACC	2	0
Schoenus_nigricans	SUPER_2B	1385885-1385747	2.40e-07	AAACCCTAAACC	2	SUPER_15	16637256-16637126	3.70e-05	AAACCCTAAACC	2	0
Schoenus_nigricans	SUPER_2B	1385885-1385747	2.40e-07	AAACCCTAAACC	2	SUPER_9	2569894-2570024	3.70e-05	AAACCCTAAACC	2	0
Schoenus_nigricans	SUPER_2B	1385885-1385747	2.40e-07	AAACCCTAAACC	2	SUPER_9	32793684-32793827	4.50e-05	AAACCCTAAACC	2	0
Schoenus_nigricans	SUPER_2B	1385885-1385747	2.40e-07	AAACCCTAAACC	2	SUPER_2A	3655875-3656002	5.20e-05	AAACCCTAAACC	2	0
Schoenus_nigricans	SUPER_2B	1385885-1385747	2.40e-07	AAACCCTAAACC	2	SUPER_13	16226333-16226461	7.40e-05	AAACCCTAAACC	2	0
Schoenus_nigricans	SUPER_2A	2176301-2176166	2.60e-07	AAACCCTAAACC	2	SUPER_11	19627405-19627540	2.60e-07	AAACCCTAAACC	2	0
Schoenus_nigricans	SUPER_2A	2176301-2176166	2.60e-07	AAACCCTAAACC	2	SUPER_12	26676134-26676269	2.60e-07	AAACCCTAAACC	2	0
Schoenus_nigricans	SUPER_2A	2176301-2176166	2.60e-07	AAACCCTAAACC	2	SUPER_18	14208388-14208523	2.60e-07	AAACCCTAAACC	2	0
Schoenus_nigricans	SUPER_2A	2176301-2176166	2.60e-07	AAACCCTAAACC	2	SUPER_3	29803882-29803747	1.10e-06	AAACCCTAAACC	2	0
Schoenus_nigricans	SUPER_2A	2176301-2176166	2.60e-07	AAACCCTAAACC	2	SUPER_7	6337905-6337770	1.80e-06	AAACCCTAAACC	2	0
Schoenus_nigricans	SUPER_2A	2176301-2176166	2.60e-07	AAACCCTAAACC	2	SUPER_4	37406386-37406521	2.90e-06	AAACCCTAAACC	2	0
Schoenus_nigricans	SUPER_2A	2176301-2176166	2.60e-07	AAACCCTAAACC	2	SUPER_5	7367719-7367589	5.00e-06	AAACCCTAAACC	2	0
Schoenus_nigricans	SUPER_2A	2176301-2176166	2.60e-07	AAACCCTAAACC	2	SUPER_3	36201469-36201600	1.50e-05	AAACCCTAAACC	2	0
Schoenus_nigricans	SUPER_2A	2176301-2176166	2.60e-07	AAACCCTAAACC	2	SUPER_6	10609619-10609758	2.30e-05	AAACCCTAAACC	2	0
Schoenus_nigricans	SUPER_2A	2176301-2176166	2.60e-07	AAACCCTAAACC	2	SUPER_9	11920196-11920324	2.70e-05	AAACCCTAAACC	2	0
Schoenus_nigricans	SUPER_2A	2176301-2176166	2.60e-07	AAACCCTAAACC	2	SUPER_6	1122274-1122144	3.20e-05	AAACCCTAAACC	2	0
Schoenus_nigricans	SUPER_2A	2176301-2176166	2.60e-07	AAACCCTAAACC	2	SUPER_15	16637256-16637126	3.70e-05	AAACCCTAAACC	2	0
Schoenus_nigricans	SUPER_2A	2176301-2176166	2.60e-07	AAACCCTAAACC	2	SUPER_9	2569894-2570024	3.70e-05	AAACCCTAAACC	2	0
Schoenus_nigricans	SUPER_2A	2176301-2176166	2.60e-07	AAACCCTAAACC	2	SUPER_9	32793684-32793827	4.50e-05	AAACCCTAAACC	2	0
Schoenus_nigricans	SUPER_2A	2176301-2176166	2.60e-07	AAACCCTAAACC	2	SUPER_2A	3655875-3656002	5.20e-05	AAACCCTAAACC	2	0
Schoenus_nigricans	SUPER_2A	2176301-2176166	2.60e-07	AAACCCTAAACC	2	SUPER_13	16226333-16226461	7.40e-05	AAACCCTAAACC	2	0
Schoenus_nigricans	SUPER_11	19627405-19627540	2.60e-07	AAACCCTAAACC	2	SUPER_12	26676134-26676269	2.60e-07	AAACCCTAAACC	2	0
Schoenus_nigricans	SUPER_11	19627405-19627540	2.60e-07	AAACCCTAAACC	2	SUPER_18	14208388-14208523	2.60e-07	AAACCCTAAACC	2	0
Schoenus_nigricans	SUPER_11	19627405-19627540	2.60e-07	AAACCCTAAACC	2	SUPER_3	29803882-29803747	1.10e-06	AAACCCTAAACC	2	0
Schoenus_nigricans	SUPER_11	19627405-19627540	2.60e-07	AAACCCTAAACC	2	SUPER_7	6337905-6337770	1.80e-06	AAACCCTAAACC	2	0
Schoenus_nigricans	SUPER_11	19627405-19627540	2.60e-07	AAACCCTAAACC	2	SUPER_4	37406386-37406521	2.90e-06	AAACCCTAAACC	2	0
Schoenus_nigricans	SUPER_11	19627405-19627540	2.60e-07	AAACCCTAAACC	2	SUPER_5	7367719-7367589	5.00e-06	AAACCCTAAACC	2	0
Schoenus_nigricans	SUPER_11	19627405-19627540	2.60e-07	AAACCCTAAACC	2	SUPER_3	36201469-36201600	1.50e-05	AAACCCTAAACC	2	0
Schoenus_nigricans	SUPER_11	19627405-19627540	2.60e-07	AAACCCTAAACC	2	SUPER_6	10609619-10609758	2.30e-05	AAACCCTAAACC	2	0
Schoenus_nigricans	SUPER_11	19627405-19627540	2.60e-07	AAACCCTAAACC	2	SUPER_9	11920196-11920324	2.70e-05	AAACCCTAAACC	2	0
Schoenus_nigricans	SUPER_11	19627405-19627540	2.60e-07	AAACCCTAAACC	2	SUPER_6	1122274-1122144	3.20e-05	AAACCCTAAACC	2	0
Schoenus_nigricans	SUPER_11	19627405-19627540	2.60e-07	AAACCCTAAACC	2	SUPER_15	16637256-16637126	3.70e-05	AAACCCTAAACC	2	0
Schoenus_nigricans	SUPER_11	19627405-19627540	2.60e-07	AAACCCTAAACC	2	SUPER_9	2569894-2570024	3.70e-05	AAACCCTAAACC	2	0
Schoenus_nigricans	SUPER_11	19627405-19627540	2.60e-07	AAACCCTAAACC	2	SUPER_9	32793684-32793827	4.50e-05	AAACCCTAAACC	2	0
Schoenus_nigricans	SUPER_11	19627405-19627540	2.60e-07	AAACCCTAAACC	2	SUPER_2A	3655875-3656002	5.20e-05	AAACCCTAAACC	2	0
Schoenus_nigricans	SUPER_11	19627405-19627540	2.60e-07	AAACCCTAAACC	2	SUPER_13	16226333-16226461	7.40e-05	AAACCCTAAACC	2	0
Schoenus_nigricans	SUPER_12	26676134-26676269	2.60e-07	AAACCCTAAACC	2	SUPER_18	14208388-14208523	2.60e-07	AAACCCTAAACC	2	0
Schoenus_nigricans	SUPER_12	26676134-26676269	2.60e-07	AAACCCTAAACC	2	SUPER_3	29803882-29803747	1.10e-06	AAACCCTAAACC	2	0
Schoenus_nigricans	SUPER_12	26676134-26676269	2.60e-07	AAACCCTAAACC	2	SUPER_7	6337905-6337770	1.80e-06	AAACCCTAAACC	2	0
Schoenus_nigricans	SUPER_12	26676134-26676269	2.60e-07	AAACCCTAAACC	2	SUPER_4	37406386-37406521	2.90e-06	AAACCCTAAACC	2	0
Schoenus_nigricans	SUPER_12	26676134-26676269	2.60e-07	AAACCCTAAACC	2	SUPER_5	7367719-7367589	5.00e-06	AAACCCTAAACC	2	0
Schoenus_nigricans	SUPER_12	26676134-26676269	2.60e-07	AAACCCTAAACC	2	SUPER_3	36201469-36201600	1.50e-05	AAACCCTAAACC	2	0
Schoenus_nigricans	SUPER_12	26676134-26676269	2.60e-07	AAACCCTAAACC	2	SUPER_6	10609619-10609758	2.30e-05	AAACCCTAAACC	2	0
Schoenus_nigricans	SUPER_12	26676134-26676269	2.60e-07	AAACCCTAAACC	2	SUPER_9	11920196-11920324	2.70e-05	AAACCCTAAACC	2	0
Schoenus_nigricans	SUPER_12	26676134-26676269	2.60e-07	AAACCCTAAACC	2	SUPER_6	1122274-1122144	3.20e-05	AAACCCTAAACC	2	0
Schoenus_nigricans	SUPER_12	26676134-26676269	2.60e-07	AAACCCTAAACC	2	SUPER_15	16637256-16637126	3.70e-05	AAACCCTAAACC	2	0
Schoenus_nigricans	SUPER_12	26676134-26676269	2.60e-07	AAACCCTAAACC	2	SUPER_9	2569894-2570024	3.70e-05	AAACCCTAAACC	2	0
Schoenus_nigricans	SUPER_12	26676134-26676269	2.60e-07	AAACCCTAAACC	2	SUPER_9	32793684-32793827	4.50e-05	AAACCCTAAACC	2	0
Schoenus_nigricans	SUPER_12	26676134-26676269	2.60e-07	AAACCCTAAACC	2	SUPER_2A	3655875-3656002	5.20e-05	AAACCCTAAACC	2	0
Schoenus_nigricans	SUPER_12	26676134-26676269	2.60e-07	AAACCCTAAACC	2	SUPER_13	16226333-16226461	7.40e-05	AAACCCTAAACC	2	0
Schoenus_nigricans	SUPER_18	14208388-14208523	2.60e-07	AAACCCTAAACC	2	SUPER_3	29803882-29803747	1.10e-06	AAACCCTAAACC	2	0
Schoenus_nigricans	SUPER_18	14208388-14208523	2.60e-07	AAACCCTAAACC	2	SUPER_7	6337905-6337770	1.80e-06	AAACCCTAAACC	2	0
Schoenus_nigricans	SUPER_18	14208388-14208523	2.60e-07	AAACCCTAAACC	2	SUPER_4	37406386-37406521	2.90e-06	AAACCCTAAACC	2	0
Schoenus_nigricans	SUPER_18	14208388-14208523	2.60e-07	AAACCCTAAACC	2	SUPER_5	7367719-7367589	5.00e-06	AAACCCTAAACC	2	0
Schoenus_nigricans	SUPER_18	14208388-14208523	2.60e-07	AAACCCTAAACC	2	SUPER_3	36201469-36201600	1.50e-05	AAACCCTAAACC	2	0
Schoenus_nigricans	SUPER_18	14208388-14208523	2.60e-07	AAACCCTAAACC	2	SUPER_6	10609619-10609758	2.30e-05	AAACCCTAAACC	2	0
Schoenus_nigricans	SUPER_18	14208388-14208523	2.60e-07	AAACCCTAAACC	2	SUPER_9	11920196-11920324	2.70e-05	AAACCCTAAACC	2	0
Schoenus_nigricans	SUPER_18	14208388-14208523	2.60e-07	AAACCCTAAACC	2	SUPER_6	1122274-1122144	3.20e-05	AAACCCTAAACC	2	0
Schoenus_nigricans	SUPER_18	14208388-14208523	2.60e-07	AAACCCTAAACC	2	SUPER_15	16637256-16637126	3.70e-05	AAACCCTAAACC	2	0
Schoenus_nigricans	SUPER_18	14208388-14208523	2.60e-07	AAACCCTAAACC	2	SUPER_9	2569894-2570024	3.70e-05	AAACCCTAAACC	2	0
Schoenus_nigricans	SUPER_18	14208388-14208523	2.60e-07	AAACCCTAAACC	2	SUPER_9	32793684-32793827	4.50e-05	AAACCCTAAACC	2	0
Schoenus_nigricans	SUPER_18	14208388-14208523	2.60e-07	AAACCCTAAACC	2	SUPER_2A	3655875-3656002	5.20e-05	AAACCCTAAACC	2	0
Schoenus_nigricans	SUPER_18	14208388-14208523	2.60e-07	AAACCCTAAACC	2	SUPER_13	16226333-16226461	7.40e-05	AAACCCTAAACC	2	0
Schoenus_nigricans	SUPER_3	29803882-29803747	1.10e-06	AAACCCTAAACC	2	SUPER_7	6337905-6337770	1.80e-06	AAACCCTAAACC	2	0
Schoenus_nigricans	SUPER_3	29803882-29803747	1.10e-06	AAACCCTAAACC	2	SUPER_4	37406386-37406521	2.90e-06	AAACCCTAAACC	2	0
Schoenus_nigricans	SUPER_3	29803882-29803747	1.10e-06	AAACCCTAAACC	2	SUPER_5	7367719-7367589	5.00e-06	AAACCCTAAACC	2	0
Schoenus_nigricans	SUPER_3	29803882-29803747	1.10e-06	AAACCCTAAACC	2	SUPER_3	36201469-36201600	1.50e-05	AAACCCTAAACC	2	0
Schoenus_nigricans	SUPER_3	29803882-29803747	1.10e-06	AAACCCTAAACC	2	SUPER_6	10609619-10609758	2.30e-05	AAACCCTAAACC	2	0
Schoenus_nigricans	SUPER_3	29803882-29803747	1.10e-06	AAACCCTAAACC	2	SUPER_9	11920196-11920324	2.70e-05	AAACCCTAAACC	2	0
Schoenus_nigricans	SUPER_3	29803882-29803747	1.10e-06	AAACCCTAAACC	2	SUPER_6	1122274-1122144	3.20e-05	AAACCCTAAACC	2	0
Schoenus_nigricans	SUPER_3	29803882-29803747	1.10e-06	AAACCCTAAACC	2	SUPER_15	16637256-16637126	3.70e-05	AAACCCTAAACC	2	0
Schoenus_nigricans	SUPER_3	29803882-29803747	1.10e-06	AAACCCTAAACC	2	SUPER_9	2569894-2570024	3.70e-05	AAACCCTAAACC	2	0
Schoenus_nigricans	SUPER_3	29803882-29803747	1.10e-06	AAACCCTAAACC	2	SUPER_9	32793684-32793827	4.50e-05	AAACCCTAAACC	2	0
Schoenus_nigricans	SUPER_3	29803882-29803747	1.10e-06	AAACCCTAAACC	2	SUPER_2A	3655875-3656002	5.20e-05	AAACCCTAAACC	2	0
Schoenus_nigricans	SUPER_3	29803882-29803747	1.10e-06	AAACCCTAAACC	2	SUPER_13	16226333-16226461	7.40e-05	AAACCCTAAACC	2	0
Schoenus_nigricans	SUPER_7	6337905-6337770	1.80e-06	AAACCCTAAACC	2	SUPER_4	37406386-37406521	2.90e-06	AAACCCTAAACC	2	0
Schoenus_nigricans	SUPER_7	6337905-6337770	1.80e-06	AAACCCTAAACC	2	SUPER_5	7367719-7367589	5.00e-06	AAACCCTAAACC	2	0
Schoenus_nigricans	SUPER_7	6337905-6337770	1.80e-06	AAACCCTAAACC	2	SUPER_3	36201469-36201600	1.50e-05	AAACCCTAAACC	2	0
Schoenus_nigricans	SUPER_7	6337905-6337770	1.80e-06	AAACCCTAAACC	2	SUPER_6	10609619-10609758	2.30e-05	AAACCCTAAACC	2	0
Schoenus_nigricans	SUPER_7	6337905-6337770	1.80e-06	AAACCCTAAACC	2	SUPER_9	11920196-11920324	2.70e-05	AAACCCTAAACC	2	0
Schoenus_nigricans	SUPER_7	6337905-6337770	1.80e-06	AAACCCTAAACC	2	SUPER_6	1122274-1122144	3.20e-05	AAACCCTAAACC	2	0
Schoenus_nigricans	SUPER_7	6337905-6337770	1.80e-06	AAACCCTAAACC	2	SUPER_15	16637256-16637126	3.70e-05	AAACCCTAAACC	2	0
Schoenus_nigricans	SUPER_7	6337905-6337770	1.80e-06	AAACCCTAAACC	2	SUPER_9	2569894-2570024	3.70e-05	AAACCCTAAACC	2	0
Schoenus_nigricans	SUPER_7	6337905-6337770	1.80e-06	AAACCCTAAACC	2	SUPER_9	32793684-32793827	4.50e-05	AAACCCTAAACC	2	0
Schoenus_nigricans	SUPER_7	6337905-6337770	1.80e-06	AAACCCTAAACC	2	SUPER_2A	3655875-3656002	5.20e-05	AAACCCTAAACC	2	0
Schoenus_nigricans	SUPER_7	6337905-6337770	1.80e-06	AAACCCTAAACC	2	SUPER_13	16226333-16226461	7.40e-05	AAACCCTAAACC	2	0
Schoenus_nigricans	SUPER_4	37406386-37406521	2.90e-06	AAACCCTAAACC	2	SUPER_5	7367719-7367589	5.00e-06	AAACCCTAAACC	2	0
Schoenus_nigricans	SUPER_4	37406386-37406521	2.90e-06	AAACCCTAAACC	2	SUPER_3	36201469-36201600	1.50e-05	AAACCCTAAACC	2	0
Schoenus_nigricans	SUPER_4	37406386-37406521	2.90e-06	AAACCCTAAACC	2	SUPER_6	10609619-10609758	2.30e-05	AAACCCTAAACC	2	0
Schoenus_nigricans	SUPER_4	37406386-37406521	2.90e-06	AAACCCTAAACC	2	SUPER_9	11920196-11920324	2.70e-05	AAACCCTAAACC	2	0
Schoenus_nigricans	SUPER_4	37406386-37406521	2.90e-06	AAACCCTAAACC	2	SUPER_6	1122274-1122144	3.20e-05	AAACCCTAAACC	2	0
Schoenus_nigricans	SUPER_4	37406386-37406521	2.90e-06	AAACCCTAAACC	2	SUPER_15	16637256-16637126	3.70e-05	AAACCCTAAACC	2	0
Schoenus_nigricans	SUPER_4	37406386-37406521	2.90e-06	AAACCCTAAACC	2	SUPER_9	2569894-2570024	3.70e-05	AAACCCTAAACC	2	0
Schoenus_nigricans	SUPER_4	37406386-37406521	2.90e-06	AAACCCTAAACC	2	SUPER_9	32793684-32793827	4.50e-05	AAACCCTAAACC	2	0
Schoenus_nigricans	SUPER_4	37406386-37406521	2.90e-06	AAACCCTAAACC	2	SUPER_2A	3655875-3656002	5.20e-05	AAACCCTAAACC	2	0
Schoenus_nigricans	SUPER_4	37406386-37406521	2.90e-06	AAACCCTAAACC	2	SUPER_13	16226333-16226461	7.40e-05	AAACCCTAAACC	2	0
Schoenus_nigricans	SUPER_5	7367719-7367589	5.00e-06	AAACCCTAAACC	2	SUPER_3	36201469-36201600	1.50e-05	AAACCCTAAACC	2	0
Schoenus_nigricans	SUPER_5	7367719-7367589	5.00e-06	AAACCCTAAACC	2	SUPER_6	10609619-10609758	2.30e-05	AAACCCTAAACC	2	0
Schoenus_nigricans	SUPER_5	7367719-7367589	5.00e-06	AAACCCTAAACC	2	SUPER_9	11920196-11920324	2.70e-05	AAACCCTAAACC	2	0
Schoenus_nigricans	SUPER_5	7367719-7367589	5.00e-06	AAACCCTAAACC	2	SUPER_6	1122274-1122144	3.20e-05	AAACCCTAAACC	2	0
Schoenus_nigricans	SUPER_5	7367719-7367589	5.00e-06	AAACCCTAAACC	2	SUPER_15	16637256-16637126	3.70e-05	AAACCCTAAACC	2	0
Schoenus_nigricans	SUPER_5	7367719-7367589	5.00e-06	AAACCCTAAACC	2	SUPER_9	2569894-2570024	3.70e-05	AAACCCTAAACC	2	0
Schoenus_nigricans	SUPER_5	7367719-7367589	5.00e-06	AAACCCTAAACC	2	SUPER_9	32793684-32793827	4.50e-05	AAACCCTAAACC	2	0
Schoenus_nigricans	SUPER_5	7367719-7367589	5.00e-06	AAACCCTAAACC	2	SUPER_2A	3655875-3656002	5.20e-05	AAACCCTAAACC	2	0
Schoenus_nigricans	SUPER_5	7367719-7367589	5.00e-06	AAACCCTAAACC	2	SUPER_13	16226333-16226461	7.40e-05	AAACCCTAAACC	2	0
Schoenus_nigricans	SUPER_3	36201469-36201600	1.50e-05	AAACCCTAAACC	2	SUPER_6	10609619-10609758	2.30e-05	AAACCCTAAACC	2	0
Schoenus_nigricans	SUPER_3	36201469-36201600	1.50e-05	AAACCCTAAACC	2	SUPER_9	11920196-11920324	2.70e-05	AAACCCTAAACC	2	0
Schoenus_nigricans	SUPER_3	36201469-36201600	1.50e-05	AAACCCTAAACC	2	SUPER_6	1122274-1122144	3.20e-05	AAACCCTAAACC	2	0
Schoenus_nigricans	SUPER_3	36201469-36201600	1.50e-05	AAACCCTAAACC	2	SUPER_15	16637256-16637126	3.70e-05	AAACCCTAAACC	2	0
Schoenus_nigricans	SUPER_3	36201469-36201600	1.50e-05	AAACCCTAAACC	2	SUPER_9	2569894-2570024	3.70e-05	AAACCCTAAACC	2	0
Schoenus_nigricans	SUPER_3	36201469-36201600	1.50e-05	AAACCCTAAACC	2	SUPER_9	32793684-32793827	4.50e-05	AAACCCTAAACC	2	0
Schoenus_nigricans	SUPER_3	36201469-36201600	1.50e-05	AAACCCTAAACC	2	SUPER_2A	3655875-3656002	5.20e-05	AAACCCTAAACC	2	0
Schoenus_nigricans	SUPER_3	36201469-36201600	1.50e-05	AAACCCTAAACC	2	SUPER_13	16226333-16226461	7.40e-05	AAACCCTAAACC	2	0
Schoenus_nigricans	SUPER_6	10609619-10609758	2.30e-05	AAACCCTAAACC	2	SUPER_9	11920196-11920324	2.70e-05	AAACCCTAAACC	2	0
Schoenus_nigricans	SUPER_6	10609619-10609758	2.30e-05	AAACCCTAAACC	2	SUPER_6	1122274-1122144	3.20e-05	AAACCCTAAACC	2	0
Schoenus_nigricans	SUPER_6	10609619-10609758	2.30e-05	AAACCCTAAACC	2	SUPER_15	16637256-16637126	3.70e-05	AAACCCTAAACC	2	0
Schoenus_nigricans	SUPER_6	10609619-10609758	2.30e-05	AAACCCTAAACC	2	SUPER_9	2569894-2570024	3.70e-05	AAACCCTAAACC	2	0
Schoenus_nigricans	SUPER_6	10609619-10609758	2.30e-05	AAACCCTAAACC	2	SUPER_9	32793684-32793827	4.50e-05	AAACCCTAAACC	2	0
Schoenus_nigricans	SUPER_6	10609619-10609758	2.30e-05	AAACCCTAAACC	2	SUPER_2A	3655875-3656002	5.20e-05	AAACCCTAAACC	2	0
Schoenus_nigricans	SUPER_6	10609619-10609758	2.30e-05	AAACCCTAAACC	2	SUPER_13	16226333-16226461	7.40e-05	AAACCCTAAACC	2	0
Schoenus_nigricans	SUPER_9	11920196-11920324	2.70e-05	AAACCCTAAACC	2	SUPER_6	1122274-1122144	3.20e-05	AAACCCTAAACC	2	0
Schoenus_nigricans	SUPER_9	11920196-11920324	2.70e-05	AAACCCTAAACC	2	SUPER_15	16637256-16637126	3.70e-05	AAACCCTAAACC	2	0
Schoenus_nigricans	SUPER_9	11920196-11920324	2.70e-05	AAACCCTAAACC	2	SUPER_9	2569894-2570024	3.70e-05	AAACCCTAAACC	2	0
Schoenus_nigricans	SUPER_9	11920196-11920324	2.70e-05	AAACCCTAAACC	2	SUPER_9	32793684-32793827	4.50e-05	AAACCCTAAACC	2	0
Schoenus_nigricans	SUPER_9	11920196-11920324	2.70e-05	AAACCCTAAACC	2	SUPER_2A	3655875-3656002	5.20e-05	AAACCCTAAACC	2	0
Schoenus_nigricans	SUPER_9	11920196-11920324	2.70e-05	AAACCCTAAACC	2	SUPER_13	16226333-16226461	7.40e-05	AAACCCTAAACC	2	0
Schoenus_nigricans	SUPER_6	1122274-1122144	3.20e-05	AAACCCTAAACC	2	SUPER_15	16637256-16637126	3.70e-05	AAACCCTAAACC	2	0
Schoenus_nigricans	SUPER_6	1122274-1122144	3.20e-05	AAACCCTAAACC	2	SUPER_9	2569894-2570024	3.70e-05	AAACCCTAAACC	2	0
Schoenus_nigricans	SUPER_6	1122274-1122144	3.20e-05	AAACCCTAAACC	2	SUPER_9	32793684-32793827	4.50e-05	AAACCCTAAACC	2	0
Schoenus_nigricans	SUPER_6	1122274-1122144	3.20e-05	AAACCCTAAACC	2	SUPER_2A	3655875-3656002	5.20e-05	AAACCCTAAACC	2	0
Schoenus_nigricans	SUPER_6	1122274-1122144	3.20e-05	AAACCCTAAACC	2	SUPER_13	16226333-16226461	7.40e-05	AAACCCTAAACC	2	0
Schoenus_nigricans	SUPER_15	16637256-16637126	3.70e-05	AAACCCTAAACC	2	SUPER_9	2569894-2570024	3.70e-05	AAACCCTAAACC	2	0
Schoenus_nigricans	SUPER_15	16637256-16637126	3.70e-05	AAACCCTAAACC	2	SUPER_9	32793684-32793827	4.50e-05	AAACCCTAAACC	2	0
Schoenus_nigricans	SUPER_15	16637256-16637126	3.70e-05	AAACCCTAAACC	2	SUPER_2A	3655875-3656002	5.20e-05	AAACCCTAAACC	2	0
Schoenus_nigricans	SUPER_15	16637256-16637126	3.70e-05	AAACCCTAAACC	2	SUPER_13	16226333-16226461	7.40e-05	AAACCCTAAACC	2	0
Schoenus_nigricans	SUPER_9	2569894-2570024	3.70e-05	AAACCCTAAACC	2	SUPER_9	32793684-32793827	4.50e-05	AAACCCTAAACC	2	0
Schoenus_nigricans	SUPER_9	2569894-2570024	3.70e-05	AAACCCTAAACC	2	SUPER_2A	3655875-3656002	5.20e-05	AAACCCTAAACC	2	0
Schoenus_nigricans	SUPER_9	2569894-2570024	3.70e-05	AAACCCTAAACC	2	SUPER_13	16226333-16226461	7.40e-05	AAACCCTAAACC	2	0
Schoenus_nigricans	SUPER_9	32793684-32793827	4.50e-05	AAACCCTAAACC	2	SUPER_2A	3655875-3656002	5.20e-05	AAACCCTAAACC	2	0
Schoenus_nigricans	SUPER_9	32793684-32793827	4.50e-05	AAACCCTAAACC	2	SUPER_13	16226333-16226461	7.40e-05	AAACCCTAAACC	2	0
Schoenus_nigricans	SUPER_2A	3655875-3656002	5.20e-05	AAACCCTAAACC	2	SUPER_13	16226333-16226461	7.40e-05	AAACCCTAAACC	2	0
Scirpus_sylvaticus	HAP2_SCAFFOLD_17	1840124-1840436	5.30e-29	TAAACCCTAAACCC	1	HAP2_SCAFFOLD_16	5710719-5710519	4.40e-15	TAAACCCTAAACCC	1	0
Scleranthus_annuus	SUPER_1_HAP1	86306351-86306003	5.20e-22	AACCCTAAACC	3	SUPER_2_HAP1	72606028-72606376	2.40e-21	AACCCTAAACC	3	0
Scleranthus_annuus	SUPER_1_HAP1	86306351-86306003	5.20e-22	AACCCTAAACC	3	SUPER_7_HAP1	65902229-65902584	8.80e-21	AACCCTAAACC	3	0
Scleranthus_annuus	SUPER_2_HAP1	72606028-72606376	2.40e-21	AACCCTAAACC	3	SUPER_7_HAP1	65902229-65902584	8.80e-21	AACCCTAAACC	3	0
Scrophularia_umbrosa	SUPER_23	4423137-4423473	4.90e-55	TAAACCCTAAACC	1	SUPER_24	4266113-4266450	9.40e-52	TAAACCCTAAACC	1	0
Sedum_album	SUPER_8B_HAP1	4077966-4077642	3.40e-35	CTAAACCCTAAAA	0	SUPER_8A_HAP1	4032739-4032413	4.30e-35	CTAAACCCTAAAA	0	0
Sedum_album	SUPER_8B_HAP1	4077966-4077642	3.40e-35	CTAAACCCTAAAA	0	SUPER_8C_HAP1	6566033-6565705	5.40e-34	CTAAACCCTAAAA	0	0
Sedum_album	SUPER_8A_HAP1	4032739-4032413	4.30e-35	CTAAACCCTAAAA	0	SUPER_8C_HAP1	6566033-6565705	5.40e-34	CTAAACCCTAAAA	0	0
Senecio_squalidus	Scaffold_612_HRSCAF_3546_arrow	29976795-29976450	6.00e-33	TAAACCCTAAACC	1	Scaffold_612_HRSCAF_3546_arrow	29976062-29975798	3.70e-23	TAAACCCTAAACC	1	0
Senecio_sylvaticus	SUPER_9	48244219-48243867	9.50e-34	TAAACCCTAAACC	1	SUPER_4	36152661-36152342	2.00e-18	TAAACCCTAAACC	1	0
Senecio_sylvaticus	SUPER_9	48244219-48243867	9.50e-34	TAAACCCTAAACC	1	SUPER_4	35091616-35091846	1.00e-12	TAAACCCTAAACC	1	0
Senecio_sylvaticus	SUPER_4	36152661-36152342	2.00e-18	TAAACCCTAAACC	1	SUPER_4	35091616-35091846	1.00e-12	TAAACCCTAAACC	1	0
Senecio_viscosus	SUPER_3	38429628-38429282	2.60e-33	TAAACCCTAAACC	1	SUPER_11	43549960-43550312	1.80e-32	TAAACCCTAAACC	1	0
Senecio_vulgaris	SUPER_1_HAP1	27248009-27247662	8.30e-34	TAAACCCTAAACC	1	SUPER_12_HAP1	36799195-36798852	2.00e-32	TAAACCCTAAACC	1	0
Senecio_vulgaris	SUPER_1_HAP1	27248009-27247662	8.30e-34	TAAACCCTAAACC	1	SUPER_12_HAP1	36185415-36185560	6.90e-10	TAAACCCTAAACC	1	0
Senecio_vulgaris	SUPER_12_HAP1	36799195-36798852	2.00e-32	TAAACCCTAAACC	1	SUPER_12_HAP1	36185415-36185560	6.90e-10	TAAACCCTAAACC	1	0
Sherardia_arvensis	SUPER_1	17223740-17224078	1.10e-38	AACCCTAAACC	3	SUPER_9	4437216-4436880	2.30e-38	AACCCTAAACC	3	0
Sherardia_arvensis	SUPER_1	17223740-17224078	1.10e-38	AACCCTAAACC	3	SUPER_11	26117757-26118064	2.50e-36	AACCCTAAACC	3	0
Sherardia_arvensis	SUPER_9	4437216-4436880	2.30e-38	AACCCTAAACC	3	SUPER_11	26117757-26118064	2.50e-36	AACCCTAAACC	3	0
Sibbaldia_procumbens	SUPER_1	1605085-1605393	6.10e-53	AAACCCTAAACC	2	SUPER_1	1616023-1616330	9.00e-53	AAACCCTAAACC	2	0
Sibbaldia_procumbens	SUPER_1	1605085-1605393	6.10e-53	AAACCCTAAACC	2	SUPER_1	35554847-35555155	1.10e-50	AAACCCTAAACC	2	0
Sibbaldia_procumbens	SUPER_1	1616023-1616330	9.00e-53	AAACCCTAAACC	2	SUPER_1	35554847-35555155	1.10e-50	AAACCCTAAACC	2	0
Silene_noctiflora	SUPER_8_HAP2	187871779-187872119	4.50e-22	AACCCTAAACC	3	SUPER_6_HAP2	27542099-27542379	3.00e-15	AACCCTAAACC	3	0
Silene_noctiflora	SUPER_8_HAP2	187871779-187872119	4.50e-22	AACCCTAAACC	3	SUPER_7_HAP2	38747152-38747322	1.60e-06	AACCCTAAACC	3	0
Silene_noctiflora	SUPER_6_HAP2	27542099-27542379	3.00e-15	AACCCTAAACC	3	SUPER_7_HAP2	38747152-38747322	1.60e-06	AACCCTAAACC	3	0
Solanum_nigrum	SUPER_25	1004946-1005275	6.80e-43	CTGAACCCTGA	0	SUPER_5	1092678-1093019	1.30e-42	CTGAACCCTGA	0	0
Solanum_nigrum	SUPER_25	1004946-1005275	6.80e-43	CTGAACCCTGA	0	SUPER_5	1090703-1091047	3.90e-42	CTGAACCCTGA	0	0
Solanum_nigrum	SUPER_25	1004946-1005275	6.80e-43	CTGAACCCTGA	0	SUPER_15	838017-838366	3.10e-41	CTGAACCCTGA	0	0
Solanum_nigrum	SUPER_25	1004946-1005275	6.80e-43	CTGAACCCTGA	0	SUPER_25	1007736-1008042	6.70e-31	CTGAACCCTGA	0	0
Solanum_nigrum	SUPER_25	1004946-1005275	6.80e-43	CTGAACCCTGA	0	SUPER_15	831589-831871	8.40e-24	CTGAACCCTGA	0	0
Solanum_nigrum	SUPER_25	1004946-1005275	6.80e-43	CTGAACCCTGA	0	SUPER_25	1014081-1014285	9.40e-20	CTGAACCCTGA	0	0
Solanum_nigrum	SUPER_25	1004946-1005275	6.80e-43	CTGAACCCTGA	0	SUPER_5	1104604-1104764	3.90e-12	CTGAACCCTGA	0	0
Solanum_nigrum	SUPER_5	1092678-1093019	1.30e-42	CTGAACCCTGA	0	SUPER_5	1090703-1091047	3.90e-42	CTGAACCCTGA	0	0
Solanum_nigrum	SUPER_5	1092678-1093019	1.30e-42	CTGAACCCTGA	0	SUPER_15	838017-838366	3.10e-41	CTGAACCCTGA	0	0
Solanum_nigrum	SUPER_5	1092678-1093019	1.30e-42	CTGAACCCTGA	0	SUPER_25	1007736-1008042	6.70e-31	CTGAACCCTGA	0	0
Solanum_nigrum	SUPER_5	1092678-1093019	1.30e-42	CTGAACCCTGA	0	SUPER_15	831589-831871	8.40e-24	CTGAACCCTGA	0	0
Solanum_nigrum	SUPER_5	1092678-1093019	1.30e-42	CTGAACCCTGA	0	SUPER_25	1014081-1014285	9.40e-20	CTGAACCCTGA	0	0
Solanum_nigrum	SUPER_5	1092678-1093019	1.30e-42	CTGAACCCTGA	0	SUPER_5	1104604-1104764	3.90e-12	CTGAACCCTGA	0	0
Solanum_nigrum	SUPER_5	1090703-1091047	3.90e-42	CTGAACCCTGA	0	SUPER_15	838017-838366	3.10e-41	CTGAACCCTGA	0	0
Solanum_nigrum	SUPER_5	1090703-1091047	3.90e-42	CTGAACCCTGA	0	SUPER_25	1007736-1008042	6.70e-31	CTGAACCCTGA	0	0
Solanum_nigrum	SUPER_5	1090703-1091047	3.90e-42	CTGAACCCTGA	0	SUPER_15	831589-831871	8.40e-24	CTGAACCCTGA	0	0
Solanum_nigrum	SUPER_5	1090703-1091047	3.90e-42	CTGAACCCTGA	0	SUPER_25	1014081-1014285	9.40e-20	CTGAACCCTGA	0	0
Solanum_nigrum	SUPER_5	1090703-1091047	3.90e-42	CTGAACCCTGA	0	SUPER_5	1104604-1104764	3.90e-12	CTGAACCCTGA	0	0
Solanum_nigrum	SUPER_15	838017-838366	3.10e-41	CTGAACCCTGA	0	SUPER_25	1007736-1008042	6.70e-31	CTGAACCCTGA	0	0
Solanum_nigrum	SUPER_15	838017-838366	3.10e-41	CTGAACCCTGA	0	SUPER_15	831589-831871	8.40e-24	CTGAACCCTGA	0	0
Solanum_nigrum	SUPER_15	838017-838366	3.10e-41	CTGAACCCTGA	0	SUPER_25	1014081-1014285	9.40e-20	CTGAACCCTGA	0	0
Solanum_nigrum	SUPER_15	838017-838366	3.10e-41	CTGAACCCTGA	0	SUPER_5	1104604-1104764	3.90e-12	CTGAACCCTGA	0	0
Solanum_nigrum	SUPER_30	56077981-56077674	8.70e-41	AAACCCTGAAC	2	SUPER_27	58617589-58617798	4.10e-26	AAACCCTGAAC	2	0
Solanum_nigrum	SUPER_30	56077981-56077674	8.70e-41	AAACCCTGAAC	2	SUPER_27	57740857-57741053	6.20e-25	AAACCCTGAAC	2	0
Solanum_nigrum	SUPER_25	1007736-1008042	6.70e-31	CTGAACCCTGA	0	SUPER_15	831589-831871	8.40e-24	CTGAACCCTGA	0	0
Solanum_nigrum	SUPER_25	1007736-1008042	6.70e-31	CTGAACCCTGA	0	SUPER_25	1014081-1014285	9.40e-20	CTGAACCCTGA	0	0
Solanum_nigrum	SUPER_25	1007736-1008042	6.70e-31	CTGAACCCTGA	0	SUPER_5	1104604-1104764	3.90e-12	CTGAACCCTGA	0	0
Solanum_nigrum	SUPER_27	58617589-58617798	4.10e-26	AAACCCTGAAC	2	SUPER_27	57740857-57741053	6.20e-25	AAACCCTGAAC	2	0
Solanum_nigrum	SUPER_15	831589-831871	8.40e-24	CTGAACCCTGA	0	SUPER_25	1014081-1014285	9.40e-20	CTGAACCCTGA	0	0
Solanum_nigrum	SUPER_15	831589-831871	8.40e-24	CTGAACCCTGA	0	SUPER_5	1104604-1104764	3.90e-12	CTGAACCCTGA	0	0
Solanum_nigrum	SUPER_25	1014081-1014285	9.40e-20	CTGAACCCTGA	0	SUPER_5	1104604-1104764	3.90e-12	CTGAACCCTGA	0	0
Solidago_canadensis	HAP4_SUPER_7	41263928-41263579	6.00e-35	TAAACCCTAAACC	1	HAP3_SUPER_7	44272215-44271866	7.20e-35	TAAACCCTAAACC	1	0
Solidago_canadensis	HAP4_SUPER_7	41263928-41263579	6.00e-35	TAAACCCTAAACC	1	HAP2_SUPER_7	43752718-43752368	6.40e-34	TAAACCCTAAACC	1	0
Solidago_canadensis	HAP4_SUPER_7	41263928-41263579	6.00e-35	TAAACCCTAAACC	1	HAP2_SUPER_7	43759199-43758852	4.40e-33	TAAACCCTAAACC	1	0
Solidago_canadensis	HAP4_SUPER_7	41263928-41263579	6.00e-35	TAAACCCTAAACC	1	HAP3_SUPER_7	44276247-44275899	7.10e-32	TAAACCCTAAACC	1	0
Solidago_canadensis	HAP4_SUPER_7	41263928-41263579	6.00e-35	TAAACCCTAAACC	1	HAP4_SUPER_7	41252053-41251700	4.20e-31	TAAACCCTAAACC	1	0
Solidago_canadensis	HAP4_SUPER_7	41263928-41263579	6.00e-35	TAAACCCTAAACC	1	HAP4_SUPER_6	40794988-40794726	3.80e-21	TAAACCCTAAACC	1	0
Solidago_canadensis	HAP4_SUPER_7	41263928-41263579	6.00e-35	TAAACCCTAAACC	1	HAP3_SUPER_7	44258392-44258102	2.90e-20	TAAACCCTAAACC	1	0
Solidago_canadensis	HAP3_SUPER_7	44272215-44271866	7.20e-35	TAAACCCTAAACC	1	HAP2_SUPER_7	43752718-43752368	6.40e-34	TAAACCCTAAACC	1	0
Solidago_canadensis	HAP3_SUPER_7	44272215-44271866	7.20e-35	TAAACCCTAAACC	1	HAP2_SUPER_7	43759199-43758852	4.40e-33	TAAACCCTAAACC	1	0
Solidago_canadensis	HAP3_SUPER_7	44272215-44271866	7.20e-35	TAAACCCTAAACC	1	HAP3_SUPER_7	44276247-44275899	7.10e-32	TAAACCCTAAACC	1	0
Solidago_canadensis	HAP3_SUPER_7	44272215-44271866	7.20e-35	TAAACCCTAAACC	1	HAP4_SUPER_7	41252053-41251700	4.20e-31	TAAACCCTAAACC	1	0
Solidago_canadensis	HAP3_SUPER_7	44272215-44271866	7.20e-35	TAAACCCTAAACC	1	HAP4_SUPER_6	40794988-40794726	3.80e-21	TAAACCCTAAACC	1	0
Solidago_canadensis	HAP3_SUPER_7	44272215-44271866	7.20e-35	TAAACCCTAAACC	1	HAP3_SUPER_7	44258392-44258102	2.90e-20	TAAACCCTAAACC	1	0
Solidago_canadensis	HAP2_SUPER_7	43752718-43752368	6.40e-34	TAAACCCTAAACC	1	HAP2_SUPER_7	43759199-43758852	4.40e-33	TAAACCCTAAACC	1	0
Solidago_canadensis	HAP2_SUPER_7	43752718-43752368	6.40e-34	TAAACCCTAAACC	1	HAP3_SUPER_7	44276247-44275899	7.10e-32	TAAACCCTAAACC	1	0
Solidago_canadensis	HAP2_SUPER_7	43752718-43752368	6.40e-34	TAAACCCTAAACC	1	HAP4_SUPER_7	41252053-41251700	4.20e-31	TAAACCCTAAACC	1	0
Solidago_canadensis	HAP2_SUPER_7	43752718-43752368	6.40e-34	TAAACCCTAAACC	1	HAP4_SUPER_6	40794988-40794726	3.80e-21	TAAACCCTAAACC	1	0
Solidago_canadensis	HAP2_SUPER_7	43752718-43752368	6.40e-34	TAAACCCTAAACC	1	HAP3_SUPER_7	44258392-44258102	2.90e-20	TAAACCCTAAACC	1	0
Solidago_canadensis	HAP2_SUPER_7	43759199-43758852	4.40e-33	TAAACCCTAAACC	1	HAP3_SUPER_7	44276247-44275899	7.10e-32	TAAACCCTAAACC	1	0
Solidago_canadensis	HAP2_SUPER_7	43759199-43758852	4.40e-33	TAAACCCTAAACC	1	HAP4_SUPER_7	41252053-41251700	4.20e-31	TAAACCCTAAACC	1	0
Solidago_canadensis	HAP2_SUPER_7	43759199-43758852	4.40e-33	TAAACCCTAAACC	1	HAP4_SUPER_6	40794988-40794726	3.80e-21	TAAACCCTAAACC	1	0
Solidago_canadensis	HAP2_SUPER_7	43759199-43758852	4.40e-33	TAAACCCTAAACC	1	HAP3_SUPER_7	44258392-44258102	2.90e-20	TAAACCCTAAACC	1	0
Solidago_canadensis	HAP3_SUPER_7	44276247-44275899	7.10e-32	TAAACCCTAAACC	1	HAP4_SUPER_7	41252053-41251700	4.20e-31	TAAACCCTAAACC	1	0
Solidago_canadensis	HAP3_SUPER_7	44276247-44275899	7.10e-32	TAAACCCTAAACC	1	HAP4_SUPER_6	40794988-40794726	3.80e-21	TAAACCCTAAACC	1	0
Solidago_canadensis	HAP3_SUPER_7	44276247-44275899	7.10e-32	TAAACCCTAAACC	1	HAP3_SUPER_7	44258392-44258102	2.90e-20	TAAACCCTAAACC	1	0
Solidago_canadensis	HAP4_SUPER_7	41252053-41251700	4.20e-31	TAAACCCTAAACC	1	HAP4_SUPER_6	40794988-40794726	3.80e-21	TAAACCCTAAACC	1	0
Solidago_canadensis	HAP4_SUPER_7	41252053-41251700	4.20e-31	TAAACCCTAAACC	1	HAP3_SUPER_7	44258392-44258102	2.90e-20	TAAACCCTAAACC	1	0
Solidago_canadensis	HAP4_SUPER_6	40794988-40794726	3.80e-21	TAAACCCTAAACC	1	HAP3_SUPER_7	44258392-44258102	2.90e-20	TAAACCCTAAACC	1	0
Sonchus_oleraceus	SUPER_14	45054823-45055141	2.50e-26	CCCTAAACCCCT	3	SUPER_6	67117272-67116957	1.30e-24	CCCTAAACCCCT	3	0
Sorbus_anglica	SUPER_55_HAP1	30051255-30050899	1.00e-54	AACCCTAAACC	3	SUPER_61_HAP1	29214105-29213749	1.00e-54	AACCCTAAACC	3	0
Sorbus_anglica	SUPER_55_HAP1	30051255-30050899	1.00e-54	AACCCTAAACC	3	SUPER_65_HAP1	28580293-28579937	1.00e-54	AACCCTAAACC	3	0
Sorbus_anglica	SUPER_55_HAP1	30051255-30050899	1.00e-54	AACCCTAAACC	3	SUPER_63_HAP1	355772-356135	2.50e-52	AACCCTAAACC	3	0
Sorbus_anglica	SUPER_55_HAP1	30051255-30050899	1.00e-54	AACCCTAAACC	3	SUPER_64_HAP1	28657348-28656991	1.40e-51	AACCCTAAACC	3	0
Sorbus_anglica	SUPER_55_HAP1	30051255-30050899	1.00e-54	AACCCTAAACC	3	SUPER_49_HAP1	361389-361744	5.90e-48	AACCCTAAACC	3	0
Sorbus_anglica	SUPER_55_HAP1	30051255-30050899	1.00e-54	AACCCTAAACC	3	SUPER_62_HAP1	338308-338663	5.90e-48	AACCCTAAACC	3	0
Sorbus_anglica	SUPER_61_HAP1	29214105-29213749	1.00e-54	AACCCTAAACC	3	SUPER_65_HAP1	28580293-28579937	1.00e-54	AACCCTAAACC	3	0
Sorbus_anglica	SUPER_61_HAP1	29214105-29213749	1.00e-54	AACCCTAAACC	3	SUPER_63_HAP1	355772-356135	2.50e-52	AACCCTAAACC	3	0
Sorbus_anglica	SUPER_61_HAP1	29214105-29213749	1.00e-54	AACCCTAAACC	3	SUPER_64_HAP1	28657348-28656991	1.40e-51	AACCCTAAACC	3	0
Sorbus_anglica	SUPER_61_HAP1	29214105-29213749	1.00e-54	AACCCTAAACC	3	SUPER_49_HAP1	361389-361744	5.90e-48	AACCCTAAACC	3	0
Sorbus_anglica	SUPER_61_HAP1	29214105-29213749	1.00e-54	AACCCTAAACC	3	SUPER_62_HAP1	338308-338663	5.90e-48	AACCCTAAACC	3	0
Sorbus_anglica	SUPER_65_HAP1	28580293-28579937	1.00e-54	AACCCTAAACC	3	SUPER_63_HAP1	355772-356135	2.50e-52	AACCCTAAACC	3	0
Sorbus_anglica	SUPER_65_HAP1	28580293-28579937	1.00e-54	AACCCTAAACC	3	SUPER_64_HAP1	28657348-28656991	1.40e-51	AACCCTAAACC	3	0
Sorbus_anglica	SUPER_65_HAP1	28580293-28579937	1.00e-54	AACCCTAAACC	3	SUPER_49_HAP1	361389-361744	5.90e-48	AACCCTAAACC	3	0
Sorbus_anglica	SUPER_65_HAP1	28580293-28579937	1.00e-54	AACCCTAAACC	3	SUPER_62_HAP1	338308-338663	5.90e-48	AACCCTAAACC	3	0
Sorbus_anglica	SUPER_63_HAP1	355772-356135	2.50e-52	AACCCTAAACC	3	SUPER_64_HAP1	28657348-28656991	1.40e-51	AACCCTAAACC	3	0
Sorbus_anglica	SUPER_63_HAP1	355772-356135	2.50e-52	AACCCTAAACC	3	SUPER_49_HAP1	361389-361744	5.90e-48	AACCCTAAACC	3	0
Sorbus_anglica	SUPER_63_HAP1	355772-356135	2.50e-52	AACCCTAAACC	3	SUPER_62_HAP1	338308-338663	5.90e-48	AACCCTAAACC	3	0
Sorbus_anglica	SUPER_64_HAP1	28657348-28656991	1.40e-51	AACCCTAAACC	3	SUPER_49_HAP1	361389-361744	5.90e-48	AACCCTAAACC	3	0
Sorbus_anglica	SUPER_64_HAP1	28657348-28656991	1.40e-51	AACCCTAAACC	3	SUPER_62_HAP1	338308-338663	5.90e-48	AACCCTAAACC	3	0
Sorbus_anglica	SUPER_49_HAP1	361389-361744	5.90e-48	AACCCTAAACC	3	SUPER_62_HAP1	338308-338663	5.90e-48	AACCCTAAACC	3	0
Sorbus_bristoliensis	SUPER_17A	364660-365016	7.70e-55	AACCCTAAACC	3	SUPER_16B	324607-324969	1.30e-53	AACCCTAAACC	3	0
Sorbus_bristoliensis	SUPER_17A	364660-365016	7.70e-55	AACCCTAAACC	3	SUPER_17B	432427-432783	2.00e-53	AACCCTAAACC	3	0
Sorbus_bristoliensis	SUPER_17A	364660-365016	7.70e-55	AACCCTAAACC	3	SUPER_16A	339670-340025	3.10e-48	AACCCTAAACC	3	0
Sorbus_bristoliensis	SUPER_16B	324607-324969	1.30e-53	AACCCTAAACC	3	SUPER_17B	432427-432783	2.00e-53	AACCCTAAACC	3	0
Sorbus_bristoliensis	SUPER_16B	324607-324969	1.30e-53	AACCCTAAACC	3	SUPER_16A	339670-340025	3.10e-48	AACCCTAAACC	3	0
Sorbus_bristoliensis	SUPER_17B	432427-432783	2.00e-53	AACCCTAAACC	3	SUPER_16A	339670-340025	3.10e-48	AACCCTAAACC	3	0
Sorbus_devoniensis	SUPER_34_HAP2	370756-371112	5.10e-55	AACCCTAAACC	3	SUPER_23_HAP2	357970-358332	1.30e-53	AACCCTAAACC	3	0
Sorbus_devoniensis	SUPER_34_HAP2	370756-371112	5.10e-55	AACCCTAAACC	3	SUPER_26_HAP2	448772-449128	1.50e-53	AACCCTAAACC	3	0
Sorbus_devoniensis	SUPER_34_HAP2	370756-371112	5.10e-55	AACCCTAAACC	3	SUPER_32_HAP2	366665-366997	1.40e-47	AACCCTAAACC	3	0
Sorbus_devoniensis	SUPER_23_HAP2	357970-358332	1.30e-53	AACCCTAAACC	3	SUPER_26_HAP2	448772-449128	1.50e-53	AACCCTAAACC	3	0
Sorbus_devoniensis	SUPER_23_HAP2	357970-358332	1.30e-53	AACCCTAAACC	3	SUPER_32_HAP2	366665-366997	1.40e-47	AACCCTAAACC	3	0
Sorbus_devoniensis	SUPER_26_HAP2	448772-449128	1.50e-53	AACCCTAAACC	3	SUPER_32_HAP2	366665-366997	1.40e-47	AACCCTAAACC	3	0
Spergularia_bocconei	SUPER_7	23967535-23967885	4.70e-23	AACCCTAAACC	3	SUPER_1	3749210-3748858	6.40e-22	AACCCTAAACC	3	0
Spergularia_marina	SUPER_5	27146853-27147202	3.60e-23	AACCCTAAACC	3	SUPER_9	24923734-24924084	5.10e-23	AACCCTAAACC	3	0
Sphagnum_palustre	SUPER_1	1335135-1335260	4.70e-08	AAACCCTAAACCTGGG	2	SUPER_2	32136877-32136751	5.00e-08	AAACCCTAAACCTGGG	2	0
Sphagnum_papillosum	SUPER_1	33815329-33815203	3.20e-08	CTAAACCCTAAACCT	0	SUPER_2	31632986-31632863	2.30e-06	CTAAACCCTAAACCT	0	0
Sphagnum_russowii	SUPER_2	33872674-33872507	3.70e-08	CTAAACCCTAAACCT	0	SUPER_1	33780304-33780178	5.10e-08	CTAAACCCTAAACCT	0	0
Spiraea_salicifolia	SUPER_7	7246981-7246618	2.30e-39	AACCCTAAACC	3	SUPER_12	8579554-8579192	2.90e-38	AACCCTAAACC	3	0
Suaeda_maritima	SUPER_5	1279288-1279700	7.20e-12	AACCCTAAACC	3	SUPER_2	45675773-45675366	7.60e-12	AACCCTAAACC	3	0
Tanacetum_parthenium	SUPER_6	130944541-130944906	2.20e-41	AACCCTAAACC	3	SUPER_6	130947295-130947561	4.30e-21	AACCCTAAACC	3	0
Tanacetum_parthenium	SUPER_6	130944541-130944906	2.20e-41	AACCCTAAACC	3	HAP1_SCAFFOLD_345	11358-11057	8.80e-16	AACCCTAAACC	3	0
Tanacetum_parthenium	SUPER_6	130944541-130944906	2.20e-41	AACCCTAAACC	3	SUPER_6	131265356-131265055	8.80e-16	AACCCTAAACC	3	0
Tanacetum_parthenium	SUPER_6	130944541-130944906	2.20e-41	AACCCTAAACC	3	SUPER_6	131036602-131036739	1.00e-07	AACCCTAAACC	3	0
Tanacetum_parthenium	SUPER_6	130944541-130944906	2.20e-41	AACCCTAAACC	3	SUPER_6	131160358-131160495	1.00e-07	AACCCTAAACC	3	0
Tanacetum_parthenium	SUPER_6	130947295-130947561	4.30e-21	AACCCTAAACC	3	HAP1_SCAFFOLD_345	11358-11057	8.80e-16	AACCCTAAACC	3	0
Tanacetum_parthenium	SUPER_6	130947295-130947561	4.30e-21	AACCCTAAACC	3	SUPER_6	131265356-131265055	8.80e-16	AACCCTAAACC	3	0
Tanacetum_parthenium	SUPER_6	130947295-130947561	4.30e-21	AACCCTAAACC	3	SUPER_6	131036602-131036739	1.00e-07	AACCCTAAACC	3	0
Tanacetum_parthenium	SUPER_6	130947295-130947561	4.30e-21	AACCCTAAACC	3	SUPER_6	131160358-131160495	1.00e-07	AACCCTAAACC	3	0
Tanacetum_parthenium	HAP1_SCAFFOLD_345	11358-11057	8.80e-16	AACCCTAAACC	3	SUPER_6	131265356-131265055	8.80e-16	AACCCTAAACC	3	0
Tanacetum_parthenium	HAP1_SCAFFOLD_345	11358-11057	8.80e-16	AACCCTAAACC	3	SUPER_6	131036602-131036739	1.00e-07	AACCCTAAACC	3	0
Tanacetum_parthenium	HAP1_SCAFFOLD_345	11358-11057	8.80e-16	AACCCTAAACC	3	SUPER_6	131160358-131160495	1.00e-07	AACCCTAAACC	3	0
Tanacetum_parthenium	SUPER_6	131265356-131265055	8.80e-16	AACCCTAAACC	3	SUPER_6	131036602-131036739	1.00e-07	AACCCTAAACC	3	0
Tanacetum_parthenium	SUPER_6	131265356-131265055	8.80e-16	AACCCTAAACC	3	SUPER_6	131160358-131160495	1.00e-07	AACCCTAAACC	3	0
Tanacetum_parthenium	SUPER_6	131036602-131036739	1.00e-07	AACCCTAAACC	3	SUPER_6	131160358-131160495	1.00e-07	AACCCTAAACC	3	0
Tanacetum_vulgare	SUPER_6	224218179-224217816	1.60e-37	AACCCTAAACC	3	SUPER_6	223599803-223600147	2.80e-23	AACCCTAAACC	3	0
Tanacetum_vulgare	SUPER_6	224218179-224217816	1.60e-37	AACCCTAAACC	3	SUPER_6	223745316-223745662	3.30e-23	AACCCTAAACC	3	0
Tanacetum_vulgare	SUPER_6	224218179-224217816	1.60e-37	AACCCTAAACC	3	SUPER_6	223394918-223395245	1.60e-21	AACCCTAAACC	3	0
Tanacetum_vulgare	SUPER_6	224218179-224217816	1.60e-37	AACCCTAAACC	3	SUPER_6	223503378-223503705	4.90e-21	AACCCTAAACC	3	0
Tanacetum_vulgare	SUPER_6	224218179-224217816	1.60e-37	AACCCTAAACC	3	SUPER_6	223904634-223904957	6.70e-20	AACCCTAAACC	3	0
Tanacetum_vulgare	SUPER_6	224218179-224217816	1.60e-37	AACCCTAAACC	3	SUPER_6	223636382-223636706	8.90e-20	AACCCTAAACC	3	0
Tanacetum_vulgare	SUPER_6	224218179-224217816	1.60e-37	AACCCTAAACC	3	SUPER_6	223508004-223508341	1.60e-18	AACCCTAAACC	3	0
Tanacetum_vulgare	SUPER_6	224218179-224217816	1.60e-37	AACCCTAAACC	3	SUPER_7	412777678-412777991	7.30e-18	AACCCTAAACC	3	0
Tanacetum_vulgare	SUPER_6	223599803-223600147	2.80e-23	AACCCTAAACC	3	SUPER_6	223745316-223745662	3.30e-23	AACCCTAAACC	3	0
Tanacetum_vulgare	SUPER_6	223599803-223600147	2.80e-23	AACCCTAAACC	3	SUPER_6	223394918-223395245	1.60e-21	AACCCTAAACC	3	0
Tanacetum_vulgare	SUPER_6	223599803-223600147	2.80e-23	AACCCTAAACC	3	SUPER_6	223503378-223503705	4.90e-21	AACCCTAAACC	3	0
Tanacetum_vulgare	SUPER_6	223599803-223600147	2.80e-23	AACCCTAAACC	3	SUPER_6	223904634-223904957	6.70e-20	AACCCTAAACC	3	0
Tanacetum_vulgare	SUPER_6	223599803-223600147	2.80e-23	AACCCTAAACC	3	SUPER_6	223636382-223636706	8.90e-20	AACCCTAAACC	3	0
Tanacetum_vulgare	SUPER_6	223599803-223600147	2.80e-23	AACCCTAAACC	3	SUPER_6	223508004-223508341	1.60e-18	AACCCTAAACC	3	0
Tanacetum_vulgare	SUPER_6	223599803-223600147	2.80e-23	AACCCTAAACC	3	SUPER_7	412777678-412777991	7.30e-18	AACCCTAAACC	3	0
Tanacetum_vulgare	SUPER_6	223745316-223745662	3.30e-23	AACCCTAAACC	3	SUPER_6	223394918-223395245	1.60e-21	AACCCTAAACC	3	0
Tanacetum_vulgare	SUPER_6	223745316-223745662	3.30e-23	AACCCTAAACC	3	SUPER_6	223503378-223503705	4.90e-21	AACCCTAAACC	3	0
Tanacetum_vulgare	SUPER_6	223745316-223745662	3.30e-23	AACCCTAAACC	3	SUPER_6	223904634-223904957	6.70e-20	AACCCTAAACC	3	0
Tanacetum_vulgare	SUPER_6	223745316-223745662	3.30e-23	AACCCTAAACC	3	SUPER_6	223636382-223636706	8.90e-20	AACCCTAAACC	3	0
Tanacetum_vulgare	SUPER_6	223745316-223745662	3.30e-23	AACCCTAAACC	3	SUPER_6	223508004-223508341	1.60e-18	AACCCTAAACC	3	0
Tanacetum_vulgare	SUPER_6	223745316-223745662	3.30e-23	AACCCTAAACC	3	SUPER_7	412777678-412777991	7.30e-18	AACCCTAAACC	3	0
Tanacetum_vulgare	SUPER_6	223394918-223395245	1.60e-21	AACCCTAAACC	3	SUPER_6	223503378-223503705	4.90e-21	AACCCTAAACC	3	0
Tanacetum_vulgare	SUPER_6	223394918-223395245	1.60e-21	AACCCTAAACC	3	SUPER_6	223904634-223904957	6.70e-20	AACCCTAAACC	3	0
Tanacetum_vulgare	SUPER_6	223394918-223395245	1.60e-21	AACCCTAAACC	3	SUPER_6	223636382-223636706	8.90e-20	AACCCTAAACC	3	0
Tanacetum_vulgare	SUPER_6	223394918-223395245	1.60e-21	AACCCTAAACC	3	SUPER_6	223508004-223508341	1.60e-18	AACCCTAAACC	3	0
Tanacetum_vulgare	SUPER_6	223394918-223395245	1.60e-21	AACCCTAAACC	3	SUPER_7	412777678-412777991	7.30e-18	AACCCTAAACC	3	0
Tanacetum_vulgare	SUPER_6	223503378-223503705	4.90e-21	AACCCTAAACC	3	SUPER_6	223904634-223904957	6.70e-20	AACCCTAAACC	3	0
Tanacetum_vulgare	SUPER_6	223503378-223503705	4.90e-21	AACCCTAAACC	3	SUPER_6	223636382-223636706	8.90e-20	AACCCTAAACC	3	0
Tanacetum_vulgare	SUPER_6	223503378-223503705	4.90e-21	AACCCTAAACC	3	SUPER_6	223508004-223508341	1.60e-18	AACCCTAAACC	3	0
Tanacetum_vulgare	SUPER_6	223503378-223503705	4.90e-21	AACCCTAAACC	3	SUPER_7	412777678-412777991	7.30e-18	AACCCTAAACC	3	0
Tanacetum_vulgare	SUPER_6	223904634-223904957	6.70e-20	AACCCTAAACC	3	SUPER_6	223636382-223636706	8.90e-20	AACCCTAAACC	3	0
Tanacetum_vulgare	SUPER_6	223904634-223904957	6.70e-20	AACCCTAAACC	3	SUPER_6	223508004-223508341	1.60e-18	AACCCTAAACC	3	0
Tanacetum_vulgare	SUPER_6	223904634-223904957	6.70e-20	AACCCTAAACC	3	SUPER_7	412777678-412777991	7.30e-18	AACCCTAAACC	3	0
Tanacetum_vulgare	SUPER_6	223636382-223636706	8.90e-20	AACCCTAAACC	3	SUPER_6	223508004-223508341	1.60e-18	AACCCTAAACC	3	0
Tanacetum_vulgare	SUPER_6	223636382-223636706	8.90e-20	AACCCTAAACC	3	SUPER_7	412777678-412777991	7.30e-18	AACCCTAAACC	3	0
Tanacetum_vulgare	SUPER_6	223508004-223508341	1.60e-18	AACCCTAAACC	3	SUPER_7	412777678-412777991	7.30e-18	AACCCTAAACC	3	0
Tellima_grandiflora	SUPER_1A_HAP1	87901299-87900972	5.40e-46	AACCCTAAACC	3	SUPER_1A_HAP1	18031201-18031320	1.30e-10	AACCCTAAACC	3	0
Thalictrum_minus	SUPER_15	12771018-12771351	8.40e-25	TAAACCCTAAAC	1	SUPER_16	11346635-11346959	1.40e-24	TAAACCCTAAAC	1	0
Thalictrum_minus	SUPER_15	12771018-12771351	8.40e-25	TAAACCCTAAAC	1	SUPER_19	10280081-10280405	4.90e-23	TAAACCCTAAAC	1	0
Thalictrum_minus	SUPER_16	11346635-11346959	1.40e-24	TAAACCCTAAAC	1	SUPER_19	10280081-10280405	4.90e-23	TAAACCCTAAAC	1	0
Tilia_cordata	SUPER_20	17400418-17400088	8.50e-44	AACCCTAAACC	3	SUPER_12	18721169-18720828	2.10e-28	AACCCTAAACC	3	0
Trifolium_dubium	SUPER_2	14049051-14048704	5.20e-51	AACCCTAAACCCT	3	SUPER_12	9859624-9859966	3.20e-49	AACCCTAAACCCT	3	0
Trifolium_dubium	SUPER_2	14049051-14048704	5.20e-51	AACCCTAAACCCT	3	SUPER_2	12688533-12688877	7.90e-48	AACCCTAAACCCT	3	0
Trifolium_dubium	SUPER_12	9859624-9859966	3.20e-49	AACCCTAAACCCT	3	SUPER_2	12688533-12688877	7.90e-48	AACCCTAAACCCT	3	0
Trifolium_dubium	SUPER_12	10951874-10952218	1.20e-46	CTAAACCCTAAACCCT	0	SUPER_12	10931001-10930657	1.20e-46	CTAAACCCTAAACCCT	0	0
Trifolium_repens	SUPER_15	20265585-20265267	3.30e-43	CTAAACCCTAAACCCT	0	SUPER_2	20078426-20078109	4.80e-42	CTAAACCCTAAACCCT	0	0
Trifolium_repens	SUPER_12	53673584-53673772	1.20e-12	TAAACCCTAAA	1	SUPER_14	53996286-53996443	4.80e-12	TAAACCCTAAA	1	0
Trifolium_striatum	SUPER_6	20599784-20600106	3.10e-47	AACCCTAAACCCT	3	SUPER_6	20432315-20431992	3.90e-47	AACCCTAAACCCT	3	0
Trifolium_striatum	SUPER_6	20599784-20600106	3.10e-47	AACCCTAAACCCT	3	SUPER_6	20437631-20437342	7.00e-36	AACCCTAAACCCT	3	0
Trifolium_striatum	SUPER_6	20599784-20600106	3.10e-47	AACCCTAAACCCT	3	SUPER_6	20573848-20574015	8.70e-17	AACCCTAAACCCT	3	0
Trifolium_striatum	SUPER_6	20432315-20431992	3.90e-47	AACCCTAAACCCT	3	SUPER_6	20437631-20437342	7.00e-36	AACCCTAAACCCT	3	0
Trifolium_striatum	SUPER_6	20432315-20431992	3.90e-47	AACCCTAAACCCT	3	SUPER_6	20573848-20574015	8.70e-17	AACCCTAAACCCT	3	0
Trifolium_striatum	SUPER_6	20437631-20437342	7.00e-36	AACCCTAAACCCT	3	SUPER_6	20573848-20574015	8.70e-17	AACCCTAAACCCT	3	0
Trocdaris_verticillatum	SUPER_6	19576358-19576057	1.90e-07	ACCCTAACC	4	SUPER_6	19565030-19564849	8.90e-06	ACCCTAACC	4	0
Trocdaris_verticillatum	SUPER_6	19576358-19576057	1.90e-07	ACCCTAACC	4	SUPER_6	19557104-19556860	1.40e-05	ACCCTAACC	4	0
Trocdaris_verticillatum	SUPER_6	19576358-19576057	1.90e-07	ACCCTAACC	4	SUPER_6	19555426-19555237	3.40e-05	ACCCTAACC	4	0
Trocdaris_verticillatum	SUPER_6	19537096-19536918	5.40e-06	ACCCTAAC	2	SUPER_6	19539712-19539534	5.40e-06	ACCCTAAC	2	0
Trocdaris_verticillatum	SUPER_6	19537096-19536918	5.40e-06	ACCCTAAC	2	SUPER_6	19541020-19540842	5.40e-06	ACCCTAAC	2	0
Trocdaris_verticillatum	SUPER_6	19537096-19536918	5.40e-06	ACCCTAAC	2	SUPER_6	19542327-19542149	5.40e-06	ACCCTAAC	2	0
Trocdaris_verticillatum	SUPER_6	19537096-19536918	5.40e-06	ACCCTAAC	2	SUPER_6	19543635-19543457	5.90e-06	ACCCTAAC	2	0
Trocdaris_verticillatum	SUPER_6	19537096-19536918	5.40e-06	ACCCTAAC	2	SUPER_6	19544943-19544765	9.30e-06	ACCCTAAC	2	0
Trocdaris_verticillatum	SUPER_6	19537096-19536918	5.40e-06	ACCCTAAC	2	SUPER_6	19538404-19538228	1.90e-05	ACCCTAAC	2	0
Trocdaris_verticillatum	SUPER_6	19539712-19539534	5.40e-06	ACCCTAAC	2	SUPER_6	19541020-19540842	5.40e-06	ACCCTAAC	2	0
Trocdaris_verticillatum	SUPER_6	19539712-19539534	5.40e-06	ACCCTAAC	2	SUPER_6	19542327-19542149	5.40e-06	ACCCTAAC	2	0
Trocdaris_verticillatum	SUPER_6	19539712-19539534	5.40e-06	ACCCTAAC	2	SUPER_6	19543635-19543457	5.90e-06	ACCCTAAC	2	0
Trocdaris_verticillatum	SUPER_6	19539712-19539534	5.40e-06	ACCCTAAC	2	SUPER_6	19544943-19544765	9.30e-06	ACCCTAAC	2	0
Trocdaris_verticillatum	SUPER_6	19539712-19539534	5.40e-06	ACCCTAAC	2	SUPER_6	19538404-19538228	1.90e-05	ACCCTAAC	2	0
Trocdaris_verticillatum	SUPER_6	19541020-19540842	5.40e-06	ACCCTAAC	2	SUPER_6	19542327-19542149	5.40e-06	ACCCTAAC	2	0
Trocdaris_verticillatum	SUPER_6	19541020-19540842	5.40e-06	ACCCTAAC	2	SUPER_6	19543635-19543457	5.90e-06	ACCCTAAC	2	0
Trocdaris_verticillatum	SUPER_6	19541020-19540842	5.40e-06	ACCCTAAC	2	SUPER_6	19544943-19544765	9.30e-06	ACCCTAAC	2	0
Trocdaris_verticillatum	SUPER_6	19541020-19540842	5.40e-06	ACCCTAAC	2	SUPER_6	19538404-19538228	1.90e-05	ACCCTAAC	2	0
Trocdaris_verticillatum	SUPER_6	19542327-19542149	5.40e-06	ACCCTAAC	2	SUPER_6	19543635-19543457	5.90e-06	ACCCTAAC	2	0
Trocdaris_verticillatum	SUPER_6	19542327-19542149	5.40e-06	ACCCTAAC	2	SUPER_6	19544943-19544765	9.30e-06	ACCCTAAC	2	0
Trocdaris_verticillatum	SUPER_6	19542327-19542149	5.40e-06	ACCCTAAC	2	SUPER_6	19538404-19538228	1.90e-05	ACCCTAAC	2	0
Trocdaris_verticillatum	SUPER_6	19543635-19543457	5.90e-06	ACCCTAAC	2	SUPER_6	19544943-19544765	9.30e-06	ACCCTAAC	2	0
Trocdaris_verticillatum	SUPER_6	19543635-19543457	5.90e-06	ACCCTAAC	2	SUPER_6	19538404-19538228	1.90e-05	ACCCTAAC	2	0
Trocdaris_verticillatum	SUPER_6	19565030-19564849	8.90e-06	ACCCTAACC	4	SUPER_6	19557104-19556860	1.40e-05	ACCCTAACC	4	0
Trocdaris_verticillatum	SUPER_6	19565030-19564849	8.90e-06	ACCCTAACC	4	SUPER_6	19555426-19555237	3.40e-05	ACCCTAACC	4	0
Trocdaris_verticillatum	SUPER_6	19544943-19544765	9.30e-06	ACCCTAAC	2	SUPER_6	19538404-19538228	1.90e-05	ACCCTAAC	2	0
Trocdaris_verticillatum	SUPER_6	19557104-19556860	1.40e-05	ACCCTAACC	4	SUPER_6	19555426-19555237	3.40e-05	ACCCTAACC	4	0
Tussilago_farfara	SUPER_16	1658774-1659041	9.00e-13	CTAACCCT	1	SUPER_16	1641281-1641551	1.00e-10	CTAACCCT	1	0
Umbilicus_rupestris	SUPER_24	8647228-8647559	1.40e-39	AAACCCTAAACCCTTCC	2	SUPER_3	13301040-13300877	6.40e-16	AAACCCTAAACCCTTCC	2	0
Urtica_dioica	SUPER_4	16109922-16110267	1.50e-32	ACCCTAAACCC	3	SUPER_8	13333169-13333348	8.20e-09	ACCCTAAACCC	3	0
Vaccinium_vitis_idaea	SUPER_7	29620278-29619956	7.40e-53	AACCCTAAACC	3	SUPER_7	29624942-29624621	1.80e-52	AACCCTAAACC	3	0
Veronica_anagallis_aquatica	SUPER_1	16414734-16414401	2.00e-44	AAACCCTAAACC	2	SUPER_12	40370674-40371009	2.30e-44	AAACCCTAAACC	2	0
Veronica_persica	SUPER_2	41549566-41549902	6.90e-45	AAACCCTAAACCCT	2	SUPER_6	35996438-35996771	1.10e-44	AAACCCTAAACCCT	2	0
Viola_odorata	SUPER_9	20117446-20117774	1.30e-47	AAACCCTAAACC	2	SUPER_5	59134963-59135290	8.10e-45	AAACCCTAAACC	2	0
Viola_odorata	SUPER_9	20117446-20117774	1.30e-47	AAACCCTAAACC	2	SUPER_10	792993-792658	1.60e-16	AAACCCTAAACC	2	0
Viola_odorata	SUPER_5	59134963-59135290	8.10e-45	AAACCCTAAACC	2	SUPER_10	792993-792658	1.60e-16	AAACCCTAAACC	2	0
Viola_palustris	SUPER_18	51021882-51021560	1.50e-46	AAACCCTAAACC	2	SUPER_10	70657439-70657766	1.30e-41	AAACCCTAAACC	2	0
Viola_palustris	SUPER_18	51021882-51021560	1.50e-46	AAACCCTAAACC	2	SUPER_17	57351345-57351666	1.80e-33	AAACCCTAAACC	2	0
Viola_palustris	SUPER_10	70657439-70657766	1.30e-41	AAACCCTAAACC	2	SUPER_17	57351345-57351666	1.80e-33	AAACCCTAAACC	2	0
Viola_palustris	SUPER_2	834956-834637	1.40e-34	CCTAAACC	6	SUPER_14	437758-437428	2.90e-34	CCTAAACC	6	0
Viola_tricolor	SUPER_5	111608292-111608621	6.50e-47	AAACCCTAAACC	2	SUPER_10	106500705-106501036	9.10e-46	AAACCCTAAACC	2	0
Xerophyllum_tenax	SUPER_15_HAP2	27267264-27267644	3.60e-31	TAAACCCTAAACCCTA	1	SUPER_3_HAP2	165865728-165865989	5.20e-24	TAAACCCTAAACCCTA	1	0
Ajuga_chamaepitys	SUPER_2	67625021-67625254	2.30e-22	CTAAACT	0	SUPER_11	11737363-11737205	1.20e-09	CTAAACC	0	1
Ajuga_chamaepitys	SUPER_2	67627184-67627410	2.10e-18	CTAAACT	0	SUPER_11	11737363-11737205	1.20e-09	CTAAACC	0	1
Ajuga_chamaepitys	SUPER_2	67623900-67624132	2.70e-16	CTAAACT	0	SUPER_11	11737363-11737205	1.20e-09	CTAAACC	0	1
Arctium_lappa	SUPER_5	68549862-68550179	5.70e-28	AAAACCCTAAACC	1	SUPER_7	74748836-74749154	2.00e-27	TAAACCCTAAACC	1	1
Arctium_lappa	SUPER_5	68549862-68550179	5.70e-28	AAAACCCTAAACC	1	SUPER_8	18356798-18356481	9.00e-27	TAAACCCTAAACC	1	1
Arctium_lappa	SUPER_5	68549862-68550179	5.70e-28	AAAACCCTAAACC	1	SUPER_10	2057311-2057035	4.50e-17	TAAACCCTAAACC	1	1
Arctium_minus	SUPER_7	17423483-17423159	5.10e-29	TAAACCCTAAACC	1	SUPER_3	110544682-110544999	2.70e-28	AAAACCCTAAACC	1	1
Arctium_minus	SUPER_3	110544682-110544999	2.70e-28	AAAACCCTAAACC	1	SUPER_9	89566826-89567102	6.80e-18	TAAACCCTAAACC	1	1
Cornus_sanguinea	SUPER_2	22451607-22451291	1.10e-39	TAAACCCTAAACC	1	SUPER_11	20166024-20166200	3.70e-17	AAAACCCTAAACC	1	1
Inula_conyza	SUPER_2	249313248-249313593	6.30e-34	TAAACCCTAAACC	1	SUPER_7	43491884-43491548	1.00e-32	AAAACCCTAAACC	1	1
Inula_conyza	SUPER_7	43491884-43491548	1.00e-32	AAAACCCTAAACC	1	SUPER_9	157855046-157854908	1.10e-09	TAAACCCTAAACC	1	1
Inula_conyza	SUPER_7	43491884-43491548	1.00e-32	AAAACCCTAAACC	1	SUPER_13	150275491-150275619	1.10e-07	TAAACCCTAAACC	1	1
Lythrum_salicaria	SUPER_2_HAP2	29631522-29631202	4.80e-29	ACCCTAAACCC	4	SUPER_1_HAP3	35453307-35453056	1.90e-15	ACCCTAAAACC	4	1
Lythrum_salicaria	SUPER_2_HAP4	31431275-31430954	8.50e-29	ACCCTAAACCC	4	SUPER_1_HAP3	35453307-35453056	1.90e-15	ACCCTAAAACC	4	1
Potentilla_indica	HAP2_SCAFFOLD_6	19293738-19293411	1.20e-60	TAAACCCTAAACCT	1	HAP2_SCAFFOLD_44	3878438-3878756	7.10e-58	TAAACCCTAAACCC	1	1
Tilia_cordata	SUPER_1	12694345-12694663	2.90e-35	CAAACCCTAAACC	1	SUPER_1	12626381-12626686	2.30e-30	TAAACCCTAAACC	1	1
Ajuga_chamaepitys	SUPER_4	65087088-65086761	5.40e-47	AACCTAATC	3	SUPER_4	65251381-65251076	1.50e-41	AAACTAAAC	2	2
Ajuga_chamaepitys	SUPER_4	65087088-65086761	5.40e-47	AACCTAATC	3	SUPER_9	53209467-53209793	3.40e-31	AAACTAAAC	2	2
Ajuga_chamaepitys	SUPER_4	65087088-65086761	5.40e-47	AACCTAATC	3	SUPER_8	48939983-48939764	8.90e-28	AAACTAAAC	2	2
Ajuga_chamaepitys	SUPER_4	65087088-65086761	5.40e-47	AACCTAATC	3	SUPER_7	60902548-60902314	1.50e-21	AAACTAAAC	2	2
Ajuga_chamaepitys	SUPER_4	65087088-65086761	5.40e-47	AACCTAATC	3	SUPER_1	84448766-84448479	3.20e-21	AAACTAAAC	2	2
Ajuga_chamaepitys	SUPER_4	65099169-65098842	5.40e-47	AACCTAATC	3	SUPER_4	65251381-65251076	1.50e-41	AAACTAAAC	2	2
Ajuga_chamaepitys	SUPER_4	65099169-65098842	5.40e-47	AACCTAATC	3	SUPER_9	53209467-53209793	3.40e-31	AAACTAAAC	2	2
Ajuga_chamaepitys	SUPER_4	65099169-65098842	5.40e-47	AACCTAATC	3	SUPER_8	48939983-48939764	8.90e-28	AAACTAAAC	2	2
Ajuga_chamaepitys	SUPER_4	65099169-65098842	5.40e-47	AACCTAATC	3	SUPER_7	60902548-60902314	1.50e-21	AAACTAAAC	2	2
Ajuga_chamaepitys	SUPER_4	65099169-65098842	5.40e-47	AACCTAATC	3	SUPER_1	84448766-84448479	3.20e-21	AAACTAAAC	2	2
Juncus_bufonius	SUPER_25	14933236-14933564	1.70e-17	CTAAACCCTAGAT	0	SUPER_11	14668559-14668350	2.10e-14	CTAAACCCTAAAC	0	2
Juncus_bufonius	SUPER_16	233804-233495	2.00e-16	CTAAACCCTAGAT	0	SUPER_11	14668559-14668350	2.10e-14	CTAAACCCTAAAC	0	2
Lythrum_portula	SUPER_4	35505387-35505704	8.60e-32	AACCCTAAACCC	3	SUPER_5	43542512-43542742	1.70e-21	AACCCTAACCCT	3	2
Ajuga_chamaepitys	SUPER_2	67625021-67625254	2.30e-22	CTAAACT	0	SUPER_11	11735735-11735613	1.60e-05	TAAACCT	1	3
Ajuga_chamaepitys	SUPER_2	67627184-67627410	2.10e-18	CTAAACT	0	SUPER_11	11735735-11735613	1.60e-05	TAAACCT	1	3
Ajuga_chamaepitys	SUPER_2	67623900-67624132	2.70e-16	CTAAACT	0	SUPER_11	11735735-11735613	1.60e-05	TAAACCT	1	3
Lythrum_salicaria	SUPER_1_HAP3	35453307-35453056	1.90e-15	ACCCTAAAACC	4	SUPER_8_HAP2	11229318-11229452	1.90e-08	AACCCTAAACC	3	3
Lythrum_salicaria	SUPER_1_HAP3	35453307-35453056	1.90e-15	ACCCTAAAACC	4	SUPER_8_HAP3	13728229-13728363	1.90e-08	AACCCTAAACC	3	3
Lythrum_salicaria	SUPER_1_HAP3	35453307-35453056	1.90e-15	ACCCTAAAACC	4	SUPER_8_HAP4	11207614-11207748	1.90e-08	AACCCTAAACC	3	3
Ajuga_chamaepitys	SUPER_11	11737363-11737205	1.20e-09	CTAAACC	0	SUPER_11	11735735-11735613	1.60e-05	TAAACCT	1	4
Anagallis_arvensis	SUPER_1	64584499-64584728	2.80e-18	AACCCT	9	SUPER_7	25266074-25265895	3.60e-12	TAAACC	8	4
Helianthemum_oelandicum	SUPER_10	34731668-34731339	5.20e-27	ACCCCTAACCC	3	SUPER_6	237845433-237845100	2.40e-17	ACCCTAACCCT	4	4
Helianthemum_oelandicum	SUPER_10	34758117-34757779	6.50e-23	ACCCCTAACCC	3	SUPER_6	237845433-237845100	2.40e-17	ACCCTAACCCT	4	4
Helianthemum_oelandicum	SUPER_6	237845433-237845100	2.40e-17	ACCCTAACCCT	4	SUPER_10	34826755-34826541	3.00e-07	ACCCCTAACCC	3	4
Lythrum_hyssopifolia	SUPER_7	849085-849411	1.10e-30	AACCCTAAAC	3	SUPER_5	69992334-69992655	1.50e-27	ACCCTAAACC	4	4
Lythrum_salicaria	SUPER_2_HAP2	29631522-29631202	4.80e-29	ACCCTAAACCC	4	SUPER_8_HAP2	11229318-11229452	1.90e-08	AACCCTAAACC	3	4
Lythrum_salicaria	SUPER_2_HAP2	29631522-29631202	4.80e-29	ACCCTAAACCC	4	SUPER_8_HAP3	13728229-13728363	1.90e-08	AACCCTAAACC	3	4
Lythrum_salicaria	SUPER_2_HAP2	29631522-29631202	4.80e-29	ACCCTAAACCC	4	SUPER_8_HAP4	11207614-11207748	1.90e-08	AACCCTAAACC	3	4
Lythrum_salicaria	SUPER_2_HAP4	31431275-31430954	8.50e-29	ACCCTAAACCC	4	SUPER_8_HAP2	11229318-11229452	1.90e-08	AACCCTAAACC	3	4
Lythrum_salicaria	SUPER_2_HAP4	31431275-31430954	8.50e-29	ACCCTAAACCC	4	SUPER_8_HAP3	13728229-13728363	1.90e-08	AACCCTAAACC	3	4
Lythrum_salicaria	SUPER_2_HAP4	31431275-31430954	8.50e-29	ACCCTAAACCC	4	SUPER_8_HAP4	11207614-11207748	1.90e-08	AACCCTAAACC	3	4
Parietaria_judaica	SUPER_10	29941587-29941925	5.30e-43	ACCCTAAACCC	4	SUPER_1	34642878-34642742	1.20e-07	AACCCTAAACC	3	4
Anagallis_arvensis	SUPER_5	39104924-39104694	1.50e-23	AACCCT	5	SUPER_10	55169498-55169728	2.10e-17	CCCTAA	5	5
Anagallis_arvensis	SUPER_12	30697965-30697745	2.50e-23	AACCCT	5	SUPER_10	55169498-55169728	2.10e-17	CCCTAA	5	5
Anagallis_arvensis	SUPER_12	30699466-30699236	7.50e-23	AACCCT	5	SUPER_10	55169498-55169728	2.10e-17	CCCTAA	5	5
Anagallis_arvensis	SUPER_12	30695837-30695606	1.30e-22	AACCCT	5	SUPER_10	55169498-55169728	2.10e-17	CCCTAA	5	5
Anagallis_arvensis	SUPER_5	39104057-39103826	4.40e-22	AACCCT	5	SUPER_10	55169498-55169728	2.10e-17	CCCTAA	5	5
Anagallis_arvensis	SUPER_12	30698601-30698370	6.00e-22	AACCCT	5	SUPER_10	55169498-55169728	2.10e-17	CCCTAA	5	5
Anagallis_arvensis	SUPER_5	39103414-39103194	8.00e-22	AACCCT	5	SUPER_10	55169498-55169728	2.10e-17	CCCTAA	5	5
Anagallis_arvensis	SUPER_5	39102743-39102512	8.10e-20	TAAATC	19	SUPER_4	5019959-5020094	2.30e-05	CCTAAT	18	5
Platanus_x_hispanica	SUPER_14	26151331-26151527	2.30e-18	AAACCT	2	SUPER_4	61823445-61823582	1.10e-05	CTAAAC	1	5
Potentilla_indica	HAP2_SCAFFOLD_6	19293738-19293411	1.20e-60	TAAACCCTAAACCT	1	HAP2_SCAFFOLD_7	19579768-19579438	9.20e-59	AAACCCTAAACCCT	2	5
Solanum_nigrum	SUPER_29	7637677-7637356	1.30e-48	TAAACCCTAAAC	1	SUPER_23	64095014-64094677	2.80e-47	AAACCCTGAACC	2	5
Acaena_novae_zelandiae	SUPER_7_HAP1	498632-498968	2.90e-57	AAACCCTAAACCCT	2	SUPER_10_HAP1	423070-422746	5.70e-42	AACCCTAAACCCTA	3	6
Acaena_ovalifolia	SUPER_7	34035864-34035530	4.10e-57	AAACCCTAAACCCT	2	SUPER_9	596148-595847	7.10e-40	AACCCTAAACCCTA	3	6
Ajuga_reptans	SUPER_8	49618747-49619070	3.70e-60	ACCCTAAACCT	4	SUPER_3	66010715-66010543	2.00e-13	AACCCTGAACC	3	6
Carpinus_betulus	SUPER_6	26684046-26684371	6.00e-58	CTAAACCCTAAAC	0	SUPER_6	26662615-26662947	3.80e-53	TAAACCCTAAAAG	1	6
Carpinus_betulus	SUPER_6	26684046-26684371	6.00e-58	CTAAACCCTAAAC	0	SUPER_8	7145498-7145295	1.30e-25	TAAACCCTAAAAG	1	6
Carpinus_betulus	SUPER_6	26684046-26684371	6.00e-58	CTAAACCCTAAAC	0	SUPER_8	7145699-7145505	7.90e-19	TAAACCCTAAAAG	1	6
Carpinus_betulus	SUPER_6	26684046-26684371	6.00e-58	CTAAACCCTAAAC	0	SUPER_8	7145297-7145157	1.40e-15	TAAACCCTAAAAG	1	6
Potentilla_indica	HAP2_SCAFFOLD_7	19579768-19579438	9.20e-59	AAACCCTAAACCCT	2	HAP2_SCAFFOLD_44	3878438-3878756	7.10e-58	TAAACCCTAAACCC	1	6
Ajuga_chamaepitys	SUPER_14	3254373-3254709	1.20e-51	AAAACCCTAAAC	1	SUPER_14	3209495-3209168	2.70e-42	AAACCTAAACCT	2	7
Pontederia_cordata	SUPER_2_HAP2	69685099-69684757	1.20e-19	TAAACCCTAAACCCT	1	SUPER_8_HAP2	33959762-33959462	1.30e-12	AAACCCTAAACCCTA	2	7
Ranunculus_repens	SUPER_9_HAP1	127434122-127434453	4.10e-13	TGAACCCTGAAC	1	SUPER_5_HAP1	420906526-420906773	1.10e-11	AAACCCTGAACC	2	7
Ranunculus_repens	SUPER_9_HAP1	127434122-127434453	4.10e-13	TGAACCCTGAAC	1	SUPER_6_HAP1	445035191-445035334	1.50e-07	AAACCCTGAACC	2	7
Ranunculus_repens	SUPER_16_HAP1	403593176-403592828	6.60e-13	TGAACCCTGAAC	1	SUPER_5_HAP1	420906526-420906773	1.10e-11	AAACCCTGAACC	2	7
Ranunculus_repens	SUPER_16_HAP1	403593176-403592828	6.60e-13	TGAACCCTGAAC	1	SUPER_6_HAP1	445035191-445035334	1.50e-07	AAACCCTGAACC	2	7
Ranunculus_repens	SUPER_5_HAP1	420906526-420906773	1.10e-11	AAACCCTGAACC	2	SUPER_3_HAP1	363076302-363076609	3.50e-08	TGAACCCTGAAC	1	7
Ranunculus_repens	SUPER_3_HAP1	363076302-363076609	3.50e-08	TGAACCCTGAAC	1	SUPER_6_HAP1	445035191-445035334	1.50e-07	AAACCCTGAACC	2	7
Potentilla_anglica	SUPER_12	39022500-39022838	2.50e-56	ACTCTAAACTCT	3	SUPER_21	3837271-3837581	7.60e-45	CTCTAAACTCTA	4	10
