NP_001105870.1	SUPER_3	34.985	323	160	5	517	801	66692456	66693388	4.95e-44	180	1188	70427289	53
NP_001105870.1	SUPER_3	34.259	324	162	5	517	802	64717555	64716623	1.11e-41	172	1188	70427289	53
NP_001105870.1	SUPER_3	48.387	93	46	2	1009	1099	66694734	66695012	2.05e-33	86.7	1188	70427289	53
NP_001105870.1	SUPER_3	42.857	91	52	0	1098	1188	66695077	66695349	2.05e-33	81.3	1188	70427289	53
NP_001105870.1	SUPER_3	50.888	169	79	2	846	1010	66693657	66694163	9.15e-33	143	1188	70427289	53
NP_001105870.1	SUPER_3	47.753	178	89	2	846	1019	64716358	64715825	3.42e-32	141	1188	70427289	53
NP_001105870.1	SUPER_3	50.538	93	44	2	1009	1099	64715278	64715000	1.00e-16	90.9	1188	70427289	53
NP_001105870.1	SUPER_3	34.615	156	89	4	1040	1188	64715102	64714653	2.65e-11	73.2	1188	70427289	53
NP_001105870.1	SUPER_2	33.750	320	161	5	517	803	70594211	70595116	5.02e-41	170	1188	70876221	53
NP_001105870.1	SUPER_2	39.336	211	97	3	1009	1188	70596298	70596930	6.20e-33	144	1188	70876221	53
NP_001105870.1	SUPER_2	48.485	165	80	2	847	1010	70595337	70595819	7.58e-32	140	1188	70876221	53
NP_001105870.1	SUPER_5	25.723	311	176	9	645	909	53872003	53872908	1.63e-37	92.0	1188	66822030	43
NP_001105870.1	SUPER_5	57.333	75	31	1	937	1010	53872968	53873192	1.63e-37	89.7	1188	66822030	43
NP_001105870.1	SUPER_5	49.462	93	45	2	1009	1099	53873758	53874036	5.43e-31	89.0	1188	66822030	43
NP_001105870.1	SUPER_5	39.326	89	54	0	1099	1187	53874120	53874386	5.43e-31	70.9	1188	66822030	43
NP_001105870.1	SUPER_6	34.278	353	185	6	705	1010	44578513	44579571	3.64e-37	158	1188	62687094	39
NP_001105870.1	SUPER_6	45.562	169	88	3	846	1010	44589670	44590176	2.10e-25	119	1188	62687094	39
NP_001105870.1	SUPER_6	63.235	68	24	1	1009	1075	44581109	44581312	3.47e-16	89.4	1188	62687094	39
NP_001105870.1	SUPER_6	58.824	68	27	1	1009	1075	44590742	44590945	2.17e-14	83.6	1188	62687094	39
NP_001105870.1	SUPER_6	40.000	90	54	0	1099	1188	44585455	44585724	6.54e-13	78.6	1188	62687094	39
NP_001105870.1	SUPER_6	35.556	90	58	0	1099	1188	44591110	44591379	1.16e-09	67.8	1188	62687094	39
NP_001105870.1	SUPER_8	25.606	289	146	5	690	909	5132077	5131211	2.25e-31	82.0	1188	61527627	32
NP_001105870.1	SUPER_8	52.000	75	35	1	937	1010	5131121	5130897	2.25e-31	79.0	1188	61527627	32
NP_001105870.1	SUPER_8	52.688	93	42	2	1009	1099	5130332	5130054	4.43e-18	95.5	1188	61527627	32
sp|Q8LKW0.2|TERT_ORYSJ	SUPER_3	34.506	597	281	11	588	1092	64717555	64715819	2.60e-78	290	1259	70427289	52
sp|Q8LKW0.2|TERT_ORYSJ	SUPER_3	34.347	329	160	6	588	875	66692456	66693397	1.75e-41	172	1259	70427289	52
sp|Q8LKW0.2|TERT_ORYSJ	SUPER_3	50.888	169	79	3	917	1081	66693657	66694163	5.41e-34	147	1259	70427289	52
sp|Q8LKW0.2|TERT_ORYSJ	SUPER_3	58.904	73	29	1	1080	1151	64715278	64715060	7.91e-17	91.7	1259	70427289	52
sp|Q8LKW0.2|TERT_ORYSJ	SUPER_3	56.164	73	31	1	1080	1151	66694734	66694952	5.05e-15	85.5	1259	70427289	52
sp|Q8LKW0.2|TERT_ORYSJ	SUPER_3	45.055	91	50	0	1169	1259	66695077	66695349	3.21e-14	82.8	1259	70427289	52
sp|Q8LKW0.2|TERT_ORYSJ	SUPER_3	45.055	91	50	0	1169	1259	64714925	64714653	1.90e-09	67.4	1259	70427289	52
sp|Q8LKW0.2|TERT_ORYSJ	SUPER_2	33.333	315	169	6	588	874	70594211	70595116	1.81e-40	169	1259	70876221	50
sp|Q8LKW0.2|TERT_ORYSJ	SUPER_2	52.147	163	73	2	920	1081	70595343	70595819	8.77e-33	144	1259	70876221	50
sp|Q8LKW0.2|TERT_ORYSJ	SUPER_2	39.336	211	97	3	1080	1259	70596298	70596930	3.25e-30	135	1259	70876221	50
sp|Q8LKW0.2|TERT_ORYSJ	SUPER_5	32.258	279	140	8	761	996	53872123	53872941	2.03e-40	106	1259	66822030	39
sp|Q8LKW0.2|TERT_ORYSJ	SUPER_5	54.054	74	33	1	1009	1081	53872971	53873192	2.03e-40	84.7	1259	66822030	39
sp|Q8LKW0.2|TERT_ORYSJ	SUPER_5	47.312	93	47	2	1080	1170	53873758	53874036	4.52e-31	86.7	1259	66822030	39
sp|Q8LKW0.2|TERT_ORYSJ	SUPER_5	42.697	89	51	0	1170	1258	53874120	53874386	4.52e-31	73.6	1259	66822030	39
sp|Q8LKW0.2|TERT_ORYSJ	SUPER_6	34.930	355	180	8	776	1081	44578513	44579571	3.49e-37	158	1259	62687094	38
sp|Q8LKW0.2|TERT_ORYSJ	SUPER_6	44.767	172	85	3	917	1081	44589670	44590176	1.88e-26	123	1259	62687094	38
sp|Q8LKW0.2|TERT_ORYSJ	SUPER_6	57.353	68	28	1	1080	1146	44581109	44581312	9.65e-15	84.7	1259	62687094	38
sp|Q8LKW0.2|TERT_ORYSJ	SUPER_6	45.161	93	49	2	1080	1170	44590742	44591020	1.91e-14	83.6	1259	62687094	38
sp|Q8LKW0.2|TERT_ORYSJ	SUPER_6	43.333	90	51	0	1170	1259	44585455	44585724	6.35e-14	82.0	1259	62687094	38
sp|Q8LKW0.2|TERT_ORYSJ	SUPER_8	29.249	253	136	4	776	985	5131954	5131196	1.25e-31	88.2	1259	61527627	30
sp|Q8LKW0.2|TERT_ORYSJ	SUPER_8	48.649	74	37	1	1009	1081	5131118	5130897	1.25e-31	73.6	1259	61527627	30
sp|Q8LKW0.2|TERT_ORYSJ	SUPER_8	49.462	93	45	2	1080	1170	5130332	5130054	4.78e-17	92.4	1259	61527627	30
sp|Q9SPU7.1|TERT_ARATH	SUPER_3	34.219	640	312	12	403	955	64717669	64715816	1.44e-88	320	1123	70427289	73
sp|Q9SPU7.1|TERT_ARATH	SUPER_3	31.527	406	221	6	403	765	66692339	66693514	4.03e-44	180	1123	70427289	73
sp|Q9SPU7.1|TERT_ARATH	SUPER_3	46.591	176	89	1	770	945	66693657	66694169	1.57e-41	172	1123	70427289	73
sp|Q9SPU7.1|TERT_ARATH	SUPER_3	52.688	93	44	0	942	1034	64715278	64715000	5.17e-27	94.7	1123	70427289	73
sp|Q9SPU7.1|TERT_ARATH	SUPER_3	40.659	91	54	0	1033	1123	64714925	64714653	5.17e-27	51.6	1123	70427289	73
sp|Q9SPU7.1|TERT_ARATH	SUPER_3	51.613	93	45	0	942	1034	66694734	66695012	8.31e-18	94.4	1123	70427289	73
sp|Q9SPU7.1|TERT_ARATH	SUPER_3	40.404	99	57	1	4	102	66687549	66687839	3.31e-10	69.3	1123	70427289	73
sp|Q9SPU7.1|TERT_ARATH	SUPER_3	41.441	111	64	1	1014	1123	66695017	66695349	1.24e-09	67.8	1123	70427289	73
sp|Q9SPU7.1|TERT_ARATH	SUPER_3	38.835	103	53	3	4	101	64722836	64722543	2.48e-08	63.2	1123	70427289	73
sp|Q9SPU7.1|TERT_ARATH	SUPER_6	35.028	354	181	4	636	945	44578531	44579577	4.77e-48	193	1123	62687094	36
sp|Q9SPU7.1|TERT_ARATH	SUPER_6	42.373	177	95	2	770	945	44589670	44590182	1.17e-32	143	1123	62687094	36
sp|Q9SPU7.1|TERT_ARATH	SUPER_6	57.353	68	29	0	942	1009	44581109	44581312	1.91e-13	80.1	1123	62687094	36
sp|Q9SPU7.1|TERT_ARATH	SUPER_6	42.708	96	51	1	942	1037	44590742	44591017	4.98e-13	79.0	1123	62687094	36
sp|Q9SPU7.1|TERT_ARATH	SUPER_5	31.973	294	155	6	583	832	53872027	53872905	2.58e-46	120	1123	66822030	45
sp|Q9SPU7.1|TERT_ARATH	SUPER_5	46.341	82	44	0	862	943	53872947	53873192	2.58e-46	90.9	1123	66822030	45
sp|Q9SPU7.1|TERT_ARATH	SUPER_5	48.387	93	48	0	942	1034	53873758	53874036	4.96e-23	88.2	1123	66822030	45
sp|Q9SPU7.1|TERT_ARATH	SUPER_5	38.636	88	54	0	1034	1121	53874120	53874383	4.96e-23	44.7	1123	66822030	45
sp|Q9SPU7.1|TERT_ARATH	SUPER_8	31.950	241	120	2	636	832	5131936	5131214	1.34e-45	114	1123	61527627	33
sp|Q9SPU7.1|TERT_ARATH	SUPER_8	47.126	87	46	0	857	943	5131157	5130897	1.34e-45	94.7	1123	61527627	33
sp|Q9SPU7.1|TERT_ARATH	SUPER_8	50.538	93	46	0	942	1034	5130332	5130054	3.75e-17	92.4	1123	61527627	33
sp|Q9SPU7.1|TERT_ARATH	SUPER_2	34.277	318	172	5	448	734	70594202	70595137	5.01e-43	177	1123	70876221	66
sp|Q9SPU7.1|TERT_ARATH	SUPER_2	46.286	175	82	2	771	945	70595337	70595825	4.36e-40	167	1123	70876221	66
sp|Q9SPU7.1|TERT_ARATH	SUPER_2	39.336	211	99	1	942	1123	70596298	70596930	6.88e-25	117	1123	70876221	66
sp|Q9SPU7.1|TERT_ARATH	SUPER_2	38.542	96	51	2	6	101	66546587	66546324	6.53e-07	58.5	1123	70876221	66
XP_016496114.1	SUPER_3	44.928	621	265	7	499	1060	64717624	64715816	3.45e-140	477	1228	70427289	74
XP_016496114.1	SUPER_3	45.767	378	186	4	499	859	66692387	66693514	1.79e-90	327	1228	70427289	74
XP_016496114.1	SUPER_3	56.989	186	65	1	863	1048	66693651	66694163	3.91e-46	187	1228	70427289	74
XP_016496114.1	SUPER_3	64.516	93	33	0	1047	1139	66694734	66695012	6.87e-43	109	1228	70427289	74
XP_016496114.1	SUPER_3	52.747	91	43	0	1138	1228	66695077	66695349	6.87e-43	90.5	1228	70427289	74
XP_016496114.1	SUPER_3	68.817	93	29	0	1047	1139	64715278	64715000	7.84e-25	117	1228	70427289	74
XP_016496114.1	SUPER_3	44.915	118	55	4	4	121	64722827	64722504	6.61e-21	104	1228	70427289	74
XP_016496114.1	SUPER_3	47.573	103	48	2	1	101	66687543	66687839	8.02e-17	91.3	1228	70427289	74
XP_016496114.1	SUPER_3	40.506	158	82	4	1077	1228	64715108	64714653	2.30e-13	80.1	1228	70427289	74
XP_016496114.1	SUPER_3	52.632	38	18	0	146	183	64721380	64721267	1.13e-06	50.1	1228	70427289	74
XP_016496114.1	SUPER_3	52.381	21	10	0	126	146	64721511	64721449	1.13e-06	27.3	1228	70427289	74
XP_016496114.1	SUPER_2	45.506	356	174	6	520	864	70594202	70595242	2.26e-79	293	1228	70876221	72
XP_016496114.1	SUPER_2	55.670	194	63	3	855	1048	70595307	70595819	1.35e-46	189	1228	70876221	72
XP_016496114.1	SUPER_2	48.341	211	80	1	1047	1228	70596298	70596930	3.28e-39	164	1228	70876221	72
XP_016496114.1	SUPER_2	39.474	114	59	3	4	115	66546590	66546273	3.97e-13	79.3	1228	70876221	72
XP_016496114.1	SUPER_2	40.594	101	52	4	1	100	70590108	70590389	5.37e-13	79.0	1228	70876221	72
XP_016496114.1	SUPER_2	54.762	42	19	0	139	180	70591564	70591689	3.65e-09	55.5	1228	70876221	72
XP_016496114.1	SUPER_2	45.161	31	17	0	116	146	70591425	70591517	3.65e-09	30.4	1228	70876221	72
XP_016496114.1	SUPER_6	42.973	370	152	5	721	1048	44578513	44579571	4.78e-69	256	1228	62687094	43
XP_016496114.1	SUPER_6	56.522	23	10	0	678	700	44578391	44578459	4.78e-69	30.8	1228	62687094	43
XP_016496114.1	SUPER_6	45.078	193	83	2	860	1048	44589655	44590176	3.02e-39	165	1228	62687094	43
XP_016496114.1	SUPER_6	56.989	93	40	0	1047	1139	44590742	44591020	7.12e-38	102	1228	62687094	43
XP_016496114.1	SUPER_6	45.556	90	49	0	1139	1228	44591110	44591379	7.12e-38	80.9	1228	62687094	43
XP_016496114.1	SUPER_6	69.118	68	21	0	1047	1114	44581109	44581312	4.16e-17	92.4	1228	62687094	43
XP_016496114.1	SUPER_6	37.063	143	60	1	1116	1228	44585296	44585724	8.39e-16	88.2	1228	62687094	43
XP_016496114.1	SUPER_5	38.689	305	135	5	667	927	53872015	53872905	4.66e-49	197	1228	66822030	42
XP_016496114.1	SUPER_5	62.366	93	35	0	1047	1139	53873758	53874036	7.45e-41	111	1228	66822030	42
XP_016496114.1	SUPER_5	46.067	89	48	0	1139	1227	53874120	53874386	7.45e-41	81.3	1228	66822030	42
XP_016496114.1	SUPER_5	61.538	78	30	0	971	1048	53872959	53873192	9.74e-21	104	1228	66822030	42
XP_016496114.1	SUPER_8	40.203	296	122	4	678	927	5132074	5131214	8.68e-49	196	1228	61527627	41
XP_016496114.1	SUPER_8	51.389	144	45	1	1047	1165	5130332	5129901	5.93e-34	125	1228	61527627	41
XP_016496114.1	SUPER_8	42.188	64	37	0	1165	1228	5129904	5129713	5.93e-34	44.7	1228	61527627	41
XP_016496114.1	SUPER_8	57.692	78	33	0	971	1048	5131130	5130897	1.94e-18	96.7	1228	61527627	41
XP_016496114.1	SUPER_12	39.175	97	51	3	4	99	3778517	3778786	1.14e-07	61.2	1228	57120494	8
XP_070031847.1	SUPER_3	44.127	630	259	9	450	1012	64717627	64715816	7.33e-141	477	1180	70427289	75
XP_070031847.1	SUPER_3	45.646	379	187	4	450	811	66692384	66693514	1.68e-89	323	1180	70427289	75
XP_070031847.1	SUPER_3	53.093	194	60	3	815	1000	66693651	66694163	4.17e-47	190	1180	70427289	75
XP_070031847.1	SUPER_3	64.516	93	33	0	999	1091	66694734	66695012	4.83e-41	110	1180	70427289	75
XP_070031847.1	SUPER_3	50.549	91	45	0	1090	1180	66695077	66695349	4.83e-41	83.2	1180	70427289	75
XP_070031847.1	SUPER_3	68.817	93	29	0	999	1091	64715278	64715000	1.64e-40	119	1180	70427289	75
XP_070031847.1	SUPER_3	52.747	91	43	0	1090	1180	64714925	64714653	1.64e-40	72.8	1180	70427289	75
XP_070031847.1	SUPER_3	42.969	128	64	3	4	131	64722827	64722471	2.87e-20	102	1180	70427289	75
XP_070031847.1	SUPER_3	48.039	102	47	2	1	100	66687543	66687836	1.80e-16	90.1	1180	70427289	75
XP_070031847.1	SUPER_3	52.632	38	18	0	122	159	64721380	64721267	1.36e-06	49.7	1180	70427289	75
XP_070031847.1	SUPER_3	52.381	21	10	0	102	122	64721511	64721449	1.36e-06	26.9	1180	70427289	75
XP_070031847.1	SUPER_2	45.506	356	174	6	472	816	70594202	70595242	2.95e-78	289	1180	70876221	73
XP_070031847.1	SUPER_2	56.701	194	61	3	807	1000	70595307	70595819	2.14e-47	191	1180	70876221	73
XP_070031847.1	SUPER_2	47.867	211	81	1	999	1180	70596298	70596930	1.38e-38	162	1180	70876221	73
XP_070031847.1	SUPER_2	42.268	97	48	2	4	100	66546590	66546324	7.67e-13	78.2	1180	70876221	73
XP_070031847.1	SUPER_2	40.698	86	44	2	1	86	70590108	70590344	1.41e-11	73.9	1180	70876221	73
XP_070031847.1	SUPER_2	54.762	42	19	0	115	156	70591564	70591689	7.26e-09	55.8	1180	70876221	73
XP_070031847.1	SUPER_2	61.905	21	8	0	102	122	70591455	70591517	7.26e-09	28.9	1180	70876221	73
XP_070031847.1	SUPER_8	39.875	321	131	7	621	891	5132098	5131172	3.91e-71	197	1180	61527627	39
XP_070031847.1	SUPER_8	57.692	78	33	0	923	1000	5131130	5130897	3.91e-71	97.1	1180	61527627	39
XP_070031847.1	SUPER_8	52.899	138	40	1	999	1111	5130332	5129919	2.90e-27	125	1180	61527627	39
XP_070031847.1	SUPER_6	40.789	380	146	6	673	1000	44578513	44579571	7.96e-69	255	1180	62687094	45
XP_070031847.1	SUPER_6	56.522	23	10	0	630	652	44578391	44578459	7.96e-69	30.8	1180	62687094	45
XP_070031847.1	SUPER_6	47.236	199	70	4	812	1000	44589655	44590176	1.96e-40	168	1180	62687094	45
XP_070031847.1	SUPER_6	58.065	93	39	0	999	1091	44590742	44591020	8.04e-38	105	1180	62687094	45
XP_070031847.1	SUPER_6	44.444	90	50	0	1091	1180	44591110	44591379	8.04e-38	77.8	1180	62687094	45
XP_070031847.1	SUPER_6	69.118	68	21	0	999	1066	44581109	44581312	3.92e-17	92.4	1180	62687094	45
XP_070031847.1	SUPER_6	37.063	143	60	1	1068	1180	44585296	44585724	1.07e-15	87.8	1180	62687094	45
XP_070031847.1	SUPER_5	39.344	305	133	5	619	879	53872015	53872905	5.14e-49	196	1180	66822030	44
XP_070031847.1	SUPER_5	63.441	93	34	0	999	1091	53873758	53874036	4.87e-41	114	1180	66822030	44
XP_070031847.1	SUPER_5	46.067	89	48	0	1091	1179	53874120	53874386	4.87e-41	78.6	1180	66822030	44
XP_070031847.1	SUPER_5	61.538	78	30	0	923	1000	53872959	53873192	7.71e-21	104	1180	66822030	44
XP_070031847.1	SUPER_12	39.175	97	51	3	4	99	3778517	3778786	3.05e-07	59.7	1180	57120494	8
XP_033514372.1	SUPER_3	44.127	630	259	9	286	848	64717627	64715816	2.95e-143	479	1016	70427289	72
XP_033514372.1	SUPER_3	45.646	379	187	4	286	647	66692384	66693514	2.97e-91	325	1016	70427289	72
XP_033514372.1	SUPER_3	53.093	194	60	3	651	836	66693651	66694163	1.75e-47	190	1016	70427289	72
XP_033514372.1	SUPER_3	64.516	93	33	0	835	927	66694734	66695012	2.14e-41	110	1016	70427289	72
XP_033514372.1	SUPER_3	50.549	91	45	0	926	1016	66695077	66695349	2.14e-41	83.6	1016	70427289	72
XP_033514372.1	SUPER_3	68.817	93	29	0	835	927	64715278	64715000	9.48e-41	119	1016	70427289	72
XP_033514372.1	SUPER_3	52.747	91	43	0	926	1016	64714925	64714653	9.48e-41	73.2	1016	70427289	72
XP_033514372.1	SUPER_2	45.506	356	174	6	308	652	70594202	70595242	8.90e-80	291	1016	70876221	70
XP_033514372.1	SUPER_2	56.701	194	61	3	643	836	70595307	70595819	1.46e-47	191	1016	70876221	70
XP_033514372.1	SUPER_2	47.867	211	81	1	835	1016	70596298	70596930	8.66e-39	162	1016	70876221	70
XP_033514372.1	SUPER_8	39.875	321	131	7	457	727	5132098	5131172	2.43e-71	197	1016	61527627	45
XP_033514372.1	SUPER_8	57.692	78	33	0	759	836	5131130	5130897	2.43e-71	97.1	1016	61527627	45
XP_033514372.1	SUPER_8	52.899	138	40	1	835	947	5130332	5129919	1.65e-27	125	1016	61527627	45
XP_033514372.1	SUPER_6	40.789	380	146	6	509	836	44578513	44579571	5.42e-69	255	1016	62687094	52
XP_033514372.1	SUPER_6	56.522	23	10	0	466	488	44578391	44578459	5.42e-69	31.6	1016	62687094	52
XP_033514372.1	SUPER_6	47.236	199	70	4	648	836	44589655	44590176	1.07e-40	169	1016	62687094	52
XP_033514372.1	SUPER_6	58.065	93	39	0	835	927	44590742	44591020	3.60e-38	105	1016	62687094	52
XP_033514372.1	SUPER_6	44.444	90	50	0	927	1016	44591110	44591379	3.60e-38	78.6	1016	62687094	52
XP_033514372.1	SUPER_6	69.118	68	21	0	835	902	44581109	44581312	2.20e-17	92.8	1016	62687094	52
XP_033514372.1	SUPER_6	37.063	143	60	1	904	1016	44585296	44585724	5.09e-16	88.6	1016	62687094	52
XP_033514372.1	SUPER_5	39.344	305	133	5	455	715	53872015	53872905	1.44e-49	197	1016	66822030	51
XP_033514372.1	SUPER_5	63.441	93	34	0	835	927	53873758	53874036	2.64e-41	115	1016	66822030	51
XP_033514372.1	SUPER_5	46.067	89	48	0	927	1015	53874120	53874386	2.64e-41	79.3	1016	66822030	51
XP_033514372.1	SUPER_5	61.538	78	30	0	759	836	53872959	53873192	7.15e-21	104	1016	66822030	51
XP_009765715.1	SUPER_3	44.605	621	267	8	311	872	64717624	64715816	1.26e-143	481	1040	70427289	70
XP_009765715.1	SUPER_3	45.767	378	186	4	311	671	66692387	66693514	3.42e-92	328	1040	70427289	70
XP_009765715.1	SUPER_3	55.914	186	67	2	675	860	66693651	66694163	2.28e-47	190	1040	70427289	70
XP_009765715.1	SUPER_3	63.441	93	34	0	859	951	66694734	66695012	1.37e-42	107	1040	70427289	70
XP_009765715.1	SUPER_3	52.747	91	43	0	950	1040	66695077	66695349	1.37e-42	90.9	1040	70427289	70
XP_009765715.1	SUPER_3	67.742	93	30	0	859	951	64715278	64715000	6.42e-42	115	1040	70427289	70
XP_009765715.1	SUPER_3	54.945	91	41	0	950	1040	64714925	64714653	6.42e-42	80.1	1040	70427289	70
XP_009765715.1	SUPER_2	45.506	356	174	6	332	676	70594202	70595242	5.12e-81	295	1040	70876221	68
XP_009765715.1	SUPER_2	55.670	194	63	3	667	860	70595307	70595819	1.39e-46	187	1040	70876221	68
XP_009765715.1	SUPER_2	47.867	211	81	1	859	1040	70596298	70596930	1.08e-38	162	1040	70876221	68
XP_009765715.1	SUPER_6	42.162	370	155	5	533	860	44578513	44579571	1.43e-69	257	1040	62687094	51
XP_009765715.1	SUPER_6	56.522	23	10	0	490	512	44578391	44578459	1.43e-69	31.6	1040	62687094	51
XP_009765715.1	SUPER_6	49.223	193	75	3	672	860	44589655	44590176	4.94e-40	166	1040	62687094	51
XP_009765715.1	SUPER_6	58.065	93	39	0	859	951	44590742	44591020	3.05e-21	105	1040	62687094	51
XP_009765715.1	SUPER_6	65.333	75	26	0	859	933	44581109	44581333	3.38e-17	92.4	1040	62687094	51
XP_009765715.1	SUPER_6	36.620	142	60	1	929	1040	44585299	44585724	1.68e-15	86.7	1040	62687094	51
XP_009765715.1	SUPER_6	37.681	138	74	2	915	1040	44590966	44591379	1.85e-13	80.1	1040	62687094	51
XP_009765715.1	SUPER_5	38.689	305	135	5	479	739	53872015	53872905	1.36e-49	197	1040	66822030	50
XP_009765715.1	SUPER_5	61.290	93	36	0	859	951	53873758	53874036	3.31e-40	108	1040	66822030	50
XP_009765715.1	SUPER_5	46.067	89	48	0	951	1039	53874120	53874386	3.31e-40	81.3	1040	66822030	50
XP_009765715.1	SUPER_5	61.538	78	30	0	783	860	53872959	53873192	1.03e-20	103	1040	66822030	50
XP_009765715.1	SUPER_5	32.000	100	68	0	574	673	63566919	63566620	7.84e-06	55.1	1040	66822030	50
XP_009765715.1	SUPER_8	39.672	305	128	5	481	739	5132098	5131214	1.42e-49	197	1040	61527627	50
XP_009765715.1	SUPER_8	50.694	144	46	1	859	977	5130332	5129901	2.46e-33	122	1040	61527627	50
XP_009765715.1	SUPER_8	42.188	64	37	0	977	1040	5129904	5129713	2.46e-33	44.3	1040	61527627	50
XP_009765715.1	SUPER_8	57.692	78	33	0	783	860	5131130	5130897	2.07e-18	96.3	1040	61527627	50
XP_009765713.1	SUPER_3	44.605	621	267	8	342	903	64717624	64715816	1.57e-143	482	1071	70427289	68
XP_009765713.1	SUPER_3	45.767	378	186	4	342	702	66692387	66693514	4.04e-92	329	1071	70427289	68
XP_009765713.1	SUPER_3	55.914	186	67	2	706	891	66693651	66694163	1.64e-47	191	1071	70427289	68
XP_009765713.1	SUPER_3	63.441	93	34	0	890	982	66694734	66695012	1.33e-42	107	1071	70427289	68
XP_009765713.1	SUPER_3	52.747	91	43	0	981	1071	66695077	66695349	1.33e-42	91.7	1071	70427289	68
XP_009765713.1	SUPER_3	67.742	93	30	0	890	982	64715278	64715000	6.48e-42	115	1071	70427289	68
XP_009765713.1	SUPER_3	54.945	91	41	0	981	1071	64714925	64714653	6.48e-42	80.5	1071	70427289	68
XP_009765713.1	SUPER_2	45.506	356	174	6	363	707	70594202	70595242	6.95e-81	295	1071	70876221	66
XP_009765713.1	SUPER_2	55.670	194	63	3	698	891	70595307	70595819	7.89e-47	189	1071	70876221	66
XP_009765713.1	SUPER_2	47.867	211	81	1	890	1071	70596298	70596930	1.19e-38	162	1071	70876221	66
XP_009765713.1	SUPER_6	42.162	370	155	5	564	891	44578513	44579571	9.44e-70	258	1071	62687094	50
XP_009765713.1	SUPER_6	56.522	23	10	0	521	543	44578391	44578459	9.44e-70	31.6	1071	62687094	50
XP_009765713.1	SUPER_6	49.223	193	75	3	703	891	44589655	44590176	3.62e-40	167	1071	62687094	50
XP_009765713.1	SUPER_6	58.065	93	39	0	890	982	44590742	44591020	2.83e-21	105	1071	62687094	50
XP_009765713.1	SUPER_6	65.333	75	26	0	890	964	44581109	44581333	3.02e-17	92.4	1071	62687094	50
XP_009765713.1	SUPER_6	36.620	142	60	1	960	1071	44585299	44585724	9.98e-16	87.4	1071	62687094	50
XP_009765713.1	SUPER_6	37.681	138	74	2	946	1071	44590966	44591379	1.52e-13	80.5	1071	62687094	50
XP_009765713.1	SUPER_5	38.689	305	135	5	510	770	53872015	53872905	1.13e-49	198	1071	66822030	48
XP_009765713.1	SUPER_5	61.290	93	36	0	890	982	53873758	53874036	2.97e-40	109	1071	66822030	48
XP_009765713.1	SUPER_5	46.067	89	48	0	982	1070	53874120	53874386	2.97e-40	81.3	1071	66822030	48
XP_009765713.1	SUPER_5	61.538	78	30	0	814	891	53872959	53873192	9.31e-21	103	1071	66822030	48
XP_009765713.1	SUPER_5	32.000	100	68	0	605	704	63566919	63566620	9.00e-06	54.7	1071	66822030	48
XP_009765713.1	SUPER_8	39.672	305	128	5	512	770	5132098	5131214	2.02e-49	197	1071	61527627	48
XP_009765713.1	SUPER_8	50.694	144	46	1	890	1008	5130332	5129901	2.02e-33	123	1071	61527627	48
XP_009765713.1	SUPER_8	42.188	64	37	0	1008	1071	5129904	5129713	2.02e-33	44.7	1071	61527627	48
XP_009765713.1	SUPER_8	57.692	78	33	0	814	891	5131130	5130897	1.96e-18	96.3	1071	61527627	48
XP_009765710.1	SUPER_3	44.605	621	267	8	530	1091	64717624	64715816	4.85e-141	480	1259	70427289	73
XP_009765710.1	SUPER_3	45.767	378	186	4	530	890	66692387	66693514	2.70e-90	327	1259	70427289	73
XP_009765710.1	SUPER_3	55.914	186	67	2	894	1079	66693651	66694163	3.97e-47	191	1259	70427289	73
XP_009765710.1	SUPER_3	63.441	93	34	0	1078	1170	66694734	66695012	2.92e-42	107	1259	70427289	73
XP_009765710.1	SUPER_3	52.747	91	43	0	1169	1259	66695077	66695349	2.92e-42	90.9	1259	70427289	73
XP_009765710.1	SUPER_3	67.742	93	30	0	1078	1170	64715278	64715000	1.63e-41	115	1259	70427289	73
XP_009765710.1	SUPER_3	54.945	91	41	0	1169	1259	64714925	64714653	1.63e-41	79.7	1259	70427289	73
XP_009765710.1	SUPER_3	44.915	118	55	4	4	121	64722827	64722504	6.88e-21	104	1259	70427289	73
XP_009765710.1	SUPER_3	47.573	103	48	2	1	101	66687543	66687839	7.72e-17	91.7	1259	70427289	73
XP_009765710.1	SUPER_3	52.632	38	18	0	146	183	64721380	64721267	6.26e-07	50.1	1259	70427289	73
XP_009765710.1	SUPER_3	38.710	31	19	0	116	146	64721541	64721449	6.26e-07	28.1	1259	70427289	73
XP_009765710.1	SUPER_2	45.506	356	174	6	551	895	70594202	70595242	1.57e-79	294	1259	70876221	71
XP_009765710.1	SUPER_2	55.670	194	63	3	886	1079	70595307	70595819	1.30e-46	189	1259	70876221	71
XP_009765710.1	SUPER_2	47.867	211	81	1	1078	1259	70596298	70596930	1.82e-38	162	1259	70876221	71
XP_009765710.1	SUPER_2	39.474	114	59	3	4	115	66546590	66546273	4.14e-13	79.3	1259	70876221	71
XP_009765710.1	SUPER_2	40.594	101	52	4	1	100	70590108	70590389	6.63e-13	78.6	1259	70876221	71
XP_009765710.1	SUPER_2	54.762	42	19	0	139	180	70591564	70591689	1.44e-09	55.8	1259	70876221	71
XP_009765710.1	SUPER_2	45.161	31	17	0	116	146	70591425	70591517	1.44e-09	31.6	1259	70876221	71
XP_009765710.1	SUPER_6	42.162	370	155	5	752	1079	44578513	44579571	1.47e-69	258	1259	62687094	42
XP_009765710.1	SUPER_6	56.522	23	10	0	709	731	44578391	44578459	1.47e-69	30.8	1259	62687094	42
XP_009765710.1	SUPER_6	49.223	193	75	3	891	1079	44589655	44590176	5.77e-40	167	1259	62687094	42
XP_009765710.1	SUPER_6	58.065	93	39	0	1078	1170	44590742	44591020	4.44e-21	105	1259	62687094	42
XP_009765710.1	SUPER_6	65.333	75	26	0	1078	1152	44581109	44581333	5.61e-17	92.0	1259	62687094	42
XP_009765710.1	SUPER_6	36.620	142	60	1	1148	1259	44585299	44585724	2.20e-15	86.7	1259	62687094	42
XP_009765710.1	SUPER_6	37.681	138	74	2	1134	1259	44590966	44591379	2.48e-13	80.1	1259	62687094	42
XP_009765710.1	SUPER_5	38.689	305	135	5	698	958	53872015	53872905	3.58e-49	197	1259	66822030	41
XP_009765710.1	SUPER_5	61.290	93	36	0	1078	1170	53873758	53874036	5.20e-40	108	1259	66822030	41
XP_009765710.1	SUPER_5	46.067	89	48	0	1170	1258	53874120	53874386	5.20e-40	80.9	1259	66822030	41
XP_009765710.1	SUPER_5	61.538	78	30	0	1002	1079	53872959	53873192	1.01e-20	104	1259	66822030	41
XP_009765710.1	SUPER_8	39.672	305	128	5	700	958	5132098	5131214	6.96e-49	196	1259	61527627	41
XP_009765710.1	SUPER_8	50.694	144	46	1	1078	1196	5130332	5129901	3.19e-33	122	1259	61527627	41
XP_009765710.1	SUPER_8	42.188	64	37	0	1196	1259	5129904	5129713	3.19e-33	44.7	1259	61527627	41
XP_009765710.1	SUPER_8	57.692	78	33	0	1002	1079	5131130	5130897	1.90e-18	97.1	1259	61527627	41
XP_009765710.1	SUPER_12	39.175	97	51	3	4	99	3778517	3778786	1.36e-07	61.2	1259	57120494	8
XP_009612033.1	SUPER_3	44.127	630	259	9	255	817	64717627	64715816	3.47e-143	478	985	70427289	74
XP_009612033.1	SUPER_3	45.646	379	187	4	255	616	66692384	66693514	3.30e-91	324	985	70427289	74
XP_009612033.1	SUPER_3	53.093	194	60	3	620	805	66693651	66694163	1.86e-47	190	985	70427289	74
XP_009612033.1	SUPER_3	64.516	93	33	0	804	896	66694734	66695012	2.16e-41	110	985	70427289	74
XP_009612033.1	SUPER_3	50.549	91	45	0	895	985	66695077	66695349	2.16e-41	83.6	985	70427289	74
XP_009612033.1	SUPER_3	68.817	93	29	0	804	896	64715278	64715000	7.50e-41	119	985	70427289	74
XP_009612033.1	SUPER_3	52.747	91	43	0	895	985	64714925	64714653	7.50e-41	73.2	985	70427289	74
XP_009612033.1	SUPER_2	45.506	356	174	6	277	621	70594202	70595242	1.40e-79	289	985	70876221	72
XP_009612033.1	SUPER_2	56.701	194	61	3	612	805	70595307	70595819	1.81e-47	190	985	70876221	72
XP_009612033.1	SUPER_2	47.867	211	81	1	804	985	70596298	70596930	8.29e-39	162	985	70876221	72
XP_009612033.1	SUPER_8	39.875	321	131	7	426	696	5132098	5131172	2.59e-71	197	985	61527627	47
XP_009612033.1	SUPER_8	57.692	78	33	0	728	805	5131130	5130897	2.59e-71	97.1	985	61527627	47
XP_009612033.1	SUPER_8	52.899	138	40	1	804	916	5130332	5129919	1.67e-27	125	985	61527627	47
XP_009612033.1	SUPER_6	40.789	380	146	6	478	805	44578513	44579571	5.93e-69	254	985	62687094	54
XP_009612033.1	SUPER_6	56.522	23	10	0	435	457	44578391	44578459	5.93e-69	31.6	985	62687094	54
XP_009612033.1	SUPER_6	47.236	199	70	4	617	805	44589655	44590176	1.57e-40	168	985	62687094	54
XP_009612033.1	SUPER_6	58.065	93	39	0	804	896	44590742	44591020	5.43e-38	105	985	62687094	54
XP_009612033.1	SUPER_6	44.444	90	50	0	896	985	44591110	44591379	5.43e-38	77.8	985	62687094	54
XP_009612033.1	SUPER_6	69.118	68	21	0	804	871	44581109	44581312	2.58e-17	92.4	985	62687094	54
XP_009612033.1	SUPER_6	37.063	143	60	1	873	985	44585296	44585724	7.44e-16	87.8	985	62687094	54
XP_009612033.1	SUPER_5	39.344	305	133	5	424	684	53872015	53872905	1.52e-49	197	985	66822030	53
XP_009612033.1	SUPER_5	63.441	93	34	0	804	896	53873758	53874036	3.31e-41	114	985	66822030	53
XP_009612033.1	SUPER_5	46.067	89	48	0	896	984	53874120	53874386	3.31e-41	79.0	985	66822030	53
XP_009612033.1	SUPER_5	61.538	78	30	0	728	805	53872959	53873192	7.99e-21	103	985	66822030	53
XP_009612032.1	SUPER_3	44.127	630	259	9	260	822	64717627	64715816	5.97e-143	477	990	70427289	74
XP_009612032.1	SUPER_3	45.646	379	187	4	260	621	66692384	66693514	4.30e-91	324	990	70427289	74
XP_009612032.1	SUPER_3	53.093	194	60	3	625	810	66693651	66694163	2.06e-47	190	990	70427289	74
XP_009612032.1	SUPER_3	64.516	93	33	0	809	901	66694734	66695012	2.32e-41	110	990	70427289	74
XP_009612032.1	SUPER_3	50.549	91	45	0	900	990	66695077	66695349	2.32e-41	83.6	990	70427289	74
XP_009612032.1	SUPER_3	68.817	93	29	0	809	901	64715278	64715000	8.54e-41	119	990	70427289	74
XP_009612032.1	SUPER_3	52.747	91	43	0	900	990	64714925	64714653	8.54e-41	73.2	990	70427289	74
XP_009612032.1	SUPER_2	45.506	356	174	6	282	626	70594202	70595242	1.68e-79	289	990	70876221	72
XP_009612032.1	SUPER_2	56.701	194	61	3	617	810	70595307	70595819	1.87e-47	190	990	70876221	72
XP_009612032.1	SUPER_2	47.867	211	81	1	809	990	70596298	70596930	8.39e-39	162	990	70876221	72
XP_009612032.1	SUPER_8	39.875	321	131	7	431	701	5132098	5131172	2.67e-71	197	990	61527627	46
XP_009612032.1	SUPER_8	57.692	78	33	0	733	810	5131130	5130897	2.67e-71	97.1	990	61527627	46
XP_009612032.1	SUPER_8	52.899	138	40	1	809	921	5130332	5129919	2.01e-27	125	990	61527627	46
XP_009612032.1	SUPER_6	40.789	380	146	6	483	810	44578513	44579571	7.77e-69	254	990	62687094	54
XP_009612032.1	SUPER_6	56.522	23	10	0	440	462	44578391	44578459	7.77e-69	31.6	990	62687094	54
XP_009612032.1	SUPER_6	47.236	199	70	4	622	810	44589655	44590176	1.62e-40	168	990	62687094	54
XP_009612032.1	SUPER_6	58.065	93	39	0	809	901	44590742	44591020	5.73e-38	105	990	62687094	54
XP_009612032.1	SUPER_6	44.444	90	50	0	901	990	44591110	44591379	5.73e-38	77.8	990	62687094	54
XP_009612032.1	SUPER_6	69.118	68	21	0	809	876	44581109	44581312	2.76e-17	92.4	990	62687094	54
XP_009612032.1	SUPER_6	37.063	143	60	1	878	990	44585296	44585724	8.30e-16	87.8	990	62687094	54
XP_009612032.1	SUPER_5	39.344	305	133	5	429	689	53872015	53872905	1.48e-49	197	990	66822030	52
XP_009612032.1	SUPER_5	63.441	93	34	0	809	901	53873758	53874036	4.00e-41	114	990	66822030	52
XP_009612032.1	SUPER_5	46.067	89	48	0	901	989	53874120	53874386	4.00e-41	78.6	990	66822030	52
XP_009612032.1	SUPER_5	61.538	78	30	0	733	810	53872959	53873192	8.07e-21	103	990	66822030	52
XP_009612029.1	SUPER_3	44.127	630	259	9	474	1036	64717627	64715816	1.09e-140	478	1204	70427289	74
XP_009612029.1	SUPER_3	45.646	379	187	4	474	835	66692384	66693514	1.58e-89	324	1204	70427289	74
XP_009612029.1	SUPER_3	53.093	194	60	3	839	1024	66693651	66694163	4.36e-47	190	1204	70427289	74
XP_009612029.1	SUPER_3	64.516	93	33	0	1023	1115	66694734	66695012	4.94e-41	110	1204	70427289	74
XP_009612029.1	SUPER_3	50.549	91	45	0	1114	1204	66695077	66695349	4.94e-41	83.2	1204	70427289	74
XP_009612029.1	SUPER_3	68.817	93	29	0	1023	1115	64715278	64715000	1.61e-40	119	1204	70427289	74
XP_009612029.1	SUPER_3	52.747	91	43	0	1114	1204	64714925	64714653	1.61e-40	72.8	1204	70427289	74
XP_009612029.1	SUPER_3	49.485	97	47	2	4	100	64722827	64722543	6.60e-20	101	1204	70427289	74
XP_009612029.1	SUPER_3	47.573	103	48	2	1	101	66687543	66687839	1.36e-16	90.5	1204	70427289	74
XP_009612029.1	SUPER_3	52.632	38	18	0	146	183	64721380	64721267	1.36e-06	49.7	1204	70427289	74
XP_009612029.1	SUPER_3	52.381	21	10	0	126	146	64721511	64721449	1.36e-06	26.9	1204	70427289	74
XP_009612029.1	SUPER_2	45.506	356	174	6	496	840	70594202	70595242	3.89e-78	289	1204	70876221	74
XP_009612029.1	SUPER_2	56.701	194	61	3	831	1024	70595307	70595819	2.38e-47	191	1204	70876221	74
XP_009612029.1	SUPER_2	47.867	211	81	1	1023	1204	70596298	70596930	1.43e-38	162	1204	70876221	74
XP_009612029.1	SUPER_2	39.474	114	59	3	4	115	66546590	66546273	4.38e-13	79.0	1204	70876221	74
XP_009612029.1	SUPER_2	40.698	86	44	2	1	86	70590108	70590344	1.45e-11	73.9	1204	70876221	74
XP_009612029.1	SUPER_2	54.762	42	19	0	139	180	70591564	70591689	3.27e-09	55.8	1204	70876221	74
XP_009612029.1	SUPER_2	45.161	31	17	0	116	146	70591425	70591517	3.27e-09	30.4	1204	70876221	74
XP_009612029.1	SUPER_8	39.875	321	131	7	645	915	5132098	5131172	3.65e-71	197	1204	61527627	38
XP_009612029.1	SUPER_8	57.692	78	33	0	947	1024	5131130	5130897	3.65e-71	97.1	1204	61527627	38
XP_009612029.1	SUPER_8	52.899	138	40	1	1023	1135	5130332	5129919	2.57e-27	125	1204	61527627	38
XP_009612029.1	SUPER_6	40.789	380	146	6	697	1024	44578513	44579571	8.49e-69	255	1204	62687094	44
XP_009612029.1	SUPER_6	56.522	23	10	0	654	676	44578391	44578459	8.49e-69	30.8	1204	62687094	44
XP_009612029.1	SUPER_6	47.236	199	70	4	836	1024	44589655	44590176	2.08e-40	168	1204	62687094	44
XP_009612029.1	SUPER_6	58.065	93	39	0	1023	1115	44590742	44591020	7.14e-38	105	1204	62687094	44
XP_009612029.1	SUPER_6	44.444	90	50	0	1115	1204	44591110	44591379	7.14e-38	77.8	1204	62687094	44
XP_009612029.1	SUPER_6	69.118	68	21	0	1023	1090	44581109	44581312	4.07e-17	92.4	1204	62687094	44
XP_009612029.1	SUPER_6	37.063	143	60	1	1092	1204	44585296	44585724	1.03e-15	87.8	1204	62687094	44
XP_009612029.1	SUPER_5	39.344	305	133	5	643	903	53872015	53872905	5.28e-49	196	1204	66822030	43
XP_009612029.1	SUPER_5	63.441	93	34	0	1023	1115	53873758	53874036	4.36e-41	114	1204	66822030	43
XP_009612029.1	SUPER_5	46.067	89	48	0	1115	1203	53874120	53874386	4.36e-41	79.0	1204	66822030	43
XP_009612029.1	SUPER_5	61.538	78	30	0	947	1024	53872959	53873192	7.97e-21	104	1204	66822030	43
XP_009612029.1	SUPER_12	39.175	97	51	3	4	99	3778517	3778786	3.13e-07	59.7	1204	57120494	8
XP_066162081.1	SUPER_3	34.506	597	281	11	469	973	64717555	64715819	9.40e-80	293	1140	70427289	61
XP_066162081.1	SUPER_3	32.454	379	195	8	424	756	66692306	66693397	3.76e-42	174	1140	70427289	61
XP_066162081.1	SUPER_3	50.888	169	79	3	798	962	66693657	66694163	1.84e-34	149	1140	70427289	61
XP_066162081.1	SUPER_3	58.904	73	29	1	961	1032	64715278	64715060	3.75e-17	92.4	1140	70427289	61
XP_066162081.1	SUPER_3	56.164	73	31	1	961	1032	66694734	66694952	2.28e-15	86.7	1140	70427289	61
XP_066162081.1	SUPER_3	45.055	91	50	0	1050	1140	66695077	66695349	3.13e-14	82.8	1140	70427289	61
XP_066162081.1	SUPER_3	45.055	91	50	0	1050	1140	64714925	64714653	1.37e-09	67.4	1140	70427289	61
XP_066162081.1	SUPER_5	32.258	279	140	8	642	877	53872123	53872941	8.93e-41	107	1140	66822030	43
XP_066162081.1	SUPER_5	54.054	74	33	1	890	962	53872971	53873192	8.93e-41	85.5	1140	66822030	43
XP_066162081.1	SUPER_5	47.312	93	47	2	961	1051	53873758	53874036	3.24e-31	87.0	1140	66822030	43
XP_066162081.1	SUPER_5	42.697	89	51	0	1051	1139	53874120	53874386	3.24e-31	73.6	1140	66822030	43
XP_066162081.1	SUPER_2	33.333	315	169	6	469	755	70594211	70595116	1.29e-40	169	1140	70876221	55
XP_066162081.1	SUPER_2	52.147	163	73	2	801	962	70595343	70595819	3.88e-33	144	1140	70876221	55
XP_066162081.1	SUPER_2	39.336	211	97	3	961	1140	70596298	70596930	8.82e-31	137	1140	70876221	55
XP_066162081.1	SUPER_6	34.930	355	180	8	657	962	44578513	44579571	7.76e-38	160	1140	62687094	42
XP_066162081.1	SUPER_6	44.767	172	85	3	798	962	44589670	44590176	9.15e-27	124	1140	62687094	42
XP_066162081.1	SUPER_6	57.353	68	28	1	961	1027	44581109	44581312	5.30e-15	85.5	1140	62687094	42
XP_066162081.1	SUPER_6	45.161	93	49	2	961	1051	44590742	44591020	1.02e-14	84.3	1140	62687094	42
XP_066162081.1	SUPER_6	43.333	90	51	0	1051	1140	44585455	44585724	5.60e-14	82.0	1140	62687094	42
XP_066162081.1	SUPER_8	29.249	253	136	4	657	866	5131954	5131196	1.12e-31	88.2	1140	61527627	33
XP_066162081.1	SUPER_8	48.649	74	37	1	890	962	5131118	5130897	1.12e-31	73.6	1140	61527627	33
XP_066162081.1	SUPER_8	49.462	93	45	2	961	1051	5130332	5130054	2.03e-17	93.2	1140	61527627	33
XP_015620288.1	SUPER_3	34.454	595	280	11	588	1090	64717555	64715825	2.08e-78	289	1170	70427289	50
XP_015620288.1	SUPER_3	34.347	329	160	6	588	875	66692456	66693397	1.42e-41	172	1170	70427289	50
XP_015620288.1	SUPER_3	50.867	173	81	3	917	1085	66693657	66694175	1.11e-34	149	1170	70427289	50
XP_015620288.1	SUPER_3	44.565	92	51	0	1079	1170	66695074	66695349	1.76e-14	83.6	1170	70427289	50
XP_015620288.1	SUPER_3	44.565	92	51	0	1079	1170	64714928	64714653	5.10e-10	68.9	1170	70427289	50
XP_015620288.1	SUPER_5	32.258	279	140	8	761	996	53872123	53872941	1.19e-40	107	1170	66822030	34
XP_015620288.1	SUPER_5	54.054	74	33	1	1009	1081	53872971	53873192	1.19e-40	84.7	1170	66822030	34
XP_015620288.1	SUPER_5	41.758	91	53	0	1079	1169	53874114	53874386	1.93e-11	73.6	1170	66822030	34
XP_015620288.1	SUPER_2	33.333	315	169	6	588	874	70594211	70595116	1.40e-40	169	1170	70876221	46
XP_015620288.1	SUPER_2	49.171	181	86	3	920	1099	70595343	70595870	1.51e-33	146	1170	70876221	46
XP_015620288.1	SUPER_2	44.565	92	51	0	1079	1170	70596655	70596930	7.88e-11	71.6	1170	70876221	46
XP_015620288.1	SUPER_6	35.097	359	182	8	776	1085	44578513	44579583	8.42e-38	160	1170	62687094	34
XP_015620288.1	SUPER_6	44.886	176	87	3	917	1085	44589670	44590188	4.82e-27	124	1170	62687094	34
XP_015620288.1	SUPER_6	42.391	92	53	0	1079	1170	44585449	44585724	4.48e-14	82.4	1170	62687094	34
XP_015620288.1	SUPER_8	29.249	253	136	4	776	985	5131954	5131196	6.81e-32	88.6	1170	61527627	24
XP_015620288.1	SUPER_8	48.649	74	37	1	1009	1081	5131118	5130897	6.81e-32	73.9	1170	61527627	24
NP_001410391.1	SUPER_3	34.506	597	281	11	588	1092	64717555	64715819	2.60e-78	290	1259	70427289	52
NP_001410391.1	SUPER_3	34.347	329	160	6	588	875	66692456	66693397	1.75e-41	172	1259	70427289	52
NP_001410391.1	SUPER_3	50.888	169	79	3	917	1081	66693657	66694163	5.41e-34	147	1259	70427289	52
NP_001410391.1	SUPER_3	58.904	73	29	1	1080	1151	64715278	64715060	7.91e-17	91.7	1259	70427289	52
NP_001410391.1	SUPER_3	56.164	73	31	1	1080	1151	66694734	66694952	5.05e-15	85.5	1259	70427289	52
NP_001410391.1	SUPER_3	45.055	91	50	0	1169	1259	66695077	66695349	3.21e-14	82.8	1259	70427289	52
NP_001410391.1	SUPER_3	45.055	91	50	0	1169	1259	64714925	64714653	1.90e-09	67.4	1259	70427289	52
NP_001410391.1	SUPER_2	33.333	315	169	6	588	874	70594211	70595116	1.81e-40	169	1259	70876221	50
NP_001410391.1	SUPER_2	52.147	163	73	2	920	1081	70595343	70595819	8.77e-33	144	1259	70876221	50
NP_001410391.1	SUPER_2	39.336	211	97	3	1080	1259	70596298	70596930	3.25e-30	135	1259	70876221	50
NP_001410391.1	SUPER_5	32.258	279	140	8	761	996	53872123	53872941	2.03e-40	106	1259	66822030	39
NP_001410391.1	SUPER_5	54.054	74	33	1	1009	1081	53872971	53873192	2.03e-40	84.7	1259	66822030	39
NP_001410391.1	SUPER_5	47.312	93	47	2	1080	1170	53873758	53874036	4.52e-31	86.7	1259	66822030	39
NP_001410391.1	SUPER_5	42.697	89	51	0	1170	1258	53874120	53874386	4.52e-31	73.6	1259	66822030	39
NP_001410391.1	SUPER_6	34.930	355	180	8	776	1081	44578513	44579571	3.49e-37	158	1259	62687094	38
NP_001410391.1	SUPER_6	44.767	172	85	3	917	1081	44589670	44590176	1.88e-26	123	1259	62687094	38
NP_001410391.1	SUPER_6	57.353	68	28	1	1080	1146	44581109	44581312	9.65e-15	84.7	1259	62687094	38
NP_001410391.1	SUPER_6	45.161	93	49	2	1080	1170	44590742	44591020	1.91e-14	83.6	1259	62687094	38
NP_001410391.1	SUPER_6	43.333	90	51	0	1170	1259	44585455	44585724	6.35e-14	82.0	1259	62687094	38
NP_001410391.1	SUPER_8	29.249	253	136	4	776	985	5131954	5131196	1.25e-31	88.2	1259	61527627	30
NP_001410391.1	SUPER_8	48.649	74	37	1	1009	1081	5131118	5130897	1.25e-31	73.6	1259	61527627	30
NP_001410391.1	SUPER_8	49.462	93	45	2	1080	1170	5130332	5130054	4.78e-17	92.4	1259	61527627	30
ANM68364.1	SUPER_3	34.450	627	302	12	403	942	64717669	64715855	2.90e-89	318	966	70427289	68
ANM68364.1	SUPER_3	31.527	406	221	6	403	765	66692339	66693514	2.38e-44	180	966	70427289	68
ANM68364.1	SUPER_3	45.312	192	98	2	770	961	66693657	66694211	5.41e-43	176	966	70427289	68
ANM68364.1	SUPER_3	40.404	99	57	1	4	102	66687549	66687839	2.80e-10	69.3	966	70427289	68
ANM68364.1	SUPER_3	38.835	103	53	3	4	101	64722836	64722543	2.09e-08	63.2	966	70427289	68
ANM68364.1	SUPER_6	35.211	355	181	4	636	946	44578531	44579580	5.34e-49	195	966	62687094	32
ANM68364.1	SUPER_6	42.697	178	95	2	770	946	44589670	44590185	2.40e-33	144	966	62687094	32
ANM68364.1	SUPER_5	31.973	294	155	6	583	832	53872027	53872905	2.18e-46	121	966	66822030	34
ANM68364.1	SUPER_5	46.914	81	43	0	862	942	53872947	53873189	2.18e-46	89.7	966	66822030	34
ANM68364.1	SUPER_8	31.950	241	120	2	636	832	5131936	5131214	9.65e-46	114	966	61527627	29
ANM68364.1	SUPER_8	47.674	86	45	0	857	942	5131157	5130900	9.65e-46	94.4	966	61527627	29
ANM68364.1	SUPER_2	34.277	318	172	5	448	734	70594202	70595137	1.91e-43	177	966	70876221	60
ANM68364.1	SUPER_2	44.388	196	94	3	771	963	70595337	70595888	5.34e-41	169	966	70876221	60
ANM68364.1	SUPER_2	38.542	96	51	2	6	101	66546587	66546324	4.69e-07	58.9	966	70876221	60
AED92349.1	SUPER_3	34.219	640	312	12	403	955	64717669	64715816	1.44e-88	320	1123	70427289	73
AED92349.1	SUPER_3	31.527	406	221	6	403	765	66692339	66693514	4.03e-44	180	1123	70427289	73
AED92349.1	SUPER_3	46.591	176	89	1	770	945	66693657	66694169	1.57e-41	172	1123	70427289	73
AED92349.1	SUPER_3	52.688	93	44	0	942	1034	64715278	64715000	5.17e-27	94.7	1123	70427289	73
AED92349.1	SUPER_3	40.659	91	54	0	1033	1123	64714925	64714653	5.17e-27	51.6	1123	70427289	73
AED92349.1	SUPER_3	51.613	93	45	0	942	1034	66694734	66695012	8.31e-18	94.4	1123	70427289	73
AED92349.1	SUPER_3	40.404	99	57	1	4	102	66687549	66687839	3.31e-10	69.3	1123	70427289	73
AED92349.1	SUPER_3	41.441	111	64	1	1014	1123	66695017	66695349	1.24e-09	67.8	1123	70427289	73
AED92349.1	SUPER_3	38.835	103	53	3	4	101	64722836	64722543	2.48e-08	63.2	1123	70427289	73
AED92349.1	SUPER_6	35.028	354	181	4	636	945	44578531	44579577	4.77e-48	193	1123	62687094	36
AED92349.1	SUPER_6	42.373	177	95	2	770	945	44589670	44590182	1.17e-32	143	1123	62687094	36
AED92349.1	SUPER_6	57.353	68	29	0	942	1009	44581109	44581312	1.91e-13	80.1	1123	62687094	36
AED92349.1	SUPER_6	42.708	96	51	1	942	1037	44590742	44591017	4.98e-13	79.0	1123	62687094	36
AED92349.1	SUPER_5	31.973	294	155	6	583	832	53872027	53872905	2.58e-46	120	1123	66822030	45
AED92349.1	SUPER_5	46.341	82	44	0	862	943	53872947	53873192	2.58e-46	90.9	1123	66822030	45
AED92349.1	SUPER_5	48.387	93	48	0	942	1034	53873758	53874036	4.96e-23	88.2	1123	66822030	45
AED92349.1	SUPER_5	38.636	88	54	0	1034	1121	53874120	53874383	4.96e-23	44.7	1123	66822030	45
AED92349.1	SUPER_8	31.950	241	120	2	636	832	5131936	5131214	1.34e-45	114	1123	61527627	33
AED92349.1	SUPER_8	47.126	87	46	0	857	943	5131157	5130897	1.34e-45	94.7	1123	61527627	33
AED92349.1	SUPER_8	50.538	93	46	0	942	1034	5130332	5130054	3.75e-17	92.4	1123	61527627	33
AED92349.1	SUPER_2	34.277	318	172	5	448	734	70594202	70595137	5.01e-43	177	1123	70876221	66
AED92349.1	SUPER_2	46.286	175	82	2	771	945	70595337	70595825	4.36e-40	167	1123	70876221	66
AED92349.1	SUPER_2	39.336	211	99	1	942	1123	70596298	70596930	6.88e-25	117	1123	70876221	66
AED92349.1	SUPER_2	38.542	96	51	2	6	101	66546587	66546324	6.53e-07	58.5	1123	70876221	66
XP_024452488.2	SUPER_3	45.340	633	262	11	260	844	64717639	64715849	7.03e-141	472	1023	70427289	77
XP_024452488.2	SUPER_3	43.287	432	206	6	232	660	66692327	66693514	1.05e-89	321	1023	70427289	77
XP_024452488.2	SUPER_3	54.891	184	73	2	660	843	66693642	66694163	1.04e-43	178	1023	70427289	77
XP_024452488.2	SUPER_3	63.441	93	34	0	842	934	64715278	64715000	4.44e-25	118	1023	70427289	77
XP_024452488.2	SUPER_3	62.366	93	35	0	842	934	66694734	66695012	8.58e-24	114	1023	70427289	77
XP_024452488.2	SUPER_3	37.736	159	81	5	874	1023	64715102	64714653	9.35e-09	64.7	1023	70427289	77
XP_024452488.2	SUPER_3	40.741	108	60	1	916	1023	66695038	66695349	1.29e-07	60.8	1023	70427289	77
XP_024452488.2	SUPER_2	43.490	361	174	4	286	646	70594202	70595194	2.99e-119	283	1023	70876221	72
XP_024452488.2	SUPER_2	49.246	199	84	2	645	843	70595274	70595819	2.99e-119	170	1023	70876221	72
XP_024452488.2	SUPER_2	46.919	211	83	1	842	1023	70596298	70596930	1.87e-34	148	1023	70876221	72
XP_024452488.2	SUPER_8	39.661	295	128	6	473	725	5132080	5131220	8.22e-60	155	1023	61527627	42
XP_024452488.2	SUPER_8	57.471	87	37	0	757	843	5131157	5130897	8.22e-60	100	1023	61527627	42
XP_024452488.2	SUPER_8	61.290	93	36	0	842	934	5130332	5130054	2.86e-24	115	1023	61527627	42
XP_024452488.2	SUPER_5	38.851	296	129	6	473	725	53872039	53872899	1.54e-59	157	1023	66822030	50
XP_024452488.2	SUPER_5	59.756	82	33	0	762	843	53872947	53873192	1.54e-59	97.8	1023	66822030	50
XP_024452488.2	SUPER_5	59.140	93	38	0	842	934	53873758	53874036	3.88e-30	112	1023	66822030	50
XP_024452488.2	SUPER_5	40.449	89	53	0	934	1022	53874120	53874386	3.88e-30	43.9	1023	66822030	50
XP_024452488.2	SUPER_6	42.935	368	154	6	520	843	44578504	44579571	2.10e-58	220	1023	62687094	51
XP_024452488.2	SUPER_6	50.000	20	10	0	473	492	44578385	44578444	2.10e-58	30.4	1023	62687094	51
XP_024452488.2	SUPER_6	48.370	184	85	2	660	843	44589655	44590176	5.31e-33	144	1023	62687094	51
XP_024452488.2	SUPER_6	53.763	93	43	0	842	934	44590742	44591020	2.26e-27	102	1023	62687094	51
XP_024452488.2	SUPER_6	38.889	90	55	0	934	1023	44591110	44591379	2.26e-27	44.3	1023	62687094	51
XP_024452488.2	SUPER_6	70.588	68	20	0	842	909	44581109	44581312	9.86e-20	100	1023	62687094	51
XP_024452486.2	SUPER_3	45.340	633	262	11	456	1040	64717639	64715849	1.57e-139	474	1219	70427289	77
XP_024452486.2	SUPER_3	43.287	432	206	6	428	856	66692327	66693514	1.49e-88	321	1219	70427289	77
XP_024452486.2	SUPER_3	54.891	184	73	2	856	1039	66693642	66694163	8.60e-44	179	1219	70427289	77
XP_024452486.2	SUPER_3	63.441	93	34	0	1038	1130	64715278	64715000	9.55e-25	117	1219	70427289	77
XP_024452486.2	SUPER_3	62.366	93	35	0	1038	1130	66694734	66695012	1.23e-23	114	1219	70427289	77
XP_024452486.2	SUPER_3	37.755	98	40	3	1	80	66687543	66687827	1.84e-09	67.0	1219	70427289	77
XP_024452486.2	SUPER_3	38.129	139	65	3	1100	1219	64715063	64714653	1.32e-08	64.3	1219	70427289	77
XP_024452486.2	SUPER_3	36.364	99	42	2	1	80	64722842	64722552	4.60e-08	62.8	1219	70427289	77
XP_024452486.2	SUPER_3	40.741	108	60	1	1112	1219	66695038	66695349	1.66e-07	60.8	1219	70427289	77
XP_024452486.2	SUPER_3	51.220	41	20	0	131	171	64721380	64721258	2.07e-07	51.2	1219	70427289	77
XP_024452486.2	SUPER_3	59.091	22	9	0	110	131	64721514	64721449	2.07e-07	28.5	1219	70427289	77
XP_024452486.2	SUPER_2	43.213	361	175	4	482	842	70594202	70595194	3.38e-119	283	1219	70876221	67
XP_024452486.2	SUPER_2	49.246	199	84	2	841	1039	70595274	70595819	3.38e-119	171	1219	70876221	67
XP_024452486.2	SUPER_2	46.919	211	83	1	1038	1219	70596298	70596930	1.97e-34	149	1219	70876221	67
XP_024452486.2	SUPER_2	39.773	88	42	2	4	80	66546596	66546333	5.96e-09	65.5	1219	70876221	67
XP_024452486.2	SUPER_2	37.634	93	43	3	1	80	70590108	70590380	8.07e-08	61.6	1219	70876221	67
XP_024452486.2	SUPER_8	39.661	295	128	6	669	921	5132080	5131220	1.65e-59	154	1219	61527627	35
XP_024452486.2	SUPER_8	57.471	87	37	0	953	1039	5131157	5130897	1.65e-59	100	1219	61527627	35
XP_024452486.2	SUPER_8	61.290	93	36	0	1038	1130	5130332	5130054	4.25e-24	115	1219	61527627	35
XP_024452486.2	SUPER_5	38.851	296	129	6	669	921	53872039	53872899	1.99e-59	156	1219	66822030	42
XP_024452486.2	SUPER_5	59.756	82	33	0	958	1039	53872947	53873192	1.99e-59	98.6	1219	66822030	42
XP_024452486.2	SUPER_5	59.140	93	38	0	1038	1130	53873758	53874036	6.39e-30	112	1219	66822030	42
XP_024452486.2	SUPER_5	40.449	89	53	0	1130	1218	53874120	53874386	6.39e-30	43.9	1219	66822030	42
XP_024452486.2	SUPER_6	42.935	368	154	6	716	1039	44578504	44579571	1.21e-58	222	1219	62687094	43
XP_024452486.2	SUPER_6	50.000	20	10	0	669	688	44578385	44578444	1.21e-58	30.0	1219	62687094	43
XP_024452486.2	SUPER_6	48.370	184	85	3	856	1039	44589655	44590176	3.58e-33	145	1219	62687094	43
XP_024452486.2	SUPER_6	53.763	93	43	0	1038	1130	44590742	44591020	3.33e-27	102	1219	62687094	43
XP_024452486.2	SUPER_6	38.889	90	55	0	1130	1219	44591110	44591379	3.33e-27	44.3	1219	62687094	43
XP_024452486.2	SUPER_6	70.588	68	20	0	1038	1105	44581109	44581312	1.41e-19	100	1219	62687094	43
XP_024452485.2	SUPER_3	45.340	633	262	11	458	1042	64717639	64715849	1.65e-139	474	1221	70427289	76
XP_024452485.2	SUPER_3	43.287	432	206	6	430	858	66692327	66693514	1.54e-88	321	1221	70427289	76
XP_024452485.2	SUPER_3	54.891	184	73	2	858	1041	66693642	66694163	8.64e-44	179	1221	70427289	76
XP_024452485.2	SUPER_3	63.441	93	34	0	1040	1132	64715278	64715000	9.66e-25	117	1221	70427289	76
XP_024452485.2	SUPER_3	62.366	93	35	0	1040	1132	66694734	66695012	1.23e-23	114	1221	70427289	76
XP_024452485.2	SUPER_3	37.755	98	40	3	1	80	66687543	66687827	1.84e-09	67.0	1221	70427289	76
XP_024452485.2	SUPER_3	38.129	139	65	3	1102	1221	64715063	64714653	1.32e-08	64.3	1221	70427289	76
XP_024452485.2	SUPER_3	36.364	99	42	2	1	80	64722842	64722552	4.61e-08	62.8	1221	70427289	76
XP_024452485.2	SUPER_3	40.741	108	60	1	1114	1221	66695038	66695349	1.67e-07	60.8	1221	70427289	76
XP_024452485.2	SUPER_3	51.220	41	20	0	131	171	64721380	64721258	2.09e-07	51.2	1221	70427289	76
XP_024452485.2	SUPER_3	59.091	22	9	0	110	131	64721514	64721449	2.09e-07	28.5	1221	70427289	76
XP_024452485.2	SUPER_2	43.213	361	175	4	484	844	70594202	70595194	3.38e-119	283	1221	70876221	67
XP_024452485.2	SUPER_2	49.246	199	84	2	843	1041	70595274	70595819	3.38e-119	171	1221	70876221	67
XP_024452485.2	SUPER_2	46.919	211	83	1	1040	1221	70596298	70596930	1.98e-34	149	1221	70876221	67
XP_024452485.2	SUPER_2	39.773	88	42	2	4	80	66546596	66546333	5.97e-09	65.5	1221	70876221	67
XP_024452485.2	SUPER_2	37.634	93	43	3	1	80	70590108	70590380	8.16e-08	61.6	1221	70876221	67
XP_024452485.2	SUPER_8	39.661	295	128	6	671	923	5132080	5131220	1.52e-59	154	1221	61527627	35
XP_024452485.2	SUPER_8	57.471	87	37	0	955	1041	5131157	5130897	1.52e-59	100	1221	61527627	35
XP_024452485.2	SUPER_8	61.290	93	36	0	1040	1132	5130332	5130054	4.29e-24	115	1221	61527627	35
XP_024452485.2	SUPER_5	38.851	296	129	6	671	923	53872039	53872899	2.04e-59	156	1221	66822030	42
XP_024452485.2	SUPER_5	59.756	82	33	0	960	1041	53872947	53873192	2.04e-59	98.6	1221	66822030	42
XP_024452485.2	SUPER_5	59.140	93	38	0	1040	1132	53873758	53874036	6.46e-30	112	1221	66822030	42
XP_024452485.2	SUPER_5	40.449	89	53	0	1132	1220	53874120	53874386	6.46e-30	43.9	1221	66822030	42
XP_024452485.2	SUPER_6	42.935	368	154	6	718	1041	44578504	44579571	1.21e-58	222	1221	62687094	43
XP_024452485.2	SUPER_6	50.000	20	10	0	671	690	44578385	44578444	1.21e-58	30.0	1221	62687094	43
XP_024452485.2	SUPER_6	48.370	184	85	3	858	1041	44589655	44590176	3.59e-33	145	1221	62687094	43
XP_024452485.2	SUPER_6	53.763	93	43	0	1040	1132	44590742	44591020	3.23e-27	102	1221	62687094	43
XP_024452485.2	SUPER_6	38.889	90	55	0	1132	1221	44591110	44591379	3.23e-27	44.3	1221	62687094	43
XP_024452485.2	SUPER_6	70.588	68	20	0	1040	1107	44581109	44581312	1.42e-19	100	1221	62687094	43
XP_052138365.1	SUPER_3	34.673	597	280	11	71	575	64717555	64715819	7.59e-82	290	742	70427289	88
XP_052138365.1	SUPER_3	34.650	329	159	6	71	358	66692456	66693397	2.96e-43	174	742	70427289	88
XP_052138365.1	SUPER_3	50.888	169	79	3	400	564	66693657	66694163	4.93e-34	145	742	70427289	88
XP_052138365.1	SUPER_3	58.904	73	29	1	563	634	64715278	64715060	2.72e-17	91.7	742	70427289	88
XP_052138365.1	SUPER_3	56.164	73	31	1	563	634	66694734	66694952	2.45e-15	85.5	742	70427289	88
XP_052138365.1	SUPER_3	45.055	91	50	0	652	742	66695077	66695349	1.17e-13	79.7	742	70427289	88
XP_052138365.1	SUPER_3	45.055	91	50	0	652	742	64714925	64714653	1.70e-09	66.2	742	70427289	88
XP_052138365.1	SUPER_2	33.333	315	169	5	71	357	70594211	70595116	5.54e-42	170	742	70876221	85
XP_052138365.1	SUPER_2	52.147	163	73	2	403	564	70595343	70595819	5.09e-33	142	742	70876221	85
XP_052138365.1	SUPER_2	39.336	211	97	3	563	742	70596298	70596930	1.37e-30	134	742	70876221	85
XP_052138365.1	SUPER_5	32.616	279	139	8	244	479	53872123	53872941	1.90e-40	106	742	66822030	65
XP_052138365.1	SUPER_5	54.054	74	33	1	492	564	53872971	53873192	1.90e-40	84.3	742	66822030	65
XP_052138365.1	SUPER_5	48.387	93	46	2	563	653	53873758	53874036	2.35e-30	84.7	742	66822030	65
XP_052138365.1	SUPER_5	42.697	89	51	0	653	741	53874120	53874386	2.35e-30	72.0	742	66822030	65
XP_052138365.1	SUPER_6	34.930	355	180	8	259	564	44578513	44579571	8.96e-38	157	742	62687094	65
XP_052138365.1	SUPER_6	44.767	172	85	3	400	564	44589670	44590176	1.90e-26	121	742	62687094	65
XP_052138365.1	SUPER_6	57.353	68	28	1	563	629	44581109	44581312	7.09e-15	84.0	742	62687094	65
XP_052138365.1	SUPER_6	46.237	93	48	2	563	653	44590742	44591020	2.72e-14	82.0	742	62687094	65
XP_052138365.1	SUPER_6	43.333	90	51	0	653	742	44585455	44585724	2.56e-13	79.0	742	62687094	65
XP_052138365.1	SUPER_8	27.891	294	143	5	244	468	5132077	5131196	4.27e-31	87.8	742	61527627	52
XP_052138365.1	SUPER_8	48.649	74	37	1	492	564	5131118	5130897	4.27e-31	71.2	742	61527627	52
XP_052138365.1	SUPER_8	50.538	93	44	2	563	653	5130332	5130054	3.03e-17	91.7	742	61527627	52
XP_052138362.1	SUPER_3	34.673	597	280	11	79	583	64717555	64715819	8.98e-82	290	750	70427289	87
XP_052138362.1	SUPER_3	34.650	329	159	6	79	366	66692456	66693397	3.40e-43	174	750	70427289	87
XP_052138362.1	SUPER_3	50.888	169	79	3	408	572	66693657	66694163	4.85e-34	145	750	70427289	87
XP_052138362.1	SUPER_3	58.904	73	29	1	571	642	64715278	64715060	2.76e-17	91.7	750	70427289	87
XP_052138362.1	SUPER_3	56.164	73	31	1	571	642	66694734	66694952	2.57e-15	85.5	750	70427289	87
XP_052138362.1	SUPER_3	45.055	91	50	0	660	750	66695077	66695349	1.32e-13	79.7	750	70427289	87
XP_052138362.1	SUPER_3	45.055	91	50	0	660	750	64714925	64714653	1.72e-09	66.2	750	70427289	87
XP_052138362.1	SUPER_2	33.333	315	169	5	79	365	70594211	70595116	6.74e-42	170	750	70876221	84
XP_052138362.1	SUPER_2	52.147	163	73	2	411	572	70595343	70595819	5.16e-33	142	750	70876221	84
XP_052138362.1	SUPER_2	39.336	211	97	3	571	750	70596298	70596930	1.44e-30	134	750	70876221	84
XP_052138362.1	SUPER_5	32.616	279	139	8	252	487	53872123	53872941	1.80e-40	106	750	66822030	65
XP_052138362.1	SUPER_5	54.054	74	33	1	500	572	53872971	53873192	1.80e-40	84.3	750	66822030	65
XP_052138362.1	SUPER_5	48.387	93	46	2	571	661	53873758	53874036	2.71e-30	84.7	750	66822030	65
XP_052138362.1	SUPER_5	42.697	89	51	0	661	749	53874120	53874386	2.71e-30	71.6	750	66822030	65
XP_052138362.1	SUPER_6	34.930	355	180	8	267	572	44578513	44579571	9.91e-38	157	750	62687094	65
XP_052138362.1	SUPER_6	44.767	172	85	3	408	572	44589670	44590176	1.88e-26	121	750	62687094	65
XP_052138362.1	SUPER_6	57.353	68	28	1	571	637	44581109	44581312	7.24e-15	84.0	750	62687094	65
XP_052138362.1	SUPER_6	46.237	93	48	2	571	661	44590742	44591020	2.77e-14	82.0	750	62687094	65
XP_052138362.1	SUPER_6	43.333	90	51	0	661	750	44585455	44585724	2.70e-13	78.6	750	62687094	65
XP_052138362.1	SUPER_8	27.891	294	143	5	252	476	5132077	5131196	4.47e-31	87.8	750	61527627	52
XP_052138362.1	SUPER_8	48.649	74	37	1	500	572	5131118	5130897	4.47e-31	71.6	750	61527627	52
XP_052138362.1	SUPER_8	50.538	93	44	2	571	661	5130332	5130054	3.13e-17	91.7	750	61527627	52
XP_052138361.1	SUPER_3	34.673	597	280	11	258	762	64717555	64715819	1.20e-81	294	929	70427289	72
XP_052138361.1	SUPER_3	34.650	329	159	6	258	545	66692456	66693397	5.79e-43	175	929	70427289	72
XP_052138361.1	SUPER_3	50.888	169	79	3	587	751	66693657	66694163	1.77e-34	148	929	70427289	72
XP_052138361.1	SUPER_3	58.904	73	29	1	750	821	64715278	64715060	3.06e-17	92.0	929	70427289	72
XP_052138361.1	SUPER_3	56.164	73	31	1	750	821	66694734	66694952	1.78e-15	86.3	929	70427289	72
XP_052138361.1	SUPER_3	45.055	91	50	0	839	929	66695077	66695349	6.52e-14	81.3	929	70427289	72
XP_052138361.1	SUPER_3	36.250	160	81	4	781	929	64715102	64714653	1.37e-09	67.0	929	70427289	72
XP_052138361.1	SUPER_2	33.651	315	168	6	258	544	70594211	70595116	1.99e-41	170	929	70876221	67
XP_052138361.1	SUPER_2	52.147	163	73	2	590	751	70595343	70595819	1.62e-33	145	929	70876221	67
XP_052138361.1	SUPER_2	39.336	211	97	3	750	929	70596298	70596930	5.20e-31	137	929	70876221	67
XP_052138361.1	SUPER_5	32.616	279	139	8	431	666	53872123	53872941	2.23e-41	108	929	66822030	52
XP_052138361.1	SUPER_5	54.054	74	33	1	679	751	53872971	53873192	2.23e-41	85.9	929	66822030	52
XP_052138361.1	SUPER_5	48.387	93	46	2	750	840	53873758	53874036	6.48e-31	86.3	929	66822030	52
XP_052138361.1	SUPER_5	42.697	89	51	0	840	928	53874120	53874386	6.48e-31	72.8	929	66822030	52
XP_052138361.1	SUPER_6	34.930	355	180	8	446	751	44578513	44579571	3.28e-38	160	929	62687094	52
XP_052138361.1	SUPER_6	44.767	172	85	3	587	751	44589670	44590176	8.89e-27	123	929	62687094	52
XP_052138361.1	SUPER_6	57.353	68	28	1	750	816	44581109	44581312	5.92e-15	84.7	929	62687094	52
XP_052138361.1	SUPER_6	46.237	93	48	2	750	840	44590742	44591020	1.43e-14	83.6	929	62687094	52
XP_052138361.1	SUPER_6	43.333	90	51	0	840	929	44585455	44585724	9.30e-14	80.9	929	62687094	52
XP_052138361.1	SUPER_8	27.891	294	143	5	431	655	5132077	5131196	1.12e-31	89.0	929	61527627	42
XP_052138361.1	SUPER_8	48.649	74	37	1	679	751	5131118	5130897	1.12e-31	72.8	929	61527627	42
XP_052138361.1	SUPER_8	50.538	93	44	2	750	840	5130332	5130054	1.39e-17	93.2	929	61527627	42
XP_052138360.1	SUPER_3	34.673	597	280	11	421	925	64717555	64715819	6.07e-79	290	1092	70427289	62
XP_052138360.1	SUPER_3	34.650	329	159	6	421	708	66692456	66693397	8.46e-42	172	1092	70427289	62
XP_052138360.1	SUPER_3	50.888	169	79	3	750	914	66693657	66694163	1.51e-33	145	1092	70427289	62
XP_052138360.1	SUPER_3	58.904	73	29	1	913	984	64715278	64715060	7.67e-17	91.3	1092	70427289	62
XP_052138360.1	SUPER_3	56.164	73	31	1	913	984	66694734	66694952	6.62e-15	84.7	1092	70427289	62
XP_052138360.1	SUPER_3	45.055	91	50	0	1002	1092	66695077	66695349	4.56e-14	82.0	1092	70427289	62
XP_052138360.1	SUPER_3	36.250	160	81	4	944	1092	64715102	64714653	1.91e-09	67.0	1092	70427289	62
XP_052138360.1	SUPER_2	33.651	315	168	6	421	707	70594211	70595116	3.80e-41	170	1092	70876221	57
XP_052138360.1	SUPER_2	52.147	163	73	2	753	914	70595343	70595819	2.29e-32	142	1092	70876221	57
XP_052138360.1	SUPER_2	39.336	211	97	3	913	1092	70596298	70596930	7.61e-30	134	1092	70876221	57
XP_052138360.1	SUPER_5	32.616	279	139	8	594	829	53872123	53872941	3.06e-40	107	1092	66822030	45
XP_052138360.1	SUPER_5	54.054	74	33	1	842	914	53872971	53873192	3.06e-40	83.6	1092	66822030	45
XP_052138360.1	SUPER_5	48.387	93	46	2	913	1003	53873758	53874036	7.46e-31	86.3	1092	66822030	45
XP_052138360.1	SUPER_5	42.697	89	51	0	1003	1091	53874120	53874386	7.46e-31	73.2	1092	66822030	45
XP_052138360.1	SUPER_6	34.930	355	180	8	609	914	44578513	44579571	1.07e-36	156	1092	62687094	44
XP_052138360.1	SUPER_6	44.767	172	85	3	750	914	44589670	44590176	4.91e-26	121	1092	62687094	44
XP_052138360.1	SUPER_6	57.353	68	28	1	913	979	44581109	44581312	1.29e-14	84.0	1092	62687094	44
XP_052138360.1	SUPER_6	46.237	93	48	2	913	1003	44590742	44591020	2.23e-14	83.2	1092	62687094	44
XP_052138360.1	SUPER_6	43.333	90	51	0	1003	1092	44585455	44585724	1.17e-13	80.9	1092	62687094	44
XP_052138360.1	SUPER_8	27.891	294	143	5	594	818	5132077	5131196	3.25e-31	87.8	1092	61527627	35
XP_052138360.1	SUPER_8	48.649	74	37	1	842	914	5131118	5130897	3.25e-31	72.8	1092	61527627	35
XP_052138360.1	SUPER_8	50.538	93	44	2	913	1003	5130332	5130054	5.61e-17	91.7	1092	61527627	35
XP_052138359.1	SUPER_3	34.673	597	280	11	468	972	64717555	64715819	3.29e-80	294	1139	70427289	63
XP_052138359.1	SUPER_3	32.718	379	194	8	423	755	66692306	66693397	7.42e-43	176	1139	70427289	63
XP_052138359.1	SUPER_3	50.888	169	79	3	797	961	66693657	66694163	1.87e-34	149	1139	70427289	63
XP_052138359.1	SUPER_3	58.904	73	29	1	960	1031	64715278	64715060	2.88e-17	92.8	1139	70427289	63
XP_052138359.1	SUPER_3	56.164	73	31	1	960	1031	66694734	66694952	2.17e-15	86.7	1139	70427289	63
XP_052138359.1	SUPER_3	45.055	91	50	0	1049	1139	66695077	66695349	4.81e-14	82.0	1139	70427289	63
XP_052138359.1	SUPER_3	36.250	160	81	4	991	1139	64715102	64714653	1.05e-09	67.8	1139	70427289	63
XP_052138359.1	SUPER_5	32.616	279	139	8	641	876	53872123	53872941	3.34e-41	108	1139	66822030	43
XP_052138359.1	SUPER_5	54.054	74	33	1	889	961	53872971	53873192	3.34e-41	85.5	1139	66822030	43
XP_052138359.1	SUPER_5	48.387	93	46	2	960	1050	53873758	53874036	2.53e-31	87.4	1139	66822030	43
XP_052138359.1	SUPER_5	42.697	89	51	0	1050	1138	53874120	53874386	2.53e-31	73.2	1139	66822030	43
XP_052138359.1	SUPER_2	33.651	315	168	6	468	754	70594211	70595116	3.90e-41	171	1139	70876221	55
XP_052138359.1	SUPER_2	52.147	163	73	2	800	961	70595343	70595819	4.55e-33	144	1139	70876221	55
XP_052138359.1	SUPER_2	39.336	211	97	3	960	1139	70596298	70596930	6.22e-31	137	1139	70876221	55
XP_052138359.1	SUPER_6	34.930	355	180	8	656	961	44578513	44579571	9.49e-38	159	1139	62687094	42
XP_052138359.1	SUPER_6	44.767	172	85	3	797	961	44589670	44590176	1.20e-26	123	1139	62687094	42
XP_052138359.1	SUPER_6	57.353	68	28	1	960	1026	44581109	44581312	5.30e-15	85.5	1139	62687094	42
XP_052138359.1	SUPER_6	46.237	93	48	2	960	1050	44590742	44591020	7.61e-15	84.7	1139	62687094	42
XP_052138359.1	SUPER_6	43.333	90	51	0	1050	1139	44585455	44585724	6.68e-14	81.6	1139	62687094	42
XP_052138359.1	SUPER_8	27.891	294	143	5	641	865	5132077	5131196	1.03e-31	88.6	1139	61527627	34
XP_052138359.1	SUPER_8	48.649	74	37	1	889	961	5131118	5130897	1.03e-31	73.6	1139	61527627	34
XP_052138359.1	SUPER_8	50.538	93	44	2	960	1050	5130332	5130054	1.25e-17	94.0	1139	61527627	34
XP_052138358.1	SUPER_3	34.622	595	279	11	587	1089	64717555	64715825	5.92e-79	291	1169	70427289	50
XP_052138358.1	SUPER_3	34.650	329	159	6	587	874	66692456	66693397	4.93e-42	174	1169	70427289	50
XP_052138358.1	SUPER_3	50.867	173	81	3	916	1084	66693657	66694175	1.14e-34	149	1169	70427289	50
XP_052138358.1	SUPER_3	44.565	92	51	0	1078	1169	66695074	66695349	2.44e-14	83.2	1169	70427289	50
XP_052138358.1	SUPER_3	44.565	92	51	0	1078	1169	64714928	64714653	6.34e-10	68.6	1169	70427289	50
XP_052138358.1	SUPER_2	33.651	315	168	6	587	873	70594211	70595116	4.24e-41	171	1169	70876221	46
XP_052138358.1	SUPER_2	49.171	181	86	3	919	1098	70595343	70595870	1.53e-33	146	1169	70876221	46
XP_052138358.1	SUPER_2	44.565	92	51	0	1078	1169	70596655	70596930	1.00e-10	71.2	1169	70876221	46
XP_052138358.1	SUPER_5	32.616	279	139	8	760	995	53872123	53872941	4.86e-41	108	1169	66822030	34
XP_052138358.1	SUPER_5	54.054	74	33	1	1008	1080	53872971	53873192	4.86e-41	84.7	1169	66822030	34
XP_052138358.1	SUPER_5	41.758	91	53	0	1078	1168	53874114	53874386	2.23e-11	73.6	1169	66822030	34
XP_052138358.1	SUPER_6	35.097	359	182	8	775	1084	44578513	44579583	1.03e-37	159	1169	62687094	34
XP_052138358.1	SUPER_6	44.886	176	87	3	916	1084	44589670	44590188	5.32e-27	124	1169	62687094	34
XP_052138358.1	SUPER_6	42.391	92	53	0	1078	1169	44585449	44585724	5.34e-14	82.0	1169	62687094	34
XP_052138358.1	SUPER_8	27.891	294	143	5	760	984	5132077	5131196	7.33e-32	89.0	1169	61527627	25
XP_052138358.1	SUPER_8	48.649	74	37	1	1008	1080	5131118	5130897	7.33e-32	73.6	1169	61527627	25
XP_052138357.1	SUPER_3	34.673	597	280	11	587	1091	64717555	64715819	7.49e-79	292	1258	70427289	53
XP_052138357.1	SUPER_3	34.650	329	159	6	587	874	66692456	66693397	6.36e-42	174	1258	70427289	53
XP_052138357.1	SUPER_3	50.888	169	79	3	916	1080	66693657	66694163	5.77e-34	147	1258	70427289	53
XP_052138357.1	SUPER_3	58.904	73	29	1	1079	1150	64715278	64715060	6.14e-17	92.0	1258	70427289	53
XP_052138357.1	SUPER_3	56.164	73	31	1	1079	1150	66694734	66694952	4.60e-15	85.9	1258	70427289	53
XP_052138357.1	SUPER_3	45.055	91	50	0	1168	1258	66695077	66695349	4.09e-14	82.4	1258	70427289	53
XP_052138357.1	SUPER_3	36.250	160	81	4	1110	1258	64715102	64714653	1.62e-09	67.4	1258	70427289	53
XP_052138357.1	SUPER_2	33.651	315	168	6	587	873	70594211	70595116	5.42e-41	171	1258	70876221	50
XP_052138357.1	SUPER_2	52.147	163	73	2	919	1080	70595343	70595819	9.06e-33	144	1258	70876221	50
XP_052138357.1	SUPER_2	39.336	211	97	3	1079	1258	70596298	70596930	2.20e-30	135	1258	70876221	50
XP_052138357.1	SUPER_5	32.616	279	139	8	760	995	53872123	53872941	6.22e-41	108	1258	66822030	39
XP_052138357.1	SUPER_5	54.054	74	33	1	1008	1080	53872971	53873192	6.22e-41	84.7	1258	66822030	39
XP_052138357.1	SUPER_5	48.387	93	46	2	1079	1169	53873758	53874036	3.41e-31	87.4	1258	66822030	39
XP_052138357.1	SUPER_5	42.697	89	51	0	1169	1257	53874120	53874386	3.41e-31	73.2	1258	66822030	39
XP_052138357.1	SUPER_6	34.930	355	180	8	775	1080	44578513	44579571	3.93e-37	158	1258	62687094	38
XP_052138357.1	SUPER_6	44.767	172	85	3	916	1080	44589670	44590176	2.18e-26	122	1258	62687094	38
XP_052138357.1	SUPER_6	57.353	68	28	1	1079	1145	44581109	44581312	9.64e-15	84.7	1258	62687094	38
XP_052138357.1	SUPER_6	46.237	93	48	2	1079	1169	44590742	44591020	1.36e-14	84.3	1258	62687094	38
XP_052138357.1	SUPER_6	43.333	90	51	0	1169	1258	44585455	44585724	7.63e-14	81.6	1258	62687094	38
XP_052138357.1	SUPER_8	27.891	294	143	5	760	984	5132077	5131196	1.10e-31	88.6	1258	61527627	31
XP_052138357.1	SUPER_8	48.649	74	37	1	1008	1080	5131118	5130897	1.10e-31	73.6	1258	61527627	31
XP_052138357.1	SUPER_8	50.538	93	44	2	1079	1169	5130332	5130054	3.19e-17	92.8	1258	61527627	31
KAI9397292.1	SUPER_3	45.340	633	262	11	456	1040	64717639	64715849	1.57e-139	474	1219	70427289	77
KAI9397292.1	SUPER_3	43.287	432	206	6	428	856	66692327	66693514	1.49e-88	321	1219	70427289	77
KAI9397292.1	SUPER_3	54.891	184	73	2	856	1039	66693642	66694163	8.60e-44	179	1219	70427289	77
KAI9397292.1	SUPER_3	63.441	93	34	0	1038	1130	64715278	64715000	9.55e-25	117	1219	70427289	77
KAI9397292.1	SUPER_3	62.366	93	35	0	1038	1130	66694734	66695012	1.23e-23	114	1219	70427289	77
KAI9397292.1	SUPER_3	37.755	98	40	3	1	80	66687543	66687827	1.84e-09	67.0	1219	70427289	77
KAI9397292.1	SUPER_3	38.129	139	65	3	1100	1219	64715063	64714653	1.32e-08	64.3	1219	70427289	77
KAI9397292.1	SUPER_3	36.364	99	42	2	1	80	64722842	64722552	4.60e-08	62.8	1219	70427289	77
KAI9397292.1	SUPER_3	40.741	108	60	1	1112	1219	66695038	66695349	1.66e-07	60.8	1219	70427289	77
KAI9397292.1	SUPER_3	51.220	41	20	0	131	171	64721380	64721258	2.07e-07	51.2	1219	70427289	77
KAI9397292.1	SUPER_3	59.091	22	9	0	110	131	64721514	64721449	2.07e-07	28.5	1219	70427289	77
KAI9397292.1	SUPER_2	43.213	361	175	4	482	842	70594202	70595194	3.38e-119	283	1219	70876221	67
KAI9397292.1	SUPER_2	49.246	199	84	2	841	1039	70595274	70595819	3.38e-119	171	1219	70876221	67
KAI9397292.1	SUPER_2	46.919	211	83	1	1038	1219	70596298	70596930	1.97e-34	149	1219	70876221	67
KAI9397292.1	SUPER_2	39.773	88	42	2	4	80	66546596	66546333	5.96e-09	65.5	1219	70876221	67
KAI9397292.1	SUPER_2	37.634	93	43	3	1	80	70590108	70590380	8.07e-08	61.6	1219	70876221	67
KAI9397292.1	SUPER_8	39.661	295	128	6	669	921	5132080	5131220	1.65e-59	154	1219	61527627	35
KAI9397292.1	SUPER_8	57.471	87	37	0	953	1039	5131157	5130897	1.65e-59	100	1219	61527627	35
KAI9397292.1	SUPER_8	61.290	93	36	0	1038	1130	5130332	5130054	4.25e-24	115	1219	61527627	35
KAI9397292.1	SUPER_5	38.851	296	129	6	669	921	53872039	53872899	1.99e-59	156	1219	66822030	42
KAI9397292.1	SUPER_5	59.756	82	33	0	958	1039	53872947	53873192	1.99e-59	98.6	1219	66822030	42
KAI9397292.1	SUPER_5	59.140	93	38	0	1038	1130	53873758	53874036	6.39e-30	112	1219	66822030	42
KAI9397292.1	SUPER_5	40.449	89	53	0	1130	1218	53874120	53874386	6.39e-30	43.9	1219	66822030	42
KAI9397292.1	SUPER_6	42.935	368	154	6	716	1039	44578504	44579571	1.21e-58	222	1219	62687094	43
KAI9397292.1	SUPER_6	50.000	20	10	0	669	688	44578385	44578444	1.21e-58	30.0	1219	62687094	43
KAI9397292.1	SUPER_6	48.370	184	85	3	856	1039	44589655	44590176	3.58e-33	145	1219	62687094	43
KAI9397292.1	SUPER_6	53.763	93	43	0	1038	1130	44590742	44591020	3.33e-27	102	1219	62687094	43
KAI9397292.1	SUPER_6	38.889	90	55	0	1130	1219	44591110	44591379	3.33e-27	44.3	1219	62687094	43
KAI9397292.1	SUPER_6	70.588	68	20	0	1038	1105	44581109	44581312	1.41e-19	100	1219	62687094	43
KAI9397291.1	SUPER_3	45.340	633	262	11	458	1042	64717639	64715849	1.65e-139	474	1221	70427289	76
KAI9397291.1	SUPER_3	43.287	432	206	6	430	858	66692327	66693514	1.54e-88	321	1221	70427289	76
KAI9397291.1	SUPER_3	54.891	184	73	2	858	1041	66693642	66694163	8.64e-44	179	1221	70427289	76
KAI9397291.1	SUPER_3	63.441	93	34	0	1040	1132	64715278	64715000	9.66e-25	117	1221	70427289	76
KAI9397291.1	SUPER_3	62.366	93	35	0	1040	1132	66694734	66695012	1.23e-23	114	1221	70427289	76
KAI9397291.1	SUPER_3	37.755	98	40	3	1	80	66687543	66687827	1.84e-09	67.0	1221	70427289	76
KAI9397291.1	SUPER_3	38.129	139	65	3	1102	1221	64715063	64714653	1.32e-08	64.3	1221	70427289	76
KAI9397291.1	SUPER_3	36.364	99	42	2	1	80	64722842	64722552	4.61e-08	62.8	1221	70427289	76
KAI9397291.1	SUPER_3	40.741	108	60	1	1114	1221	66695038	66695349	1.67e-07	60.8	1221	70427289	76
KAI9397291.1	SUPER_3	51.220	41	20	0	131	171	64721380	64721258	2.09e-07	51.2	1221	70427289	76
KAI9397291.1	SUPER_3	59.091	22	9	0	110	131	64721514	64721449	2.09e-07	28.5	1221	70427289	76
KAI9397291.1	SUPER_2	43.213	361	175	4	484	844	70594202	70595194	3.38e-119	283	1221	70876221	67
KAI9397291.1	SUPER_2	49.246	199	84	2	843	1041	70595274	70595819	3.38e-119	171	1221	70876221	67
KAI9397291.1	SUPER_2	46.919	211	83	1	1040	1221	70596298	70596930	1.98e-34	149	1221	70876221	67
KAI9397291.1	SUPER_2	39.773	88	42	2	4	80	66546596	66546333	5.97e-09	65.5	1221	70876221	67
KAI9397291.1	SUPER_2	37.634	93	43	3	1	80	70590108	70590380	8.16e-08	61.6	1221	70876221	67
KAI9397291.1	SUPER_8	39.661	295	128	6	671	923	5132080	5131220	1.52e-59	154	1221	61527627	35
KAI9397291.1	SUPER_8	57.471	87	37	0	955	1041	5131157	5130897	1.52e-59	100	1221	61527627	35
KAI9397291.1	SUPER_8	61.290	93	36	0	1040	1132	5130332	5130054	4.29e-24	115	1221	61527627	35
KAI9397291.1	SUPER_5	38.851	296	129	6	671	923	53872039	53872899	2.04e-59	156	1221	66822030	42
KAI9397291.1	SUPER_5	59.756	82	33	0	960	1041	53872947	53873192	2.04e-59	98.6	1221	66822030	42
KAI9397291.1	SUPER_5	59.140	93	38	0	1040	1132	53873758	53874036	6.46e-30	112	1221	66822030	42
KAI9397291.1	SUPER_5	40.449	89	53	0	1132	1220	53874120	53874386	6.46e-30	43.9	1221	66822030	42
KAI9397291.1	SUPER_6	42.935	368	154	6	718	1041	44578504	44579571	1.21e-58	222	1221	62687094	43
KAI9397291.1	SUPER_6	50.000	20	10	0	671	690	44578385	44578444	1.21e-58	30.0	1221	62687094	43
KAI9397291.1	SUPER_6	48.370	184	85	3	858	1041	44589655	44590176	3.59e-33	145	1221	62687094	43
KAI9397291.1	SUPER_6	53.763	93	43	0	1040	1132	44590742	44591020	3.23e-27	102	1221	62687094	43
KAI9397291.1	SUPER_6	38.889	90	55	0	1132	1221	44591110	44591379	3.23e-27	44.3	1221	62687094	43
KAI9397291.1	SUPER_6	70.588	68	20	0	1040	1107	44581109	44581312	1.42e-19	100	1221	62687094	43
NP_001330126.1	SUPER_3	34.450	627	302	12	403	942	64717669	64715855	2.90e-89	318	966	70427289	68
NP_001330126.1	SUPER_3	31.527	406	221	6	403	765	66692339	66693514	2.38e-44	180	966	70427289	68
NP_001330126.1	SUPER_3	45.312	192	98	2	770	961	66693657	66694211	5.41e-43	176	966	70427289	68
NP_001330126.1	SUPER_3	40.404	99	57	1	4	102	66687549	66687839	2.80e-10	69.3	966	70427289	68
NP_001330126.1	SUPER_3	38.835	103	53	3	4	101	64722836	64722543	2.09e-08	63.2	966	70427289	68
NP_001330126.1	SUPER_6	35.211	355	181	4	636	946	44578531	44579580	5.34e-49	195	966	62687094	32
NP_001330126.1	SUPER_6	42.697	178	95	2	770	946	44589670	44590185	2.40e-33	144	966	62687094	32
NP_001330126.1	SUPER_5	31.973	294	155	6	583	832	53872027	53872905	2.18e-46	121	966	66822030	34
NP_001330126.1	SUPER_5	46.914	81	43	0	862	942	53872947	53873189	2.18e-46	89.7	966	66822030	34
NP_001330126.1	SUPER_8	31.950	241	120	2	636	832	5131936	5131214	9.65e-46	114	966	61527627	29
NP_001330126.1	SUPER_8	47.674	86	45	0	857	942	5131157	5130900	9.65e-46	94.4	966	61527627	29
NP_001330126.1	SUPER_2	34.277	318	172	5	448	734	70594202	70595137	1.91e-43	177	966	70876221	60
NP_001330126.1	SUPER_2	44.388	196	94	3	771	963	70595337	70595888	5.34e-41	169	966	70876221	60
NP_001330126.1	SUPER_2	38.542	96	51	2	6	101	66546587	66546324	4.69e-07	58.9	966	70876221	60
NP_197187.1	SUPER_3	34.219	640	312	12	403	955	64717669	64715816	1.44e-88	320	1123	70427289	73
NP_197187.1	SUPER_3	31.527	406	221	6	403	765	66692339	66693514	4.03e-44	180	1123	70427289	73
NP_197187.1	SUPER_3	46.591	176	89	1	770	945	66693657	66694169	1.57e-41	172	1123	70427289	73
NP_197187.1	SUPER_3	52.688	93	44	0	942	1034	64715278	64715000	5.17e-27	94.7	1123	70427289	73
NP_197187.1	SUPER_3	40.659	91	54	0	1033	1123	64714925	64714653	5.17e-27	51.6	1123	70427289	73
NP_197187.1	SUPER_3	51.613	93	45	0	942	1034	66694734	66695012	8.31e-18	94.4	1123	70427289	73
NP_197187.1	SUPER_3	40.404	99	57	1	4	102	66687549	66687839	3.31e-10	69.3	1123	70427289	73
NP_197187.1	SUPER_3	41.441	111	64	1	1014	1123	66695017	66695349	1.24e-09	67.8	1123	70427289	73
NP_197187.1	SUPER_3	38.835	103	53	3	4	101	64722836	64722543	2.48e-08	63.2	1123	70427289	73
NP_197187.1	SUPER_6	35.028	354	181	4	636	945	44578531	44579577	4.77e-48	193	1123	62687094	36
NP_197187.1	SUPER_6	42.373	177	95	2	770	945	44589670	44590182	1.17e-32	143	1123	62687094	36
NP_197187.1	SUPER_6	57.353	68	29	0	942	1009	44581109	44581312	1.91e-13	80.1	1123	62687094	36
NP_197187.1	SUPER_6	42.708	96	51	1	942	1037	44590742	44591017	4.98e-13	79.0	1123	62687094	36
NP_197187.1	SUPER_5	31.973	294	155	6	583	832	53872027	53872905	2.58e-46	120	1123	66822030	45
NP_197187.1	SUPER_5	46.341	82	44	0	862	943	53872947	53873192	2.58e-46	90.9	1123	66822030	45
NP_197187.1	SUPER_5	48.387	93	48	0	942	1034	53873758	53874036	4.96e-23	88.2	1123	66822030	45
NP_197187.1	SUPER_5	38.636	88	54	0	1034	1121	53874120	53874383	4.96e-23	44.7	1123	66822030	45
NP_197187.1	SUPER_8	31.950	241	120	2	636	832	5131936	5131214	1.34e-45	114	1123	61527627	33
NP_197187.1	SUPER_8	47.126	87	46	0	857	943	5131157	5130897	1.34e-45	94.7	1123	61527627	33
NP_197187.1	SUPER_8	50.538	93	46	0	942	1034	5130332	5130054	3.75e-17	92.4	1123	61527627	33
NP_197187.1	SUPER_2	34.277	318	172	5	448	734	70594202	70595137	5.01e-43	177	1123	70876221	66
NP_197187.1	SUPER_2	46.286	175	82	2	771	945	70595337	70595825	4.36e-40	167	1123	70876221	66
NP_197187.1	SUPER_2	39.336	211	99	1	942	1123	70596298	70596930	6.88e-25	117	1123	70876221	66
NP_197187.1	SUPER_2	38.542	96	51	2	6	101	66546587	66546324	6.53e-07	58.5	1123	70876221	66
XP_020399449.1	SUPER_3	34.985	323	160	5	495	779	66692456	66693388	5.36e-44	180	1166	70427289	54
XP_020399449.1	SUPER_3	34.259	324	162	5	495	780	64717555	64716623	1.27e-41	172	1166	70427289	54
XP_020399449.1	SUPER_3	48.387	93	46	2	987	1077	66694734	66695012	2.59e-33	86.3	1166	70427289	54
XP_020399449.1	SUPER_3	42.857	91	52	0	1076	1166	66695077	66695349	2.59e-33	81.3	1166	70427289	54
XP_020399449.1	SUPER_3	50.888	169	79	2	824	988	66693657	66694163	1.07e-32	143	1166	70427289	54
XP_020399449.1	SUPER_3	47.753	178	89	2	824	997	64716358	64715825	3.96e-32	141	1166	70427289	54
XP_020399449.1	SUPER_3	50.538	93	44	2	987	1077	64715278	64715000	1.07e-16	90.9	1166	70427289	54
XP_020399449.1	SUPER_3	34.615	156	89	4	1018	1166	64715102	64714653	2.88e-11	73.2	1166	70427289	54
XP_020399449.1	SUPER_2	33.750	320	161	5	495	781	70594211	70595116	5.43e-41	170	1166	70876221	54
XP_020399449.1	SUPER_2	39.336	211	97	3	987	1166	70596298	70596930	6.81e-33	144	1166	70876221	54
XP_020399449.1	SUPER_2	48.485	165	80	2	825	988	70595337	70595819	8.19e-32	140	1166	70876221	54
XP_020399449.1	SUPER_5	25.723	311	176	9	623	887	53872003	53872908	1.92e-37	92.0	1166	66822030	44
XP_020399449.1	SUPER_5	57.333	75	31	1	915	988	53872968	53873192	1.92e-37	89.4	1166	66822030	44
XP_020399449.1	SUPER_5	49.462	93	45	2	987	1077	53873758	53874036	7.33e-31	88.6	1166	66822030	44
XP_020399449.1	SUPER_5	39.326	89	54	0	1077	1165	53874120	53874386	7.33e-31	70.5	1166	66822030	44
XP_020399449.1	SUPER_6	34.278	353	185	6	683	988	44578513	44579571	3.62e-37	158	1166	62687094	40
XP_020399449.1	SUPER_6	45.562	169	88	3	824	988	44589670	44590176	2.32e-25	119	1166	62687094	40
XP_020399449.1	SUPER_6	63.235	68	24	1	987	1053	44581109	44581312	4.10e-16	89.0	1166	62687094	40
XP_020399449.1	SUPER_6	58.824	68	27	1	987	1053	44590742	44590945	2.31e-14	83.2	1166	62687094	40
XP_020399449.1	SUPER_6	40.000	90	54	0	1077	1166	44585455	44585724	7.05e-13	78.2	1166	62687094	40
XP_020399449.1	SUPER_6	35.556	90	58	0	1077	1166	44591110	44591379	1.25e-09	67.8	1166	62687094	40
XP_020399449.1	SUPER_8	25.606	289	146	5	668	887	5132077	5131211	2.82e-31	82.0	1166	61527627	33
XP_020399449.1	SUPER_8	52.000	75	35	1	915	988	5131121	5130897	2.82e-31	78.6	1166	61527627	33
XP_020399449.1	SUPER_8	52.688	93	42	2	987	1077	5130332	5130054	4.76e-18	95.5	1166	61527627	33
VYS67061.1	SUPER_3	34.219	640	312	12	403	955	64717669	64715816	1.44e-88	320	1123	70427289	73
VYS67061.1	SUPER_3	31.527	406	221	6	403	765	66692339	66693514	4.03e-44	180	1123	70427289	73
VYS67061.1	SUPER_3	46.591	176	89	1	770	945	66693657	66694169	1.57e-41	172	1123	70427289	73
VYS67061.1	SUPER_3	52.688	93	44	0	942	1034	64715278	64715000	5.17e-27	94.7	1123	70427289	73
VYS67061.1	SUPER_3	40.659	91	54	0	1033	1123	64714925	64714653	5.17e-27	51.6	1123	70427289	73
VYS67061.1	SUPER_3	51.613	93	45	0	942	1034	66694734	66695012	8.31e-18	94.4	1123	70427289	73
VYS67061.1	SUPER_3	40.404	99	57	1	4	102	66687549	66687839	3.31e-10	69.3	1123	70427289	73
VYS67061.1	SUPER_3	41.441	111	64	1	1014	1123	66695017	66695349	1.24e-09	67.8	1123	70427289	73
VYS67061.1	SUPER_3	38.835	103	53	3	4	101	64722836	64722543	2.48e-08	63.2	1123	70427289	73
VYS67061.1	SUPER_6	35.028	354	181	4	636	945	44578531	44579577	4.77e-48	193	1123	62687094	36
VYS67061.1	SUPER_6	42.373	177	95	2	770	945	44589670	44590182	1.17e-32	143	1123	62687094	36
VYS67061.1	SUPER_6	57.353	68	29	0	942	1009	44581109	44581312	1.91e-13	80.1	1123	62687094	36
VYS67061.1	SUPER_6	42.708	96	51	1	942	1037	44590742	44591017	4.98e-13	79.0	1123	62687094	36
VYS67061.1	SUPER_5	31.973	294	155	6	583	832	53872027	53872905	2.58e-46	120	1123	66822030	45
VYS67061.1	SUPER_5	46.341	82	44	0	862	943	53872947	53873192	2.58e-46	90.9	1123	66822030	45
VYS67061.1	SUPER_5	48.387	93	48	0	942	1034	53873758	53874036	4.96e-23	88.2	1123	66822030	45
VYS67061.1	SUPER_5	38.636	88	54	0	1034	1121	53874120	53874383	4.96e-23	44.7	1123	66822030	45
VYS67061.1	SUPER_8	31.950	241	120	2	636	832	5131936	5131214	1.34e-45	114	1123	61527627	33
VYS67061.1	SUPER_8	47.126	87	46	0	857	943	5131157	5130897	1.34e-45	94.7	1123	61527627	33
VYS67061.1	SUPER_8	50.538	93	46	0	942	1034	5130332	5130054	3.75e-17	92.4	1123	61527627	33
VYS67061.1	SUPER_2	34.277	318	172	5	448	734	70594202	70595137	5.01e-43	177	1123	70876221	66
VYS67061.1	SUPER_2	46.286	175	82	2	771	945	70595337	70595825	4.36e-40	167	1123	70876221	66
VYS67061.1	SUPER_2	39.336	211	99	1	942	1123	70596298	70596930	6.88e-25	117	1123	70876221	66
VYS67061.1	SUPER_2	38.542	96	51	2	6	101	66546587	66546324	6.53e-07	58.5	1123	70876221	66
XP_028550950.1	SUPER_3	36.914	512	226	11	313	765	64717555	64716134	5.14e-75	278	1105	70427289	66
XP_028550950.1	SUPER_3	39.084	371	185	8	313	675	66692456	66693469	2.40e-69	260	1105	70427289	66
XP_028550950.1	SUPER_3	45.161	93	51	0	925	1017	66694734	66695012	3.00e-33	84.7	1105	70427289	66
XP_028550950.1	SUPER_3	46.154	91	48	1	1016	1105	66695077	66695349	3.00e-33	82.4	1105	70427289	66
XP_028550950.1	SUPER_3	53.390	118	51	3	826	940	66693858	66694208	1.35e-25	120	1105	70427289	66
XP_028550950.1	SUPER_3	57.692	104	41	2	826	927	64716157	64715849	6.45e-25	117	1105	70427289	66
XP_028550950.1	SUPER_3	43.689	103	58	0	925	1027	64715278	64714970	1.51e-14	83.6	1105	70427289	66
XP_028550950.1	SUPER_3	43.158	95	53	1	1012	1105	64714937	64714653	2.24e-07	60.1	1105	70427289	66
XP_028550950.1	SUPER_3	48.235	85	42	1	681	765	66693633	66693881	1.68e-06	57.4	1105	70427289	66
XP_028550950.1	SUPER_2	37.741	363	190	7	313	675	70594211	70595191	1.24e-63	242	1105	70876221	57
XP_028550950.1	SUPER_2	38.389	211	100	2	925	1105	70596298	70596930	3.51e-27	125	1105	70876221	57
XP_028550950.1	SUPER_2	61.538	91	34	1	836	926	70595550	70595819	5.50e-25	118	1105	70876221	57
XP_028550950.1	SUPER_5	43.011	93	53	0	925	1017	53873758	53874036	2.65e-29	80.5	1105	66822030	46
XP_028550950.1	SUPER_5	42.697	89	50	1	1017	1104	53874120	53874386	2.65e-29	73.2	1105	66822030	46
XP_028550950.1	SUPER_5	33.670	297	141	6	504	753	53872042	53872905	1.83e-27	126	1105	66822030	46
XP_028550950.1	SUPER_5	55.422	83	36	1	844	926	53872947	53873192	1.47e-17	93.6	1105	66822030	46
XP_028550950.1	SUPER_8	33.010	309	151	6	504	765	5132077	5131178	6.88e-26	120	1105	61527627	47
XP_028550950.1	SUPER_8	45.161	93	51	0	925	1017	5130332	5130054	2.08e-22	84.7	1105	61527627	47
XP_028550950.1	SUPER_8	42.105	76	43	1	1031	1105	5129940	5129713	2.08e-22	46.2	1105	61527627	47
XP_028550950.1	SUPER_8	53.409	88	40	1	839	926	5131157	5130897	1.58e-17	93.6	1105	61527627	47
XP_028550950.1	SUPER_6	33.083	266	124	5	547	765	44578513	44579289	3.26e-23	106	1105	62687094	50
XP_028550950.1	SUPER_6	52.632	19	9	0	504	522	44578388	44578444	3.26e-23	26.9	1105	62687094	50
XP_028550950.1	SUPER_6	44.681	141	67	4	794	926	44579158	44579571	1.17e-21	107	1105	62687094	50
XP_028550950.1	SUPER_6	56.044	91	39	1	836	926	44589907	44590176	2.45e-20	102	1105	62687094	50
XP_028550950.1	SUPER_6	45.161	93	48	1	925	1017	44581109	44581378	5.45e-12	75.5	1105	62687094	50
XP_028550950.1	SUPER_6	41.111	90	52	1	1017	1105	44585455	44585724	3.28e-11	72.8	1105	62687094	50
XP_028550950.1	SUPER_6	41.176	102	53	3	925	1026	44590742	44591026	9.70e-11	71.2	1105	62687094	50
XP_028550950.1	SUPER_6	38.889	90	54	1	1017	1105	44591110	44591379	3.99e-10	69.3	1105	62687094	50
XP_028550949.1	SUPER_3	36.914	512	226	11	408	860	64717555	64716134	9.72e-75	278	1200	70427289	61
XP_028550949.1	SUPER_3	39.084	371	185	8	408	770	66692456	66693469	1.81e-69	262	1200	70427289	61
XP_028550949.1	SUPER_3	45.161	93	51	0	1020	1112	66694734	66695012	1.36e-33	85.1	1200	70427289	61
XP_028550949.1	SUPER_3	46.154	91	48	1	1111	1200	66695077	66695349	1.36e-33	83.6	1200	70427289	61
XP_028550949.1	SUPER_3	53.390	118	51	3	921	1035	66693858	66694208	1.61e-25	120	1200	70427289	61
XP_028550949.1	SUPER_3	57.692	104	41	2	921	1022	64716157	64715849	6.63e-25	117	1200	70427289	61
XP_028550949.1	SUPER_3	43.689	103	58	0	1020	1122	64715278	64714970	1.41e-14	84.0	1200	70427289	61
XP_028550949.1	SUPER_3	42.157	102	57	2	1100	1200	64714955	64714653	1.82e-07	60.5	1200	70427289	61
XP_028550949.1	SUPER_3	48.235	85	42	1	776	860	66693633	66693881	1.90e-06	57.4	1200	70427289	61
XP_028550949.1	SUPER_2	37.741	363	190	7	408	770	70594211	70595191	1.84e-63	243	1200	70876221	53
XP_028550949.1	SUPER_2	38.389	211	100	2	1020	1200	70596298	70596930	2.25e-27	125	1200	70876221	53
XP_028550949.1	SUPER_2	61.538	91	34	1	931	1021	70595550	70595819	6.80e-25	117	1200	70876221	53
XP_028550949.1	SUPER_5	43.011	93	53	0	1020	1112	53873758	53874036	1.41e-29	81.3	1200	66822030	43
XP_028550949.1	SUPER_5	42.697	89	50	1	1112	1199	53874120	53874386	1.41e-29	73.9	1200	66822030	43
XP_028550949.1	SUPER_5	33.670	297	141	6	599	848	53872042	53872905	1.11e-27	127	1200	66822030	43
XP_028550949.1	SUPER_5	55.422	83	36	1	939	1021	53872947	53873192	1.92e-17	93.6	1200	66822030	43
XP_028550949.1	SUPER_8	33.010	309	151	6	599	860	5132077	5131178	3.55e-26	122	1200	61527627	43
XP_028550949.1	SUPER_8	45.161	93	51	0	1020	1112	5130332	5130054	1.84e-22	84.7	1200	61527627	43
XP_028550949.1	SUPER_8	42.105	76	43	1	1126	1200	5129940	5129713	1.84e-22	46.2	1200	61527627	43
XP_028550949.1	SUPER_8	53.409	88	40	1	934	1021	5131157	5130897	1.37e-17	94.0	1200	61527627	43
XP_028550949.1	SUPER_6	33.333	270	124	6	642	862	44578513	44579301	1.84e-23	107	1200	62687094	46
XP_028550949.1	SUPER_6	52.632	19	9	0	599	617	44578388	44578444	1.84e-23	26.9	1200	62687094	46
XP_028550949.1	SUPER_6	44.681	141	67	4	889	1021	44579158	44579571	1.80e-21	106	1200	62687094	46
XP_028550949.1	SUPER_6	56.044	91	39	1	931	1021	44589907	44590176	2.93e-20	102	1200	62687094	46
XP_028550949.1	SUPER_6	45.161	93	48	1	1020	1112	44581109	44581378	4.26e-12	75.9	1200	62687094	46
XP_028550949.1	SUPER_6	41.111	90	52	1	1112	1200	44585455	44585724	2.12e-11	73.6	1200	62687094	46
XP_028550949.1	SUPER_6	41.176	102	53	3	1020	1121	44590742	44591026	7.82e-11	71.6	1200	62687094	46
XP_028550949.1	SUPER_6	38.889	90	54	1	1112	1200	44591110	44591379	3.16e-10	69.7	1200	62687094	46
XP_020672270.2	SUPER_3	36.914	512	226	11	426	878	64717555	64716134	1.17e-74	278	1218	70427289	60
XP_020672270.2	SUPER_3	39.084	371	185	8	426	788	66692456	66693469	2.12e-69	262	1218	70427289	60
XP_020672270.2	SUPER_3	45.161	93	51	0	1038	1130	66694734	66695012	1.51e-33	85.1	1218	70427289	60
XP_020672270.2	SUPER_3	46.154	91	48	1	1129	1218	66695077	66695349	1.51e-33	83.2	1218	70427289	60
XP_020672270.2	SUPER_3	53.390	118	51	3	939	1053	66693858	66694208	1.46e-25	120	1218	70427289	60
XP_020672270.2	SUPER_3	57.692	104	41	2	939	1040	64716157	64715849	6.81e-25	117	1218	70427289	60
XP_020672270.2	SUPER_3	43.689	103	58	0	1038	1140	64715278	64714970	1.46e-14	84.0	1218	70427289	60
XP_020672270.2	SUPER_3	42.157	102	57	2	1118	1218	64714955	64714653	1.92e-07	60.5	1218	70427289	60
XP_020672270.2	SUPER_3	48.235	85	42	1	794	878	66693633	66693881	1.82e-06	57.4	1218	70427289	60
XP_020672270.2	SUPER_2	37.741	363	190	7	426	788	70594211	70595191	1.97e-63	243	1218	70876221	52
XP_020672270.2	SUPER_2	38.389	211	100	2	1038	1218	70596298	70596930	2.31e-27	125	1218	70876221	52
XP_020672270.2	SUPER_2	61.538	91	34	1	949	1039	70595550	70595819	6.47e-25	118	1218	70876221	52
XP_020672270.2	SUPER_5	43.011	93	53	0	1038	1130	53873758	53874036	1.45e-29	81.3	1218	66822030	42
XP_020672270.2	SUPER_5	42.697	89	50	1	1130	1217	53874120	53874386	1.45e-29	73.9	1218	66822030	42
XP_020672270.2	SUPER_5	33.670	297	141	6	617	866	53872042	53872905	1.22e-27	127	1218	66822030	42
XP_020672270.2	SUPER_5	55.422	83	36	1	957	1039	53872947	53873192	1.83e-17	93.6	1218	66822030	42
XP_020672270.2	SUPER_8	33.010	309	151	6	617	878	5132077	5131178	4.21e-26	122	1218	61527627	42
XP_020672270.2	SUPER_8	45.161	93	51	0	1038	1130	5130332	5130054	1.83e-22	84.7	1218	61527627	42
XP_020672270.2	SUPER_8	42.105	76	43	1	1144	1218	5129940	5129713	1.83e-22	46.2	1218	61527627	42
XP_020672270.2	SUPER_8	53.409	88	40	1	952	1039	5131157	5130897	1.30e-17	94.0	1218	61527627	42
XP_020672270.2	SUPER_6	33.333	270	124	6	660	880	44578513	44579301	1.87e-23	107	1218	62687094	45
XP_020672270.2	SUPER_6	52.632	19	9	0	617	635	44578388	44578444	1.87e-23	26.9	1218	62687094	45
XP_020672270.2	SUPER_6	44.681	141	67	4	907	1039	44579158	44579571	1.88e-21	106	1218	62687094	45
XP_020672270.2	SUPER_6	56.044	91	39	1	949	1039	44589907	44590176	2.87e-20	102	1218	62687094	45
XP_020672270.2	SUPER_6	45.161	93	48	1	1038	1130	44581109	44581378	4.17e-12	75.9	1218	62687094	45
XP_020672270.2	SUPER_6	41.111	90	52	1	1130	1218	44585455	44585724	2.11e-11	73.6	1218	62687094	45
XP_020672270.2	SUPER_6	41.176	102	53	3	1038	1139	44590742	44591026	8.25e-11	71.6	1218	62687094	45
XP_020672270.2	SUPER_6	38.889	90	54	1	1130	1218	44591110	44591379	3.14e-10	69.7	1218	62687094	45
XP_024531885.1	SUPER_3	32.530	581	325	10	296	824	64717549	64715852	1.11e-83	302	1000	70427289	71
XP_024531885.1	SUPER_3	34.911	338	200	4	296	627	66692462	66693433	2.12e-49	196	1000	70427289	71
XP_024531885.1	SUPER_3	41.398	186	103	4	654	835	66693642	66694193	6.65e-35	150	1000	70427289	71
XP_024531885.1	SUPER_3	48.387	93	48	0	823	915	64715278	64715000	2.99e-21	92.4	1000	70427289	71
XP_024531885.1	SUPER_3	32.979	94	55	3	913	1000	64714928	64714653	2.99e-21	34.3	1000	70427289	71
XP_024531885.1	SUPER_3	49.462	93	47	0	823	915	66694734	66695012	3.92e-20	91.3	1000	70427289	71
XP_024531885.1	SUPER_3	28.723	94	59	3	913	1000	66695074	66695349	3.92e-20	32.0	1000	70427289	71
XP_024531885.1	SUPER_5	32.520	246	123	5	517	719	53872162	53872899	1.41e-43	122	1000	66822030	42
XP_024531885.1	SUPER_5	43.210	81	45	1	745	824	53872950	53873192	1.41e-43	79.7	1000	66822030	42
XP_024531885.1	SUPER_5	41.935	93	54	0	823	915	53873758	53874036	3.04e-16	81.3	1000	66822030	42
XP_024531885.1	SUPER_5	31.373	51	30	1	913	958	53874114	53874266	3.04e-16	28.5	1000	66822030	42
XP_024531885.1	SUPER_6	31.476	359	196	7	514	824	44578501	44579571	1.15e-42	175	1000	62687094	40
XP_024531885.1	SUPER_6	40.123	162	90	3	668	824	44589697	44590176	1.03e-27	126	1000	62687094	40
XP_024531885.1	SUPER_6	38.710	93	57	0	823	915	44590742	44591020	1.07e-11	74.3	1000	62687094	40
XP_024531885.1	SUPER_6	48.529	68	35	0	823	890	44581109	44581312	1.55e-11	73.6	1000	62687094	40
XP_024531885.1	SUPER_2	32.047	337	200	4	296	627	70594217	70595155	1.49e-42	174	1000	70876221	62
XP_024531885.1	SUPER_2	43.671	158	83	2	668	824	70595361	70595819	3.42e-33	144	1000	70876221	62
XP_024531885.1	SUPER_2	32.353	170	81	2	823	958	70596298	70596807	4.95e-17	91.7	1000	70876221	62
XP_024531885.1	SUPER_8	27.190	331	169	7	445	731	5132098	5131190	3.78e-37	107	1000	61527627	46
XP_024531885.1	SUPER_8	40.909	88	49	2	739	824	5131157	5130897	3.78e-37	73.2	1000	61527627	46
XP_024531885.1	SUPER_8	44.086	93	52	0	823	915	5130332	5130054	3.28e-16	89.0	1000	61527627	46
XP_024531884.1	SUPER_3	32.530	581	325	10	312	840	64717549	64715852	1.74e-83	302	1016	70427289	69
XP_024531884.1	SUPER_3	34.911	338	200	4	312	643	66692462	66693433	2.48e-49	196	1016	70427289	69
XP_024531884.1	SUPER_3	41.398	186	103	4	670	851	66693642	66694193	7.00e-35	150	1016	70427289	69
XP_024531884.1	SUPER_3	48.387	93	48	0	839	931	64715278	64715000	3.28e-21	92.4	1016	70427289	69
XP_024531884.1	SUPER_3	32.979	94	55	3	929	1016	64714928	64714653	3.28e-21	34.3	1016	70427289	69
XP_024531884.1	SUPER_3	49.462	93	47	0	839	931	66694734	66695012	3.58e-20	91.3	1016	70427289	69
XP_024531884.1	SUPER_3	28.723	94	59	3	929	1016	66695074	66695349	3.58e-20	32.0	1016	70427289	69
XP_024531884.1	SUPER_5	32.520	246	123	5	533	735	53872162	53872899	1.64e-43	122	1016	66822030	41
XP_024531884.1	SUPER_5	43.210	81	45	1	761	840	53872950	53873192	1.64e-43	79.7	1016	66822030	41
XP_024531884.1	SUPER_5	41.935	93	54	0	839	931	53873758	53874036	3.52e-16	80.9	1016	66822030	41
XP_024531884.1	SUPER_5	31.373	51	30	1	929	974	53874114	53874266	3.52e-16	28.5	1016	66822030	41
XP_024531884.1	SUPER_6	31.476	359	196	7	530	840	44578501	44579571	1.48e-42	174	1016	62687094	40
XP_024531884.1	SUPER_6	40.123	162	90	3	684	840	44589697	44590176	1.19e-27	126	1016	62687094	40
XP_024531884.1	SUPER_6	38.710	93	57	0	839	931	44590742	44591020	1.21e-11	73.9	1016	62687094	40
XP_024531884.1	SUPER_6	48.529	68	35	0	839	906	44581109	44581312	1.78e-11	73.6	1016	62687094	40
XP_024531884.1	SUPER_2	32.047	337	200	4	312	643	70594217	70595155	1.65e-42	174	1016	70876221	61
XP_024531884.1	SUPER_2	43.671	158	83	2	684	840	70595361	70595819	3.67e-33	144	1016	70876221	61
XP_024531884.1	SUPER_2	32.353	170	81	2	839	974	70596298	70596807	6.33e-17	91.3	1016	70876221	61
XP_024531884.1	SUPER_8	27.190	331	169	7	461	747	5132098	5131190	4.69e-37	107	1016	61527627	46
XP_024531884.1	SUPER_8	40.909	88	49	2	755	840	5131157	5130897	4.69e-37	72.8	1016	61527627	46
XP_024531884.1	SUPER_8	44.086	93	52	0	839	931	5130332	5130054	3.42e-16	89.0	1016	61527627	46
XP_024531883.1	SUPER_3	32.530	581	325	10	312	840	64717549	64715852	1.74e-83	302	1016	70427289	69
XP_024531883.1	SUPER_3	34.911	338	200	4	312	643	66692462	66693433	2.48e-49	196	1016	70427289	69
XP_024531883.1	SUPER_3	41.398	186	103	4	670	851	66693642	66694193	7.00e-35	150	1016	70427289	69
XP_024531883.1	SUPER_3	48.387	93	48	0	839	931	64715278	64715000	3.28e-21	92.4	1016	70427289	69
XP_024531883.1	SUPER_3	32.979	94	55	3	929	1016	64714928	64714653	3.28e-21	34.3	1016	70427289	69
XP_024531883.1	SUPER_3	49.462	93	47	0	839	931	66694734	66695012	3.58e-20	91.3	1016	70427289	69
XP_024531883.1	SUPER_3	28.723	94	59	3	929	1016	66695074	66695349	3.58e-20	32.0	1016	70427289	69
XP_024531883.1	SUPER_5	32.520	246	123	5	533	735	53872162	53872899	1.64e-43	122	1016	66822030	41
XP_024531883.1	SUPER_5	43.210	81	45	1	761	840	53872950	53873192	1.64e-43	79.7	1016	66822030	41
XP_024531883.1	SUPER_5	41.935	93	54	0	839	931	53873758	53874036	3.52e-16	80.9	1016	66822030	41
XP_024531883.1	SUPER_5	31.373	51	30	1	929	974	53874114	53874266	3.52e-16	28.5	1016	66822030	41
XP_024531883.1	SUPER_6	31.476	359	196	7	530	840	44578501	44579571	1.48e-42	174	1016	62687094	40
XP_024531883.1	SUPER_6	40.123	162	90	3	684	840	44589697	44590176	1.19e-27	126	1016	62687094	40
XP_024531883.1	SUPER_6	38.710	93	57	0	839	931	44590742	44591020	1.21e-11	73.9	1016	62687094	40
XP_024531883.1	SUPER_6	48.529	68	35	0	839	906	44581109	44581312	1.78e-11	73.6	1016	62687094	40
XP_024531883.1	SUPER_2	32.047	337	200	4	312	643	70594217	70595155	1.65e-42	174	1016	70876221	61
XP_024531883.1	SUPER_2	43.671	158	83	2	684	840	70595361	70595819	3.67e-33	144	1016	70876221	61
XP_024531883.1	SUPER_2	32.353	170	81	2	839	974	70596298	70596807	6.33e-17	91.3	1016	70876221	61
XP_024531883.1	SUPER_8	27.190	331	169	7	461	747	5132098	5131190	4.69e-37	107	1016	61527627	46
XP_024531883.1	SUPER_8	40.909	88	49	2	755	840	5131157	5130897	4.69e-37	72.8	1016	61527627	46
XP_024531883.1	SUPER_8	44.086	93	52	0	839	931	5130332	5130054	3.42e-16	89.0	1016	61527627	46
XP_024376607.1	SUPER_3	29.366	647	324	16	531	1124	64717552	64715852	7.53e-72	270	1301	70427289	53
XP_024376607.1	SUPER_3	29.064	406	229	11	531	930	66692459	66693517	1.28e-38	163	1301	70427289	53
XP_024376607.1	SUPER_3	35.749	207	104	3	918	1124	66693630	66694163	6.06e-31	137	1301	70427289	53
XP_024376607.1	SUPER_3	41.935	93	54	0	1123	1215	66694734	66695012	1.38e-12	77.8	1301	70427289	53
XP_024376607.1	SUPER_3	40.860	93	55	0	1123	1215	64715278	64715000	5.12e-12	75.9	1301	70427289	53
XP_024376607.1	SUPER_2	31.437	334	176	6	531	864	70594214	70595056	2.33e-39	165	1301	70876221	52
XP_024376607.1	SUPER_2	33.824	204	95	3	924	1124	70595319	70595819	4.78e-30	135	1301	70876221	52
XP_024376607.1	SUPER_2	32.558	172	83	2	1123	1261	70596298	70596813	9.66e-17	91.3	1301	70876221	52
XP_024376607.1	SUPER_6	32.143	196	106	3	929	1124	44589670	44590176	1.52e-22	110	1301	62687094	32
XP_024376607.1	SUPER_6	31.122	196	108	2	929	1124	44579065	44579571	2.94e-22	109	1301	62687094	32
XP_024376607.1	SUPER_6	38.636	88	54	0	1123	1210	44590742	44591005	4.68e-17	68.2	1301	62687094	32
XP_024376607.1	SUPER_6	37.097	62	35	1	1213	1270	44591104	44591289	4.68e-17	44.7	1301	62687094	32
XP_024376607.1	SUPER_6	42.500	80	46	0	785	864	44578510	44578749	8.92e-11	71.6	1301	62687094	32
XP_024376607.1	SUPER_6	47.059	68	36	0	1123	1190	44581109	44581312	1.30e-09	67.8	1301	62687094	32
XP_024376607.1	SUPER_5	29.341	167	87	4	698	864	53871994	53872401	1.05e-11	74.7	1301	66822030	31
XP_024376607.1	SUPER_5	40.964	83	47	1	1042	1124	53872950	53873192	1.92e-11	73.9	1301	66822030	31
XP_024376607.1	SUPER_5	37.634	93	58	0	1123	1215	53873758	53874036	2.12e-09	67.0	1301	66822030	31
XP_024376607.1	SUPER_5	40.984	61	36	0	930	990	53872720	53872902	5.43e-08	62.4	1301	66822030	31
XP_024376607.1	SUPER_8	39.785	93	56	0	1123	1215	5130332	5130054	1.82e-11	73.9	1301	61527627	19
XP_024376607.1	SUPER_8	37.079	89	54	1	1036	1124	5131157	5130897	1.61e-09	67.4	1301	61527627	19
XP_024376607.1	SUPER_8	40.984	61	36	0	930	990	5131399	5131217	8.84e-09	65.1	1301	61527627	19
XP_024376598.1	SUPER_3	29.366	647	324	16	532	1125	64717552	64715852	7.14e-72	270	1302	70427289	53
XP_024376598.1	SUPER_3	29.064	406	229	11	532	931	66692459	66693517	1.12e-38	163	1302	70427289	53
XP_024376598.1	SUPER_3	35.749	207	104	3	919	1125	66693630	66694163	6.06e-31	137	1302	70427289	53
XP_024376598.1	SUPER_3	41.935	93	54	0	1124	1216	66694734	66695012	1.37e-12	77.8	1302	70427289	53
XP_024376598.1	SUPER_3	40.860	93	55	0	1124	1216	64715278	64715000	5.17e-12	75.9	1302	70427289	53
XP_024376598.1	SUPER_2	31.437	334	176	6	532	865	70594214	70595056	2.09e-39	166	1302	70876221	52
XP_024376598.1	SUPER_2	33.824	204	95	3	925	1125	70595319	70595819	4.44e-30	135	1302	70876221	52
XP_024376598.1	SUPER_2	32.558	172	83	2	1124	1262	70596298	70596813	9.67e-17	91.3	1302	70876221	52
XP_024376598.1	SUPER_6	32.143	196	106	3	930	1125	44589670	44590176	1.38e-22	110	1302	62687094	32
XP_024376598.1	SUPER_6	31.122	196	108	2	930	1125	44579065	44579571	2.94e-22	109	1302	62687094	32
XP_024376598.1	SUPER_6	38.636	88	54	0	1124	1211	44590742	44591005	4.57e-17	68.2	1302	62687094	32
XP_024376598.1	SUPER_6	37.097	62	35	1	1214	1271	44591104	44591289	4.57e-17	44.7	1302	62687094	32
XP_024376598.1	SUPER_6	42.500	80	46	0	786	865	44578510	44578749	8.93e-11	71.6	1302	62687094	32
XP_024376598.1	SUPER_6	47.059	68	36	0	1124	1191	44581109	44581312	1.30e-09	67.8	1302	62687094	32
XP_024376598.1	SUPER_5	29.341	167	87	4	699	865	53871994	53872401	1.00e-11	74.7	1302	66822030	31
XP_024376598.1	SUPER_5	40.964	83	47	1	1043	1125	53872950	53873192	1.92e-11	73.9	1302	66822030	31
XP_024376598.1	SUPER_5	37.634	93	58	0	1124	1216	53873758	53874036	2.10e-09	67.0	1302	66822030	31
XP_024376598.1	SUPER_5	40.984	61	36	0	931	991	53872720	53872902	5.21e-08	62.4	1302	66822030	31
XP_024376598.1	SUPER_8	39.785	93	56	0	1124	1216	5130332	5130054	1.72e-11	73.9	1302	61527627	19
XP_024376598.1	SUPER_8	37.079	89	54	1	1037	1125	5131157	5130897	1.52e-09	67.8	1302	61527627	19
XP_024376598.1	SUPER_8	40.984	61	36	0	931	991	5131399	5131217	9.00e-09	65.1	1302	61527627	19
XP_024376588.1	SUPER_3	29.366	647	324	16	536	1129	64717552	64715852	7.67e-72	270	1306	70427289	52
XP_024376588.1	SUPER_3	29.064	406	229	11	536	935	66692459	66693517	1.35e-38	163	1306	70427289	52
XP_024376588.1	SUPER_3	35.749	207	104	3	923	1129	66693630	66694163	6.47e-31	137	1306	70427289	52
XP_024376588.1	SUPER_3	41.935	93	54	0	1128	1220	66694734	66695012	1.42e-12	77.4	1306	70427289	52
XP_024376588.1	SUPER_3	40.860	93	55	0	1128	1220	64715278	64715000	5.15e-12	75.9	1306	70427289	52
XP_024376588.1	SUPER_2	31.437	334	176	6	536	869	70594214	70595056	2.37e-39	165	1306	70876221	51
XP_024376588.1	SUPER_2	33.824	204	95	3	929	1129	70595319	70595819	5.51e-30	134	1306	70876221	51
XP_024376588.1	SUPER_2	32.558	172	83	2	1128	1266	70596298	70596813	9.71e-17	91.3	1306	70876221	51
XP_024376588.1	SUPER_6	32.143	196	106	3	934	1129	44589670	44590176	1.56e-22	110	1306	62687094	32
XP_024376588.1	SUPER_6	31.122	196	108	2	934	1129	44579065	44579571	2.95e-22	109	1306	62687094	32
XP_024376588.1	SUPER_6	38.636	88	54	0	1128	1215	44590742	44591005	5.10e-17	68.2	1306	62687094	32
XP_024376588.1	SUPER_6	37.097	62	35	1	1218	1275	44591104	44591289	5.10e-17	44.7	1306	62687094	32
XP_024376588.1	SUPER_6	42.500	80	46	0	790	869	44578510	44578749	8.97e-11	71.6	1306	62687094	32
XP_024376588.1	SUPER_6	47.059	68	36	0	1128	1195	44581109	44581312	1.31e-09	67.8	1306	62687094	32
XP_024376588.1	SUPER_5	29.341	167	87	4	703	869	53871994	53872401	1.06e-11	74.7	1306	66822030	31
XP_024376588.1	SUPER_5	40.964	83	47	1	1047	1129	53872950	53873192	1.96e-11	73.9	1306	66822030	31
XP_024376588.1	SUPER_5	37.634	93	58	0	1128	1220	53873758	53874036	2.15e-09	67.0	1306	66822030	31
XP_024376588.1	SUPER_5	40.984	61	36	0	935	995	53872720	53872902	5.83e-08	62.4	1306	66822030	31
XP_024376588.1	SUPER_8	39.785	93	56	0	1128	1220	5130332	5130054	1.83e-11	73.9	1306	61527627	18
XP_024376588.1	SUPER_8	37.079	89	54	1	1041	1129	5131157	5130897	1.63e-09	67.4	1306	61527627	18
XP_024376588.1	SUPER_8	40.984	61	36	0	935	995	5131399	5131217	8.88e-09	65.1	1306	61527627	18
XP_024376582.1	SUPER_3	29.366	647	324	16	537	1130	64717552	64715852	7.93e-72	270	1307	70427289	52
XP_024376582.1	SUPER_3	29.064	406	229	11	537	936	66692459	66693517	1.12e-38	163	1307	70427289	52
XP_024376582.1	SUPER_3	35.749	207	104	3	924	1130	66693630	66694163	6.37e-31	137	1307	70427289	52
XP_024376582.1	SUPER_3	41.935	93	54	0	1129	1221	66694734	66695012	1.37e-12	77.8	1307	70427289	52
XP_024376582.1	SUPER_3	40.860	93	55	0	1129	1221	64715278	64715000	5.20e-12	75.9	1307	70427289	52
XP_024376582.1	SUPER_2	31.437	334	176	6	537	870	70594214	70595056	2.11e-39	166	1307	70876221	51
XP_024376582.1	SUPER_2	33.824	204	95	3	930	1130	70595319	70595819	4.58e-30	135	1307	70876221	51
XP_024376582.1	SUPER_2	32.558	172	83	2	1129	1267	70596298	70596813	9.72e-17	91.3	1307	70876221	51
XP_024376582.1	SUPER_6	32.143	196	106	3	935	1130	44589670	44590176	1.51e-22	110	1307	62687094	32
XP_024376582.1	SUPER_6	31.122	196	108	2	935	1130	44579065	44579571	2.96e-22	109	1307	62687094	32
XP_024376582.1	SUPER_6	38.636	88	54	0	1129	1216	44590742	44591005	4.59e-17	68.2	1307	62687094	32
XP_024376582.1	SUPER_6	37.097	62	35	1	1219	1276	44591104	44591289	4.59e-17	44.7	1307	62687094	32
XP_024376582.1	SUPER_6	42.500	80	46	0	791	870	44578510	44578749	8.98e-11	71.6	1307	62687094	32
XP_024376582.1	SUPER_6	47.059	68	36	0	1129	1196	44581109	44581312	1.31e-09	67.8	1307	62687094	32
XP_024376582.1	SUPER_5	29.341	167	87	4	704	870	53871994	53872401	1.03e-11	74.7	1307	66822030	31
XP_024376582.1	SUPER_5	40.964	83	47	1	1048	1130	53872950	53873192	1.96e-11	73.9	1307	66822030	31
XP_024376582.1	SUPER_5	37.634	93	58	0	1129	1221	53873758	53874036	2.13e-09	67.0	1307	66822030	31
XP_024376582.1	SUPER_5	40.984	61	36	0	936	996	53872720	53872902	5.60e-08	62.4	1307	66822030	31
XP_024376582.1	SUPER_8	39.785	93	56	0	1129	1221	5130332	5130054	1.73e-11	73.9	1307	61527627	18
XP_024376582.1	SUPER_8	37.079	89	54	1	1042	1130	5131157	5130897	1.52e-09	67.8	1307	61527627	18
XP_024376582.1	SUPER_8	40.984	61	36	0	936	996	5131399	5131217	8.97e-09	65.1	1307	61527627	18
XP_024376576.1	SUPER_3	29.366	647	324	16	552	1145	64717552	64715852	6.65e-72	271	1322	70427289	52
XP_024376576.1	SUPER_3	29.064	406	229	11	552	951	66692459	66693517	1.17e-38	163	1322	70427289	52
XP_024376576.1	SUPER_3	35.749	207	104	3	939	1145	66693630	66694163	6.68e-31	137	1322	70427289	52
XP_024376576.1	SUPER_3	41.935	93	54	0	1144	1236	66694734	66695012	1.52e-12	77.4	1322	70427289	52
XP_024376576.1	SUPER_3	40.860	93	55	0	1144	1236	64715278	64715000	5.23e-12	75.9	1322	70427289	52
XP_024376576.1	SUPER_2	31.437	334	176	6	552	885	70594214	70595056	1.73e-39	166	1322	70876221	51
XP_024376576.1	SUPER_2	33.824	204	95	3	945	1145	70595319	70595819	5.64e-30	134	1322	70876221	51
XP_024376576.1	SUPER_2	32.558	172	83	2	1144	1282	70596298	70596813	1.03e-16	91.3	1322	70876221	51
XP_024376576.1	SUPER_6	32.143	196	106	3	950	1145	44589670	44590176	1.60e-22	110	1322	62687094	32
XP_024376576.1	SUPER_6	31.122	196	108	2	950	1145	44579065	44579571	3.01e-22	109	1322	62687094	32
XP_024376576.1	SUPER_6	38.636	88	54	0	1144	1231	44590742	44591005	3.91e-17	68.6	1322	62687094	32
XP_024376576.1	SUPER_6	37.097	62	35	1	1234	1291	44591104	44591289	3.91e-17	44.7	1322	62687094	32
XP_024376576.1	SUPER_6	42.500	80	46	0	806	885	44578510	44578749	9.58e-11	71.6	1322	62687094	32
XP_024376576.1	SUPER_6	47.059	68	36	0	1144	1211	44581109	44581312	1.31e-09	67.8	1322	62687094	32
XP_024376576.1	SUPER_5	29.341	167	87	4	719	885	53871994	53872401	1.01e-11	74.7	1322	66822030	30
XP_024376576.1	SUPER_5	40.964	83	47	1	1063	1145	53872950	53873192	2.13e-11	73.6	1322	66822030	30
XP_024376576.1	SUPER_5	37.634	93	58	0	1144	1236	53873758	53874036	2.07e-09	67.0	1322	66822030	30
XP_024376576.1	SUPER_5	40.984	61	36	0	951	1011	53872720	53872902	5.54e-08	62.4	1322	66822030	30
XP_024376576.1	SUPER_8	39.785	93	56	0	1144	1236	5130332	5130054	1.83e-11	73.9	1322	61527627	18
XP_024376576.1	SUPER_8	37.079	89	54	1	1057	1145	5131157	5130897	1.55e-09	67.8	1322	61527627	18
XP_024376576.1	SUPER_8	40.984	61	36	0	951	1011	5131399	5131217	9.17e-09	65.1	1322	61527627	18
XP_024376567.1	SUPER_3	29.366	647	324	16	558	1151	64717552	64715852	6.63e-72	271	1328	70427289	52
XP_024376567.1	SUPER_3	29.064	406	229	11	558	957	66692459	66693517	1.16e-38	163	1328	70427289	52
XP_024376567.1	SUPER_3	35.749	207	104	3	945	1151	66693630	66694163	5.65e-31	138	1328	70427289	52
XP_024376567.1	SUPER_3	41.935	93	54	0	1150	1242	66694734	66695012	1.54e-12	77.4	1328	70427289	52
XP_024376567.1	SUPER_3	40.860	93	55	0	1150	1242	64715278	64715000	5.31e-12	75.9	1328	70427289	52
XP_024376567.1	SUPER_2	31.437	334	176	6	558	891	70594214	70595056	1.90e-39	166	1328	70876221	51
XP_024376567.1	SUPER_2	33.824	204	95	3	951	1151	70595319	70595819	4.64e-30	135	1328	70876221	51
XP_024376567.1	SUPER_2	32.558	172	83	2	1150	1288	70596298	70596813	9.95e-17	91.3	1328	70876221	51
XP_024376567.1	SUPER_6	32.143	196	106	3	956	1151	44589670	44590176	1.42e-22	110	1328	62687094	32
XP_024376567.1	SUPER_6	31.122	196	108	2	956	1151	44579065	44579571	3.03e-22	109	1328	62687094	32
XP_024376567.1	SUPER_6	38.636	88	54	0	1150	1237	44590742	44591005	4.00e-17	68.6	1328	62687094	32
XP_024376567.1	SUPER_6	37.097	62	35	1	1240	1297	44591104	44591289	4.00e-17	44.7	1328	62687094	32
XP_024376567.1	SUPER_6	42.500	80	46	0	812	891	44578510	44578749	9.64e-11	71.6	1328	62687094	32
XP_024376567.1	SUPER_6	47.059	68	36	0	1150	1217	44581109	44581312	1.34e-09	67.8	1328	62687094	32
XP_024376567.1	SUPER_5	29.341	167	87	4	725	891	53871994	53872401	1.03e-11	74.7	1328	66822030	30
XP_024376567.1	SUPER_5	40.964	83	47	1	1069	1151	53872950	53873192	1.99e-11	73.9	1328	66822030	30
XP_024376567.1	SUPER_5	37.634	93	58	0	1150	1242	53873758	53874036	2.14e-09	67.0	1328	66822030	30
XP_024376567.1	SUPER_5	40.984	61	36	0	957	1017	53872720	53872902	5.34e-08	62.4	1328	66822030	30
XP_024376567.1	SUPER_8	39.785	93	56	0	1150	1242	5130332	5130054	1.84e-11	73.9	1328	61527627	18
XP_024376567.1	SUPER_8	37.079	89	54	1	1063	1151	5131157	5130897	1.54e-09	67.8	1328	61527627	18
XP_024376567.1	SUPER_8	40.984	61	36	0	957	1017	5131399	5131217	9.00e-09	65.1	1328	61527627	18
XP_024376557.1	SUPER_3	29.366	647	324	16	562	1155	64717552	64715852	8.54e-72	270	1332	70427289	51
XP_024376557.1	SUPER_3	29.064	406	229	11	562	961	66692459	66693517	1.17e-38	163	1332	70427289	51
XP_024376557.1	SUPER_3	35.749	207	104	3	949	1155	66693630	66694163	6.34e-31	137	1332	70427289	51
XP_024376557.1	SUPER_3	41.935	93	54	0	1154	1246	66694734	66695012	1.55e-12	77.4	1332	70427289	51
XP_024376557.1	SUPER_3	40.860	93	55	0	1154	1246	64715278	64715000	5.29e-12	75.9	1332	70427289	51
XP_024376557.1	SUPER_2	31.437	334	176	6	562	895	70594214	70595056	1.90e-39	166	1332	70876221	50
XP_024376557.1	SUPER_2	33.824	204	95	3	955	1155	70595319	70595819	4.75e-30	135	1332	70876221	50
XP_024376557.1	SUPER_2	32.558	172	83	2	1154	1292	70596298	70596813	9.83e-17	91.3	1332	70876221	50
XP_024376557.1	SUPER_6	32.143	196	106	3	960	1155	44589670	44590176	1.62e-22	110	1332	62687094	32
XP_024376557.1	SUPER_6	31.122	196	108	2	960	1155	44579065	44579571	3.05e-22	109	1332	62687094	32
XP_024376557.1	SUPER_6	38.636	88	54	0	1154	1241	44590742	44591005	4.18e-17	68.6	1332	62687094	32
XP_024376557.1	SUPER_6	37.097	62	35	1	1244	1301	44591104	44591289	4.18e-17	44.7	1332	62687094	32
XP_024376557.1	SUPER_6	42.500	80	46	0	816	895	44578510	44578749	9.67e-11	71.6	1332	62687094	32
XP_024376557.1	SUPER_6	47.059	68	36	0	1154	1221	44581109	44581312	1.34e-09	67.8	1332	62687094	32
XP_024376557.1	SUPER_5	29.341	167	87	4	729	895	53871994	53872401	1.08e-11	74.7	1332	66822030	30
XP_024376557.1	SUPER_5	40.964	83	47	1	1073	1155	53872950	53873192	2.03e-11	73.9	1332	66822030	30
XP_024376557.1	SUPER_5	37.634	93	58	0	1154	1246	53873758	53874036	2.15e-09	67.0	1332	66822030	30
XP_024376557.1	SUPER_5	40.984	61	36	0	961	1021	53872720	53872902	5.59e-08	62.4	1332	66822030	30
XP_024376557.1	SUPER_8	39.785	93	56	0	1154	1246	5130332	5130054	1.85e-11	73.9	1332	61527627	18
XP_024376557.1	SUPER_8	37.079	89	54	1	1067	1155	5131157	5130897	1.55e-09	67.8	1332	61527627	18
XP_024376557.1	SUPER_8	40.984	61	36	0	961	1021	5131399	5131217	9.11e-09	65.1	1332	61527627	18
XP_024376548.1	SUPER_3	29.366	647	324	16	563	1156	64717552	64715852	7.81e-72	271	1333	70427289	51
XP_024376548.1	SUPER_3	29.064	406	229	11	563	962	66692459	66693517	1.17e-38	163	1333	70427289	51
XP_024376548.1	SUPER_3	35.749	207	104	3	950	1156	66693630	66694163	6.34e-31	137	1333	70427289	51
XP_024376548.1	SUPER_3	41.935	93	54	0	1155	1247	66694734	66695012	1.55e-12	77.4	1333	70427289	51
XP_024376548.1	SUPER_3	40.860	93	55	0	1155	1247	64715278	64715000	5.29e-12	75.9	1333	70427289	51
XP_024376548.1	SUPER_2	31.437	334	176	6	563	896	70594214	70595056	1.93e-39	166	1333	70876221	50
XP_024376548.1	SUPER_2	33.824	204	95	3	956	1156	70595319	70595819	4.60e-30	135	1333	70876221	50
XP_024376548.1	SUPER_2	32.558	172	83	2	1155	1293	70596298	70596813	1.00e-16	91.3	1333	70876221	50
XP_024376548.1	SUPER_6	32.143	196	106	3	961	1156	44589670	44590176	1.58e-22	110	1333	62687094	32
XP_024376548.1	SUPER_6	31.122	196	108	2	961	1156	44579065	44579571	3.05e-22	109	1333	62687094	32
XP_024376548.1	SUPER_6	38.636	88	54	0	1155	1242	44590742	44591005	4.15e-17	68.6	1333	62687094	32
XP_024376548.1	SUPER_6	37.097	62	35	1	1245	1302	44591104	44591289	4.15e-17	44.7	1333	62687094	32
XP_024376548.1	SUPER_6	42.500	80	46	0	817	896	44578510	44578749	9.68e-11	71.6	1333	62687094	32
XP_024376548.1	SUPER_6	47.059	68	36	0	1155	1222	44581109	44581312	1.34e-09	67.8	1333	62687094	32
XP_024376548.1	SUPER_5	29.341	167	87	4	730	896	53871994	53872401	1.05e-11	74.7	1333	66822030	30
XP_024376548.1	SUPER_5	40.964	83	47	1	1074	1156	53872950	53873192	2.03e-11	73.9	1333	66822030	30
XP_024376548.1	SUPER_5	37.634	93	58	0	1155	1247	53873758	53874036	2.15e-09	67.0	1333	66822030	30
XP_024376548.1	SUPER_5	40.984	61	36	0	962	1022	53872720	53872902	5.36e-08	62.4	1333	66822030	30
XP_024376548.1	SUPER_8	39.785	93	56	0	1155	1247	5130332	5130054	1.85e-11	73.9	1333	61527627	18
XP_024376548.1	SUPER_8	37.079	89	54	1	1068	1156	5131157	5130897	1.55e-09	67.8	1333	61527627	18
XP_024376548.1	SUPER_8	40.984	61	36	0	962	1022	5131399	5131217	9.27e-09	65.1	1333	61527627	18
PKU78836.1	SUPER_3	35.202	321	167	8	1	313	66692606	66693469	1.39e-52	191	363	70427289	86
PKU78836.1	SUPER_3	38.290	269	144	5	50	310	64717321	64716557	1.45e-50	186	363	70427289	86
PKU78836.1	SUPER_2	36.466	266	154	4	48	313	70594439	70595191	8.04e-48	177	363	70876221	73
PKU78836.1	SUPER_5	33.140	172	108	2	142	313	53872042	53872536	6.39e-23	105	363	66822030	47
PKU78836.1	SUPER_8	31.707	205	131	3	142	344	5132077	5131484	1.66e-19	94.7	363	61527627	56
PKU78836.1	SUPER_6	37.209	129	76	1	185	313	44578513	44578884	2.71e-19	91.3	363	62687094	41
PKU78836.1	SUPER_6	52.632	19	9	0	142	160	44578388	44578444	2.71e-19	26.6	363	62687094	41
XP_021912651.1	SUPER_3	40.497	684	314	11	140	769	64717666	64715732	1.50e-131	442	932	70427289	80
XP_021912651.1	SUPER_3	42.290	428	209	9	120	541	66692309	66693496	6.56e-86	307	932	70427289	80
XP_021912651.1	SUPER_3	50.000	186	77	2	546	731	66693654	66694163	1.05e-41	171	932	70427289	80
XP_021912651.1	SUPER_3	60.215	93	37	0	730	822	64715278	64715000	4.14e-30	109	932	70427289	80
XP_021912651.1	SUPER_3	44.681	47	26	0	821	867	64714925	64714785	4.14e-30	46.6	932	70427289	80
XP_021912651.1	SUPER_3	51.181	127	53	2	730	850	66694734	66695105	1.43e-24	116	932	70427289	80
XP_021912651.1	SUPER_2	45.481	343	151	5	175	513	70594202	70595134	2.01e-76	279	932	70876221	72
XP_021912651.1	SUPER_2	46.907	194	80	1	538	731	70595307	70595819	2.61e-39	164	932	70876221	72
XP_021912651.1	SUPER_2	43.114	167	66	1	730	867	70596298	70596798	3.58e-26	121	932	70876221	72
XP_021912651.1	SUPER_8	40.940	298	118	5	359	608	5132080	5131217	2.96e-63	174	932	61527627	46
XP_021912651.1	SUPER_8	51.724	87	42	0	645	731	5131157	5130897	2.96e-63	93.2	932	61527627	46
XP_021912651.1	SUPER_8	59.140	93	38	0	730	822	5130332	5130054	2.45e-23	112	932	61527627	46
XP_021912651.1	SUPER_6	41.892	370	153	5	408	731	44578510	44579571	1.00e-59	223	932	62687094	52
XP_021912651.1	SUPER_6	60.000	20	8	0	359	378	44578385	44578444	1.00e-59	32.0	932	62687094	52
XP_021912651.1	SUPER_6	45.989	187	83	2	546	731	44589667	44590176	3.84e-32	140	932	62687094	52
XP_021912651.1	SUPER_6	51.613	93	45	0	730	822	44590742	44591020	1.36e-24	99.0	932	62687094	52
XP_021912651.1	SUPER_6	46.939	49	20	2	822	867	44591110	44591247	1.36e-24	38.9	932	62687094	52
XP_021912651.1	SUPER_6	57.447	94	36	2	730	820	44581109	44581387	1.97e-18	96.3	932	62687094	52
XP_021912651.1	SUPER_5	40.940	298	118	6	359	608	53872039	53872902	3.53e-43	176	932	66822030	50
XP_021912651.1	SUPER_5	56.989	93	40	0	730	822	53873758	53874036	1.51e-27	108	932	66822030	50
XP_021912651.1	SUPER_5	48.980	49	19	2	822	867	53874120	53874257	1.51e-27	39.3	932	66822030	50
XP_021912651.1	SUPER_5	52.439	82	39	0	650	731	53872947	53873192	6.20e-17	91.3	932	66822030	50
XP_021912650.1	SUPER_3	40.497	684	314	11	361	990	64717666	64715732	3.45e-129	442	1153	70427289	74
XP_021912650.1	SUPER_3	42.290	428	209	9	341	762	66692309	66693496	3.36e-84	307	1153	70427289	74
XP_021912650.1	SUPER_3	50.000	186	77	2	767	952	66693654	66694163	1.73e-41	172	1153	70427289	74
XP_021912650.1	SUPER_3	60.215	93	37	0	951	1043	64715278	64715000	5.22e-30	109	1153	70427289	74
XP_021912650.1	SUPER_3	44.681	47	26	0	1042	1088	64714925	64714785	5.22e-30	47.0	1153	70427289	74
XP_021912650.1	SUPER_3	51.181	127	53	2	951	1071	66694734	66695105	2.20e-24	116	1153	70427289	74
XP_021912650.1	SUPER_3	47.525	101	48	2	2	101	64722833	64722543	8.90e-14	81.3	1153	70427289	74
XP_021912650.1	SUPER_3	46.000	100	50	1	3	102	66687552	66687839	6.80e-08	62.0	1153	70427289	74
XP_021912650.1	SUPER_2	45.481	343	151	5	396	734	70594202	70595134	1.25e-74	277	1153	70876221	67
XP_021912650.1	SUPER_2	46.907	194	80	1	759	952	70595307	70595819	3.64e-39	164	1153	70876221	67
XP_021912650.1	SUPER_2	43.114	167	66	1	951	1088	70596298	70596798	4.66e-26	121	1153	70876221	67
XP_021912650.1	SUPER_2	39.394	99	50	2	3	101	66546590	66546324	3.44e-08	62.8	1153	70876221	67
XP_021912650.1	SUPER_2	35.484	93	51	2	3	95	70590117	70590368	6.47e-07	58.5	1153	70876221	67
XP_021912650.1	SUPER_8	40.940	298	118	5	580	829	5132080	5131217	1.92e-63	174	1153	61527627	37
XP_021912650.1	SUPER_8	51.724	87	42	0	866	952	5131157	5130897	1.92e-63	94.4	1153	61527627	37
XP_021912650.1	SUPER_8	59.140	93	38	0	951	1043	5130332	5130054	3.91e-23	112	1153	61527627	37
XP_021912650.1	SUPER_6	41.892	370	153	5	629	952	44578510	44579571	6.59e-60	224	1153	62687094	42
XP_021912650.1	SUPER_6	60.000	20	8	0	580	599	44578385	44578444	6.59e-60	31.6	1153	62687094	42
XP_021912650.1	SUPER_6	45.989	187	83	2	767	952	44589667	44590176	2.77e-32	142	1153	62687094	42
XP_021912650.1	SUPER_6	51.613	93	45	0	951	1043	44590742	44591020	1.20e-24	99.0	1153	62687094	42
XP_021912650.1	SUPER_6	46.939	49	20	2	1043	1088	44591110	44591247	1.20e-24	39.3	1153	62687094	42
XP_021912650.1	SUPER_6	57.447	94	36	2	951	1041	44581109	44581387	2.00e-18	96.7	1153	62687094	42
XP_021912650.1	SUPER_5	40.940	298	118	6	580	829	53872039	53872902	1.03e-42	176	1153	66822030	41
XP_021912650.1	SUPER_5	56.989	93	40	0	951	1043	53873758	53874036	1.23e-27	108	1153	66822030	41
XP_021912650.1	SUPER_5	48.980	49	19	2	1043	1088	53874120	53874257	1.23e-27	39.3	1153	66822030	41
XP_021912650.1	SUPER_5	52.439	82	39	0	871	952	53872947	53873192	5.67e-17	91.7	1153	66822030	41
AQL06529.1	SUPER_3	34.985	323	160	5	64	348	66692456	66693388	1.27e-44	178	735	70427289	86
AQL06529.1	SUPER_3	34.259	324	162	5	64	349	64717555	64716623	2.89e-42	171	735	70427289	86
AQL06529.1	SUPER_3	50.888	169	79	2	393	557	66693657	66694163	7.83e-33	141	735	70427289	86
AQL06529.1	SUPER_3	48.387	93	46	2	556	646	66694734	66695012	9.29e-33	86.3	735	70427289	86
AQL06529.1	SUPER_3	42.857	91	52	0	645	735	66695077	66695349	9.29e-33	78.6	735	70427289	86
AQL06529.1	SUPER_3	47.753	178	89	2	393	566	64716358	64715825	1.61e-32	140	735	70427289	86
AQL06529.1	SUPER_3	50.538	93	44	2	556	646	64715278	64715000	3.29e-17	91.3	735	70427289	86
AQL06529.1	SUPER_3	34.615	156	89	4	587	735	64715102	64714653	3.04e-11	72.0	735	70427289	86
AQL06529.1	SUPER_2	33.750	320	161	5	64	350	70594211	70595116	1.14e-41	169	735	70876221	86
AQL06529.1	SUPER_2	39.336	211	97	3	556	735	70596298	70596930	1.27e-32	140	735	70876221	86
AQL06529.1	SUPER_2	48.485	165	80	2	394	557	70595337	70595819	1.05e-31	137	735	70876221	86
AQL06529.1	SUPER_6	34.278	353	185	6	252	557	44578513	44579571	1.85e-37	155	735	62687094	63
AQL06529.1	SUPER_6	45.562	169	88	3	393	557	44589670	44590176	2.51e-25	117	735	62687094	63
AQL06529.1	SUPER_6	63.235	68	24	1	556	622	44581109	44581312	2.00e-16	89.0	735	62687094	63
AQL06529.1	SUPER_6	58.824	68	27	1	556	622	44590742	44590945	1.87e-14	82.4	735	62687094	63
AQL06529.1	SUPER_6	40.000	90	54	0	646	735	44585455	44585724	2.05e-12	75.9	735	62687094	63
AQL06529.1	SUPER_6	35.556	90	58	0	646	735	44591110	44591379	2.09e-09	65.9	735	62687094	63
AQL06529.1	SUPER_5	25.723	311	176	9	192	456	53872003	53872908	3.77e-37	91.3	735	66822030	70
AQL06529.1	SUPER_5	57.333	75	31	1	484	557	53872968	53873192	3.77e-37	88.2	735	66822030	70
AQL06529.1	SUPER_5	49.462	93	45	2	556	646	53873758	53874036	1.75e-30	87.8	735	66822030	70
AQL06529.1	SUPER_5	39.326	89	54	0	646	734	53874120	53874386	1.75e-30	69.3	735	66822030	70
AQL06529.1	SUPER_8	25.606	289	146	5	237	456	5132077	5131211	7.70e-31	81.6	735	61527627	52
AQL06529.1	SUPER_8	52.000	75	35	1	484	557	5131121	5130897	7.70e-31	76.6	735	61527627	52
AQL06529.1	SUPER_8	52.688	93	42	2	556	646	5130332	5130054	2.68e-18	95.1	735	61527627	52
AQL06528.1	SUPER_3	32.817	323	147	6	95	359	66692456	66693388	2.28e-38	157	657	70427289	79
AQL06528.1	SUPER_3	32.099	324	149	6	95	360	64717555	64716623	3.44e-36	150	657	70427289	79
AQL06528.1	SUPER_3	50.867	173	81	2	404	572	66693657	66694175	1.23e-33	143	657	70427289	79
AQL06528.1	SUPER_3	49.704	169	81	2	404	568	64716358	64715852	9.12e-33	140	657	70427289	79
AQL06528.1	SUPER_3	42.391	92	53	0	566	657	66695074	66695349	9.77e-14	79.7	657	70427289	79
AQL06528.1	SUPER_3	43.478	92	52	0	566	657	64714928	64714653	1.32e-10	69.7	657	70427289	79
AQL06528.1	SUPER_2	31.250	320	149	6	95	361	70594211	70595116	8.00e-36	149	657	70876221	79
AQL06528.1	SUPER_2	48.521	169	82	2	405	572	70595337	70595831	1.70e-32	139	657	70876221	79
AQL06528.1	SUPER_2	41.304	92	54	0	566	657	70596655	70596930	3.60e-12	74.7	657	70876221	79
AQL06528.1	SUPER_5	57.333	75	31	1	495	568	53872968	53873192	4.27e-31	87.8	657	66822030	55
AQL06528.1	SUPER_5	23.954	263	136	6	268	467	53872123	53872908	4.27e-31	71.2	657	66822030	55
AQL06528.1	SUPER_5	38.462	91	56	0	566	656	53874114	53874386	1.05e-10	70.1	657	66822030	55
AQL06528.1	SUPER_6	32.213	357	175	6	283	572	44578513	44579583	4.78e-31	135	657	62687094	57
AQL06528.1	SUPER_6	45.665	173	90	3	404	572	44589670	44590188	4.07e-26	119	657	62687094	57
AQL06528.1	SUPER_6	39.130	92	56	0	566	657	44585449	44585724	9.94e-13	76.6	657	62687094	57
AQL06528.1	SUPER_6	34.783	92	60	0	566	657	44591104	44591379	1.05e-09	66.6	657	62687094	57
AQL06528.1	SUPER_8	52.000	75	35	1	495	568	5131121	5130897	9.24e-25	77.0	657	61527627	39
AQL06528.1	SUPER_8	23.790	248	126	5	283	467	5131954	5131211	9.24e-25	60.8	657	61527627	39
AQL06526.1	SUPER_3	34.985	323	160	5	495	779	66692456	66693388	5.36e-44	180	1166	70427289	54
AQL06526.1	SUPER_3	34.259	324	162	5	495	780	64717555	64716623	1.27e-41	172	1166	70427289	54
AQL06526.1	SUPER_3	48.387	93	46	2	987	1077	66694734	66695012	2.59e-33	86.3	1166	70427289	54
AQL06526.1	SUPER_3	42.857	91	52	0	1076	1166	66695077	66695349	2.59e-33	81.3	1166	70427289	54
AQL06526.1	SUPER_3	50.888	169	79	2	824	988	66693657	66694163	1.07e-32	143	1166	70427289	54
AQL06526.1	SUPER_3	47.753	178	89	2	824	997	64716358	64715825	3.96e-32	141	1166	70427289	54
AQL06526.1	SUPER_3	50.538	93	44	2	987	1077	64715278	64715000	1.07e-16	90.9	1166	70427289	54
AQL06526.1	SUPER_3	34.615	156	89	4	1018	1166	64715102	64714653	2.88e-11	73.2	1166	70427289	54
AQL06526.1	SUPER_2	33.750	320	161	5	495	781	70594211	70595116	5.43e-41	170	1166	70876221	54
AQL06526.1	SUPER_2	39.336	211	97	3	987	1166	70596298	70596930	6.81e-33	144	1166	70876221	54
AQL06526.1	SUPER_2	48.485	165	80	2	825	988	70595337	70595819	8.19e-32	140	1166	70876221	54
AQL06526.1	SUPER_5	25.723	311	176	9	623	887	53872003	53872908	1.92e-37	92.0	1166	66822030	44
AQL06526.1	SUPER_5	57.333	75	31	1	915	988	53872968	53873192	1.92e-37	89.4	1166	66822030	44
AQL06526.1	SUPER_5	49.462	93	45	2	987	1077	53873758	53874036	7.33e-31	88.6	1166	66822030	44
AQL06526.1	SUPER_5	39.326	89	54	0	1077	1165	53874120	53874386	7.33e-31	70.5	1166	66822030	44
AQL06526.1	SUPER_6	34.278	353	185	6	683	988	44578513	44579571	3.62e-37	158	1166	62687094	40
AQL06526.1	SUPER_6	45.562	169	88	3	824	988	44589670	44590176	2.32e-25	119	1166	62687094	40
AQL06526.1	SUPER_6	63.235	68	24	1	987	1053	44581109	44581312	4.10e-16	89.0	1166	62687094	40
AQL06526.1	SUPER_6	58.824	68	27	1	987	1053	44590742	44590945	2.31e-14	83.2	1166	62687094	40
AQL06526.1	SUPER_6	40.000	90	54	0	1077	1166	44585455	44585724	7.05e-13	78.2	1166	62687094	40
AQL06526.1	SUPER_6	35.556	90	58	0	1077	1166	44591110	44591379	1.25e-09	67.8	1166	62687094	40
AQL06526.1	SUPER_8	25.606	289	146	5	668	887	5132077	5131211	2.82e-31	82.0	1166	61527627	33
AQL06526.1	SUPER_8	52.000	75	35	1	915	988	5131121	5130897	2.82e-31	78.6	1166	61527627	33
AQL06526.1	SUPER_8	52.688	93	42	2	987	1077	5130332	5130054	4.76e-18	95.5	1166	61527627	33
AQL06525.1	SUPER_3	34.985	323	160	5	354	638	66692456	66693388	1.25e-43	178	1025	70427289	61
AQL06525.1	SUPER_3	34.259	324	162	5	354	639	64717555	64716623	2.50e-41	171	1025	70427289	61
AQL06525.1	SUPER_3	48.387	93	46	2	846	936	66694734	66695012	6.66e-33	85.5	1025	70427289	61
AQL06525.1	SUPER_3	42.857	91	52	0	935	1025	66695077	66695349	6.66e-33	80.5	1025	70427289	61
AQL06525.1	SUPER_3	50.888	169	79	2	683	847	66693657	66694163	2.83e-32	141	1025	70427289	61
AQL06525.1	SUPER_3	47.753	178	89	2	683	856	64716358	64715825	6.13e-32	140	1025	70427289	61
AQL06525.1	SUPER_3	50.538	93	44	2	846	936	64715278	64715000	1.15e-16	90.5	1025	70427289	61
AQL06525.1	SUPER_3	34.615	156	89	4	877	1025	64715102	64714653	3.58e-11	72.4	1025	70427289	61
AQL06525.1	SUPER_2	33.750	320	161	5	354	640	70594211	70595116	4.37e-41	170	1025	70876221	61
AQL06525.1	SUPER_2	39.336	211	97	3	846	1025	70596298	70596930	2.10e-32	142	1025	70876221	61
AQL06525.1	SUPER_2	48.485	165	80	2	684	847	70595337	70595819	3.13e-31	138	1025	70876221	61
AQL06525.1	SUPER_5	25.723	311	176	9	482	746	53872003	53872908	8.50e-37	90.9	1025	66822030	50
AQL06525.1	SUPER_5	57.333	75	31	1	774	847	53872968	53873192	8.50e-37	88.2	1025	66822030	50
AQL06525.1	SUPER_5	49.462	93	45	2	846	936	53873758	53874036	1.69e-30	87.8	1025	66822030	50
AQL06525.1	SUPER_5	39.326	89	54	0	936	1024	53874120	53874386	1.69e-30	70.1	1025	66822030	50
AQL06525.1	SUPER_6	33.994	353	186	5	542	847	44578513	44579571	1.48e-36	155	1025	62687094	45
AQL06525.1	SUPER_6	45.562	169	88	3	683	847	44589670	44590176	6.98e-25	117	1025	62687094	45
AQL06525.1	SUPER_6	63.235	68	24	1	846	912	44581109	44581312	5.12e-16	88.6	1025	62687094	45
AQL06525.1	SUPER_6	58.824	68	27	1	846	912	44590742	44590945	4.04e-14	82.0	1025	62687094	45
AQL06525.1	SUPER_6	40.000	90	54	0	936	1025	44585455	44585724	1.24e-12	77.4	1025	62687094	45
AQL06525.1	SUPER_6	35.556	90	58	0	936	1025	44591110	44591379	1.74e-09	67.0	1025	62687094	45
AQL06525.1	SUPER_8	25.606	289	146	5	527	746	5132077	5131211	7.49e-31	81.6	1025	61527627	37
AQL06525.1	SUPER_8	52.000	75	35	1	774	847	5131121	5130897	7.49e-31	77.4	1025	61527627	37
AQL06525.1	SUPER_8	52.688	93	42	2	846	936	5130332	5130054	7.34e-18	94.4	1025	61527627	37
AQL06524.1	SUPER_3	32.817	323	147	6	95	359	66692456	66693388	2.28e-38	157	657	70427289	79
AQL06524.1	SUPER_3	32.099	324	149	6	95	360	64717555	64716623	3.44e-36	150	657	70427289	79
AQL06524.1	SUPER_3	50.867	173	81	2	404	572	66693657	66694175	1.23e-33	143	657	70427289	79
AQL06524.1	SUPER_3	49.704	169	81	2	404	568	64716358	64715852	9.12e-33	140	657	70427289	79
AQL06524.1	SUPER_3	42.391	92	53	0	566	657	66695074	66695349	9.77e-14	79.7	657	70427289	79
AQL06524.1	SUPER_3	43.478	92	52	0	566	657	64714928	64714653	1.32e-10	69.7	657	70427289	79
AQL06524.1	SUPER_2	31.250	320	149	6	95	361	70594211	70595116	8.00e-36	149	657	70876221	79
AQL06524.1	SUPER_2	48.521	169	82	2	405	572	70595337	70595831	1.70e-32	139	657	70876221	79
AQL06524.1	SUPER_2	41.304	92	54	0	566	657	70596655	70596930	3.60e-12	74.7	657	70876221	79
AQL06524.1	SUPER_5	57.333	75	31	1	495	568	53872968	53873192	4.27e-31	87.8	657	66822030	55
AQL06524.1	SUPER_5	23.954	263	136	6	268	467	53872123	53872908	4.27e-31	71.2	657	66822030	55
AQL06524.1	SUPER_5	38.462	91	56	0	566	656	53874114	53874386	1.05e-10	70.1	657	66822030	55
AQL06524.1	SUPER_6	32.213	357	175	6	283	572	44578513	44579583	4.78e-31	135	657	62687094	57
AQL06524.1	SUPER_6	45.665	173	90	3	404	572	44589670	44590188	4.07e-26	119	657	62687094	57
AQL06524.1	SUPER_6	39.130	92	56	0	566	657	44585449	44585724	9.94e-13	76.6	657	62687094	57
AQL06524.1	SUPER_6	34.783	92	60	0	566	657	44591104	44591379	1.05e-09	66.6	657	62687094	57
AQL06524.1	SUPER_8	52.000	75	35	1	495	568	5131121	5130897	9.24e-25	77.0	657	61527627	39
AQL06524.1	SUPER_8	23.790	248	126	5	283	467	5131954	5131211	9.24e-25	60.8	657	61527627	39
AQL06523.1	SUPER_3	34.985	323	160	5	490	774	66692456	66693388	5.60e-44	180	1161	70427289	54
AQL06523.1	SUPER_3	34.259	324	162	5	490	775	64717555	64716623	1.32e-41	172	1161	70427289	54
AQL06523.1	SUPER_3	48.387	93	46	2	982	1072	66694734	66695012	2.87e-33	86.3	1161	70427289	54
AQL06523.1	SUPER_3	42.857	91	52	0	1071	1161	66695077	66695349	2.87e-33	80.9	1161	70427289	54
AQL06523.1	SUPER_3	50.888	169	79	2	819	983	66693657	66694163	1.12e-32	143	1161	70427289	54
AQL06523.1	SUPER_3	47.753	178	89	2	819	992	64716358	64715825	4.02e-32	141	1161	70427289	54
AQL06523.1	SUPER_3	50.538	93	44	2	982	1072	64715278	64715000	1.03e-16	90.9	1161	70427289	54
AQL06523.1	SUPER_3	34.615	156	89	4	1013	1161	64715102	64714653	2.94e-11	73.2	1161	70427289	54
AQL06523.1	SUPER_2	33.750	320	161	5	490	776	70594211	70595116	6.13e-41	170	1161	70876221	54
AQL06523.1	SUPER_2	39.336	211	97	3	982	1161	70596298	70596930	6.63e-33	144	1161	70876221	54
AQL06523.1	SUPER_2	48.485	165	80	2	820	983	70595337	70595819	9.36e-32	140	1161	70876221	54
AQL06523.1	SUPER_5	25.723	311	176	9	618	882	53872003	53872908	1.92e-37	92.0	1161	66822030	44
AQL06523.1	SUPER_5	57.333	75	31	1	910	983	53872968	53873192	1.92e-37	89.4	1161	66822030	44
AQL06523.1	SUPER_5	49.462	93	45	2	982	1072	53873758	53874036	8.05e-31	88.6	1161	66822030	44
AQL06523.1	SUPER_5	39.326	89	54	0	1072	1160	53874120	53874386	8.05e-31	70.5	1161	66822030	44
AQL06523.1	SUPER_6	34.278	353	185	6	678	983	44578513	44579571	3.67e-37	157	1161	62687094	40
AQL06523.1	SUPER_6	45.562	169	88	3	819	983	44589670	44590176	2.29e-25	119	1161	62687094	40
AQL06523.1	SUPER_6	63.235	68	24	1	982	1048	44581109	44581312	4.01e-16	89.0	1161	62687094	40
AQL06523.1	SUPER_6	58.824	68	27	1	982	1048	44590742	44590945	2.26e-14	83.2	1161	62687094	40
AQL06523.1	SUPER_6	40.000	90	54	0	1072	1161	44585455	44585724	7.37e-13	78.2	1161	62687094	40
AQL06523.1	SUPER_6	35.556	90	58	0	1072	1161	44591110	44591379	1.28e-09	67.8	1161	62687094	40
AQL06523.1	SUPER_8	25.606	289	146	5	663	882	5132077	5131211	3.02e-31	82.0	1161	61527627	33
AQL06523.1	SUPER_8	52.000	75	35	1	910	983	5131121	5130897	3.02e-31	78.6	1161	61527627	33
AQL06523.1	SUPER_8	52.688	93	42	2	982	1072	5130332	5130054	4.73e-18	95.5	1161	61527627	33
AQL06522.1	SUPER_3	34.985	323	160	5	517	801	66692456	66693388	4.95e-44	180	1188	70427289	53
AQL06522.1	SUPER_3	34.259	324	162	5	517	802	64717555	64716623	1.11e-41	172	1188	70427289	53
AQL06522.1	SUPER_3	48.387	93	46	2	1009	1099	66694734	66695012	2.05e-33	86.7	1188	70427289	53
AQL06522.1	SUPER_3	42.857	91	52	0	1098	1188	66695077	66695349	2.05e-33	81.3	1188	70427289	53
AQL06522.1	SUPER_3	50.888	169	79	2	846	1010	66693657	66694163	9.15e-33	143	1188	70427289	53
AQL06522.1	SUPER_3	47.753	178	89	2	846	1019	64716358	64715825	3.42e-32	141	1188	70427289	53
AQL06522.1	SUPER_3	50.538	93	44	2	1009	1099	64715278	64715000	1.00e-16	90.9	1188	70427289	53
AQL06522.1	SUPER_3	34.615	156	89	4	1040	1188	64715102	64714653	2.65e-11	73.2	1188	70427289	53
AQL06522.1	SUPER_2	33.750	320	161	5	517	803	70594211	70595116	5.02e-41	170	1188	70876221	53
AQL06522.1	SUPER_2	39.336	211	97	3	1009	1188	70596298	70596930	6.20e-33	144	1188	70876221	53
AQL06522.1	SUPER_2	48.485	165	80	2	847	1010	70595337	70595819	7.58e-32	140	1188	70876221	53
AQL06522.1	SUPER_5	25.723	311	176	9	645	909	53872003	53872908	1.63e-37	92.0	1188	66822030	43
AQL06522.1	SUPER_5	57.333	75	31	1	937	1010	53872968	53873192	1.63e-37	89.7	1188	66822030	43
AQL06522.1	SUPER_5	49.462	93	45	2	1009	1099	53873758	53874036	5.43e-31	89.0	1188	66822030	43
AQL06522.1	SUPER_5	39.326	89	54	0	1099	1187	53874120	53874386	5.43e-31	70.9	1188	66822030	43
AQL06522.1	SUPER_6	34.278	353	185	6	705	1010	44578513	44579571	3.64e-37	158	1188	62687094	39
AQL06522.1	SUPER_6	45.562	169	88	3	846	1010	44589670	44590176	2.10e-25	119	1188	62687094	39
AQL06522.1	SUPER_6	63.235	68	24	1	1009	1075	44581109	44581312	3.47e-16	89.4	1188	62687094	39
AQL06522.1	SUPER_6	58.824	68	27	1	1009	1075	44590742	44590945	2.17e-14	83.6	1188	62687094	39
AQL06522.1	SUPER_6	40.000	90	54	0	1099	1188	44585455	44585724	6.54e-13	78.6	1188	62687094	39
AQL06522.1	SUPER_6	35.556	90	58	0	1099	1188	44591110	44591379	1.16e-09	67.8	1188	62687094	39
AQL06522.1	SUPER_8	25.606	289	146	5	690	909	5132077	5131211	2.25e-31	82.0	1188	61527627	32
AQL06522.1	SUPER_8	52.000	75	35	1	937	1010	5131121	5130897	2.25e-31	79.0	1188	61527627	32
AQL06522.1	SUPER_8	52.688	93	42	2	1009	1099	5130332	5130054	4.43e-18	95.5	1188	61527627	32
AQL06521.1	SUPER_3	32.817	323	147	6	95	359	66692456	66693388	2.28e-38	157	657	70427289	79
AQL06521.1	SUPER_3	32.099	324	149	6	95	360	64717555	64716623	3.44e-36	150	657	70427289	79
AQL06521.1	SUPER_3	50.867	173	81	2	404	572	66693657	66694175	1.23e-33	143	657	70427289	79
AQL06521.1	SUPER_3	49.704	169	81	2	404	568	64716358	64715852	9.12e-33	140	657	70427289	79
AQL06521.1	SUPER_3	42.391	92	53	0	566	657	66695074	66695349	9.77e-14	79.7	657	70427289	79
AQL06521.1	SUPER_3	43.478	92	52	0	566	657	64714928	64714653	1.32e-10	69.7	657	70427289	79
AQL06521.1	SUPER_2	31.250	320	149	6	95	361	70594211	70595116	8.00e-36	149	657	70876221	79
AQL06521.1	SUPER_2	48.521	169	82	2	405	572	70595337	70595831	1.70e-32	139	657	70876221	79
AQL06521.1	SUPER_2	41.304	92	54	0	566	657	70596655	70596930	3.60e-12	74.7	657	70876221	79
AQL06521.1	SUPER_5	57.333	75	31	1	495	568	53872968	53873192	4.27e-31	87.8	657	66822030	55
AQL06521.1	SUPER_5	23.954	263	136	6	268	467	53872123	53872908	4.27e-31	71.2	657	66822030	55
AQL06521.1	SUPER_5	38.462	91	56	0	566	656	53874114	53874386	1.05e-10	70.1	657	66822030	55
AQL06521.1	SUPER_6	32.213	357	175	6	283	572	44578513	44579583	4.78e-31	135	657	62687094	57
AQL06521.1	SUPER_6	45.665	173	90	3	404	572	44589670	44590188	4.07e-26	119	657	62687094	57
AQL06521.1	SUPER_6	39.130	92	56	0	566	657	44585449	44585724	9.94e-13	76.6	657	62687094	57
AQL06521.1	SUPER_6	34.783	92	60	0	566	657	44591104	44591379	1.05e-09	66.6	657	62687094	57
AQL06521.1	SUPER_8	52.000	75	35	1	495	568	5131121	5130897	9.24e-25	77.0	657	61527627	39
AQL06521.1	SUPER_8	23.790	248	126	5	283	467	5131954	5131211	9.24e-25	60.8	657	61527627	39
AQL06520.1	SUPER_3	34.985	323	160	5	512	796	66692456	66693388	4.67e-44	180	1183	70427289	53
AQL06520.1	SUPER_3	34.259	324	162	5	512	797	64717555	64716623	9.44e-42	173	1183	70427289	53
AQL06520.1	SUPER_3	48.387	93	46	2	1004	1094	66694734	66695012	2.14e-33	86.7	1183	70427289	53
AQL06520.1	SUPER_3	42.857	91	52	0	1093	1183	66695077	66695349	2.14e-33	81.3	1183	70427289	53
AQL06520.1	SUPER_3	50.888	169	79	2	841	1005	66693657	66694163	8.69e-33	143	1183	70427289	53
AQL06520.1	SUPER_3	47.753	178	89	2	841	1014	64716358	64715825	3.33e-32	141	1183	70427289	53
AQL06520.1	SUPER_3	50.538	93	44	2	1004	1094	64715278	64715000	9.52e-17	91.3	1183	70427289	53
AQL06520.1	SUPER_3	34.615	156	89	4	1035	1183	64715102	64714653	2.64e-11	73.2	1183	70427289	53
AQL06520.1	SUPER_2	33.750	320	161	5	512	798	70594211	70595116	4.95e-41	170	1183	70876221	53
AQL06520.1	SUPER_2	39.336	211	97	3	1004	1183	70596298	70596930	5.99e-33	144	1183	70876221	53
AQL06520.1	SUPER_2	48.485	165	80	2	842	1005	70595337	70595819	7.32e-32	140	1183	70876221	53
AQL06520.1	SUPER_5	25.723	311	176	9	640	904	53872003	53872908	1.45e-37	92.0	1183	66822030	44
AQL06520.1	SUPER_5	57.333	75	31	1	932	1005	53872968	53873192	1.45e-37	89.7	1183	66822030	44
AQL06520.1	SUPER_5	49.462	93	45	2	1004	1094	53873758	53874036	5.40e-31	89.0	1183	66822030	44
AQL06520.1	SUPER_5	39.326	89	54	0	1094	1182	53874120	53874386	5.40e-31	70.9	1183	66822030	44
AQL06520.1	SUPER_6	34.278	353	185	6	700	1005	44578513	44579571	3.20e-37	158	1183	62687094	39
AQL06520.1	SUPER_6	45.562	169	88	3	841	1005	44589670	44590176	1.98e-25	119	1183	62687094	39
AQL06520.1	SUPER_6	63.235	68	24	1	1004	1070	44581109	44581312	3.40e-16	89.4	1183	62687094	39
AQL06520.1	SUPER_6	58.824	68	27	1	1004	1070	44590742	44590945	2.15e-14	83.6	1183	62687094	39
AQL06520.1	SUPER_6	40.000	90	54	0	1094	1183	44585455	44585724	6.50e-13	78.6	1183	62687094	39
AQL06520.1	SUPER_6	35.556	90	58	0	1094	1183	44591110	44591379	1.15e-09	67.8	1183	62687094	39
AQL06520.1	SUPER_8	25.606	289	146	5	685	904	5132077	5131211	2.73e-31	82.0	1183	61527627	32
AQL06520.1	SUPER_8	52.000	75	35	1	932	1005	5131121	5130897	2.73e-31	79.0	1183	61527627	32
AQL06520.1	SUPER_8	52.688	93	42	2	1004	1094	5130332	5130054	4.29e-18	95.5	1183	61527627	32
AQL06519.1	SUPER_3	34.985	323	160	5	64	348	66692456	66693388	1.27e-44	178	735	70427289	86
AQL06519.1	SUPER_3	34.259	324	162	5	64	349	64717555	64716623	2.89e-42	171	735	70427289	86
AQL06519.1	SUPER_3	50.888	169	79	2	393	557	66693657	66694163	7.83e-33	141	735	70427289	86
AQL06519.1	SUPER_3	48.387	93	46	2	556	646	66694734	66695012	9.29e-33	86.3	735	70427289	86
AQL06519.1	SUPER_3	42.857	91	52	0	645	735	66695077	66695349	9.29e-33	78.6	735	70427289	86
AQL06519.1	SUPER_3	47.753	178	89	2	393	566	64716358	64715825	1.61e-32	140	735	70427289	86
AQL06519.1	SUPER_3	50.538	93	44	2	556	646	64715278	64715000	3.29e-17	91.3	735	70427289	86
AQL06519.1	SUPER_3	34.615	156	89	4	587	735	64715102	64714653	3.04e-11	72.0	735	70427289	86
AQL06519.1	SUPER_2	33.750	320	161	5	64	350	70594211	70595116	1.14e-41	169	735	70876221	86
AQL06519.1	SUPER_2	39.336	211	97	3	556	735	70596298	70596930	1.27e-32	140	735	70876221	86
AQL06519.1	SUPER_2	48.485	165	80	2	394	557	70595337	70595819	1.05e-31	137	735	70876221	86
AQL06519.1	SUPER_6	34.278	353	185	6	252	557	44578513	44579571	1.85e-37	155	735	62687094	63
AQL06519.1	SUPER_6	45.562	169	88	3	393	557	44589670	44590176	2.51e-25	117	735	62687094	63
AQL06519.1	SUPER_6	63.235	68	24	1	556	622	44581109	44581312	2.00e-16	89.0	735	62687094	63
AQL06519.1	SUPER_6	58.824	68	27	1	556	622	44590742	44590945	1.87e-14	82.4	735	62687094	63
AQL06519.1	SUPER_6	40.000	90	54	0	646	735	44585455	44585724	2.05e-12	75.9	735	62687094	63
AQL06519.1	SUPER_6	35.556	90	58	0	646	735	44591110	44591379	2.09e-09	65.9	735	62687094	63
AQL06519.1	SUPER_5	25.723	311	176	9	192	456	53872003	53872908	3.77e-37	91.3	735	66822030	70
AQL06519.1	SUPER_5	57.333	75	31	1	484	557	53872968	53873192	3.77e-37	88.2	735	66822030	70
AQL06519.1	SUPER_5	49.462	93	45	2	556	646	53873758	53874036	1.75e-30	87.8	735	66822030	70
AQL06519.1	SUPER_5	39.326	89	54	0	646	734	53874120	53874386	1.75e-30	69.3	735	66822030	70
AQL06519.1	SUPER_8	25.606	289	146	5	237	456	5132077	5131211	7.70e-31	81.6	735	61527627	52
AQL06519.1	SUPER_8	52.000	75	35	1	484	557	5131121	5130897	7.70e-31	76.6	735	61527627	52
AQL06519.1	SUPER_8	52.688	93	42	2	556	646	5130332	5130054	2.68e-18	95.1	735	61527627	52
AQL06518.1	SUPER_3	32.817	323	147	6	95	359	66692456	66693388	2.28e-38	157	657	70427289	79
AQL06518.1	SUPER_3	32.099	324	149	6	95	360	64717555	64716623	3.44e-36	150	657	70427289	79
AQL06518.1	SUPER_3	50.867	173	81	2	404	572	66693657	66694175	1.23e-33	143	657	70427289	79
AQL06518.1	SUPER_3	49.704	169	81	2	404	568	64716358	64715852	9.12e-33	140	657	70427289	79
AQL06518.1	SUPER_3	42.391	92	53	0	566	657	66695074	66695349	9.77e-14	79.7	657	70427289	79
AQL06518.1	SUPER_3	43.478	92	52	0	566	657	64714928	64714653	1.32e-10	69.7	657	70427289	79
AQL06518.1	SUPER_2	31.250	320	149	6	95	361	70594211	70595116	8.00e-36	149	657	70876221	79
AQL06518.1	SUPER_2	48.521	169	82	2	405	572	70595337	70595831	1.70e-32	139	657	70876221	79
AQL06518.1	SUPER_2	41.304	92	54	0	566	657	70596655	70596930	3.60e-12	74.7	657	70876221	79
AQL06518.1	SUPER_5	57.333	75	31	1	495	568	53872968	53873192	4.27e-31	87.8	657	66822030	55
AQL06518.1	SUPER_5	23.954	263	136	6	268	467	53872123	53872908	4.27e-31	71.2	657	66822030	55
AQL06518.1	SUPER_5	38.462	91	56	0	566	656	53874114	53874386	1.05e-10	70.1	657	66822030	55
AQL06518.1	SUPER_6	32.213	357	175	6	283	572	44578513	44579583	4.78e-31	135	657	62687094	57
AQL06518.1	SUPER_6	45.665	173	90	3	404	572	44589670	44590188	4.07e-26	119	657	62687094	57
AQL06518.1	SUPER_6	39.130	92	56	0	566	657	44585449	44585724	9.94e-13	76.6	657	62687094	57
AQL06518.1	SUPER_6	34.783	92	60	0	566	657	44591104	44591379	1.05e-09	66.6	657	62687094	57
AQL06518.1	SUPER_8	52.000	75	35	1	495	568	5131121	5130897	9.24e-25	77.0	657	61527627	39
AQL06518.1	SUPER_8	23.790	248	126	5	283	467	5131954	5131211	9.24e-25	60.8	657	61527627	39
AAX21526.1	SUPER_3	50.888	169	79	2	18	182	66693657	66694163	1.89e-35	140	334	70427289	94
AAX21526.1	SUPER_3	47.753	178	89	2	18	191	64716358	64715825	2.98e-35	140	334	70427289	94
AAX21526.1	SUPER_3	48.387	93	46	2	181	271	66694734	66695012	1.72e-25	86.3	334	70427289	94
AAX21526.1	SUPER_3	43.077	65	34	1	270	331	66695077	66695271	1.72e-25	52.8	334	70427289	94
AAX21526.1	SUPER_3	50.538	93	44	2	181	271	64715278	64715000	1.30e-18	91.3	334	70427289	94
AAX21526.1	SUPER_2	48.485	165	80	2	19	182	70595337	70595819	1.83e-34	138	334	70876221	90
AAX21526.1	SUPER_2	38.235	170	74	3	181	319	70596298	70596807	4.60e-26	113	334	70876221	90
AAX21526.1	SUPER_6	45.562	169	88	3	18	182	44589670	44590176	5.92e-27	116	334	62687094	69
AAX21526.1	SUPER_6	45.562	169	88	2	18	182	44579065	44579571	7.71e-27	115	334	62687094	69
AAX21526.1	SUPER_6	63.235	68	24	1	181	247	44581109	44581312	1.18e-17	88.6	334	62687094	69
AAX21526.1	SUPER_6	58.824	68	27	1	181	247	44590742	44590945	1.28e-15	82.4	334	62687094	69
AAX21526.1	SUPER_5	57.333	75	31	1	109	182	53872968	53873192	4.51e-25	88.2	334	66822030	87
AAX21526.1	SUPER_5	38.095	63	39	0	19	81	53872720	53872908	4.51e-25	49.3	334	66822030	87
AAX21526.1	SUPER_5	49.462	93	45	2	181	271	53873758	53874036	7.72e-24	88.2	334	66822030	87
AAX21526.1	SUPER_5	37.313	67	39	1	271	334	53874120	53874320	7.72e-24	45.1	334	66822030	87
AAX21526.1	SUPER_8	52.000	75	35	1	109	182	5131121	5130897	5.42e-22	76.6	334	61527627	68
AAX21526.1	SUPER_8	38.095	63	39	0	19	81	5131399	5131211	5.42e-22	50.4	334	61527627	68
AAX21526.1	SUPER_8	52.688	93	42	2	181	271	5130332	5130054	6.18e-20	95.5	334	61527627	68
AAS91212.1	SUPER_3	34.985	323	160	5	200	484	66692456	66693388	2.47e-44	179	871	70427289	73
AAS91212.1	SUPER_3	34.259	324	162	5	200	485	64717555	64716623	1.01e-41	171	871	70427289	73
AAS91212.1	SUPER_3	47.283	184	87	4	525	702	64716364	64715825	1.23e-36	154	871	70427289	73
AAS91212.1	SUPER_3	49.711	173	81	4	525	693	66693651	66694163	5.05e-36	152	871	70427289	73
AAS91212.1	SUPER_3	48.387	93	46	2	692	782	66694734	66695012	5.90e-33	85.5	871	70427289	73
AAS91212.1	SUPER_3	42.857	91	52	0	781	871	66695077	66695349	5.90e-33	80.1	871	70427289	73
AAS91212.1	SUPER_3	50.538	93	44	2	692	782	64715278	64715000	8.60e-17	90.5	871	70427289	73
AAS91212.1	SUPER_3	34.615	156	89	4	723	871	64715102	64714653	2.60e-11	72.8	871	70427289	73
AAS91212.1	SUPER_2	33.750	320	161	5	200	486	70594211	70595116	1.66e-41	170	871	70876221	72
AAS91212.1	SUPER_2	47.853	163	80	2	532	693	70595343	70595819	6.70e-35	149	871	70876221	72
AAS91212.1	SUPER_2	39.336	211	97	3	692	871	70596298	70596930	1.44e-32	141	871	70876221	72
AAS91212.1	SUPER_6	33.239	355	186	6	388	693	44578513	44579571	4.42e-41	169	871	62687094	53
AAS91212.1	SUPER_6	43.353	173	92	3	525	693	44589664	44590176	9.62e-30	132	871	62687094	53
AAS91212.1	SUPER_6	63.235	68	24	1	692	758	44581109	44581312	3.63e-16	88.6	871	62687094	53
AAS91212.1	SUPER_6	58.824	68	27	1	692	758	44590742	44590945	3.50e-14	82.0	871	62687094	53
AAS91212.1	SUPER_6	40.000	90	54	0	782	871	44585455	44585724	9.80e-13	77.4	871	62687094	53
AAS91212.1	SUPER_6	35.556	90	58	0	782	871	44591110	44591379	1.39e-09	67.0	871	62687094	53
AAS91212.1	SUPER_5	57.317	82	34	1	613	693	53872947	53873192	3.17e-38	95.9	871	66822030	62
AAS91212.1	SUPER_5	25.455	330	182	10	328	609	53872003	53872944	3.17e-38	87.8	871	66822030	62
AAS91212.1	SUPER_5	49.462	93	45	2	692	782	53873758	53874036	1.43e-30	87.8	871	66822030	62
AAS91212.1	SUPER_5	39.326	89	54	0	782	870	53874120	53874386	1.43e-30	70.1	871	66822030	62
AAS91212.1	SUPER_8	52.874	87	40	1	608	693	5131157	5130897	1.17e-33	91.3	871	61527627	45
AAS91212.1	SUPER_8	24.913	289	148	3	373	592	5132077	5131211	1.17e-33	77.0	871	61527627	45
AAS91212.1	SUPER_8	52.688	93	42	2	692	782	5130332	5130054	5.39e-18	94.4	871	61527627	45
OAO93725.1	SUPER_3	34.219	640	312	12	403	955	64717669	64715816	1.44e-88	320	1123	70427289	73
OAO93725.1	SUPER_3	31.527	406	221	6	403	765	66692339	66693514	4.03e-44	180	1123	70427289	73
OAO93725.1	SUPER_3	46.591	176	89	1	770	945	66693657	66694169	1.57e-41	172	1123	70427289	73
OAO93725.1	SUPER_3	52.688	93	44	0	942	1034	64715278	64715000	5.17e-27	94.7	1123	70427289	73
OAO93725.1	SUPER_3	40.659	91	54	0	1033	1123	64714925	64714653	5.17e-27	51.6	1123	70427289	73
OAO93725.1	SUPER_3	51.613	93	45	0	942	1034	66694734	66695012	8.31e-18	94.4	1123	70427289	73
OAO93725.1	SUPER_3	40.404	99	57	1	4	102	66687549	66687839	3.31e-10	69.3	1123	70427289	73
OAO93725.1	SUPER_3	41.441	111	64	1	1014	1123	66695017	66695349	1.24e-09	67.8	1123	70427289	73
OAO93725.1	SUPER_3	38.835	103	53	3	4	101	64722836	64722543	2.48e-08	63.2	1123	70427289	73
OAO93725.1	SUPER_6	35.028	354	181	4	636	945	44578531	44579577	4.77e-48	193	1123	62687094	36
OAO93725.1	SUPER_6	42.373	177	95	2	770	945	44589670	44590182	1.17e-32	143	1123	62687094	36
OAO93725.1	SUPER_6	57.353	68	29	0	942	1009	44581109	44581312	1.91e-13	80.1	1123	62687094	36
OAO93725.1	SUPER_6	42.708	96	51	1	942	1037	44590742	44591017	4.98e-13	79.0	1123	62687094	36
OAO93725.1	SUPER_5	31.973	294	155	6	583	832	53872027	53872905	2.58e-46	120	1123	66822030	45
OAO93725.1	SUPER_5	46.341	82	44	0	862	943	53872947	53873192	2.58e-46	90.9	1123	66822030	45
OAO93725.1	SUPER_5	48.387	93	48	0	942	1034	53873758	53874036	4.96e-23	88.2	1123	66822030	45
OAO93725.1	SUPER_5	38.636	88	54	0	1034	1121	53874120	53874383	4.96e-23	44.7	1123	66822030	45
OAO93725.1	SUPER_8	31.950	241	120	2	636	832	5131936	5131214	1.34e-45	114	1123	61527627	33
OAO93725.1	SUPER_8	47.126	87	46	0	857	943	5131157	5130897	1.34e-45	94.7	1123	61527627	33
OAO93725.1	SUPER_8	50.538	93	46	0	942	1034	5130332	5130054	3.75e-17	92.4	1123	61527627	33
OAO93725.1	SUPER_2	34.277	318	172	5	448	734	70594202	70595137	5.01e-43	177	1123	70876221	66
OAO93725.1	SUPER_2	46.286	175	82	2	771	945	70595337	70595825	4.36e-40	167	1123	70876221	66
OAO93725.1	SUPER_2	39.336	211	99	1	942	1123	70596298	70596930	6.88e-25	117	1123	70876221	66
OAO93725.1	SUPER_2	38.542	96	51	2	6	101	66546587	66546324	6.53e-07	58.5	1123	70876221	66
AJN91135.1	SUPER_2	38.554	83	49	1	518	600	70594214	70594456	2.31e-07	58.9	620	70876221	13
AJN91134.1	SUPER_2	38.554	83	49	1	517	599	70594214	70594456	2.43e-07	58.9	619	70876221	13
AJN91133.1	SUPER_3	29.616	547	274	14	25	518	64717318	64715852	1.78e-64	236	676	70427289	87
AJN91133.1	SUPER_3	35.749	207	104	3	312	518	66693630	66694163	1.40e-31	137	676	70427289	87
AJN91133.1	SUPER_3	28.713	303	184	7	25	324	66692696	66693517	9.80e-29	128	676	70427289	87
AJN91133.1	SUPER_3	41.935	93	54	0	517	609	66694734	66695012	6.47e-13	77.4	676	70427289	87
AJN91133.1	SUPER_3	40.860	93	55	0	517	609	64715278	64715000	2.75e-12	75.1	676	70427289	87
AJN91133.1	SUPER_2	33.824	204	95	3	318	518	70595319	70595819	5.27e-31	135	676	70876221	87
AJN91133.1	SUPER_2	31.325	249	138	5	12	258	70594403	70595056	2.55e-28	126	676	70876221	87
AJN91133.1	SUPER_2	32.558	172	83	2	517	655	70596298	70596813	5.70e-17	90.5	676	70876221	87
AJN91133.1	SUPER_6	32.143	196	106	3	323	518	44589670	44590176	3.11e-23	110	676	62687094	62
AJN91133.1	SUPER_6	31.122	196	108	2	323	518	44579065	44579571	4.96e-23	109	676	62687094	62
AJN91133.1	SUPER_6	38.636	88	54	0	517	604	44590742	44591005	5.17e-17	67.8	676	62687094	62
AJN91133.1	SUPER_6	37.097	62	35	1	607	664	44591104	44591289	5.17e-17	43.9	676	62687094	62
AJN91133.1	SUPER_6	42.500	80	46	0	179	258	44578510	44578749	2.33e-11	72.0	676	62687094	62
AJN91133.1	SUPER_6	47.059	68	36	0	517	584	44581109	44581312	5.64e-10	67.8	676	62687094	62
AJN91133.1	SUPER_5	29.341	167	87	4	92	258	53871994	53872401	3.64e-12	74.7	676	66822030	59
AJN91133.1	SUPER_5	40.964	83	47	1	436	518	53872950	53873192	5.97e-12	73.9	676	66822030	59
AJN91133.1	SUPER_5	37.634	93	58	0	517	609	53873758	53874036	1.30e-09	66.6	676	66822030	59
AJN91133.1	SUPER_5	40.984	61	36	0	324	384	53872720	53872902	3.13e-08	62.0	676	66822030	59
AJN91133.1	SUPER_8	39.785	93	56	0	517	609	5130332	5130054	9.95e-12	73.2	676	61527627	58
AJN91133.1	SUPER_8	37.079	89	54	1	430	518	5131157	5130897	5.79e-10	67.8	676	61527627	58
AJN91133.1	SUPER_8	40.984	61	36	0	324	384	5131399	5131217	4.22e-09	64.7	676	61527627	58
AJN91133.1	SUPER_8	27.152	151	80	3	108	258	5132080	5131718	3.05e-06	55.5	676	61527627	58
ACH81295.1	SUPER_3	33.416	401	237	7	403	791	66692462	66693610	2.79e-50	200	1122	70427289	61
ACH81295.1	SUPER_3	33.645	321	194	4	403	718	64717549	64716629	2.57e-44	181	1122	70427289	61
ACH81295.1	SUPER_3	44.186	172	90	4	755	922	66693684	66694193	1.26e-34	149	1122	70427289	61
ACH81295.1	SUPER_3	44.720	161	84	3	755	911	64716331	64715852	2.72e-34	148	1122	70427289	61
ACH81295.1	SUPER_3	48.387	93	48	0	910	1002	64715278	64715000	2.84e-21	93.6	1122	70427289	61
ACH81295.1	SUPER_3	36.735	49	26	1	1000	1043	64714928	64714782	2.84e-21	33.5	1122	70427289	61
ACH81295.1	SUPER_3	49.462	93	47	0	910	1002	66694734	66695012	5.37e-20	92.0	1122	70427289	61
ACH81295.1	SUPER_3	28.866	97	61	3	1000	1090	66695074	66695358	5.37e-20	30.4	1122	70427289	61
ACH81295.1	SUPER_2	30.769	364	218	5	403	756	70594217	70595236	1.31e-42	175	1122	70876221	57
ACH81295.1	SUPER_2	43.671	158	83	2	755	911	70595361	70595819	2.57e-33	145	1122	70876221	57
ACH81295.1	SUPER_2	32.353	170	81	2	910	1045	70596298	70596807	2.01e-17	93.2	1122	70876221	57
ACH81295.1	SUPER_6	31.198	359	177	7	621	911	44578501	44579571	1.40e-41	172	1122	62687094	34
ACH81295.1	SUPER_6	40.123	162	90	3	755	911	44589697	44590176	8.90e-28	127	1122	62687094	34
ACH81295.1	SUPER_6	38.710	93	57	0	910	1002	44590742	44591020	6.76e-12	75.1	1122	62687094	34
ACH81295.1	SUPER_6	48.529	68	35	0	910	977	44581109	44581312	1.01e-11	74.3	1122	62687094	34
ACH81295.1	SUPER_5	28.862	246	112	4	624	806	53872162	53872899	4.35e-40	110	1122	66822030	35
ACH81295.1	SUPER_5	43.210	81	45	1	832	911	53872950	53873192	4.35e-40	80.1	1122	66822030	35
ACH81295.1	SUPER_5	41.935	93	54	0	910	1002	53873758	53874036	2.13e-16	82.0	1122	66822030	35
ACH81295.1	SUPER_5	31.373	51	30	1	1000	1045	53874114	53874266	2.13e-16	28.5	1122	66822030	35
ACH81295.1	SUPER_8	26.284	331	152	8	552	818	5132098	5131190	4.97e-33	93.6	1122	61527627	40
ACH81295.1	SUPER_8	40.909	88	49	2	826	911	5131157	5130897	4.97e-33	73.2	1122	61527627	40
ACH81295.1	SUPER_8	44.086	93	52	0	910	1002	5130332	5130054	1.65e-16	90.1	1122	61527627	40
ACG63772.1	SUPER_3	40.145	690	320	11	427	1062	64717684	64715732	9.36e-128	439	1204	70427289	73
ACG63772.1	SUPER_3	43.939	396	192	7	445	834	66692381	66693496	5.97e-83	304	1204	70427289	73
ACG63772.1	SUPER_3	50.000	186	77	2	839	1024	66693654	66694163	3.06e-41	171	1204	70427289	73
ACG63772.1	SUPER_3	60.215	93	37	0	1023	1115	64715278	64715000	1.67e-36	108	1204	70427289	73
ACG63772.1	SUPER_3	50.549	91	45	0	1114	1204	64714925	64714653	1.67e-36	69.3	1204	70427289	73
ACG63772.1	SUPER_3	51.181	127	53	2	1023	1143	66694734	66695105	3.66e-24	115	1204	70427289	73
ACG63772.1	SUPER_3	47.525	101	48	2	2	101	64722833	64722543	1.50e-13	80.5	1204	70427289	73
ACG63772.1	SUPER_3	47.253	91	48	0	1114	1204	66695077	66695349	1.61e-09	67.4	1204	70427289	73
ACG63772.1	SUPER_3	46.000	100	50	1	3	102	66687552	66687839	1.13e-07	61.2	1204	70427289	73
ACG63772.1	SUPER_2	45.481	343	151	5	468	806	70594202	70595134	3.10e-74	277	1204	70876221	67
ACG63772.1	SUPER_2	46.907	194	80	1	831	1024	70595307	70595819	2.07e-39	165	1204	70876221	67
ACG63772.1	SUPER_2	44.550	211	88	1	1023	1204	70596298	70596930	1.01e-32	143	1204	70876221	67
ACG63772.1	SUPER_2	39.394	99	50	2	3	101	66546590	66546324	3.52e-08	62.8	1204	70876221	67
ACG63772.1	SUPER_2	35.484	93	51	2	3	95	70590117	70590368	8.02e-07	58.5	1204	70876221	67
ACG63772.1	SUPER_8	40.940	298	118	5	652	901	5132080	5131217	1.43e-63	173	1204	61527627	36
ACG63772.1	SUPER_8	51.724	87	42	0	938	1024	5131157	5130897	1.43e-63	95.1	1204	61527627	36
ACG63772.1	SUPER_8	59.140	93	38	0	1023	1115	5130332	5130054	6.06e-23	111	1204	61527627	36
ACG63772.1	SUPER_6	41.892	370	153	5	701	1024	44578510	44579571	1.93e-60	226	1204	62687094	44
ACG63772.1	SUPER_6	60.000	20	8	0	652	671	44578385	44578444	1.93e-60	31.6	1204	62687094	44
ACG63772.1	SUPER_6	45.989	187	83	2	839	1024	44589667	44590176	9.51e-33	143	1204	62687094	44
ACG63772.1	SUPER_6	51.613	93	45	0	1023	1115	44590742	44591020	4.00e-27	98.6	1204	62687094	44
ACG63772.1	SUPER_6	39.785	93	50	2	1115	1204	44591110	44591379	4.00e-27	48.1	1204	62687094	44
ACG63772.1	SUPER_6	57.447	94	36	2	1023	1113	44581109	44581387	3.02e-18	96.3	1204	62687094	44
ACG63772.1	SUPER_6	42.222	90	52	0	1115	1204	44585455	44585724	2.13e-06	57.0	1204	62687094	44
ACG63772.1	SUPER_5	40.940	298	118	6	652	901	53872039	53872902	1.12e-42	176	1204	66822030	42
ACG63772.1	SUPER_5	56.989	93	40	0	1023	1115	53873758	53874036	2.18e-30	108	1204	66822030	42
ACG63772.1	SUPER_5	43.478	92	46	2	1115	1203	53874120	53874386	2.18e-30	49.3	1204	66822030	42
ACG63772.1	SUPER_5	52.439	82	39	0	943	1024	53872947	53873192	4.94e-17	92.0	1204	66822030	42
ACH81294.1	SUPER_3	44.057	631	243	10	395	949	64717639	64715849	2.32e-135	459	1128	70427289	79
ACH81294.1	SUPER_3	41.745	424	186	5	375	765	66692327	66693514	2.20e-85	310	1128	70427289	79
ACH81294.1	SUPER_3	54.891	184	73	2	765	948	66693642	66694163	6.67e-44	179	1128	70427289	79
ACH81294.1	SUPER_3	63.441	93	34	0	947	1039	64715278	64715000	9.90e-25	117	1128	70427289	79
ACH81294.1	SUPER_3	62.366	93	35	0	947	1039	66694734	66695012	1.15e-23	113	1128	70427289	79
ACH81294.1	SUPER_3	37.755	98	40	3	1	80	66687543	66687827	1.66e-09	67.0	1128	70427289	79
ACH81294.1	SUPER_3	38.129	139	65	3	1009	1128	64715063	64714653	1.21e-08	64.3	1128	70427289	79
ACH81294.1	SUPER_3	36.364	99	42	2	1	80	64722842	64722552	3.18e-08	63.2	1128	70427289	79
ACH81294.1	SUPER_3	40.741	108	60	1	1021	1128	66695038	66695349	1.57e-07	60.8	1128	70427289	79
ACH81294.1	SUPER_3	54.286	35	16	0	131	165	64721380	64721276	6.38e-07	49.7	1128	70427289	79
ACH81294.1	SUPER_3	59.091	22	9	0	110	131	64721514	64721449	6.38e-07	28.5	1128	70427289	79
ACH81294.1	SUPER_2	43.220	354	155	3	421	751	70594202	70595194	4.50e-119	281	1128	70876221	70
ACH81294.1	SUPER_2	50.251	199	82	2	750	948	70595274	70595819	4.50e-119	172	1128	70876221	70
ACH81294.1	SUPER_2	46.919	211	83	1	947	1128	70596298	70596930	2.62e-34	148	1128	70876221	70
ACH81294.1	SUPER_2	39.773	88	42	2	4	80	66546596	66546333	3.98e-09	65.9	1128	70876221	70
ACH81294.1	SUPER_2	37.634	93	43	3	1	80	70590108	70590380	3.70e-08	62.8	1128	70876221	70
ACH81294.1	SUPER_6	42.623	366	151	5	628	948	44578516	44579571	1.28e-57	219	1128	62687094	46
ACH81294.1	SUPER_6	50.000	22	11	0	608	629	44578385	44578450	1.28e-57	29.3	1128	62687094	46
ACH81294.1	SUPER_6	48.370	184	85	3	765	948	44589655	44590176	3.60e-33	144	1128	62687094	46
ACH81294.1	SUPER_6	53.763	93	43	0	947	1039	44590742	44591020	3.63e-27	102	1128	62687094	46
ACH81294.1	SUPER_6	38.889	90	55	0	1039	1128	44591110	44591379	3.63e-27	44.3	1128	62687094	46
ACH81294.1	SUPER_6	70.588	68	20	0	947	1014	44581109	44581312	1.22e-19	100	1128	62687094	46
ACH81294.1	SUPER_8	38.328	287	113	4	608	830	5132080	5131220	2.36e-57	147	1128	61527627	36
ACH81294.1	SUPER_8	57.471	87	37	0	862	948	5131157	5130897	2.36e-57	100	1128	61527627	36
ACH81294.1	SUPER_8	61.290	93	36	0	947	1039	5130332	5130054	4.19e-24	115	1128	61527627	36
ACH81294.1	SUPER_5	37.716	289	112	5	608	830	53872039	53872899	7.23e-57	147	1128	66822030	43
ACH81294.1	SUPER_5	59.756	82	33	0	867	948	53872947	53873192	7.23e-57	98.6	1128	66822030	43
ACH81294.1	SUPER_5	59.140	93	38	0	947	1039	53873758	53874036	7.32e-30	111	1128	66822030	43
ACH81294.1	SUPER_5	40.449	89	53	0	1039	1127	53874120	53874386	7.32e-30	44.3	1128	66822030	43
AFJ00034.1	SUPER_3	43.387	431	177	6	1	381	64717294	64716053	1.55e-88	296	381	70427289	100
AFJ00034.1	SUPER_3	46.617	266	134	2	1	259	66692720	66693514	1.37e-66	233	381	70427289	100
AFJ00034.1	SUPER_3	52.941	119	41	2	263	381	66693651	66693962	1.54e-22	104	381	70427289	100
AFJ00034.1	SUPER_2	43.609	266	139	5	1	264	70594472	70595242	2.65e-57	206	381	70876221	100
AFJ00034.1	SUPER_2	52.756	127	37	3	255	381	70595307	70595618	1.58e-20	98.2	381	70876221	100
AFJ00034.1	SUPER_8	40.203	296	122	4	78	327	5132074	5131214	3.00e-53	194	381	61527627	66
AFJ00034.1	SUPER_5	38.689	305	135	5	67	327	53872015	53872905	3.30e-53	194	381	66822030	69
AFJ00034.1	SUPER_5	32.000	100	68	0	162	261	63566919	63566620	7.75e-07	55.8	381	66822030	69
AFJ00034.1	SUPER_6	39.274	303	125	5	121	381	44578513	44579370	6.66e-47	176	381	62687094	69
AFJ00034.1	SUPER_6	46.825	126	44	3	260	381	44589655	44589975	3.20e-18	91.3	381	62687094	69
AFJ00033.1	SUPER_3	50.515	97	46	2	4	100	64722827	64722543	4.74e-23	100	213	70427289	75
AFJ00033.1	SUPER_3	47.573	103	48	2	1	101	66687543	66687839	2.84e-18	86.7	213	70427289	75
AFJ00033.1	SUPER_3	52.632	38	18	0	146	183	64721380	64721267	2.91e-07	48.1	213	70427289	75
AFJ00033.1	SUPER_3	52.381	21	10	0	126	146	64721511	64721449	2.91e-07	27.7	213	70427289	75
AFJ00033.1	SUPER_2	39.474	114	59	3	4	115	66546590	66546273	3.94e-15	77.8	213	70876221	85
AFJ00033.1	SUPER_2	40.594	101	52	4	1	100	70590108	70590389	1.26e-14	76.3	213	70876221	85
AFJ00033.1	SUPER_2	54.762	42	19	0	139	180	70591564	70591689	1.20e-09	53.5	213	70876221	85
AFJ00033.1	SUPER_2	45.161	31	17	0	116	146	70591425	70591517	1.20e-09	30.4	213	70876221	85
AFJ00033.1	SUPER_12	39.175	97	51	3	4	99	3778517	3778786	5.35e-09	59.7	213	57120494	45
AFJ00033.1	SUPER_10	48.889	45	23	0	139	183	52921353	52921487	3.74e-07	54.3	213	59205399	21
AFJ00032.1	SUPER_3	47.887	213	99	3	308	510	66692384	66693016	2.24e-56	207	511	70427289	40
AFJ00032.1	SUPER_3	48.113	212	99	3	308	510	64717627	64716998	9.51e-56	206	511	70427289	40
AFJ00032.1	SUPER_2	51.053	190	83	2	330	510	70594202	70594768	2.03e-50	190	511	70876221	35
AFJ00031.1	SUPER_2	54.762	42	19	0	40	81	70591564	70591689	3.55e-10	55.8	268	70876221	24
AFJ00031.1	SUPER_2	45.161	31	17	0	17	47	70591425	70591517	3.55e-10	30.4	268	70876221	24
AFJ00031.1	SUPER_3	52.632	38	18	0	47	84	64721380	64721267	4.96e-08	51.2	268	70427289	25
AFJ00031.1	SUPER_3	38.710	31	19	0	17	47	64721541	64721449	4.96e-08	27.7	268	70427289	25
AFJ00031.1	SUPER_10	48.889	45	23	0	40	84	52921353	52921487	4.85e-07	55.1	268	59205399	17
AFG16841.1	SUPER_3	54.167	72	32	1	244	315	66692387	66692599	2.11e-17	87.4	315	70427289	23
AFG16841.1	SUPER_3	54.167	72	32	1	244	315	64717624	64717412	1.31e-16	85.1	315	70427289	23
AFG16841.1	SUPER_2	68.627	51	16	0	265	315	70594202	70594354	7.61e-14	76.6	315	70876221	16
AFG16840.1	SUPER_3	44.523	566	234	7	1	505	64717456	64715816	4.58e-124	410	673	70427289	100
AFG16840.1	SUPER_3	44.237	321	161	3	1	304	66692555	66693514	6.45e-72	258	673	70427289	100
AFG16840.1	SUPER_3	53.093	194	60	3	308	493	66693651	66694163	8.14e-49	189	673	70427289	100
AFG16840.1	SUPER_3	64.516	93	33	0	492	584	66694734	66695012	6.06e-41	111	673	70427289	100
AFG16840.1	SUPER_3	50.549	91	45	0	583	673	66695077	66695349	6.06e-41	80.9	673	70427289	100
AFG16840.1	SUPER_3	68.817	93	29	0	492	584	64715278	64715000	8.03e-41	119	673	70427289	100
AFG16840.1	SUPER_3	52.747	91	43	0	583	673	64714925	64714653	8.03e-41	72.4	673	70427289	100
AFG16840.1	SUPER_8	39.875	321	131	7	114	384	5132098	5131172	5.75e-71	197	673	61527627	68
AFG16840.1	SUPER_8	57.692	78	33	0	416	493	5131130	5130897	5.75e-71	95.5	673	61527627	68
AFG16840.1	SUPER_8	52.899	138	40	1	492	604	5130332	5129919	6.83e-28	125	673	61527627	68
AFG16840.1	SUPER_6	43.048	374	146	5	166	493	44578513	44579571	3.61e-70	253	673	62687094	75
AFG16840.1	SUPER_6	47.236	199	70	4	305	493	44589655	44590176	3.27e-41	166	673	62687094	75
AFG16840.1	SUPER_6	58.065	93	39	0	492	584	44590742	44591020	4.46e-37	103	673	62687094	75
AFG16840.1	SUPER_6	44.444	90	50	0	584	673	44591110	44591379	4.46e-37	75.5	673	62687094	75
AFG16840.1	SUPER_6	69.118	68	21	0	492	559	44581109	44581312	1.35e-17	92.4	673	62687094	75
AFG16840.1	SUPER_6	37.063	143	60	1	561	673	44585296	44585724	3.27e-15	84.7	673	62687094	75
AFG16840.1	SUPER_2	42.812	320	163	6	1	309	70594310	70595242	5.71e-65	238	673	70876221	100
AFG16840.1	SUPER_2	56.701	194	61	3	300	493	70595307	70595819	7.78e-49	189	673	70876221	100
AFG16840.1	SUPER_2	47.867	211	81	1	492	673	70596298	70596930	6.67e-40	162	673	70876221	100
AFG16840.1	SUPER_5	39.344	305	133	5	112	372	53872015	53872905	9.48e-51	195	673	66822030	77
AFG16840.1	SUPER_5	63.441	93	34	0	492	584	53873758	53874036	2.26e-40	113	673	66822030	77
AFG16840.1	SUPER_5	46.067	89	48	0	584	672	53874120	53874386	2.26e-40	77.4	673	66822030	77
AFG16840.1	SUPER_5	61.538	78	30	0	416	493	53872959	53873192	1.47e-21	105	673	66822030	77
AFG16840.1	SUPER_5	32.000	100	68	0	207	306	63566919	63566620	3.81e-06	55.1	673	66822030	77
AFG16839.1	SUPER_3	52.514	179	70	2	1	179	64716307	64715816	4.50e-45	169	347	70427289	100
AFG16839.1	SUPER_3	56.287	167	58	2	1	167	66693708	66694163	1.92e-44	167	347	70427289	100
AFG16839.1	SUPER_3	63.441	93	34	0	166	258	66694734	66695012	8.99e-43	107	347	70427289	100
AFG16839.1	SUPER_3	52.747	91	43	0	257	347	66695077	66695349	8.99e-43	90.1	347	70427289	100
AFG16839.1	SUPER_3	67.742	93	30	0	166	258	64715278	64715000	7.39e-42	114	347	70427289	100
AFG16839.1	SUPER_3	54.945	91	41	0	257	347	64714925	64714653	7.39e-42	79.3	347	70427289	100
AFG16839.1	SUPER_2	58.084	167	48	2	1	167	70595385	70595819	1.53e-44	167	347	70876221	100
AFG16839.1	SUPER_2	47.867	211	81	1	166	347	70596298	70596930	2.73e-42	161	347	70876221	100
AFG16839.1	SUPER_5	61.290	93	36	0	166	258	53873758	53874036	4.49e-40	107	347	66822030	87
AFG16839.1	SUPER_5	46.067	89	48	0	258	346	53874120	53874386	4.49e-40	80.5	347	66822030	87
AFG16839.1	SUPER_5	61.538	78	30	0	90	167	53872959	53873192	1.07e-22	103	347	66822030	87
AFG16839.1	SUPER_5	69.565	46	14	0	1	46	53872768	53872905	2.74e-12	72.4	347	66822030	87
AFG16839.1	SUPER_6	52.096	167	65	3	1	167	44579116	44579571	3.62e-37	146	347	62687094	100
AFG16839.1	SUPER_6	50.292	171	62	3	1	167	44589721	44590176	1.65e-36	144	347	62687094	100
AFG16839.1	SUPER_6	58.065	93	39	0	166	258	44590742	44591020	5.57e-23	104	347	62687094	100
AFG16839.1	SUPER_6	65.333	75	26	0	166	240	44581109	44581333	1.01e-18	92.0	347	62687094	100
AFG16839.1	SUPER_6	36.620	142	60	1	236	347	44585299	44585724	1.97e-16	85.1	347	62687094	100
AFG16839.1	SUPER_6	37.681	138	74	2	222	347	44590966	44591379	3.48e-14	78.2	347	62687094	100
AFG16839.1	SUPER_8	50.694	144	46	1	166	284	5130332	5129901	1.98e-33	121	347	61527627	88
AFG16839.1	SUPER_8	42.188	64	37	0	284	347	5129904	5129713	1.98e-33	44.3	347	61527627	88
AFG16839.1	SUPER_8	57.692	78	33	0	90	167	5131130	5130897	1.70e-19	94.4	347	61527627	88
AFG16839.1	SUPER_8	67.391	46	15	0	1	46	5131351	5131214	1.95e-12	72.8	347	61527627	88
AEB33870.1	SUPER_3	43.972	564	240	6	1	505	64717456	64715816	5.28e-125	413	673	70427289	100
AEB33870.1	SUPER_3	44.548	321	160	3	1	304	66692555	66693514	1.85e-74	266	673	70427289	100
AEB33870.1	SUPER_3	56.989	186	65	1	308	493	66693651	66694163	7.27e-48	187	673	70427289	100
AEB33870.1	SUPER_3	63.441	93	34	0	492	584	66694734	66695012	8.84e-42	107	673	70427289	100
AEB33870.1	SUPER_3	52.747	91	43	0	583	673	66695077	66695349	8.84e-42	87.4	673	70427289	100
AEB33870.1	SUPER_3	67.742	93	30	0	492	584	64715278	64715000	1.43e-41	115	673	70427289	100
AEB33870.1	SUPER_3	54.945	91	41	0	583	673	64714925	64714653	1.43e-41	79.0	673	70427289	100
AEB33870.1	SUPER_6	42.973	370	152	5	166	493	44578513	44579571	1.81e-70	254	673	62687094	75
AEB33870.1	SUPER_6	45.078	193	83	2	305	493	44589655	44590176	7.04e-40	162	673	62687094	75
AEB33870.1	SUPER_6	58.065	93	39	0	492	584	44590742	44591020	9.14e-38	103	673	62687094	75
AEB33870.1	SUPER_6	45.556	90	49	0	584	673	44591110	44591379	9.14e-38	77.8	673	62687094	75
AEB33870.1	SUPER_6	65.333	75	26	0	492	566	44581109	44581333	2.92e-17	91.3	673	62687094	75
AEB33870.1	SUPER_6	36.620	142	60	1	562	673	44585299	44585724	1.05e-14	83.2	673	62687094	75
AEB33870.1	SUPER_2	42.812	320	163	6	1	309	70594310	70595242	2.27e-66	242	673	70876221	100
AEB33870.1	SUPER_2	55.670	194	63	3	300	493	70595307	70595819	4.86e-48	187	673	70876221	100
AEB33870.1	SUPER_2	47.867	211	81	1	492	673	70596298	70596930	8.59e-40	162	673	70876221	100
AEB33870.1	SUPER_8	40.203	296	122	4	123	372	5132074	5131214	5.12e-51	196	673	61527627	75
AEB33870.1	SUPER_8	50.694	144	46	1	492	610	5130332	5129901	3.67e-33	121	673	61527627	75
AEB33870.1	SUPER_8	42.188	64	37	0	610	673	5129904	5129713	3.67e-33	44.3	673	61527627	75
AEB33870.1	SUPER_8	57.692	78	33	0	416	493	5131130	5130897	2.79e-18	94.7	673	61527627	75
AEB33870.1	SUPER_5	38.689	305	135	5	112	372	53872015	53872905	1.03e-50	195	673	66822030	77
AEB33870.1	SUPER_5	61.290	93	36	0	492	584	53873758	53874036	1.88e-39	106	673	66822030	77
AEB33870.1	SUPER_5	46.067	89	48	0	584	672	53874120	53874386	1.88e-39	80.5	673	66822030	77
AEB33870.1	SUPER_5	61.538	78	30	0	416	493	53872959	53873192	1.46e-21	105	673	66822030	77
AEB33870.1	SUPER_5	32.000	100	68	0	207	306	63566919	63566620	1.81e-06	56.2	673	66822030	77
AEB33869.1	SUPER_3	48.113	212	98	3	335	536	66692387	66693016	8.90e-57	210	537	70427289	38
AEB33869.1	SUPER_3	46.919	211	101	3	335	536	64717624	64716998	2.01e-54	203	537	70427289	38
AEB33869.1	SUPER_2	51.053	190	83	2	356	536	70594202	70594768	5.91e-51	192	537	70876221	34
AEB33868.1	SUPER_3	50.515	97	46	2	4	100	64722827	64722543	2.40e-23	100	181	70427289	87
AEB33868.1	SUPER_3	47.573	103	48	2	1	101	66687543	66687839	1.41e-18	86.7	181	70427289	87
AEB33868.1	SUPER_3	55.556	36	16	0	146	181	64721380	64721273	1.69e-07	48.5	181	70427289	87
AEB33868.1	SUPER_3	52.381	21	10	0	126	146	64721511	64721449	1.69e-07	27.3	181	70427289	87
AEB33868.1	SUPER_2	39.474	114	59	3	4	115	66546590	66546273	1.70e-15	77.8	181	70876221	99
AEB33868.1	SUPER_2	40.594	101	52	4	1	100	70590108	70590389	5.99e-15	75.9	181	70876221	99
AEB33868.1	SUPER_2	54.762	42	19	0	139	180	70591564	70591689	8.76e-10	53.5	181	70876221	99
AEB33868.1	SUPER_2	45.161	31	17	0	116	146	70591425	70591517	8.76e-10	30.4	181	70876221	99
AEB33868.1	SUPER_12	39.175	97	51	3	4	99	3778517	3778786	2.59e-09	59.7	181	57120494	53
AEB33868.1	SUPER_10	52.381	42	20	0	139	180	52921353	52921478	1.87e-07	54.3	181	59205399	23
AEA72244.1	SUPER_3	45.213	376	187	4	310	668	66692384	66693505	8.86e-92	317	668	70427289	54
AEA72244.1	SUPER_3	46.389	360	174	5	310	653	64717627	64716557	2.79e-91	315	668	70427289	54
AEA72244.1	SUPER_2	45.970	335	168	3	332	657	70594202	70595194	1.46e-80	284	668	70876221	49
AEA72244.1	SUPER_5	40.884	181	99	3	479	657	53872015	53872539	1.24e-28	127	668	66822030	27
AEA72244.1	SUPER_8	42.442	172	88	2	490	657	5132074	5131580	2.18e-26	120	668	61527627	25
AEA72244.1	SUPER_6	45.600	125	68	0	533	657	44578513	44578887	3.16e-25	108	668	62687094	22
AEA72244.1	SUPER_6	56.522	23	10	0	490	512	44578391	44578459	3.16e-25	30.8	668	62687094	22
AEA72243.1	SUPER_3	43.750	336	166	5	1	315	66692555	66693556	5.36e-76	257	321	70427289	98
AEA72243.1	SUPER_3	43.881	335	166	5	1	315	64717456	64716458	3.19e-74	252	321	70427289	98
AEA72243.1	SUPER_2	42.857	315	165	4	1	306	70594310	70595236	9.64e-68	233	321	70876221	95
AEA72243.1	SUPER_5	40.306	196	111	3	112	307	53872015	53872584	2.06e-31	128	321	66822030	61
AEA72243.1	SUPER_5	32.000	100	68	0	207	306	63566919	63566620	2.07e-06	53.9	321	66822030	61
AEA72243.1	SUPER_8	41.270	189	98	3	123	307	5132074	5131535	1.02e-29	124	321	61527627	58
AEA72243.1	SUPER_6	42.958	142	79	1	166	307	44578513	44578932	2.19e-26	110	321	62687094	51
AEA72243.1	SUPER_6	56.522	23	10	0	123	145	44578391	44578459	2.19e-26	31.2	321	62687094	51
AEA72242.1	SUPER_3	43.925	321	162	3	1	304	66692555	66693514	1.72e-72	256	559	70427289	100
AEA72242.1	SUPER_3	45.033	302	148	4	1	286	64717456	64716557	1.91e-70	250	559	70427289	100
AEA72242.1	SUPER_3	67.742	93	30	0	378	470	64715278	64715000	5.32e-40	115	559	70427289	100
AEA72242.1	SUPER_3	63.441	93	34	0	378	470	66694734	66695012	5.32e-40	107	559	70427289	100
AEA72242.1	SUPER_3	50.549	91	45	0	469	559	66695077	66695349	5.32e-40	80.9	559	70427289	100
AEA72242.1	SUPER_3	52.747	91	43	0	469	559	64714925	64714653	5.32e-40	73.2	559	70427289	100
AEA72242.1	SUPER_3	54.023	87	40	0	305	391	64716076	64715816	2.40e-21	103	559	70427289	100
AEA72242.1	SUPER_3	61.333	75	29	0	305	379	66693939	66694163	3.99e-21	102	559	70427289	100
AEA72242.1	SUPER_2	42.857	315	161	5	1	304	70594310	70595230	1.38e-65	236	559	70876221	100
AEA72242.1	SUPER_2	47.393	211	82	1	378	559	70596298	70596930	8.86e-40	160	559	70876221	100
AEA72242.1	SUPER_2	60.759	79	31	0	301	379	70595583	70595819	4.42e-23	108	559	70876221	100
AEA72242.1	SUPER_5	62.366	93	35	0	378	470	53873758	53874036	1.79e-39	108	559	66822030	80
AEA72242.1	SUPER_5	46.067	89	48	0	470	558	53874120	53874386	1.79e-39	78.2	559	66822030	80
AEA72242.1	SUPER_5	39.487	195	108	4	112	304	53872015	53872575	6.32e-29	127	559	66822030	80
AEA72242.1	SUPER_5	56.962	79	34	0	301	379	53872956	53873192	5.13e-20	99.4	559	66822030	80
AEA72242.1	SUPER_6	56.989	93	40	0	378	470	44590742	44591020	4.28e-36	99.8	559	62687094	75
AEA72242.1	SUPER_6	44.444	90	50	0	470	559	44591110	44591379	4.28e-36	75.9	559	62687094	75
AEA72242.1	SUPER_6	42.446	139	78	1	166	304	44578513	44578923	1.38e-25	108	559	62687094	75
AEA72242.1	SUPER_6	56.522	23	10	0	123	145	44578391	44578459	1.38e-25	31.2	559	62687094	75
AEA72242.1	SUPER_6	55.696	79	35	0	301	379	44579335	44579571	7.32e-19	95.5	559	62687094	75
AEA72242.1	SUPER_6	54.430	79	36	0	301	379	44589940	44590176	7.06e-18	92.4	559	62687094	75
AEA72242.1	SUPER_6	70.769	65	19	0	378	442	44581109	44581303	1.64e-17	91.3	559	62687094	75
AEA72242.1	SUPER_6	37.063	143	60	1	447	559	44585296	44585724	2.22e-15	84.7	559	62687094	75
AEA72242.1	SUPER_8	40.000	195	103	4	114	304	5132098	5131544	1.73e-27	122	559	61527627	67
AEA72242.1	SUPER_8	52.174	138	41	1	378	490	5130332	5129919	4.13e-27	121	559	61527627	67
AEA72242.1	SUPER_8	53.165	79	37	0	301	379	5131133	5130897	9.40e-17	89.0	559	61527627	67
AEA72241.1	SUPER_3	44.237	321	161	3	1	304	66692555	66693514	2.37e-73	259	557	70427289	100
AEA72241.1	SUPER_3	45.033	302	148	4	1	286	64717456	64716557	8.18e-71	251	557	70427289	100
AEA72241.1	SUPER_3	68.817	93	29	0	376	468	64715278	64715000	6.09e-41	119	557	70427289	100
AEA72241.1	SUPER_3	52.747	91	43	0	467	557	64714925	64714653	6.09e-41	72.8	557	70427289	100
AEA72241.1	SUPER_3	64.516	93	33	0	376	468	66694734	66695012	7.54e-41	111	557	70427289	100
AEA72241.1	SUPER_3	50.549	91	45	0	467	557	66695077	66695349	7.54e-41	80.1	557	70427289	100
AEA72241.1	SUPER_3	54.023	87	40	0	303	389	64716076	64715816	2.79e-21	103	557	70427289	100
AEA72241.1	SUPER_3	61.333	75	29	0	303	377	66693939	66694163	5.03e-21	102	557	70427289	100
AEA72241.1	SUPER_2	42.947	319	163	5	1	308	70594310	70595242	1.01e-66	239	557	70876221	100
AEA72241.1	SUPER_2	47.867	211	81	1	376	557	70596298	70596930	7.37e-41	163	557	70876221	100
AEA72241.1	SUPER_2	61.333	75	29	0	303	377	70595595	70595819	2.35e-22	106	557	70876221	100
AEA72241.1	SUPER_5	63.441	93	34	0	376	468	53873758	53874036	2.42e-40	112	557	66822030	80
AEA72241.1	SUPER_5	46.067	89	48	0	468	556	53874120	53874386	2.42e-40	77.4	557	66822030	80
AEA72241.1	SUPER_5	40.000	195	107	4	112	304	53872015	53872575	1.54e-29	129	557	66822030	80
AEA72241.1	SUPER_5	58.667	75	31	0	303	377	53872968	53873192	6.69e-20	99.0	557	66822030	80
AEA72241.1	SUPER_5	30.693	101	70	0	207	307	63566919	63566617	7.47e-06	53.9	557	66822030	80
AEA72241.1	SUPER_6	58.065	93	39	0	376	468	44590742	44591020	5.93e-37	103	557	62687094	75
AEA72241.1	SUPER_6	44.444	90	50	0	468	557	44591110	44591379	5.93e-37	75.1	557	62687094	75
AEA72241.1	SUPER_6	43.165	139	77	1	166	304	44578513	44578923	3.54e-26	110	557	62687094	75
AEA72241.1	SUPER_6	56.522	23	10	0	123	145	44578391	44578459	3.54e-26	31.2	557	62687094	75
AEA72241.1	SUPER_6	57.333	75	32	0	303	377	44579347	44579571	1.03e-18	95.1	557	62687094	75
AEA72241.1	SUPER_6	69.118	68	21	0	376	443	44581109	44581312	8.22e-18	92.4	557	62687094	75
AEA72241.1	SUPER_6	56.000	75	33	0	303	377	44589952	44590176	9.37e-18	92.0	557	62687094	75
AEA72241.1	SUPER_6	37.063	143	60	1	445	557	44585296	44585724	3.16e-15	84.0	557	62687094	75
AEA72241.1	SUPER_8	52.899	138	40	1	376	488	5130332	5129919	3.03e-28	125	557	61527627	66
AEA72241.1	SUPER_8	41.398	186	96	3	123	304	5132074	5131544	4.61e-28	124	557	61527627	66
AEA72241.1	SUPER_8	56.000	75	33	0	303	377	5131121	5130897	5.24e-17	89.7	557	61527627	66
AEA72240.1	SUPER_3	42.832	572	235	8	1	505	64717456	64715816	8.21e-124	410	673	70427289	100
AEA72240.1	SUPER_3	44.237	321	161	3	1	304	66692555	66693514	2.48e-72	259	673	70427289	100
AEA72240.1	SUPER_3	52.577	194	61	3	308	493	66693651	66694163	4.48e-48	187	673	70427289	100
AEA72240.1	SUPER_3	63.441	93	34	0	492	584	66694734	66695012	1.82e-40	108	673	70427289	100
AEA72240.1	SUPER_3	50.549	91	45	0	583	673	66695077	66695349	1.82e-40	81.6	673	70427289	100
AEA72240.1	SUPER_3	67.742	93	30	0	492	584	64715278	64715000	1.88e-40	117	673	70427289	100
AEA72240.1	SUPER_3	52.747	91	43	0	583	673	64714925	64714653	1.88e-40	73.6	673	70427289	100
AEA72240.1	SUPER_8	39.564	321	132	7	114	384	5132098	5131172	3.48e-70	194	673	61527627	68
AEA72240.1	SUPER_8	57.692	78	33	0	416	493	5131130	5130897	3.48e-70	95.1	673	61527627	68
AEA72240.1	SUPER_8	52.174	138	41	1	492	604	5130332	5129919	4.07e-27	122	673	61527627	68
AEA72240.1	SUPER_6	39.512	410	167	7	136	493	44578429	44579571	7.16e-70	252	673	62687094	80
AEA72240.1	SUPER_6	47.236	199	70	4	305	493	44589655	44590176	1.43e-40	164	673	62687094	80
AEA72240.1	SUPER_6	58.065	93	39	0	492	584	44590742	44591020	2.28e-37	103	673	62687094	80
AEA72240.1	SUPER_6	44.444	90	50	0	584	673	44591110	44591379	2.28e-37	76.6	673	62687094	80
AEA72240.1	SUPER_6	67.647	68	22	0	492	559	44581109	44581312	9.51e-17	89.7	673	62687094	80
AEA72240.1	SUPER_6	37.063	143	60	1	561	673	44585296	44585724	1.53e-15	85.9	673	62687094	80
AEA72240.1	SUPER_2	43.082	318	165	5	1	309	70594310	70595242	3.75e-65	238	673	70876221	100
AEA72240.1	SUPER_2	56.186	194	62	3	300	493	70595307	70595819	3.80e-48	187	673	70876221	100
AEA72240.1	SUPER_2	47.393	211	82	1	492	673	70596298	70596930	1.28e-39	161	673	70876221	100
AEA72240.1	SUPER_5	39.274	303	136	4	112	372	53872015	53872905	3.37e-50	194	673	66822030	77
AEA72240.1	SUPER_5	62.366	93	35	0	492	584	53873758	53874036	6.28e-40	110	673	66822030	77
AEA72240.1	SUPER_5	46.067	89	48	0	584	672	53874120	53874386	6.28e-40	78.2	673	66822030	77
AEA72240.1	SUPER_5	61.538	78	30	0	416	493	53872959	53873192	1.38e-21	105	673	66822030	77
AEA72240.1	SUPER_5	32.000	100	68	0	207	306	63566919	63566620	3.38e-06	55.5	673	66822030	77
AEA72239.1	SUPER_3	43.085	564	245	7	1	505	64717456	64715816	9.75e-124	410	673	70427289	100
AEA72239.1	SUPER_3	43.925	321	162	3	1	304	66692555	66693514	8.09e-73	261	673	70427289	100
AEA72239.1	SUPER_3	55.376	186	68	2	308	493	66693651	66694163	2.09e-48	188	673	70427289	100
AEA72239.1	SUPER_3	61.290	93	36	0	492	584	66694734	66695012	2.53e-40	102	673	70427289	100
AEA72239.1	SUPER_3	52.747	91	43	0	583	673	66695077	66695349	2.53e-40	87.4	673	70427289	100
AEA72239.1	SUPER_3	65.591	93	32	0	492	584	64715278	64715000	4.66e-40	110	673	70427289	100
AEA72239.1	SUPER_3	54.945	91	41	0	583	673	64714925	64714653	4.66e-40	79.0	673	70427289	100
AEA72239.1	SUPER_6	41.892	370	156	5	166	493	44578513	44579571	8.25e-70	252	673	62687094	75
AEA72239.1	SUPER_6	49.223	193	75	3	305	493	44589655	44590176	1.27e-40	164	673	62687094	75
AEA72239.1	SUPER_6	55.914	93	41	0	492	584	44590742	44591020	2.40e-36	99.0	673	62687094	75
AEA72239.1	SUPER_6	45.556	90	49	0	584	673	44591110	44591379	2.40e-36	78.2	673	62687094	75
AEA72239.1	SUPER_6	62.667	75	28	0	492	566	44581109	44581333	5.83e-16	87.0	673	62687094	75
AEA72239.1	SUPER_6	36.879	141	59	1	563	673	44585302	44585724	5.85e-15	84.0	673	62687094	75
AEA72239.1	SUPER_2	42.500	320	164	6	1	309	70594310	70595242	2.58e-65	239	673	70876221	100
AEA72239.1	SUPER_2	55.155	194	64	3	300	493	70595307	70595819	1.61e-47	186	673	70876221	100
AEA72239.1	SUPER_2	46.919	211	83	1	492	673	70596298	70596930	4.08e-38	157	673	70876221	100
AEA72239.1	SUPER_8	39.344	305	129	5	114	372	5132098	5131214	2.51e-50	194	673	61527627	77
AEA72239.1	SUPER_8	49.306	144	48	1	492	610	5130332	5129901	1.02e-31	117	673	61527627	77
AEA72239.1	SUPER_8	42.188	64	37	0	610	673	5129904	5129713	1.02e-31	44.3	673	61527627	77
AEA72239.1	SUPER_8	56.410	78	34	0	416	493	5131130	5130897	8.29e-18	93.2	673	61527627	77
AEA72239.1	SUPER_5	38.361	305	136	5	112	372	53872015	53872905	6.90e-50	193	673	66822030	77
AEA72239.1	SUPER_5	59.140	93	38	0	492	584	53873758	53874036	5.38e-38	101	673	66822030	77
AEA72239.1	SUPER_5	46.067	89	48	0	584	672	53874120	53874386	5.38e-38	80.5	673	66822030	77
AEA72239.1	SUPER_5	60.256	78	31	0	416	493	53872959	53873192	4.99e-21	103	673	66822030	77
AEA72239.1	SUPER_5	32.000	100	68	0	207	306	63566919	63566620	3.13e-06	55.5	673	66822030	77
AEA72235.1	SUPER_3	43.972	564	240	6	1	505	64717456	64715816	1.34e-124	412	673	70427289	100
AEA72235.1	SUPER_3	44.548	321	160	3	1	304	66692555	66693514	2.41e-74	266	673	70427289	100
AEA72235.1	SUPER_3	56.989	186	65	1	308	493	66693651	66694163	1.27e-47	186	673	70427289	100
AEA72235.1	SUPER_3	63.441	93	34	0	492	584	66694734	66695012	3.21e-41	107	673	70427289	100
AEA72235.1	SUPER_3	51.648	91	44	0	583	673	66695077	66695349	3.21e-41	85.5	673	70427289	100
AEA72235.1	SUPER_3	67.742	93	30	0	492	584	64715278	64715000	5.58e-41	115	673	70427289	100
AEA72235.1	SUPER_3	53.846	91	42	0	583	673	64714925	64714653	5.58e-41	77.0	673	70427289	100
AEA72235.1	SUPER_6	42.973	370	152	5	166	493	44578513	44579571	3.08e-70	253	673	62687094	75
AEA72235.1	SUPER_6	45.078	193	83	2	305	493	44589655	44590176	1.17e-39	162	673	62687094	75
AEA72235.1	SUPER_6	58.065	93	39	0	492	584	44590742	44591020	2.72e-37	103	673	62687094	75
AEA72235.1	SUPER_6	44.444	90	50	0	584	673	44591110	44591379	2.72e-37	76.3	673	62687094	75
AEA72235.1	SUPER_6	65.333	75	26	0	492	566	44581109	44581333	3.13e-17	91.3	673	62687094	75
AEA72235.1	SUPER_6	35.915	142	61	1	562	673	44585299	44585724	3.60e-14	81.3	673	62687094	75
AEA72235.1	SUPER_2	42.812	320	163	6	1	309	70594310	70595242	2.69e-66	242	673	70876221	100
AEA72235.1	SUPER_2	55.670	194	63	3	300	493	70595307	70595819	7.08e-48	187	673	70876221	100
AEA72235.1	SUPER_2	47.867	211	81	1	492	673	70596298	70596930	8.59e-40	162	673	70876221	100
AEA72235.1	SUPER_8	40.203	296	122	4	123	372	5132074	5131214	9.84e-51	195	673	61527627	75
AEA72235.1	SUPER_8	50.000	144	47	1	492	610	5130332	5129901	1.35e-32	119	673	61527627	75
AEA72235.1	SUPER_8	42.188	64	37	0	610	673	5129904	5129713	1.35e-32	44.7	673	61527627	75
AEA72235.1	SUPER_8	57.692	78	33	0	416	493	5131130	5130897	2.79e-18	94.7	673	61527627	75
AEA72235.1	SUPER_5	38.689	305	135	5	112	372	53872015	53872905	1.94e-50	194	673	66822030	77
AEA72235.1	SUPER_5	61.290	93	36	0	492	584	53873758	53874036	6.89e-39	106	673	66822030	77
AEA72235.1	SUPER_5	44.944	89	49	0	584	672	53874120	53874386	6.89e-39	79.0	673	66822030	77
AEA72235.1	SUPER_5	61.538	78	30	0	416	493	53872959	53873192	1.38e-21	105	673	66822030	77
AEA72235.1	SUPER_5	32.000	100	68	0	207	306	63566919	63566620	2.16e-06	55.8	673	66822030	77
AEA72234.1	SUPER_3	50.515	97	46	2	4	100	64722827	64722543	4.74e-23	100	213	70427289	75
AEA72234.1	SUPER_3	47.573	103	48	2	1	101	66687543	66687839	2.84e-18	86.7	213	70427289	75
AEA72234.1	SUPER_3	52.632	38	18	0	146	183	64721380	64721267	2.91e-07	48.1	213	70427289	75
AEA72234.1	SUPER_3	52.381	21	10	0	126	146	64721511	64721449	2.91e-07	27.7	213	70427289	75
AEA72234.1	SUPER_2	39.474	114	59	3	4	115	66546590	66546273	3.94e-15	77.8	213	70876221	85
AEA72234.1	SUPER_2	40.594	101	52	4	1	100	70590108	70590389	1.26e-14	76.3	213	70876221	85
AEA72234.1	SUPER_2	54.762	42	19	0	139	180	70591564	70591689	1.20e-09	53.5	213	70876221	85
AEA72234.1	SUPER_2	45.161	31	17	0	116	146	70591425	70591517	1.20e-09	30.4	213	70876221	85
AEA72234.1	SUPER_12	39.175	97	51	3	4	99	3778517	3778786	5.35e-09	59.7	213	57120494	45
AEA72234.1	SUPER_10	48.889	45	23	0	139	183	52921353	52921487	3.74e-07	54.3	213	59205399	21
AAX21528.1	SUPER_3	34.985	323	160	5	517	801	66692456	66693388	4.95e-44	180	1188	70427289	53
AAX21528.1	SUPER_3	34.259	324	162	5	517	802	64717555	64716623	1.11e-41	172	1188	70427289	53
AAX21528.1	SUPER_3	48.387	93	46	2	1009	1099	66694734	66695012	2.05e-33	86.7	1188	70427289	53
AAX21528.1	SUPER_3	42.857	91	52	0	1098	1188	66695077	66695349	2.05e-33	81.3	1188	70427289	53
AAX21528.1	SUPER_3	50.888	169	79	2	846	1010	66693657	66694163	9.15e-33	143	1188	70427289	53
AAX21528.1	SUPER_3	47.753	178	89	2	846	1019	64716358	64715825	3.42e-32	141	1188	70427289	53
AAX21528.1	SUPER_3	50.538	93	44	2	1009	1099	64715278	64715000	1.00e-16	90.9	1188	70427289	53
AAX21528.1	SUPER_3	34.615	156	89	4	1040	1188	64715102	64714653	2.65e-11	73.2	1188	70427289	53
AAX21528.1	SUPER_2	33.750	320	161	5	517	803	70594211	70595116	5.02e-41	170	1188	70876221	53
AAX21528.1	SUPER_2	39.336	211	97	3	1009	1188	70596298	70596930	6.20e-33	144	1188	70876221	53
AAX21528.1	SUPER_2	48.485	165	80	2	847	1010	70595337	70595819	7.58e-32	140	1188	70876221	53
AAX21528.1	SUPER_5	25.723	311	176	9	645	909	53872003	53872908	1.63e-37	92.0	1188	66822030	43
AAX21528.1	SUPER_5	57.333	75	31	1	937	1010	53872968	53873192	1.63e-37	89.7	1188	66822030	43
AAX21528.1	SUPER_5	49.462	93	45	2	1009	1099	53873758	53874036	5.43e-31	89.0	1188	66822030	43
AAX21528.1	SUPER_5	39.326	89	54	0	1099	1187	53874120	53874386	5.43e-31	70.9	1188	66822030	43
AAX21528.1	SUPER_6	34.278	353	185	6	705	1010	44578513	44579571	3.64e-37	158	1188	62687094	39
AAX21528.1	SUPER_6	45.562	169	88	3	846	1010	44589670	44590176	2.10e-25	119	1188	62687094	39
AAX21528.1	SUPER_6	63.235	68	24	1	1009	1075	44581109	44581312	3.47e-16	89.4	1188	62687094	39
AAX21528.1	SUPER_6	58.824	68	27	1	1009	1075	44590742	44590945	2.17e-14	83.6	1188	62687094	39
AAX21528.1	SUPER_6	40.000	90	54	0	1099	1188	44585455	44585724	6.54e-13	78.6	1188	62687094	39
AAX21528.1	SUPER_6	35.556	90	58	0	1099	1188	44591110	44591379	1.16e-09	67.8	1188	62687094	39
AAX21528.1	SUPER_8	25.606	289	146	5	690	909	5132077	5131211	2.25e-31	82.0	1188	61527627	32
AAX21528.1	SUPER_8	52.000	75	35	1	937	1010	5131121	5130897	2.25e-31	79.0	1188	61527627	32
AAX21528.1	SUPER_8	52.688	93	42	2	1009	1099	5130332	5130054	4.43e-18	95.5	1188	61527627	32
AAX21527.1	SUPER_3	34.985	323	160	5	517	801	66692456	66693388	4.74e-44	180	1188	70427289	53
AAX21527.1	SUPER_3	34.259	324	162	5	517	802	64717555	64716623	1.15e-41	172	1188	70427289	53
AAX21527.1	SUPER_3	50.296	169	80	2	846	1010	66693657	66694163	4.70e-39	164	1188	70427289	53
AAX21527.1	SUPER_3	47.191	178	90	2	846	1019	64716358	64715825	1.41e-38	162	1188	70427289	53
AAX21527.1	SUPER_3	48.387	93	46	2	1009	1099	66694734	66695012	2.13e-33	86.3	1188	70427289	53
AAX21527.1	SUPER_3	42.857	91	52	0	1098	1188	66695077	66695349	2.13e-33	81.3	1188	70427289	53
AAX21527.1	SUPER_3	50.538	93	44	2	1009	1099	64715278	64715000	9.91e-17	91.3	1188	70427289	53
AAX21527.1	SUPER_3	34.615	156	89	4	1040	1188	64715102	64714653	2.72e-11	73.2	1188	70427289	53
AAX21527.1	SUPER_6	34.278	353	185	6	705	1010	44578513	44579571	1.85e-43	178	1188	62687094	39
AAX21527.1	SUPER_6	45.562	169	88	3	846	1010	44589670	44590176	1.18e-31	140	1188	62687094	39
AAX21527.1	SUPER_6	63.235	68	24	1	1009	1075	44581109	44581312	3.47e-16	89.4	1188	62687094	39
AAX21527.1	SUPER_6	58.824	68	27	1	1009	1075	44590742	44590945	2.30e-14	83.2	1188	62687094	39
AAX21527.1	SUPER_6	40.000	90	54	0	1099	1188	44585455	44585724	6.49e-13	78.6	1188	62687094	39
AAX21527.1	SUPER_6	35.556	90	58	0	1099	1188	44591110	44591379	1.21e-09	67.8	1188	62687094	39
AAX21527.1	SUPER_2	33.750	320	161	5	517	803	70594211	70595116	4.81e-41	171	1188	70876221	53
AAX21527.1	SUPER_2	48.485	165	80	2	847	1010	70595337	70595819	4.41e-38	160	1188	70876221	53
AAX21527.1	SUPER_2	39.336	211	97	3	1009	1188	70596298	70596930	7.04e-33	144	1188	70876221	53
AAX21527.1	SUPER_8	54.023	87	39	1	925	1010	5131157	5130897	2.82e-36	95.5	1188	61527627	33
AAX21527.1	SUPER_8	25.606	289	146	5	690	909	5132077	5131211	2.82e-36	82.0	1188	61527627	33
AAX21527.1	SUPER_8	52.688	93	42	2	1009	1099	5130332	5130054	4.91e-18	95.5	1188	61527627	33
AAX21527.1	SUPER_5	49.462	93	45	2	1009	1099	53873758	53874036	6.72e-31	88.6	1188	66822030	46
AAX21527.1	SUPER_5	39.326	89	54	0	1099	1187	53874120	53874386	6.72e-31	70.9	1188	66822030	46
AAX21527.1	SUPER_5	57.317	82	34	1	930	1010	53872947	53873192	1.98e-18	96.7	1188	66822030	46
AAX21527.1	SUPER_5	26.000	350	189	11	645	944	53872003	53872992	1.94e-17	93.6	1188	66822030	46
AAM21641.1	SUPER_3	34.958	595	275	12	588	1088	64717555	64715825	1.07e-77	288	1261	70427289	51
AAM21641.1	SUPER_3	34.347	329	160	6	588	875	66692456	66693397	1.75e-41	172	1261	70427289	51
AAM21641.1	SUPER_3	50.888	169	79	3	917	1081	66693657	66694163	6.00e-34	147	1261	70427289	51
AAM21641.1	SUPER_3	45.055	91	50	0	1171	1261	66695077	66695349	2.67e-14	83.2	1261	70427289	51
AAM21641.1	SUPER_3	45.055	91	50	0	1171	1261	64714925	64714653	8.57e-10	68.2	1261	70427289	51
AAM21641.1	SUPER_3	68.182	44	14	0	1110	1153	64715191	64715060	2.23e-09	67.0	1261	70427289	51
AAM21641.1	SUPER_3	63.265	49	17	1	1105	1153	66694809	66694952	3.76e-08	62.8	1261	70427289	51
AAM21641.1	SUPER_5	32.258	279	140	8	761	996	53872123	53872941	4.48e-41	106	1261	66822030	39
AAM21641.1	SUPER_5	41.818	110	56	3	1009	1111	53872971	53873297	4.48e-41	87.0	1261	66822030	39
AAM21641.1	SUPER_5	42.697	89	51	0	1172	1260	53874120	53874386	2.91e-24	73.6	1261	66822030	39
AAM21641.1	SUPER_5	48.438	64	32	1	1110	1172	53873845	53874036	2.91e-24	63.9	1261	66822030	39
AAM21641.1	SUPER_2	33.333	315	169	6	588	874	70594211	70595116	1.93e-40	169	1261	70876221	49
AAM21641.1	SUPER_2	50.000	178	83	3	920	1096	70595343	70595861	4.22e-33	145	1261	70876221	49
AAM21641.1	SUPER_2	38.462	182	82	2	1110	1261	70596385	70596930	2.55e-23	112	1261	70876221	49
AAM21641.1	SUPER_6	34.930	355	180	8	776	1081	44578513	44579571	3.66e-37	158	1261	62687094	36
AAM21641.1	SUPER_6	44.767	172	85	3	917	1081	44589670	44590176	1.98e-26	123	1261	62687094	36
AAM21641.1	SUPER_6	43.333	90	51	0	1172	1261	44585455	44585724	5.95e-14	82.0	1261	62687094	36
AAM21641.1	SUPER_6	64.103	39	14	0	1110	1148	44581196	44581312	7.68e-07	58.5	1261	62687094	36
AAM21641.1	SUPER_6	43.750	64	35	1	1110	1172	44590829	44591020	2.43e-06	57.0	1261	62687094	36
AAM21641.1	SUPER_8	29.249	253	136	4	776	985	5131954	5131196	8.03e-32	88.6	1261	61527627	29
AAM21641.1	SUPER_8	39.048	105	56	3	1009	1106	5131118	5130807	8.03e-32	74.3	1261	61527627	29
AAM21641.1	SUPER_8	50.000	64	31	1	1110	1172	5130245	5130054	3.05e-09	66.6	1261	61527627	29
AAD54777.1	SUPER_3	34.219	640	312	12	403	955	64717669	64715816	1.44e-88	320	1123	70427289	73
AAD54777.1	SUPER_3	31.527	406	221	6	403	765	66692339	66693514	4.03e-44	180	1123	70427289	73
AAD54777.1	SUPER_3	46.591	176	89	1	770	945	66693657	66694169	1.57e-41	172	1123	70427289	73
AAD54777.1	SUPER_3	52.688	93	44	0	942	1034	64715278	64715000	5.17e-27	94.7	1123	70427289	73
AAD54777.1	SUPER_3	40.659	91	54	0	1033	1123	64714925	64714653	5.17e-27	51.6	1123	70427289	73
AAD54777.1	SUPER_3	51.613	93	45	0	942	1034	66694734	66695012	8.31e-18	94.4	1123	70427289	73
AAD54777.1	SUPER_3	40.404	99	57	1	4	102	66687549	66687839	3.31e-10	69.3	1123	70427289	73
AAD54777.1	SUPER_3	41.441	111	64	1	1014	1123	66695017	66695349	1.24e-09	67.8	1123	70427289	73
AAD54777.1	SUPER_3	38.835	103	53	3	4	101	64722836	64722543	2.48e-08	63.2	1123	70427289	73
AAD54777.1	SUPER_6	35.028	354	181	4	636	945	44578531	44579577	4.77e-48	193	1123	62687094	36
AAD54777.1	SUPER_6	42.373	177	95	2	770	945	44589670	44590182	1.17e-32	143	1123	62687094	36
AAD54777.1	SUPER_6	57.353	68	29	0	942	1009	44581109	44581312	1.91e-13	80.1	1123	62687094	36
AAD54777.1	SUPER_6	42.708	96	51	1	942	1037	44590742	44591017	4.98e-13	79.0	1123	62687094	36
AAD54777.1	SUPER_5	31.973	294	155	6	583	832	53872027	53872905	2.58e-46	120	1123	66822030	45
AAD54777.1	SUPER_5	46.341	82	44	0	862	943	53872947	53873192	2.58e-46	90.9	1123	66822030	45
AAD54777.1	SUPER_5	48.387	93	48	0	942	1034	53873758	53874036	4.96e-23	88.2	1123	66822030	45
AAD54777.1	SUPER_5	38.636	88	54	0	1034	1121	53874120	53874383	4.96e-23	44.7	1123	66822030	45
AAD54777.1	SUPER_8	31.950	241	120	2	636	832	5131936	5131214	1.34e-45	114	1123	61527627	33
AAD54777.1	SUPER_8	47.126	87	46	0	857	943	5131157	5130897	1.34e-45	94.7	1123	61527627	33
AAD54777.1	SUPER_8	50.538	93	46	0	942	1034	5130332	5130054	3.75e-17	92.4	1123	61527627	33
AAD54777.1	SUPER_2	34.277	318	172	5	448	734	70594202	70595137	5.01e-43	177	1123	70876221	66
AAD54777.1	SUPER_2	46.286	175	82	2	771	945	70595337	70595825	4.36e-40	167	1123	70876221	66
AAD54777.1	SUPER_2	39.336	211	99	1	942	1123	70596298	70596930	6.88e-25	117	1123	70876221	66
AAD54777.1	SUPER_2	38.542	96	51	2	6	101	66546587	66546324	6.53e-07	58.5	1123	70876221	66
CAC01849.1	SUPER_3	34.219	640	312	12	403	955	64717669	64715816	1.44e-88	320	1123	70427289	73
CAC01849.1	SUPER_3	31.527	406	221	6	403	765	66692339	66693514	4.03e-44	180	1123	70427289	73
CAC01849.1	SUPER_3	46.591	176	89	1	770	945	66693657	66694169	1.57e-41	172	1123	70427289	73
CAC01849.1	SUPER_3	52.688	93	44	0	942	1034	64715278	64715000	5.17e-27	94.7	1123	70427289	73
CAC01849.1	SUPER_3	40.659	91	54	0	1033	1123	64714925	64714653	5.17e-27	51.6	1123	70427289	73
CAC01849.1	SUPER_3	51.613	93	45	0	942	1034	66694734	66695012	8.31e-18	94.4	1123	70427289	73
CAC01849.1	SUPER_3	40.404	99	57	1	4	102	66687549	66687839	3.31e-10	69.3	1123	70427289	73
CAC01849.1	SUPER_3	41.441	111	64	1	1014	1123	66695017	66695349	1.24e-09	67.8	1123	70427289	73
CAC01849.1	SUPER_3	38.835	103	53	3	4	101	64722836	64722543	2.48e-08	63.2	1123	70427289	73
CAC01849.1	SUPER_6	35.028	354	181	4	636	945	44578531	44579577	4.77e-48	193	1123	62687094	36
CAC01849.1	SUPER_6	42.373	177	95	2	770	945	44589670	44590182	1.17e-32	143	1123	62687094	36
CAC01849.1	SUPER_6	57.353	68	29	0	942	1009	44581109	44581312	1.91e-13	80.1	1123	62687094	36
CAC01849.1	SUPER_6	42.708	96	51	1	942	1037	44590742	44591017	4.98e-13	79.0	1123	62687094	36
CAC01849.1	SUPER_5	31.973	294	155	6	583	832	53872027	53872905	2.58e-46	120	1123	66822030	45
CAC01849.1	SUPER_5	46.341	82	44	0	862	943	53872947	53873192	2.58e-46	90.9	1123	66822030	45
CAC01849.1	SUPER_5	48.387	93	48	0	942	1034	53873758	53874036	4.96e-23	88.2	1123	66822030	45
CAC01849.1	SUPER_5	38.636	88	54	0	1034	1121	53874120	53874383	4.96e-23	44.7	1123	66822030	45
CAC01849.1	SUPER_8	31.950	241	120	2	636	832	5131936	5131214	1.34e-45	114	1123	61527627	33
CAC01849.1	SUPER_8	47.126	87	46	0	857	943	5131157	5130897	1.34e-45	94.7	1123	61527627	33
CAC01849.1	SUPER_8	50.538	93	46	0	942	1034	5130332	5130054	3.75e-17	92.4	1123	61527627	33
CAC01849.1	SUPER_2	34.277	318	172	5	448	734	70594202	70595137	5.01e-43	177	1123	70876221	66
CAC01849.1	SUPER_2	46.286	175	82	2	771	945	70595337	70595825	4.36e-40	167	1123	70876221	66
CAC01849.1	SUPER_2	39.336	211	99	1	942	1123	70596298	70596930	6.88e-25	117	1123	70876221	66
CAC01849.1	SUPER_2	38.542	96	51	2	6	101	66546587	66546324	6.53e-07	58.5	1123	70876221	66
