NP_001105870.1	SUPER_9_HAP1	68.698	361	110	3	482	841	129701397	129700321	2.36e-150	508	1188	245760952	85
NP_001105870.1	SUPER_9_HAP1	73.118	93	25	0	1007	1099	129698701	129698423	5.19e-65	145	1188	245760952	85
NP_001105870.1	SUPER_9_HAP1	65.957	94	32	0	1095	1188	129698315	129698034	5.19e-65	130	1188	245760952	85
NP_001105870.1	SUPER_9_HAP1	71.839	174	49	0	838	1011	129699772	129699251	9.71e-62	239	1188	245760952	85
NP_001105870.1	SUPER_9_HAP1	49.057	106	26	2	137	214	129706598	129706281	4.69e-14	84.3	1188	245760952	85
NP_001105870.1	SUPER_9_HAP1	57.292	96	40	1	16	110	129708000	129707713	8.24e-11	73.6	1188	245760952	85
NP_001105870.1	SUPER_9_HAP1	65.957	47	16	0	358	404	129703988	129703848	4.96e-08	64.7	1188	245760952	85
NP_001105870.1	SUPER_9_HAP1	42.500	80	43	2	253	332	129705808	129705578	2.37e-06	58.9	1188	245760952	85
NP_001105870.1	HAP1_SCAFFOLD_1140	68.144	361	112	3	482	841	12459	13535	3.53e-148	501	1188	51409	85
NP_001105870.1	HAP1_SCAFFOLD_1140	68.144	361	112	3	482	841	42733	43809	3.53e-148	501	1188	51409	85
NP_001105870.1	HAP1_SCAFFOLD_1140	73.118	93	25	0	1007	1099	15276	15554	4.26e-65	145	1188	51409	85
NP_001105870.1	HAP1_SCAFFOLD_1140	73.118	93	25	0	1007	1099	45550	45828	4.26e-65	145	1188	51409	85
NP_001105870.1	HAP1_SCAFFOLD_1140	65.957	94	32	0	1095	1188	15662	15943	4.26e-65	130	1188	51409	85
NP_001105870.1	HAP1_SCAFFOLD_1140	65.957	94	32	0	1095	1188	45936	46217	4.26e-65	130	1188	51409	85
NP_001105870.1	HAP1_SCAFFOLD_1140	71.839	174	49	0	838	1011	14081	14602	3.42e-61	238	1188	51409	85
NP_001105870.1	HAP1_SCAFFOLD_1140	71.839	174	49	0	838	1011	44355	44876	3.42e-61	238	1188	51409	85
NP_001105870.1	HAP1_SCAFFOLD_1140	49.057	106	26	2	137	214	7260	7577	4.59e-14	84.3	1188	51409	85
NP_001105870.1	HAP1_SCAFFOLD_1140	49.057	106	26	2	137	214	37534	37851	4.59e-14	84.3	1188	51409	85
NP_001105870.1	HAP1_SCAFFOLD_1140	55.208	96	42	1	16	110	6176	6463	2.11e-10	72.4	1188	51409	85
NP_001105870.1	HAP1_SCAFFOLD_1140	55.208	96	42	1	16	110	36450	36737	2.11e-10	72.4	1188	51409	85
NP_001105870.1	HAP1_SCAFFOLD_1140	65.306	49	17	0	356	404	9865	10011	7.55e-09	67.4	1188	51409	85
NP_001105870.1	HAP1_SCAFFOLD_1140	65.306	49	17	0	356	404	40139	40285	7.55e-09	67.4	1188	51409	85
NP_001105870.1	HAP1_SCAFFOLD_1140	42.500	80	43	2	253	332	8050	8280	2.13e-06	59.3	1188	51409	85
NP_001105870.1	HAP1_SCAFFOLD_1140	42.500	80	43	2	253	332	38324	38554	2.13e-06	59.3	1188	51409	85
NP_001105870.1	SUPER_6_HAP1	69.714	350	103	3	493	841	4389712	4390755	8.79e-147	497	1188	260160428	59
NP_001105870.1	SUPER_6_HAP1	71.839	174	49	0	838	1011	4391593	4392114	8.15e-62	239	1188	260160428	59
NP_001105870.1	SUPER_6_HAP1	74.194	93	24	0	1007	1099	4392640	4392918	5.19e-33	146	1188	260160428	59
NP_001105870.1	SUPER_6_HAP1	69.149	94	29	0	1095	1188	4393067	4393348	3.06e-29	134	1188	260160428	59
NP_001105870.1	SUPER_13_HAP1	48.113	106	27	2	137	214	3428863	3428546	1.74e-13	82.4	1188	183547942	13
NP_001105870.1	SUPER_13_HAP1	39.506	81	46	2	252	332	3425089	3425322	6.51e-05	54.3	1188	183547942	13
NP_001105870.1	SUPER_1_HAP1	50.515	97	20	2	146	214	398765583	398765873	8.41e-13	80.5	1188	438371173	17
NP_001105870.1	SUPER_1_HAP1	68.750	48	15	0	63	110	421017810	421017667	5.04e-09	67.8	1188	438371173	17
NP_001105870.1	SUPER_1_HAP1	63.636	55	19	1	161	214	421015318	421015154	6.60e-09	67.4	1188	438371173	17
NP_001105870.1	SUPER_1_HAP1	68.750	48	15	0	63	110	398764945	398765088	9.23e-09	67.0	1188	438371173	17
NP_001105870.1	SUPER_1_HAP1	42.500	80	43	2	253	332	421014681	421014451	2.20e-06	59.3	1188	438371173	17
NP_001105870.1	SUPER_3_HAP1	46.226	106	29	2	137	214	79175019	79174702	1.34e-12	79.7	1188	311080274	7
NP_001105870.1	SUPER_7_HAP1	49.485	97	21	2	146	214	36836598	36836888	1.19e-11	76.6	1188	253859890	17
NP_001105870.1	SUPER_7_HAP1	68.750	48	15	0	63	110	36835960	36836103	5.04e-09	67.8	1188	253859890	17
NP_001105870.1	SUPER_7_HAP1	41.250	80	44	2	253	332	36837361	36837591	1.65e-05	56.2	1188	253859890	17
NP_001105870.1	SUPER_2_HAP1	67.391	46	15	0	65	110	344063981	344064118	1.89e-07	62.8	1188	368307237	4
sp|Q8LKW0.2|TERT_ORYSJ	SUPER_9_HAP1	68.022	369	113	2	556	924	129701388	129700297	1.01e-151	514	1259	245760952	91
sp|Q8LKW0.2|TERT_ORYSJ	SUPER_9_HAP1	74.194	93	24	0	1078	1170	129698701	129698423	3.83e-67	146	1259	245760952	91
sp|Q8LKW0.2|TERT_ORYSJ	SUPER_9_HAP1	67.021	94	31	0	1166	1259	129698315	129698034	3.83e-67	136	1259	245760952	91
sp|Q8LKW0.2|TERT_ORYSJ	SUPER_9_HAP1	71.098	173	50	0	910	1082	129699769	129699251	7.46e-64	246	1259	245760952	91
sp|Q8LKW0.2|TERT_ORYSJ	SUPER_9_HAP1	39.908	218	111	6	223	438	129705988	129705389	3.43e-26	124	1259	245760952	91
sp|Q8LKW0.2|TERT_ORYSJ	SUPER_9_HAP1	69.072	97	28	2	19	114	129708000	129707713	7.31e-26	110	1259	245760952	91
sp|Q8LKW0.2|TERT_ORYSJ	SUPER_9_HAP1	52.941	34	16	0	110	143	129707596	129707495	7.31e-26	34.3	1259	245760952	91
sp|Q8LKW0.2|TERT_ORYSJ	SUPER_9_HAP1	60.656	61	24	0	162	222	129706454	129706272	5.06e-13	81.3	1259	245760952	91
sp|Q8LKW0.2|TERT_ORYSJ	SUPER_9_HAP1	43.651	126	64	4	314	438	127155804	127156163	1.17e-12	80.1	1259	245760952	91
sp|Q8LKW0.2|TERT_ORYSJ	SUPER_9_HAP1	72.973	37	10	0	519	555	129702040	129701930	2.47e-05	55.8	1259	245760952	91
sp|Q8LKW0.2|TERT_ORYSJ	HAP1_SCAFFOLD_1140	69.188	357	109	1	556	912	12468	13535	1.62e-151	513	1259	51409	93
sp|Q8LKW0.2|TERT_ORYSJ	HAP1_SCAFFOLD_1140	69.188	357	109	1	556	912	42742	43809	1.62e-151	513	1259	51409	93
sp|Q8LKW0.2|TERT_ORYSJ	HAP1_SCAFFOLD_1140	74.194	93	24	0	1078	1170	15276	15554	1.53e-67	146	1259	51409	93
sp|Q8LKW0.2|TERT_ORYSJ	HAP1_SCAFFOLD_1140	74.194	93	24	0	1078	1170	45550	45828	1.53e-67	146	1259	51409	93
sp|Q8LKW0.2|TERT_ORYSJ	HAP1_SCAFFOLD_1140	68.085	94	30	0	1166	1259	15662	15943	1.53e-67	138	1259	51409	93
sp|Q8LKW0.2|TERT_ORYSJ	HAP1_SCAFFOLD_1140	68.085	94	30	0	1166	1259	45936	46217	1.53e-67	138	1259	51409	93
sp|Q8LKW0.2|TERT_ORYSJ	HAP1_SCAFFOLD_1140	72.254	173	48	0	910	1082	14084	14602	9.42e-65	249	1259	51409	93
sp|Q8LKW0.2|TERT_ORYSJ	HAP1_SCAFFOLD_1140	72.254	173	48	0	910	1082	44358	44876	9.42e-65	249	1259	51409	93
sp|Q8LKW0.2|TERT_ORYSJ	HAP1_SCAFFOLD_1140	40.367	218	110	6	223	438	7870	8469	6.20e-27	126	1259	51409	93
sp|Q8LKW0.2|TERT_ORYSJ	HAP1_SCAFFOLD_1140	40.367	218	110	6	223	438	38144	38743	6.20e-27	126	1259	51409	93
sp|Q8LKW0.2|TERT_ORYSJ	HAP1_SCAFFOLD_1140	67.010	97	30	2	19	114	6176	6463	9.57e-25	107	1259	51409	93
sp|Q8LKW0.2|TERT_ORYSJ	HAP1_SCAFFOLD_1140	67.010	97	30	2	19	114	36450	36737	9.57e-25	107	1259	51409	93
sp|Q8LKW0.2|TERT_ORYSJ	HAP1_SCAFFOLD_1140	52.941	34	16	0	110	143	6580	6681	9.57e-25	34.3	1259	51409	93
sp|Q8LKW0.2|TERT_ORYSJ	HAP1_SCAFFOLD_1140	52.941	34	16	0	110	143	36854	36955	9.57e-25	34.3	1259	51409	93
sp|Q8LKW0.2|TERT_ORYSJ	HAP1_SCAFFOLD_1140	60.656	61	24	0	162	222	7404	7586	4.96e-13	81.3	1259	51409	93
sp|Q8LKW0.2|TERT_ORYSJ	HAP1_SCAFFOLD_1140	60.656	61	24	0	162	222	37678	37860	4.96e-13	81.3	1259	51409	93
sp|Q8LKW0.2|TERT_ORYSJ	HAP1_SCAFFOLD_1140	72.973	37	10	0	519	555	11816	11926	2.43e-05	55.8	1259	51409	93
sp|Q8LKW0.2|TERT_ORYSJ	HAP1_SCAFFOLD_1140	72.973	37	10	0	519	555	42090	42200	2.43e-05	55.8	1259	51409	93
sp|Q8LKW0.2|TERT_ORYSJ	HAP1_SCAFFOLD_1140	53.191	47	22	0	426	472	9859	9999	5.36e-05	54.7	1259	51409	93
sp|Q8LKW0.2|TERT_ORYSJ	HAP1_SCAFFOLD_1140	53.191	47	22	0	426	472	40133	40273	5.36e-05	54.7	1259	51409	93
sp|Q8LKW0.2|TERT_ORYSJ	SUPER_6_HAP1	68.908	357	110	1	556	912	4389688	4390755	3.84e-151	512	1259	260160428	59
sp|Q8LKW0.2|TERT_ORYSJ	SUPER_6_HAP1	72.254	173	48	0	910	1082	4391596	4392114	8.06e-65	249	1259	260160428	59
sp|Q8LKW0.2|TERT_ORYSJ	SUPER_6_HAP1	76.344	93	22	0	1078	1170	4392640	4392918	1.33e-33	148	1259	260160428	59
sp|Q8LKW0.2|TERT_ORYSJ	SUPER_6_HAP1	70.213	94	28	0	1166	1259	4393067	4393348	3.00e-31	140	1259	260160428	59
sp|Q8LKW0.2|TERT_ORYSJ	SUPER_6_HAP1	72.973	37	10	0	519	555	4389032	4389142	2.47e-05	55.8	1259	260160428	59
sp|Q8LKW0.2|TERT_ORYSJ	SUPER_1_HAP1	39.908	218	111	6	223	438	421014861	421014262	3.18e-26	124	1259	438371173	30
sp|Q8LKW0.2|TERT_ORYSJ	SUPER_1_HAP1	62.821	78	25	3	40	114	421017897	421017667	2.51e-18	85.1	1259	438371173	30
sp|Q8LKW0.2|TERT_ORYSJ	SUPER_1_HAP1	52.941	34	16	0	110	143	421017550	421017449	2.51e-18	34.3	1259	438371173	30
sp|Q8LKW0.2|TERT_ORYSJ	SUPER_1_HAP1	62.821	78	25	3	40	114	398764858	398765088	4.03e-18	84.7	1259	438371173	30
sp|Q8LKW0.2|TERT_ORYSJ	SUPER_1_HAP1	52.941	34	16	0	110	143	398765205	398765306	4.03e-18	33.9	1259	438371173	30
sp|Q8LKW0.2|TERT_ORYSJ	SUPER_1_HAP1	61.017	59	23	0	162	220	398765700	398765876	1.20e-12	79.7	1259	438371173	30
sp|Q8LKW0.2|TERT_ORYSJ	SUPER_1_HAP1	60.714	56	22	0	165	220	421015318	421015151	3.25e-11	75.1	1259	438371173	30
sp|Q8LKW0.2|TERT_ORYSJ	SUPER_1_HAP1	74.194	31	8	0	59	89	94438295	94438203	1.42e-08	57.0	1259	438371173	30
sp|Q8LKW0.2|TERT_ORYSJ	SUPER_1_HAP1	78.571	14	3	0	101	114	94438183	94438142	1.42e-08	28.9	1259	438371173	30
sp|Q8LKW0.2|TERT_ORYSJ	SUPER_7_HAP1	39.908	218	111	6	223	438	36837181	36837780	4.53e-26	124	1259	253859890	30
sp|Q8LKW0.2|TERT_ORYSJ	SUPER_7_HAP1	62.821	78	25	3	40	114	36835873	36836103	2.54e-18	85.1	1259	253859890	30
sp|Q8LKW0.2|TERT_ORYSJ	SUPER_7_HAP1	52.941	34	16	0	110	143	36836220	36836321	2.54e-18	34.3	1259	253859890	30
sp|Q8LKW0.2|TERT_ORYSJ	SUPER_7_HAP1	59.322	59	24	0	162	220	36836715	36836891	1.65e-11	76.3	1259	253859890	30
sp|Q8LKW0.2|TERT_ORYSJ	SUPER_7_HAP1	58.904	73	20	3	47	114	152227722	152227925	4.05e-10	71.6	1259	253859890	30
sp|Q8LKW0.2|TERT_ORYSJ	SUPER_13_HAP1	47.445	137	68	3	292	427	3425086	3425487	1.72e-20	105	1259	183547942	24
sp|Q8LKW0.2|TERT_ORYSJ	SUPER_13_HAP1	61.667	60	23	0	162	221	3428719	3428540	1.38e-13	83.2	1259	183547942	24
sp|Q8LKW0.2|TERT_ORYSJ	SUPER_13_HAP1	34.000	150	41	3	39	143	3429849	3429439	1.88e-05	56.2	1259	183547942	24
sp|Q8LKW0.2|TERT_ORYSJ	SUPER_2_HAP1	59.036	83	23	3	32	114	344063903	344064118	9.73e-16	76.3	1259	368307237	8
sp|Q8LKW0.2|TERT_ORYSJ	SUPER_2_HAP1	58.621	29	12	0	110	138	344064235	344064321	9.73e-16	34.3	1259	368307237	8
sp|Q8LKW0.2|TERT_ORYSJ	SUPER_3_HAP1	58.333	60	25	0	162	221	79174875	79174696	1.29e-12	79.7	1259	311080274	5
sp|Q9SPU7.1|TERT_ARATH	SUPER_9_HAP1	34.557	327	184	9	440	753	129701325	129700396	6.02e-37	159	1123	245760952	60
sp|Q9SPU7.1|TERT_ARATH	SUPER_9_HAP1	39.891	183	101	3	762	944	129699772	129699251	1.17e-33	148	1123	245760952	60
sp|Q9SPU7.1|TERT_ARATH	SUPER_9_HAP1	44.211	95	51	2	940	1034	129698701	129698423	1.89e-27	78.6	1123	245760952	60
sp|Q9SPU7.1|TERT_ARATH	SUPER_9_HAP1	46.154	91	49	0	1033	1123	129698306	129698034	1.89e-27	71.6	1123	245760952	60
sp|Q9SPU7.1|TERT_ARATH	SUPER_6_HAP1	34.259	324	189	8	440	753	4389751	4390680	6.07e-37	159	1123	260160428	59
sp|Q9SPU7.1|TERT_ARATH	SUPER_6_HAP1	35.652	230	136	5	718	944	4391452	4392114	2.06e-36	157	1123	260160428	59
sp|Q9SPU7.1|TERT_ARATH	SUPER_6_HAP1	52.113	71	33	1	940	1010	4392640	4392849	3.11e-12	78.2	1123	260160428	59
sp|Q9SPU7.1|TERT_ARATH	SUPER_6_HAP1	46.154	91	49	0	1033	1123	4393076	4393348	5.75e-10	70.9	1123	260160428	59
sp|Q9SPU7.1|TERT_ARATH	HAP1_SCAFFOLD_1140	34.251	327	185	9	440	753	12531	13460	2.08e-36	157	1123	51409	60
sp|Q9SPU7.1|TERT_ARATH	HAP1_SCAFFOLD_1140	34.251	327	185	9	440	753	42805	43734	2.08e-36	157	1123	51409	60
sp|Q9SPU7.1|TERT_ARATH	HAP1_SCAFFOLD_1140	39.891	183	101	3	762	944	14081	14602	1.44e-33	148	1123	51409	60
sp|Q9SPU7.1|TERT_ARATH	HAP1_SCAFFOLD_1140	39.891	183	101	3	762	944	44355	44876	1.44e-33	148	1123	51409	60
sp|Q9SPU7.1|TERT_ARATH	HAP1_SCAFFOLD_1140	44.211	95	51	2	940	1034	15276	15554	1.43e-27	78.6	1123	51409	60
sp|Q9SPU7.1|TERT_ARATH	HAP1_SCAFFOLD_1140	44.211	95	51	2	940	1034	45550	45828	1.43e-27	78.6	1123	51409	60
sp|Q9SPU7.1|TERT_ARATH	HAP1_SCAFFOLD_1140	46.154	91	49	0	1033	1123	15671	15943	1.43e-27	72.0	1123	51409	60
sp|Q9SPU7.1|TERT_ARATH	HAP1_SCAFFOLD_1140	46.154	91	49	0	1033	1123	45945	46217	1.43e-27	72.0	1123	51409	60
XP_016496114.1	SUPER_6_HAP1	33.791	364	186	6	517	859	4389766	4390755	2.30e-42	177	1228	260160428	56
XP_016496114.1	SUPER_6_HAP1	48.370	184	76	3	866	1049	4391620	4392114	1.17e-33	149	1228	260160428	56
XP_016496114.1	SUPER_6_HAP1	62.162	74	27	1	1045	1118	4392640	4392858	1.48e-17	95.9	1228	260160428	56
XP_016496114.1	SUPER_6_HAP1	40.659	91	54	0	1138	1228	4393076	4393348	3.01e-11	75.1	1228	260160428	56
XP_016496114.1	SUPER_9_HAP1	33.791	364	186	6	517	859	129701310	129700321	5.19e-42	176	1228	245760952	56
XP_016496114.1	SUPER_9_HAP1	48.370	184	76	3	866	1049	129699745	129699251	4.31e-33	147	1228	245760952	56
XP_016496114.1	SUPER_9_HAP1	62.162	74	27	1	1045	1118	129698701	129698483	1.20e-17	96.3	1228	245760952	56
XP_016496114.1	SUPER_9_HAP1	40.659	91	54	0	1138	1228	129698306	129698034	2.66e-11	75.5	1228	245760952	56
XP_016496114.1	HAP1_SCAFFOLD_1140	33.516	364	187	6	517	859	12546	13535	3.18e-41	173	1228	51409	56
XP_016496114.1	HAP1_SCAFFOLD_1140	33.516	364	187	6	517	859	42820	43809	3.18e-41	173	1228	51409	56
XP_016496114.1	HAP1_SCAFFOLD_1140	47.826	184	77	3	866	1049	14108	14602	2.71e-32	144	1228	51409	56
XP_016496114.1	HAP1_SCAFFOLD_1140	47.826	184	77	3	866	1049	44382	44876	2.71e-32	144	1228	51409	56
XP_016496114.1	HAP1_SCAFFOLD_1140	62.162	74	27	1	1045	1118	15276	15494	1.17e-17	96.3	1228	51409	56
XP_016496114.1	HAP1_SCAFFOLD_1140	62.162	74	27	1	1045	1118	45550	45768	1.17e-17	96.3	1228	51409	56
XP_016496114.1	HAP1_SCAFFOLD_1140	40.659	91	54	0	1138	1228	15671	15943	3.33e-11	75.1	1228	51409	56
XP_016496114.1	HAP1_SCAFFOLD_1140	40.659	91	54	0	1138	1228	45945	46217	3.33e-11	75.1	1228	51409	56
XP_070031847.1	SUPER_6_HAP1	33.516	364	187	6	469	811	4389766	4390755	1.74e-41	174	1180	260160428	58
XP_070031847.1	SUPER_6_HAP1	50.543	184	72	4	818	1001	4391620	4392114	1.19e-34	152	1180	260160428	58
XP_070031847.1	SUPER_6_HAP1	62.162	74	27	1	997	1070	4392640	4392858	1.68e-17	95.9	1180	260160428	58
XP_070031847.1	SUPER_6_HAP1	40.659	91	54	0	1090	1180	4393076	4393348	1.64e-10	72.8	1180	260160428	58
XP_070031847.1	SUPER_9_HAP1	33.516	364	187	6	469	811	129701310	129700321	3.59e-41	173	1180	245760952	58
XP_070031847.1	SUPER_9_HAP1	50.543	184	72	4	818	1001	129699745	129699251	6.01e-34	149	1180	245760952	58
XP_070031847.1	SUPER_9_HAP1	62.162	74	27	1	997	1070	129698701	129698483	1.45e-17	95.9	1180	245760952	58
XP_070031847.1	SUPER_9_HAP1	40.659	91	54	0	1090	1180	129698306	129698034	1.47e-10	72.8	1180	245760952	58
XP_070031847.1	HAP1_SCAFFOLD_1140	33.242	364	188	6	469	811	12546	13535	1.77e-40	171	1180	51409	58
XP_070031847.1	HAP1_SCAFFOLD_1140	33.242	364	188	6	469	811	42820	43809	1.77e-40	171	1180	51409	58
XP_070031847.1	HAP1_SCAFFOLD_1140	50.000	184	73	4	818	1001	14108	14602	3.78e-33	147	1180	51409	58
XP_070031847.1	HAP1_SCAFFOLD_1140	50.000	184	73	4	818	1001	44382	44876	3.78e-33	147	1180	51409	58
XP_070031847.1	HAP1_SCAFFOLD_1140	62.162	74	27	1	997	1070	15276	15494	1.41e-17	95.9	1180	51409	58
XP_070031847.1	HAP1_SCAFFOLD_1140	62.162	74	27	1	997	1070	45550	45768	1.41e-17	95.9	1180	51409	58
XP_070031847.1	HAP1_SCAFFOLD_1140	40.659	91	54	0	1090	1180	15671	15943	1.85e-10	72.4	1180	51409	58
XP_070031847.1	HAP1_SCAFFOLD_1140	40.659	91	54	0	1090	1180	45945	46217	1.85e-10	72.4	1180	51409	58
XP_033514372.1	SUPER_6_HAP1	33.516	364	187	6	305	647	4389766	4390755	7.81e-42	174	1016	260160428	68
XP_033514372.1	SUPER_6_HAP1	50.543	184	72	4	654	837	4391620	4392114	1.25e-34	151	1016	260160428	68
XP_033514372.1	SUPER_6_HAP1	62.162	74	27	1	833	906	4392640	4392858	1.02e-17	96.3	1016	260160428	68
XP_033514372.1	SUPER_6_HAP1	40.659	91	54	0	926	1016	4393076	4393348	8.97e-11	73.2	1016	260160428	68
XP_033514372.1	SUPER_9_HAP1	33.516	364	187	6	305	647	129701310	129700321	1.91e-41	173	1016	245760952	68
XP_033514372.1	SUPER_9_HAP1	50.543	184	72	4	654	837	129699745	129699251	4.83e-34	149	1016	245760952	68
XP_033514372.1	SUPER_9_HAP1	62.162	74	27	1	833	906	129698701	129698483	8.72e-18	96.3	1016	245760952	68
XP_033514372.1	SUPER_9_HAP1	40.659	91	54	0	926	1016	129698306	129698034	6.46e-11	73.9	1016	245760952	68
XP_033514372.1	HAP1_SCAFFOLD_1140	33.242	364	188	6	305	647	12546	13535	8.76e-41	171	1016	51409	68
XP_033514372.1	HAP1_SCAFFOLD_1140	33.242	364	188	6	305	647	42820	43809	8.76e-41	171	1016	51409	68
XP_033514372.1	HAP1_SCAFFOLD_1140	50.000	184	73	4	654	837	14108	14602	3.36e-33	146	1016	51409	68
XP_033514372.1	HAP1_SCAFFOLD_1140	50.000	184	73	4	654	837	44382	44876	3.36e-33	146	1016	51409	68
XP_033514372.1	HAP1_SCAFFOLD_1140	62.162	74	27	1	833	906	15276	15494	8.51e-18	96.3	1016	51409	68
XP_033514372.1	HAP1_SCAFFOLD_1140	62.162	74	27	1	833	906	45550	45768	8.51e-18	96.3	1016	51409	68
XP_033514372.1	HAP1_SCAFFOLD_1140	40.659	91	54	0	926	1016	15671	15943	8.03e-11	73.6	1016	51409	68
XP_033514372.1	HAP1_SCAFFOLD_1140	40.659	91	54	0	926	1016	45945	46217	8.03e-11	73.6	1016	51409	68
XP_009765715.1	SUPER_6_HAP1	33.791	364	186	6	329	671	4389766	4390755	1.24e-42	177	1040	260160428	66
XP_009765715.1	SUPER_6_HAP1	48.370	184	76	3	678	861	4391620	4392114	1.76e-33	147	1040	260160428	66
XP_009765715.1	SUPER_6_HAP1	62.162	74	27	1	857	930	4392640	4392858	1.44e-17	95.5	1040	260160428	66
XP_009765715.1	SUPER_6_HAP1	40.659	91	54	0	950	1040	4393076	4393348	1.65e-11	75.9	1040	260160428	66
XP_009765715.1	SUPER_9_HAP1	33.791	364	186	6	329	671	129701310	129700321	3.58e-42	176	1040	245760952	66
XP_009765715.1	SUPER_9_HAP1	48.370	184	76	3	678	861	129699745	129699251	5.02e-33	146	1040	245760952	66
XP_009765715.1	SUPER_9_HAP1	62.162	74	27	1	857	930	129698701	129698483	1.09e-17	95.9	1040	245760952	66
XP_009765715.1	SUPER_9_HAP1	40.659	91	54	0	950	1040	129698306	129698034	1.42e-11	75.9	1040	245760952	66
XP_009765715.1	HAP1_SCAFFOLD_1140	33.516	364	187	6	329	671	12546	13535	1.57e-41	173	1040	51409	66
XP_009765715.1	HAP1_SCAFFOLD_1140	33.516	364	187	6	329	671	42820	43809	1.57e-41	173	1040	51409	66
XP_009765715.1	HAP1_SCAFFOLD_1140	47.826	184	77	3	678	861	14108	14602	3.57e-32	143	1040	51409	66
XP_009765715.1	HAP1_SCAFFOLD_1140	47.826	184	77	3	678	861	44382	44876	3.57e-32	143	1040	51409	66
XP_009765715.1	HAP1_SCAFFOLD_1140	62.162	74	27	1	857	930	15276	15494	1.07e-17	95.9	1040	51409	66
XP_009765715.1	HAP1_SCAFFOLD_1140	62.162	74	27	1	857	930	45550	45768	1.07e-17	95.9	1040	51409	66
XP_009765715.1	HAP1_SCAFFOLD_1140	40.659	91	54	0	950	1040	15671	15943	1.78e-11	75.5	1040	51409	66
XP_009765715.1	HAP1_SCAFFOLD_1140	40.659	91	54	0	950	1040	45945	46217	1.78e-11	75.5	1040	51409	66
XP_009765713.1	SUPER_6_HAP1	33.791	364	186	6	360	702	4389766	4390755	1.26e-42	177	1071	260160428	64
XP_009765713.1	SUPER_6_HAP1	48.370	184	76	3	709	892	4391620	4392114	1.31e-33	148	1071	260160428	64
XP_009765713.1	SUPER_6_HAP1	62.162	74	27	1	888	961	4392640	4392858	1.53e-17	95.5	1071	260160428	64
XP_009765713.1	SUPER_6_HAP1	40.659	91	54	0	981	1071	4393076	4393348	1.57e-11	75.9	1071	260160428	64
XP_009765713.1	SUPER_9_HAP1	33.791	364	186	6	360	702	129701310	129700321	3.19e-42	176	1071	245760952	64
XP_009765713.1	SUPER_9_HAP1	48.370	184	76	3	709	892	129699745	129699251	3.71e-33	146	1071	245760952	64
XP_009765713.1	SUPER_9_HAP1	62.162	74	27	1	888	961	129698701	129698483	1.10e-17	96.3	1071	245760952	64
XP_009765713.1	SUPER_9_HAP1	40.659	91	54	0	981	1071	129698306	129698034	1.11e-11	76.3	1071	245760952	64
XP_009765713.1	HAP1_SCAFFOLD_1140	33.516	364	187	6	360	702	12546	13535	1.86e-41	173	1071	51409	64
XP_009765713.1	HAP1_SCAFFOLD_1140	33.516	364	187	6	360	702	42820	43809	1.86e-41	173	1071	51409	64
XP_009765713.1	HAP1_SCAFFOLD_1140	47.826	184	77	3	709	892	14108	14602	2.11e-32	144	1071	51409	64
XP_009765713.1	HAP1_SCAFFOLD_1140	47.826	184	77	3	709	892	44382	44876	2.11e-32	144	1071	51409	64
XP_009765713.1	HAP1_SCAFFOLD_1140	62.162	74	27	1	888	961	15276	15494	1.07e-17	96.3	1071	51409	64
XP_009765713.1	HAP1_SCAFFOLD_1140	62.162	74	27	1	888	961	45550	45768	1.07e-17	96.3	1071	51409	64
XP_009765713.1	HAP1_SCAFFOLD_1140	40.659	91	54	0	981	1071	15671	15943	1.39e-11	75.9	1071	51409	64
XP_009765713.1	HAP1_SCAFFOLD_1140	40.659	91	54	0	981	1071	45945	46217	1.39e-11	75.9	1071	51409	64
XP_009765710.1	SUPER_6_HAP1	33.791	364	186	6	548	890	4389766	4390755	2.22e-42	177	1259	260160428	55
XP_009765710.1	SUPER_6_HAP1	48.370	184	76	3	897	1080	4391620	4392114	1.09e-33	149	1259	260160428	55
XP_009765710.1	SUPER_6_HAP1	62.162	74	27	1	1076	1149	4392640	4392858	2.69e-17	95.1	1259	260160428	55
XP_009765710.1	SUPER_6_HAP1	40.659	91	54	0	1169	1259	4393076	4393348	2.77e-11	75.5	1259	260160428	55
XP_009765710.1	SUPER_9_HAP1	33.791	364	186	6	548	890	129701310	129700321	4.96e-42	176	1259	245760952	55
XP_009765710.1	SUPER_9_HAP1	48.370	184	76	3	897	1080	129699745	129699251	4.04e-33	147	1259	245760952	55
XP_009765710.1	SUPER_9_HAP1	62.162	74	27	1	1076	1149	129698701	129698483	2.15e-17	95.5	1259	245760952	55
XP_009765710.1	SUPER_9_HAP1	40.659	91	54	0	1169	1259	129698306	129698034	2.48e-11	75.5	1259	245760952	55
XP_009765710.1	HAP1_SCAFFOLD_1140	33.516	364	187	6	548	890	12546	13535	3.17e-41	173	1259	51409	55
XP_009765710.1	HAP1_SCAFFOLD_1140	33.516	364	187	6	548	890	42820	43809	3.17e-41	173	1259	51409	55
XP_009765710.1	HAP1_SCAFFOLD_1140	47.826	184	77	3	897	1080	14108	14602	2.52e-32	144	1259	51409	55
XP_009765710.1	HAP1_SCAFFOLD_1140	47.826	184	77	3	897	1080	44382	44876	2.52e-32	144	1259	51409	55
XP_009765710.1	HAP1_SCAFFOLD_1140	62.162	74	27	1	1076	1149	15276	15494	2.09e-17	95.5	1259	51409	55
XP_009765710.1	HAP1_SCAFFOLD_1140	62.162	74	27	1	1076	1149	45550	45768	2.09e-17	95.5	1259	51409	55
XP_009765710.1	HAP1_SCAFFOLD_1140	40.659	91	54	0	1169	1259	15671	15943	3.06e-11	75.1	1259	51409	55
XP_009765710.1	HAP1_SCAFFOLD_1140	40.659	91	54	0	1169	1259	45945	46217	3.06e-11	75.1	1259	51409	55
XP_009612033.1	SUPER_6_HAP1	33.516	364	187	6	274	616	4389766	4390755	9.19e-42	174	985	260160428	70
XP_009612033.1	SUPER_6_HAP1	50.543	184	72	4	623	806	4391620	4392114	1.53e-34	150	985	260160428	70
XP_009612033.1	SUPER_6_HAP1	62.162	74	27	1	802	875	4392640	4392858	9.87e-18	96.3	985	260160428	70
XP_009612033.1	SUPER_6_HAP1	40.659	91	54	0	895	985	4393076	4393348	8.94e-11	73.2	985	260160428	70
XP_009612033.1	SUPER_9_HAP1	33.516	364	187	6	274	616	129701310	129700321	1.93e-41	173	985	245760952	70
XP_009612033.1	SUPER_9_HAP1	50.543	184	72	4	623	806	129699745	129699251	7.42e-34	148	985	245760952	70
XP_009612033.1	SUPER_9_HAP1	62.162	74	27	1	802	875	129698701	129698483	8.40e-18	96.3	985	245760952	70
XP_009612033.1	SUPER_9_HAP1	40.659	91	54	0	895	985	129698306	129698034	7.81e-11	73.6	985	245760952	70
XP_009612033.1	HAP1_SCAFFOLD_1140	33.242	364	188	6	274	616	12546	13535	9.70e-41	171	985	51409	70
XP_009612033.1	HAP1_SCAFFOLD_1140	33.242	364	188	6	274	616	42820	43809	9.70e-41	171	985	51409	70
XP_009612033.1	HAP1_SCAFFOLD_1140	50.000	184	73	4	623	806	14108	14602	5.41e-33	145	985	51409	70
XP_009612033.1	HAP1_SCAFFOLD_1140	50.000	184	73	4	623	806	44382	44876	5.41e-33	145	985	51409	70
XP_009612033.1	HAP1_SCAFFOLD_1140	62.162	74	27	1	802	875	15276	15494	8.20e-18	96.3	985	51409	70
XP_009612033.1	HAP1_SCAFFOLD_1140	62.162	74	27	1	802	875	45550	45768	8.20e-18	96.3	985	51409	70
XP_009612033.1	HAP1_SCAFFOLD_1140	40.659	91	54	0	895	985	15671	15943	9.72e-11	73.2	985	51409	70
XP_009612033.1	HAP1_SCAFFOLD_1140	40.659	91	54	0	895	985	45945	46217	9.72e-11	73.2	985	51409	70
XP_009612032.1	SUPER_6_HAP1	33.516	364	187	6	279	621	4389766	4390755	1.02e-41	174	990	260160428	69
XP_009612032.1	SUPER_6_HAP1	50.543	184	72	4	628	811	4391620	4392114	1.60e-34	150	990	260160428	69
XP_009612032.1	SUPER_6_HAP1	62.162	74	27	1	807	880	4392640	4392858	1.10e-17	95.9	990	260160428	69
XP_009612032.1	SUPER_6_HAP1	40.659	91	54	0	900	990	4393076	4393348	1.01e-10	73.2	990	260160428	69
XP_009612032.1	SUPER_9_HAP1	33.516	364	187	6	279	621	129701310	129700321	2.01e-41	173	990	245760952	69
XP_009612032.1	SUPER_9_HAP1	50.543	184	72	4	628	811	129699745	129699251	7.29e-34	148	990	245760952	69
XP_009612032.1	SUPER_9_HAP1	62.162	74	27	1	807	880	129698701	129698483	9.71e-18	96.3	990	245760952	69
XP_009612032.1	SUPER_9_HAP1	40.659	91	54	0	900	990	129698306	129698034	8.14e-11	73.6	990	245760952	69
XP_009612032.1	HAP1_SCAFFOLD_1140	33.242	364	188	6	279	621	12546	13535	1.13e-40	170	990	51409	69
XP_009612032.1	HAP1_SCAFFOLD_1140	33.242	364	188	6	279	621	42820	43809	1.13e-40	170	990	51409	69
XP_009612032.1	HAP1_SCAFFOLD_1140	50.000	184	73	4	628	811	14108	14602	5.64e-33	145	990	51409	69
XP_009612032.1	HAP1_SCAFFOLD_1140	50.000	184	73	4	628	811	44382	44876	5.64e-33	145	990	51409	69
XP_009612032.1	HAP1_SCAFFOLD_1140	62.162	74	27	1	807	880	15276	15494	9.48e-18	96.3	990	51409	69
XP_009612032.1	HAP1_SCAFFOLD_1140	62.162	74	27	1	807	880	45550	45768	9.48e-18	96.3	990	51409	69
XP_009612032.1	HAP1_SCAFFOLD_1140	40.659	91	54	0	900	990	15671	15943	9.88e-11	73.2	990	51409	69
XP_009612032.1	HAP1_SCAFFOLD_1140	40.659	91	54	0	900	990	45945	46217	9.88e-11	73.2	990	51409	69
XP_009612029.1	SUPER_6_HAP1	33.516	364	187	6	493	835	4389766	4390755	1.81e-41	174	1204	260160428	57
XP_009612029.1	SUPER_6_HAP1	50.543	184	72	4	842	1025	4391620	4392114	1.21e-34	152	1204	260160428	57
XP_009612029.1	SUPER_6_HAP1	62.162	74	27	1	1021	1094	4392640	4392858	1.68e-17	95.9	1204	260160428	57
XP_009612029.1	SUPER_6_HAP1	40.659	91	54	0	1114	1204	4393076	4393348	1.62e-10	72.8	1204	260160428	57
XP_009612029.1	SUPER_9_HAP1	33.516	364	187	6	493	835	129701310	129700321	3.82e-41	173	1204	245760952	57
XP_009612029.1	SUPER_9_HAP1	50.543	184	72	4	842	1025	129699745	129699251	6.20e-34	149	1204	245760952	57
XP_009612029.1	SUPER_9_HAP1	62.162	74	27	1	1021	1094	129698701	129698483	1.48e-17	95.9	1204	245760952	57
XP_009612029.1	SUPER_9_HAP1	40.659	91	54	0	1114	1204	129698306	129698034	1.51e-10	72.8	1204	245760952	57
XP_009612029.1	HAP1_SCAFFOLD_1140	33.242	364	188	6	493	835	12546	13535	1.88e-40	171	1204	51409	57
XP_009612029.1	HAP1_SCAFFOLD_1140	33.242	364	188	6	493	835	42820	43809	1.88e-40	171	1204	51409	57
XP_009612029.1	HAP1_SCAFFOLD_1140	50.000	184	73	4	842	1025	14108	14602	4.17e-33	147	1204	51409	57
XP_009612029.1	HAP1_SCAFFOLD_1140	50.000	184	73	4	842	1025	44382	44876	4.17e-33	147	1204	51409	57
XP_009612029.1	HAP1_SCAFFOLD_1140	62.162	74	27	1	1021	1094	15276	15494	1.44e-17	95.9	1204	51409	57
XP_009612029.1	HAP1_SCAFFOLD_1140	62.162	74	27	1	1021	1094	45550	45768	1.44e-17	95.9	1204	51409	57
XP_009612029.1	HAP1_SCAFFOLD_1140	40.659	91	54	0	1114	1204	15671	15943	1.85e-10	72.4	1204	51409	57
XP_009612029.1	HAP1_SCAFFOLD_1140	40.659	91	54	0	1114	1204	45945	46217	1.85e-10	72.4	1204	51409	57
XP_066162081.1	SUPER_9_HAP1	68.022	369	113	2	437	805	129701388	129700297	6.70e-154	516	1140	245760952	97
XP_066162081.1	SUPER_9_HAP1	74.194	93	24	0	959	1051	129698701	129698423	7.39e-68	148	1140	245760952	97
XP_066162081.1	SUPER_9_HAP1	67.021	94	31	0	1047	1140	129698315	129698034	7.39e-68	136	1140	245760952	97
XP_066162081.1	SUPER_9_HAP1	71.098	173	50	0	791	963	129699769	129699251	2.08e-64	247	1140	245760952	97
XP_066162081.1	SUPER_9_HAP1	40.291	206	106	5	223	426	129705988	129705416	2.59e-26	124	1140	245760952	97
XP_066162081.1	SUPER_9_HAP1	69.072	97	28	2	19	114	129708000	129707713	5.51e-26	110	1140	245760952	97
XP_066162081.1	SUPER_9_HAP1	52.941	34	16	0	110	143	129707596	129707495	5.51e-26	34.7	1140	245760952	97
XP_066162081.1	SUPER_9_HAP1	60.656	61	24	0	162	222	129706454	129706272	2.42e-13	82.0	1140	245760952	97
XP_066162081.1	SUPER_9_HAP1	42.400	125	64	4	314	437	127155804	127156157	2.67e-12	78.6	1140	245760952	97
XP_066162081.1	HAP1_SCAFFOLD_1140	69.188	357	109	1	437	793	12468	13535	4.80e-153	514	1140	51409	97
XP_066162081.1	HAP1_SCAFFOLD_1140	69.188	357	109	1	437	793	42742	43809	4.80e-153	514	1140	51409	97
XP_066162081.1	HAP1_SCAFFOLD_1140	74.194	93	24	0	959	1051	15276	15554	2.94e-68	148	1140	51409	97
XP_066162081.1	HAP1_SCAFFOLD_1140	74.194	93	24	0	959	1051	45550	45828	2.94e-68	148	1140	51409	97
XP_066162081.1	HAP1_SCAFFOLD_1140	68.085	94	30	0	1047	1140	15662	15943	2.94e-68	138	1140	51409	97
XP_066162081.1	HAP1_SCAFFOLD_1140	68.085	94	30	0	1047	1140	45936	46217	2.94e-68	138	1140	51409	97
XP_066162081.1	HAP1_SCAFFOLD_1140	72.254	173	48	0	791	963	14084	14602	3.03e-65	250	1140	51409	97
XP_066162081.1	HAP1_SCAFFOLD_1140	72.254	173	48	0	791	963	44358	44876	3.03e-65	250	1140	51409	97
XP_066162081.1	HAP1_SCAFFOLD_1140	39.631	217	110	6	223	437	7870	8463	6.38e-27	126	1140	51409	97
XP_066162081.1	HAP1_SCAFFOLD_1140	39.631	217	110	6	223	437	38144	38737	6.38e-27	126	1140	51409	97
XP_066162081.1	HAP1_SCAFFOLD_1140	67.010	97	30	2	19	114	6176	6463	5.97e-25	106	1140	51409	97
XP_066162081.1	HAP1_SCAFFOLD_1140	67.010	97	30	2	19	114	36450	36737	5.97e-25	106	1140	51409	97
XP_066162081.1	HAP1_SCAFFOLD_1140	52.941	34	16	0	110	143	6580	6681	5.97e-25	34.7	1140	51409	97
XP_066162081.1	HAP1_SCAFFOLD_1140	52.941	34	16	0	110	143	36854	36955	5.97e-25	34.7	1140	51409	97
XP_066162081.1	HAP1_SCAFFOLD_1140	60.656	61	24	0	162	222	7404	7586	2.37e-13	82.0	1140	51409	97
XP_066162081.1	HAP1_SCAFFOLD_1140	60.656	61	24	0	162	222	37678	37860	2.37e-13	82.0	1140	51409	97
XP_066162081.1	SUPER_6_HAP1	68.908	357	110	1	437	793	4389688	4390755	5.83e-153	513	1140	260160428	62
XP_066162081.1	SUPER_6_HAP1	72.254	173	48	0	791	963	4391596	4392114	1.26e-65	251	1140	260160428	62
XP_066162081.1	SUPER_6_HAP1	76.344	93	22	0	959	1051	4392640	4392918	2.40e-34	150	1140	260160428	62
XP_066162081.1	SUPER_6_HAP1	70.213	94	28	0	1047	1140	4393067	4393348	2.50e-31	140	1140	260160428	62
XP_066162081.1	SUPER_1_HAP1	39.171	217	111	6	223	437	421014861	421014268	2.97e-26	124	1140	438371173	33
XP_066162081.1	SUPER_1_HAP1	62.821	78	25	3	40	114	398764858	398765088	1.48e-18	85.1	1140	438371173	33
XP_066162081.1	SUPER_1_HAP1	52.941	34	16	0	110	143	398765205	398765306	1.48e-18	34.7	1140	438371173	33
XP_066162081.1	SUPER_1_HAP1	62.821	78	25	3	40	114	421017897	421017667	1.53e-18	85.1	1140	438371173	33
XP_066162081.1	SUPER_1_HAP1	52.941	34	16	0	110	143	421017550	421017449	1.53e-18	34.7	1140	438371173	33
XP_066162081.1	SUPER_1_HAP1	61.017	59	23	0	162	220	398765700	398765876	6.16e-13	80.5	1140	438371173	33
XP_066162081.1	SUPER_1_HAP1	60.714	56	22	0	165	220	421015318	421015151	1.68e-11	75.9	1140	438371173	33
XP_066162081.1	SUPER_1_HAP1	74.194	31	8	0	59	89	94438295	94438203	1.31e-08	57.4	1140	438371173	33
XP_066162081.1	SUPER_1_HAP1	78.571	14	3	0	101	114	94438183	94438142	1.31e-08	28.5	1140	438371173	33
XP_066162081.1	SUPER_7_HAP1	39.171	217	111	6	223	437	36837181	36837774	4.49e-26	124	1140	253859890	33
XP_066162081.1	SUPER_7_HAP1	62.821	78	25	3	40	114	36835873	36836103	1.55e-18	85.1	1140	253859890	33
XP_066162081.1	SUPER_7_HAP1	52.941	34	16	0	110	143	36836220	36836321	1.55e-18	34.7	1140	253859890	33
XP_066162081.1	SUPER_7_HAP1	59.322	59	24	0	162	220	36836715	36836891	8.45e-12	77.0	1140	253859890	33
XP_066162081.1	SUPER_7_HAP1	58.904	73	20	3	47	114	152227722	152227925	2.82e-10	72.0	1140	253859890	33
XP_066162081.1	SUPER_13_HAP1	47.445	137	68	3	292	427	3425086	3425487	1.02e-20	106	1140	183547942	26
XP_066162081.1	SUPER_13_HAP1	61.667	60	23	0	162	221	3428719	3428540	7.51e-14	83.6	1140	183547942	26
XP_066162081.1	SUPER_13_HAP1	34.000	150	41	3	39	143	3429849	3429439	1.08e-05	57.0	1140	183547942	26
XP_066162081.1	SUPER_2_HAP1	59.036	83	23	3	32	114	344063903	344064118	4.58e-16	76.6	1140	368307237	9
XP_066162081.1	SUPER_2_HAP1	58.621	29	12	0	110	138	344064235	344064321	4.58e-16	34.7	1140	368307237	9
XP_066162081.1	SUPER_3_HAP1	58.333	60	25	0	162	221	79174875	79174696	7.23e-13	80.5	1140	311080274	5
XP_015620288.1	SUPER_9_HAP1	68.022	369	113	2	556	924	129701388	129700297	3.46e-153	515	1170	245760952	90
XP_015620288.1	SUPER_9_HAP1	71.098	173	50	0	910	1082	129699769	129699251	4.24e-64	246	1170	245760952	90
XP_015620288.1	SUPER_9_HAP1	68.132	91	29	0	1080	1170	129698306	129698034	4.35e-30	137	1170	245760952	90
XP_015620288.1	SUPER_9_HAP1	39.908	218	111	6	223	438	129705988	129705389	3.95e-26	124	1170	245760952	90
XP_015620288.1	SUPER_9_HAP1	69.072	97	28	2	19	114	129708000	129707713	1.22e-25	109	1170	245760952	90
XP_015620288.1	SUPER_9_HAP1	52.941	34	16	0	110	143	129707596	129707495	1.22e-25	34.3	1170	245760952	90
XP_015620288.1	SUPER_9_HAP1	60.656	61	24	0	162	222	129706454	129706272	3.29e-13	81.6	1170	245760952	90
XP_015620288.1	SUPER_9_HAP1	43.651	126	64	4	314	438	127155804	127156163	1.40e-12	79.7	1170	245760952	90
XP_015620288.1	SUPER_9_HAP1	72.973	37	10	0	519	555	129702040	129701930	1.97e-05	55.8	1170	245760952	90
XP_015620288.1	HAP1_SCAFFOLD_1140	69.188	357	109	1	556	912	12468	13535	1.17e-152	513	1170	51409	93
XP_015620288.1	HAP1_SCAFFOLD_1140	69.188	357	109	1	556	912	42742	43809	1.17e-152	513	1170	51409	93
XP_015620288.1	HAP1_SCAFFOLD_1140	72.254	173	48	0	910	1082	14084	14602	5.12e-65	249	1170	51409	93
XP_015620288.1	HAP1_SCAFFOLD_1140	72.254	173	48	0	910	1082	44358	44876	5.12e-65	249	1170	51409	93
XP_015620288.1	HAP1_SCAFFOLD_1140	69.231	91	28	0	1080	1170	15671	15943	1.64e-30	138	1170	51409	93
XP_015620288.1	HAP1_SCAFFOLD_1140	69.231	91	28	0	1080	1170	45945	46217	1.64e-30	138	1170	51409	93
XP_015620288.1	HAP1_SCAFFOLD_1140	40.367	218	110	6	223	438	7870	8469	9.11e-27	126	1170	51409	93
XP_015620288.1	HAP1_SCAFFOLD_1140	40.367	218	110	6	223	438	38144	38743	9.11e-27	126	1170	51409	93
XP_015620288.1	HAP1_SCAFFOLD_1140	67.010	97	30	2	19	114	6176	6463	1.43e-24	106	1170	51409	93
XP_015620288.1	HAP1_SCAFFOLD_1140	67.010	97	30	2	19	114	36450	36737	1.43e-24	106	1170	51409	93
XP_015620288.1	HAP1_SCAFFOLD_1140	52.941	34	16	0	110	143	6580	6681	1.43e-24	34.3	1170	51409	93
XP_015620288.1	HAP1_SCAFFOLD_1140	52.941	34	16	0	110	143	36854	36955	1.43e-24	34.3	1170	51409	93
XP_015620288.1	HAP1_SCAFFOLD_1140	60.656	61	24	0	162	222	7404	7586	3.22e-13	81.6	1170	51409	93
XP_015620288.1	HAP1_SCAFFOLD_1140	60.656	61	24	0	162	222	37678	37860	3.22e-13	81.6	1170	51409	93
XP_015620288.1	HAP1_SCAFFOLD_1140	72.973	37	10	0	519	555	11816	11926	1.94e-05	55.8	1170	51409	93
XP_015620288.1	HAP1_SCAFFOLD_1140	72.973	37	10	0	519	555	42090	42200	1.94e-05	55.8	1170	51409	93
XP_015620288.1	HAP1_SCAFFOLD_1140	53.191	47	22	0	426	472	9859	9999	3.87e-05	55.1	1170	51409	93
XP_015620288.1	HAP1_SCAFFOLD_1140	53.191	47	22	0	426	472	40133	40273	3.87e-05	55.1	1170	51409	93
XP_015620288.1	SUPER_6_HAP1	68.908	357	110	1	556	912	4389688	4390755	3.42e-152	512	1170	260160428	56
XP_015620288.1	SUPER_6_HAP1	72.254	173	48	0	910	1082	4391596	4392114	3.12e-65	250	1170	260160428	56
XP_015620288.1	SUPER_6_HAP1	71.429	91	26	0	1080	1170	4393076	4393348	2.41e-31	141	1170	260160428	56
XP_015620288.1	SUPER_6_HAP1	72.973	37	10	0	519	555	4389032	4389142	1.97e-05	55.8	1170	260160428	56
XP_015620288.1	SUPER_1_HAP1	39.908	218	111	6	223	438	421014861	421014262	3.63e-26	124	1170	438371173	32
XP_015620288.1	SUPER_1_HAP1	62.821	78	25	3	40	114	421017897	421017667	3.93e-18	84.3	1170	438371173	32
XP_015620288.1	SUPER_1_HAP1	52.941	34	16	0	110	143	421017550	421017449	3.93e-18	34.3	1170	438371173	32
XP_015620288.1	SUPER_1_HAP1	62.821	78	25	3	40	114	398764858	398765088	4.23e-18	84.3	1170	438371173	32
XP_015620288.1	SUPER_1_HAP1	52.941	34	16	0	110	143	398765205	398765306	4.23e-18	33.9	1170	438371173	32
XP_015620288.1	SUPER_1_HAP1	61.017	59	23	0	162	220	398765700	398765876	8.23e-13	80.5	1170	438371173	32
XP_015620288.1	SUPER_1_HAP1	60.714	56	22	0	165	220	421015318	421015151	2.25e-11	75.5	1170	438371173	32
XP_015620288.1	SUPER_1_HAP1	74.194	31	8	0	59	89	94438295	94438203	1.53e-08	57.0	1170	438371173	32
XP_015620288.1	SUPER_1_HAP1	78.571	14	3	0	101	114	94438183	94438142	1.53e-08	28.9	1170	438371173	32
XP_015620288.1	SUPER_7_HAP1	39.908	218	111	6	223	438	36837181	36837780	6.34e-26	123	1170	253859890	32
XP_015620288.1	SUPER_7_HAP1	62.821	78	25	3	40	114	36835873	36836103	3.98e-18	84.3	1170	253859890	32
XP_015620288.1	SUPER_7_HAP1	52.941	34	16	0	110	143	36836220	36836321	3.98e-18	34.3	1170	253859890	32
XP_015620288.1	SUPER_7_HAP1	59.322	59	24	0	162	220	36836715	36836891	1.08e-11	76.6	1170	253859890	32
XP_015620288.1	SUPER_7_HAP1	58.904	73	20	3	47	114	152227722	152227925	3.83e-10	71.6	1170	253859890	32
XP_015620288.1	SUPER_13_HAP1	47.445	137	68	3	292	427	3425086	3425487	1.69e-20	105	1170	183547942	26
XP_015620288.1	SUPER_13_HAP1	61.667	60	23	0	162	221	3428719	3428540	1.03e-13	83.2	1170	183547942	26
XP_015620288.1	SUPER_13_HAP1	34.000	150	41	3	39	143	3429849	3429439	2.60e-05	55.5	1170	183547942	26
XP_015620288.1	SUPER_2_HAP1	59.036	83	23	3	32	114	344063903	344064118	1.03e-15	76.3	1170	368307237	9
XP_015620288.1	SUPER_2_HAP1	58.621	29	12	0	110	138	344064235	344064321	1.03e-15	34.3	1170	368307237	9
XP_015620288.1	SUPER_3_HAP1	58.333	60	25	0	162	221	79174875	79174696	9.03e-13	80.1	1170	311080274	5
BAT16799.1	HAP1_SCAFFOLD_1140	40.580	207	106	5	223	427	7870	8445	1.29e-25	116	440	51409	89
BAT16799.1	HAP1_SCAFFOLD_1140	40.580	207	106	5	223	427	38144	38719	1.29e-25	116	440	51409	89
BAT16799.1	HAP1_SCAFFOLD_1140	67.010	97	30	2	19	114	6176	6463	2.86e-22	99.0	440	51409	89
BAT16799.1	HAP1_SCAFFOLD_1140	67.010	97	30	2	19	114	36450	36737	2.86e-22	99.0	440	51409	89
BAT16799.1	HAP1_SCAFFOLD_1140	52.941	34	16	0	110	143	6580	6681	2.86e-22	32.0	440	51409	89
BAT16799.1	HAP1_SCAFFOLD_1140	52.941	34	16	0	110	143	36854	36955	2.86e-22	32.0	440	51409	89
BAT16799.1	HAP1_SCAFFOLD_1140	60.656	61	24	0	162	222	7404	7586	4.33e-14	81.3	440	51409	89
BAT16799.1	HAP1_SCAFFOLD_1140	60.656	61	24	0	162	222	37678	37860	4.33e-14	81.3	440	51409	89
BAT16799.1	SUPER_1_HAP1	40.097	207	107	5	223	427	421014861	421014286	4.60e-25	115	440	438371173	84
BAT16799.1	SUPER_1_HAP1	62.821	78	25	3	40	114	421017897	421017667	4.40e-16	77.8	440	438371173	84
BAT16799.1	SUPER_1_HAP1	52.941	34	16	0	110	143	421017550	421017449	4.40e-16	32.0	440	438371173	84
BAT16799.1	SUPER_1_HAP1	62.821	78	25	3	40	114	398764858	398765088	7.11e-16	77.0	440	438371173	84
BAT16799.1	SUPER_1_HAP1	52.941	34	16	0	110	143	398765205	398765306	7.11e-16	32.3	440	438371173	84
BAT16799.1	SUPER_1_HAP1	61.017	59	23	0	162	220	398765700	398765876	1.01e-13	80.1	440	438371173	84
BAT16799.1	SUPER_1_HAP1	60.714	56	22	0	165	220	421015318	421015151	2.99e-12	75.5	440	438371173	84
BAT16799.1	SUPER_1_HAP1	74.194	31	8	0	59	89	94438295	94438203	2.01e-07	53.5	440	438371173	84
BAT16799.1	SUPER_1_HAP1	78.571	14	3	0	101	114	94438183	94438142	2.01e-07	26.6	440	438371173	84
BAT16799.1	SUPER_9_HAP1	40.291	206	106	5	223	426	129705988	129705416	5.09e-25	115	440	245760952	89
BAT16799.1	SUPER_9_HAP1	69.072	97	28	2	19	114	129708000	129707713	4.61e-23	101	440	245760952	89
BAT16799.1	SUPER_9_HAP1	52.941	34	16	0	110	143	129707596	129707495	4.61e-23	32.0	440	245760952	89
BAT16799.1	SUPER_9_HAP1	60.656	61	24	0	162	222	129706454	129706272	4.41e-14	81.3	440	245760952	89
BAT16799.1	SUPER_9_HAP1	44.348	115	60	3	314	427	127155804	127156139	7.32e-12	74.3	440	245760952	89
BAT16799.1	SUPER_7_HAP1	40.097	207	107	5	223	427	36837181	36837756	8.27e-25	114	440	253859890	84
BAT16799.1	SUPER_7_HAP1	62.821	78	25	3	40	114	36835873	36836103	4.45e-16	77.8	440	253859890	84
BAT16799.1	SUPER_7_HAP1	52.941	34	16	0	110	143	36836220	36836321	4.45e-16	32.0	440	253859890	84
BAT16799.1	SUPER_7_HAP1	59.322	59	24	0	162	220	36836715	36836891	1.48e-12	76.6	440	253859890	84
BAT16799.1	SUPER_7_HAP1	58.904	73	20	3	47	114	152227722	152227925	3.62e-09	65.9	440	253859890	84
BAT16799.1	SUPER_13_HAP1	46.528	144	73	3	292	434	3425086	3425508	7.59e-21	102	440	183547942	46
BAT16799.1	SUPER_13_HAP1	61.667	60	23	0	162	221	3428719	3428540	8.86e-15	83.6	440	183547942	46
BAT16799.1	SUPER_2_HAP1	59.036	83	23	3	32	114	344063903	344064118	1.01e-13	69.3	440	368307237	24
BAT16799.1	SUPER_2_HAP1	58.621	29	12	0	110	138	344064235	344064321	1.01e-13	32.3	440	368307237	24
BAT16799.1	SUPER_3_HAP1	58.333	60	25	0	162	221	79174875	79174696	1.10e-13	80.1	440	311080274	14
NP_001410391.1	SUPER_9_HAP1	68.022	369	113	2	556	924	129701388	129700297	1.01e-151	514	1259	245760952	91
NP_001410391.1	SUPER_9_HAP1	74.194	93	24	0	1078	1170	129698701	129698423	3.83e-67	146	1259	245760952	91
NP_001410391.1	SUPER_9_HAP1	67.021	94	31	0	1166	1259	129698315	129698034	3.83e-67	136	1259	245760952	91
NP_001410391.1	SUPER_9_HAP1	71.098	173	50	0	910	1082	129699769	129699251	7.46e-64	246	1259	245760952	91
NP_001410391.1	SUPER_9_HAP1	39.908	218	111	6	223	438	129705988	129705389	3.43e-26	124	1259	245760952	91
NP_001410391.1	SUPER_9_HAP1	69.072	97	28	2	19	114	129708000	129707713	7.31e-26	110	1259	245760952	91
NP_001410391.1	SUPER_9_HAP1	52.941	34	16	0	110	143	129707596	129707495	7.31e-26	34.3	1259	245760952	91
NP_001410391.1	SUPER_9_HAP1	60.656	61	24	0	162	222	129706454	129706272	5.06e-13	81.3	1259	245760952	91
NP_001410391.1	SUPER_9_HAP1	43.651	126	64	4	314	438	127155804	127156163	1.17e-12	80.1	1259	245760952	91
NP_001410391.1	SUPER_9_HAP1	72.973	37	10	0	519	555	129702040	129701930	2.47e-05	55.8	1259	245760952	91
NP_001410391.1	HAP1_SCAFFOLD_1140	69.188	357	109	1	556	912	12468	13535	1.62e-151	513	1259	51409	93
NP_001410391.1	HAP1_SCAFFOLD_1140	69.188	357	109	1	556	912	42742	43809	1.62e-151	513	1259	51409	93
NP_001410391.1	HAP1_SCAFFOLD_1140	74.194	93	24	0	1078	1170	15276	15554	1.53e-67	146	1259	51409	93
NP_001410391.1	HAP1_SCAFFOLD_1140	74.194	93	24	0	1078	1170	45550	45828	1.53e-67	146	1259	51409	93
NP_001410391.1	HAP1_SCAFFOLD_1140	68.085	94	30	0	1166	1259	15662	15943	1.53e-67	138	1259	51409	93
NP_001410391.1	HAP1_SCAFFOLD_1140	68.085	94	30	0	1166	1259	45936	46217	1.53e-67	138	1259	51409	93
NP_001410391.1	HAP1_SCAFFOLD_1140	72.254	173	48	0	910	1082	14084	14602	9.42e-65	249	1259	51409	93
NP_001410391.1	HAP1_SCAFFOLD_1140	72.254	173	48	0	910	1082	44358	44876	9.42e-65	249	1259	51409	93
NP_001410391.1	HAP1_SCAFFOLD_1140	40.367	218	110	6	223	438	7870	8469	6.20e-27	126	1259	51409	93
NP_001410391.1	HAP1_SCAFFOLD_1140	40.367	218	110	6	223	438	38144	38743	6.20e-27	126	1259	51409	93
NP_001410391.1	HAP1_SCAFFOLD_1140	67.010	97	30	2	19	114	6176	6463	9.57e-25	107	1259	51409	93
NP_001410391.1	HAP1_SCAFFOLD_1140	67.010	97	30	2	19	114	36450	36737	9.57e-25	107	1259	51409	93
NP_001410391.1	HAP1_SCAFFOLD_1140	52.941	34	16	0	110	143	6580	6681	9.57e-25	34.3	1259	51409	93
NP_001410391.1	HAP1_SCAFFOLD_1140	52.941	34	16	0	110	143	36854	36955	9.57e-25	34.3	1259	51409	93
NP_001410391.1	HAP1_SCAFFOLD_1140	60.656	61	24	0	162	222	7404	7586	4.96e-13	81.3	1259	51409	93
NP_001410391.1	HAP1_SCAFFOLD_1140	60.656	61	24	0	162	222	37678	37860	4.96e-13	81.3	1259	51409	93
NP_001410391.1	HAP1_SCAFFOLD_1140	72.973	37	10	0	519	555	11816	11926	2.43e-05	55.8	1259	51409	93
NP_001410391.1	HAP1_SCAFFOLD_1140	72.973	37	10	0	519	555	42090	42200	2.43e-05	55.8	1259	51409	93
NP_001410391.1	HAP1_SCAFFOLD_1140	53.191	47	22	0	426	472	9859	9999	5.36e-05	54.7	1259	51409	93
NP_001410391.1	HAP1_SCAFFOLD_1140	53.191	47	22	0	426	472	40133	40273	5.36e-05	54.7	1259	51409	93
NP_001410391.1	SUPER_6_HAP1	68.908	357	110	1	556	912	4389688	4390755	3.84e-151	512	1259	260160428	59
NP_001410391.1	SUPER_6_HAP1	72.254	173	48	0	910	1082	4391596	4392114	8.06e-65	249	1259	260160428	59
NP_001410391.1	SUPER_6_HAP1	76.344	93	22	0	1078	1170	4392640	4392918	1.33e-33	148	1259	260160428	59
NP_001410391.1	SUPER_6_HAP1	70.213	94	28	0	1166	1259	4393067	4393348	3.00e-31	140	1259	260160428	59
NP_001410391.1	SUPER_6_HAP1	72.973	37	10	0	519	555	4389032	4389142	2.47e-05	55.8	1259	260160428	59
NP_001410391.1	SUPER_1_HAP1	39.908	218	111	6	223	438	421014861	421014262	3.18e-26	124	1259	438371173	30
NP_001410391.1	SUPER_1_HAP1	62.821	78	25	3	40	114	421017897	421017667	2.51e-18	85.1	1259	438371173	30
NP_001410391.1	SUPER_1_HAP1	52.941	34	16	0	110	143	421017550	421017449	2.51e-18	34.3	1259	438371173	30
NP_001410391.1	SUPER_1_HAP1	62.821	78	25	3	40	114	398764858	398765088	4.03e-18	84.7	1259	438371173	30
NP_001410391.1	SUPER_1_HAP1	52.941	34	16	0	110	143	398765205	398765306	4.03e-18	33.9	1259	438371173	30
NP_001410391.1	SUPER_1_HAP1	61.017	59	23	0	162	220	398765700	398765876	1.20e-12	79.7	1259	438371173	30
NP_001410391.1	SUPER_1_HAP1	60.714	56	22	0	165	220	421015318	421015151	3.25e-11	75.1	1259	438371173	30
NP_001410391.1	SUPER_1_HAP1	74.194	31	8	0	59	89	94438295	94438203	1.42e-08	57.0	1259	438371173	30
NP_001410391.1	SUPER_1_HAP1	78.571	14	3	0	101	114	94438183	94438142	1.42e-08	28.9	1259	438371173	30
NP_001410391.1	SUPER_7_HAP1	39.908	218	111	6	223	438	36837181	36837780	4.53e-26	124	1259	253859890	30
NP_001410391.1	SUPER_7_HAP1	62.821	78	25	3	40	114	36835873	36836103	2.54e-18	85.1	1259	253859890	30
NP_001410391.1	SUPER_7_HAP1	52.941	34	16	0	110	143	36836220	36836321	2.54e-18	34.3	1259	253859890	30
NP_001410391.1	SUPER_7_HAP1	59.322	59	24	0	162	220	36836715	36836891	1.65e-11	76.3	1259	253859890	30
NP_001410391.1	SUPER_7_HAP1	58.904	73	20	3	47	114	152227722	152227925	4.05e-10	71.6	1259	253859890	30
NP_001410391.1	SUPER_13_HAP1	47.445	137	68	3	292	427	3425086	3425487	1.72e-20	105	1259	183547942	24
NP_001410391.1	SUPER_13_HAP1	61.667	60	23	0	162	221	3428719	3428540	1.38e-13	83.2	1259	183547942	24
NP_001410391.1	SUPER_13_HAP1	34.000	150	41	3	39	143	3429849	3429439	1.88e-05	56.2	1259	183547942	24
NP_001410391.1	SUPER_2_HAP1	59.036	83	23	3	32	114	344063903	344064118	9.73e-16	76.3	1259	368307237	8
NP_001410391.1	SUPER_2_HAP1	58.621	29	12	0	110	138	344064235	344064321	9.73e-16	34.3	1259	368307237	8
NP_001410391.1	SUPER_3_HAP1	58.333	60	25	0	162	221	79174875	79174696	1.29e-12	79.7	1259	311080274	5
ANM68364.1	SUPER_9_HAP1	34.557	327	184	9	440	753	129701325	129700396	1.42e-37	160	966	245760952	51
ANM68364.1	SUPER_9_HAP1	39.779	181	100	3	762	942	129699772	129699257	2.53e-33	147	966	245760952	51
ANM68364.1	SUPER_6_HAP1	34.259	324	189	8	440	753	4389751	4390680	1.65e-37	160	966	260160428	52
ANM68364.1	SUPER_6_HAP1	35.526	228	135	5	718	942	4391452	4392108	4.49e-36	155	966	260160428	52
ANM68364.1	HAP1_SCAFFOLD_1140	34.251	327	185	9	440	753	12531	13460	8.52e-37	158	966	51409	51
ANM68364.1	HAP1_SCAFFOLD_1140	34.251	327	185	9	440	753	42805	43734	8.52e-37	158	966	51409	51
ANM68364.1	HAP1_SCAFFOLD_1140	39.779	181	100	3	762	942	14081	14596	3.15e-33	146	966	51409	51
ANM68364.1	HAP1_SCAFFOLD_1140	39.779	181	100	3	762	942	44355	44870	3.15e-33	146	966	51409	51
AED92349.1	SUPER_9_HAP1	34.557	327	184	9	440	753	129701325	129700396	6.02e-37	159	1123	245760952	60
AED92349.1	SUPER_9_HAP1	39.891	183	101	3	762	944	129699772	129699251	1.17e-33	148	1123	245760952	60
AED92349.1	SUPER_9_HAP1	44.211	95	51	2	940	1034	129698701	129698423	1.89e-27	78.6	1123	245760952	60
AED92349.1	SUPER_9_HAP1	46.154	91	49	0	1033	1123	129698306	129698034	1.89e-27	71.6	1123	245760952	60
AED92349.1	SUPER_6_HAP1	34.259	324	189	8	440	753	4389751	4390680	6.07e-37	159	1123	260160428	59
AED92349.1	SUPER_6_HAP1	35.652	230	136	5	718	944	4391452	4392114	2.06e-36	157	1123	260160428	59
AED92349.1	SUPER_6_HAP1	52.113	71	33	1	940	1010	4392640	4392849	3.11e-12	78.2	1123	260160428	59
AED92349.1	SUPER_6_HAP1	46.154	91	49	0	1033	1123	4393076	4393348	5.75e-10	70.9	1123	260160428	59
AED92349.1	HAP1_SCAFFOLD_1140	34.251	327	185	9	440	753	12531	13460	2.08e-36	157	1123	51409	60
AED92349.1	HAP1_SCAFFOLD_1140	34.251	327	185	9	440	753	42805	43734	2.08e-36	157	1123	51409	60
AED92349.1	HAP1_SCAFFOLD_1140	39.891	183	101	3	762	944	14081	14602	1.44e-33	148	1123	51409	60
AED92349.1	HAP1_SCAFFOLD_1140	39.891	183	101	3	762	944	44355	44876	1.44e-33	148	1123	51409	60
AED92349.1	HAP1_SCAFFOLD_1140	44.211	95	51	2	940	1034	15276	15554	1.43e-27	78.6	1123	51409	60
AED92349.1	HAP1_SCAFFOLD_1140	44.211	95	51	2	940	1034	45550	45828	1.43e-27	78.6	1123	51409	60
AED92349.1	HAP1_SCAFFOLD_1140	46.154	91	49	0	1033	1123	15671	15943	1.43e-27	72.0	1123	51409	60
AED92349.1	HAP1_SCAFFOLD_1140	46.154	91	49	0	1033	1123	45945	46217	1.43e-27	72.0	1123	51409	60
XP_024452488.2	SUPER_6_HAP1	31.880	367	198	5	258	621	4389691	4390644	3.82e-47	191	1023	260160428	71
XP_024452488.2	SUPER_6_HAP1	46.277	188	87	2	657	844	4391593	4392114	2.69e-36	156	1023	260160428	71
XP_024452488.2	SUPER_6_HAP1	44.444	117	59	3	840	956	4392640	4392972	9.72e-16	89.7	1023	260160428	71
XP_024452488.2	SUPER_6_HAP1	46.154	91	49	0	933	1023	4393076	4393348	6.29e-10	70.5	1023	260160428	71
XP_024452488.2	SUPER_9_HAP1	31.714	350	187	5	275	621	129701334	129700432	2.00e-44	182	1023	245760952	70
XP_024452488.2	SUPER_9_HAP1	46.561	189	85	3	657	844	129699772	129699251	5.01e-34	149	1023	245760952	70
XP_024452488.2	SUPER_9_HAP1	47.368	95	48	2	840	934	129698701	129698423	1.25e-29	87.4	1023	245760952	70
XP_024452488.2	SUPER_9_HAP1	46.154	91	49	0	933	1023	129698306	129698034	1.25e-29	69.7	1023	245760952	70
XP_024452488.2	HAP1_SCAFFOLD_1140	31.714	350	187	5	275	621	12522	13424	4.65e-44	181	1023	51409	70
XP_024452488.2	HAP1_SCAFFOLD_1140	31.714	350	187	5	275	621	42796	43698	4.65e-44	181	1023	51409	70
XP_024452488.2	HAP1_SCAFFOLD_1140	46.277	188	87	2	657	844	14081	14602	1.40e-34	151	1023	51409	70
XP_024452488.2	HAP1_SCAFFOLD_1140	46.277	188	87	2	657	844	44355	44876	1.40e-34	151	1023	51409	70
XP_024452488.2	HAP1_SCAFFOLD_1140	47.368	95	48	2	840	934	15276	15554	4.45e-29	87.4	1023	51409	70
XP_024452488.2	HAP1_SCAFFOLD_1140	47.368	95	48	2	840	934	45550	45828	4.45e-29	87.4	1023	51409	70
XP_024452488.2	HAP1_SCAFFOLD_1140	45.055	91	50	0	933	1023	15671	15943	4.45e-29	68.2	1023	51409	70
XP_024452488.2	HAP1_SCAFFOLD_1140	45.055	91	50	0	933	1023	45945	46217	4.45e-29	68.2	1023	51409	70
XP_024452486.2	SUPER_6_HAP1	32.075	371	192	7	454	817	4389691	4390644	6.03e-47	192	1219	260160428	60
XP_024452486.2	SUPER_6_HAP1	46.277	188	87	2	853	1040	4391593	4392114	1.87e-36	157	1219	260160428	60
XP_024452486.2	SUPER_6_HAP1	44.444	117	59	3	1036	1152	4392640	4392972	8.58e-16	90.1	1219	260160428	60
XP_024452486.2	SUPER_6_HAP1	46.154	91	49	0	1129	1219	4393076	4393348	6.37e-10	70.9	1219	260160428	60
XP_024452486.2	SUPER_9_HAP1	31.714	350	187	5	471	817	129701334	129700432	3.43e-44	183	1219	245760952	59
XP_024452486.2	SUPER_9_HAP1	46.561	189	85	3	853	1040	129699772	129699251	3.53e-34	150	1219	245760952	59
XP_024452486.2	SUPER_9_HAP1	47.368	95	48	2	1036	1130	129698701	129698423	8.42e-30	87.8	1219	245760952	59
XP_024452486.2	SUPER_9_HAP1	46.154	91	49	0	1129	1219	129698306	129698034	8.42e-30	70.1	1219	245760952	59
XP_024452486.2	HAP1_SCAFFOLD_1140	31.714	350	187	5	471	817	12522	13424	8.78e-44	181	1219	51409	59
XP_024452486.2	HAP1_SCAFFOLD_1140	31.714	350	187	5	471	817	42796	43698	8.78e-44	181	1219	51409	59
XP_024452486.2	HAP1_SCAFFOLD_1140	46.277	188	87	2	853	1040	14081	14602	8.32e-35	152	1219	51409	59
XP_024452486.2	HAP1_SCAFFOLD_1140	46.277	188	87	2	853	1040	44355	44876	8.32e-35	152	1219	51409	59
XP_024452486.2	HAP1_SCAFFOLD_1140	47.368	95	48	2	1036	1130	15276	15554	3.12e-29	87.8	1219	51409	59
XP_024452486.2	HAP1_SCAFFOLD_1140	47.368	95	48	2	1036	1130	45550	45828	3.12e-29	87.8	1219	51409	59
XP_024452486.2	HAP1_SCAFFOLD_1140	45.055	91	50	0	1129	1219	15671	15943	3.12e-29	68.6	1219	51409	59
XP_024452486.2	HAP1_SCAFFOLD_1140	45.055	91	50	0	1129	1219	45945	46217	3.12e-29	68.6	1219	51409	59
XP_024452485.2	SUPER_6_HAP1	32.075	371	192	7	456	819	4389691	4390644	5.57e-47	192	1221	260160428	60
XP_024452485.2	SUPER_6_HAP1	46.277	188	87	2	855	1042	4391593	4392114	1.84e-36	158	1221	260160428	60
XP_024452485.2	SUPER_6_HAP1	44.444	117	59	3	1038	1154	4392640	4392972	8.60e-16	90.1	1221	260160428	60
XP_024452485.2	SUPER_6_HAP1	46.154	91	49	0	1131	1221	4393076	4393348	6.49e-10	70.9	1221	260160428	60
XP_024452485.2	SUPER_9_HAP1	31.714	350	187	5	473	819	129701334	129700432	3.45e-44	183	1221	245760952	58
XP_024452485.2	SUPER_9_HAP1	46.561	189	85	3	855	1042	129699772	129699251	3.48e-34	150	1221	245760952	58
XP_024452485.2	SUPER_9_HAP1	47.368	95	48	2	1038	1132	129698701	129698423	8.44e-30	87.8	1221	245760952	58
XP_024452485.2	SUPER_9_HAP1	46.154	91	49	0	1131	1221	129698306	129698034	8.44e-30	70.1	1221	245760952	58
XP_024452485.2	HAP1_SCAFFOLD_1140	31.714	350	187	5	473	819	12522	13424	8.82e-44	181	1221	51409	58
XP_024452485.2	HAP1_SCAFFOLD_1140	31.714	350	187	5	473	819	42796	43698	8.82e-44	181	1221	51409	58
XP_024452485.2	HAP1_SCAFFOLD_1140	46.277	188	87	2	855	1042	14081	14602	9.49e-35	152	1221	51409	58
XP_024452485.2	HAP1_SCAFFOLD_1140	46.277	188	87	2	855	1042	44355	44876	9.49e-35	152	1221	51409	58
XP_024452485.2	HAP1_SCAFFOLD_1140	47.368	95	48	2	1038	1132	15276	15554	3.15e-29	87.8	1221	51409	58
XP_024452485.2	HAP1_SCAFFOLD_1140	47.368	95	48	2	1038	1132	45550	45828	3.15e-29	87.8	1221	51409	58
XP_024452485.2	HAP1_SCAFFOLD_1140	45.055	91	50	0	1131	1221	15671	15943	3.15e-29	68.6	1221	51409	58
XP_024452485.2	HAP1_SCAFFOLD_1140	45.055	91	50	0	1131	1221	45945	46217	3.15e-29	68.6	1221	51409	58
XP_052138369.1	SUPER_9_HAP1	69.072	97	28	2	18	113	129708000	129707713	1.57e-22	99.4	387	245760952	89
XP_052138369.1	SUPER_9_HAP1	52.941	34	16	0	109	142	129707596	129707495	1.57e-22	32.0	387	245760952	89
XP_052138369.1	SUPER_9_HAP1	38.365	159	84	3	222	379	129705988	129705551	3.83e-18	93.2	387	245760952	89
XP_052138369.1	SUPER_9_HAP1	60.656	61	24	0	161	221	129706454	129706272	1.50e-14	82.0	387	245760952	89
XP_052138369.1	HAP1_SCAFFOLD_1140	67.010	97	30	2	18	113	6176	6463	7.51e-22	97.4	387	51409	89
XP_052138369.1	HAP1_SCAFFOLD_1140	67.010	97	30	2	18	113	36450	36737	7.51e-22	97.4	387	51409	89
XP_052138369.1	HAP1_SCAFFOLD_1140	52.941	34	16	0	109	142	6580	6681	7.51e-22	32.0	387	51409	89
XP_052138369.1	HAP1_SCAFFOLD_1140	52.941	34	16	0	109	142	36854	36955	7.51e-22	32.0	387	51409	89
XP_052138369.1	HAP1_SCAFFOLD_1140	38.365	159	84	3	222	379	7870	8307	3.23e-18	93.2	387	51409	89
XP_052138369.1	HAP1_SCAFFOLD_1140	38.365	159	84	3	222	379	38144	38581	3.23e-18	93.2	387	51409	89
XP_052138369.1	HAP1_SCAFFOLD_1140	60.656	61	24	0	161	221	7404	7586	1.47e-14	82.0	387	51409	89
XP_052138369.1	HAP1_SCAFFOLD_1140	60.656	61	24	0	161	221	37678	37860	1.47e-14	82.0	387	51409	89
XP_052138369.1	SUPER_1_HAP1	38.365	159	84	3	222	379	421014861	421014424	2.94e-18	93.6	387	438371173	91
XP_052138369.1	SUPER_1_HAP1	54.054	111	44	4	6	113	421017987	421017667	1.57e-16	79.0	387	438371173	91
XP_052138369.1	SUPER_1_HAP1	52.941	34	16	0	109	142	421017550	421017449	1.57e-16	32.0	387	438371173	91
XP_052138369.1	SUPER_1_HAP1	62.821	78	25	3	39	113	398764858	398765088	2.00e-16	78.6	387	438371173	91
XP_052138369.1	SUPER_1_HAP1	52.941	34	16	0	109	142	398765205	398765306	2.00e-16	32.3	387	438371173	91
XP_052138369.1	SUPER_1_HAP1	61.017	59	23	0	161	219	398765700	398765876	4.45e-14	80.5	387	438371173	91
XP_052138369.1	SUPER_1_HAP1	60.714	56	22	0	164	219	421015318	421015151	1.51e-12	75.9	387	438371173	91
XP_052138369.1	SUPER_1_HAP1	74.194	31	8	0	58	88	94438295	94438203	1.53e-07	53.5	387	438371173	91
XP_052138369.1	SUPER_1_HAP1	78.571	14	3	0	100	113	94438183	94438142	1.53e-07	26.9	387	438371173	91
XP_052138369.1	SUPER_7_HAP1	37.736	159	85	3	222	379	36837181	36837618	1.96e-17	90.9	387	253859890	91
XP_052138369.1	SUPER_7_HAP1	54.054	111	44	4	6	113	36835783	36836103	1.59e-16	79.0	387	253859890	91
XP_052138369.1	SUPER_7_HAP1	52.941	34	16	0	109	142	36836220	36836321	1.59e-16	32.0	387	253859890	91
XP_052138369.1	SUPER_7_HAP1	59.322	59	24	0	161	219	36836715	36836891	7.05e-13	77.0	387	253859890	91
XP_052138369.1	SUPER_7_HAP1	58.904	73	20	3	46	113	152227722	152227925	1.35e-09	66.6	387	253859890	91
XP_052138369.1	SUPER_13_HAP1	61.667	60	23	0	161	220	3428719	3428540	5.60e-15	83.6	387	183547942	37
XP_052138369.1	SUPER_13_HAP1	46.429	84	44	1	291	374	3425086	3425334	1.05e-11	73.2	387	183547942	37
XP_052138369.1	SUPER_3_HAP1	58.333	60	25	0	161	220	79174875	79174696	5.57e-14	80.5	387	311080274	16
XP_052138369.1	SUPER_2_HAP1	62.500	72	24	2	44	113	344063906	344064118	2.97e-13	67.0	387	368307237	24
XP_052138369.1	SUPER_2_HAP1	58.621	29	12	0	109	137	344064235	344064321	2.97e-13	32.7	387	368307237	24
XP_052138368.1	HAP1_SCAFFOLD_1140	41.546	207	104	5	222	426	7870	8445	2.98e-27	121	439	51409	89
XP_052138368.1	HAP1_SCAFFOLD_1140	41.546	207	104	5	222	426	38144	38719	2.98e-27	121	439	51409	89
XP_052138368.1	HAP1_SCAFFOLD_1140	67.010	97	30	2	18	113	6176	6463	3.77e-22	98.2	439	51409	89
XP_052138368.1	HAP1_SCAFFOLD_1140	67.010	97	30	2	18	113	36450	36737	3.77e-22	98.2	439	51409	89
XP_052138368.1	HAP1_SCAFFOLD_1140	52.941	34	16	0	109	142	6580	6681	3.77e-22	32.3	439	51409	89
XP_052138368.1	HAP1_SCAFFOLD_1140	52.941	34	16	0	109	142	36854	36955	3.77e-22	32.3	439	51409	89
XP_052138368.1	HAP1_SCAFFOLD_1140	60.656	61	24	0	161	221	7404	7586	4.91e-14	81.3	439	51409	89
XP_052138368.1	HAP1_SCAFFOLD_1140	60.656	61	24	0	161	221	37678	37860	4.91e-14	81.3	439	51409	89
XP_052138368.1	SUPER_9_HAP1	41.262	206	104	5	222	425	129705988	129705416	1.02e-26	120	439	245760952	89
XP_052138368.1	SUPER_9_HAP1	69.072	97	28	2	18	113	129708000	129707713	6.65e-23	100	439	245760952	89
XP_052138368.1	SUPER_9_HAP1	52.941	34	16	0	109	142	129707596	129707495	6.65e-23	32.3	439	245760952	89
XP_052138368.1	SUPER_9_HAP1	60.656	61	24	0	161	221	129706454	129706272	4.99e-14	81.3	439	245760952	89
XP_052138368.1	SUPER_9_HAP1	44.348	115	60	3	313	426	127155804	127156139	2.24e-12	75.9	439	245760952	89
XP_052138368.1	SUPER_1_HAP1	41.063	207	105	5	222	426	421014861	421014286	1.04e-26	120	439	438371173	91
XP_052138368.1	SUPER_1_HAP1	54.054	111	44	4	6	113	421017987	421017667	1.04e-16	79.7	439	438371173	91
XP_052138368.1	SUPER_1_HAP1	52.941	34	16	0	109	142	421017550	421017449	1.04e-16	32.3	439	438371173	91
XP_052138368.1	SUPER_1_HAP1	62.821	78	25	3	39	113	398764858	398765088	2.28e-16	78.2	439	438371173	91
XP_052138368.1	SUPER_1_HAP1	52.941	34	16	0	109	142	398765205	398765306	2.28e-16	32.3	439	438371173	91
XP_052138368.1	SUPER_1_HAP1	61.017	59	23	0	161	219	398765700	398765876	1.29e-13	80.1	439	438371173	91
XP_052138368.1	SUPER_1_HAP1	60.714	56	22	0	164	219	421015318	421015151	3.89e-12	75.1	439	438371173	91
XP_052138368.1	SUPER_1_HAP1	74.194	31	8	0	58	88	94438295	94438203	1.70e-07	53.5	439	438371173	91
XP_052138368.1	SUPER_1_HAP1	78.571	14	3	0	100	113	94438183	94438142	1.70e-07	26.6	439	438371173	91
XP_052138368.1	SUPER_7_HAP1	41.063	207	105	5	222	426	36837181	36837756	1.73e-26	119	439	253859890	91
XP_052138368.1	SUPER_7_HAP1	54.054	111	44	4	6	113	36835783	36836103	1.05e-16	79.7	439	253859890	91
XP_052138368.1	SUPER_7_HAP1	52.941	34	16	0	109	142	36836220	36836321	1.05e-16	32.3	439	253859890	91
XP_052138368.1	SUPER_7_HAP1	59.322	59	24	0	161	219	36836715	36836891	1.83e-12	76.3	439	253859890	91
XP_052138368.1	SUPER_7_HAP1	58.904	73	20	3	46	113	152227722	152227925	2.60e-09	66.2	439	253859890	91
XP_052138368.1	SUPER_13_HAP1	46.528	144	73	3	291	433	3425086	3425508	3.40e-21	103	439	183547942	46
XP_052138368.1	SUPER_13_HAP1	61.667	60	23	0	161	220	3428719	3428540	1.37e-14	82.8	439	183547942	46
XP_052138368.1	SUPER_3_HAP1	58.333	60	25	0	161	220	79174875	79174696	1.34e-13	79.7	439	311080274	14
XP_052138368.1	SUPER_2_HAP1	51.351	111	37	5	6	113	344063828	344064118	2.39e-13	67.8	439	368307237	30
XP_052138368.1	SUPER_2_HAP1	58.621	29	12	0	109	137	344064235	344064321	2.39e-13	32.7	439	368307237	30
XP_052138367.1	HAP1_SCAFFOLD_1140	41.284	218	108	6	222	437	7870	8469	4.99e-27	121	469	51409	86
XP_052138367.1	HAP1_SCAFFOLD_1140	41.284	218	108	6	222	437	38144	38743	4.99e-27	121	469	51409	86
XP_052138367.1	HAP1_SCAFFOLD_1140	67.010	97	30	2	18	113	6176	6463	3.36e-22	99.0	469	51409	86
XP_052138367.1	HAP1_SCAFFOLD_1140	67.010	97	30	2	18	113	36450	36737	3.36e-22	99.0	469	51409	86
XP_052138367.1	HAP1_SCAFFOLD_1140	52.941	34	16	0	109	142	6580	6681	3.36e-22	32.0	469	51409	86
XP_052138367.1	HAP1_SCAFFOLD_1140	52.941	34	16	0	109	142	36854	36955	3.36e-22	32.0	469	51409	86
XP_052138367.1	HAP1_SCAFFOLD_1140	60.656	61	24	0	161	221	7404	7586	8.90e-14	80.9	469	51409	86
XP_052138367.1	HAP1_SCAFFOLD_1140	60.656	61	24	0	161	221	37678	37860	8.90e-14	80.9	469	51409	86
XP_052138367.1	SUPER_1_HAP1	40.826	218	109	6	222	437	421014861	421014262	1.83e-26	120	469	438371173	88
XP_052138367.1	SUPER_1_HAP1	54.054	111	44	4	6	113	421017987	421017667	9.78e-17	80.1	469	438371173	88
XP_052138367.1	SUPER_1_HAP1	52.941	34	16	0	109	142	421017550	421017449	9.78e-17	32.0	469	438371173	88
XP_052138367.1	SUPER_1_HAP1	62.821	78	25	3	39	113	398764858	398765088	3.49e-16	78.2	469	438371173	88
XP_052138367.1	SUPER_1_HAP1	52.941	34	16	0	109	142	398765205	398765306	3.49e-16	32.0	469	438371173	88
XP_052138367.1	SUPER_1_HAP1	61.017	59	23	0	161	219	398765700	398765876	2.36e-13	79.3	469	438371173	88
XP_052138367.1	SUPER_1_HAP1	60.714	56	22	0	164	219	421015318	421015151	6.64e-12	74.7	469	438371173	88
XP_052138367.1	SUPER_1_HAP1	74.194	31	8	0	58	88	94438295	94438203	1.78e-07	53.5	469	438371173	88
XP_052138367.1	SUPER_1_HAP1	78.571	14	3	0	100	113	94438183	94438142	1.78e-07	26.6	469	438371173	88
XP_052138367.1	SUPER_9_HAP1	40.826	218	109	6	222	437	129705988	129705389	3.08e-26	119	469	245760952	86
XP_052138367.1	SUPER_9_HAP1	69.072	97	28	2	18	113	129708000	129707713	5.41e-23	101	469	245760952	86
XP_052138367.1	SUPER_9_HAP1	52.941	34	16	0	109	142	129707596	129707495	5.41e-23	32.0	469	245760952	86
XP_052138367.1	SUPER_9_HAP1	60.656	61	24	0	161	221	129706454	129706272	9.06e-14	80.9	469	245760952	86
XP_052138367.1	SUPER_9_HAP1	43.651	126	64	4	313	437	127155804	127156163	1.55e-12	77.0	469	245760952	86
XP_052138367.1	SUPER_7_HAP1	40.826	218	109	6	222	437	36837181	36837780	3.47e-26	119	469	253859890	88
XP_052138367.1	SUPER_7_HAP1	54.054	111	44	4	6	113	36835783	36836103	9.90e-17	80.1	469	253859890	88
XP_052138367.1	SUPER_7_HAP1	52.941	34	16	0	109	142	36836220	36836321	9.90e-17	32.0	469	253859890	88
XP_052138367.1	SUPER_7_HAP1	59.322	59	24	0	161	219	36836715	36836891	3.48e-12	75.9	469	253859890	88
XP_052138367.1	SUPER_7_HAP1	58.904	73	20	3	46	113	152227722	152227925	3.57e-09	66.2	469	253859890	88
XP_052138367.1	SUPER_13_HAP1	47.445	137	68	3	291	426	3425086	3425487	7.71e-21	102	469	183547942	42
XP_052138367.1	SUPER_13_HAP1	61.667	60	23	0	161	220	3428719	3428540	2.05e-14	82.8	469	183547942	42
XP_052138367.1	SUPER_3_HAP1	58.333	60	25	0	161	220	79174875	79174696	2.27e-13	79.3	469	311080274	13
XP_052138367.1	SUPER_2_HAP1	51.351	111	37	5	6	113	344063828	344064118	3.10e-13	67.8	469	368307237	28
XP_052138367.1	SUPER_2_HAP1	58.621	29	12	0	109	137	344064235	344064321	3.10e-13	32.3	469	368307237	28
XP_052138366.1	HAP1_SCAFFOLD_1140	41.284	218	108	6	222	437	7870	8469	4.73e-27	122	517	51409	84
XP_052138366.1	HAP1_SCAFFOLD_1140	41.284	218	108	6	222	437	38144	38743	4.73e-27	122	517	51409	84
XP_052138366.1	HAP1_SCAFFOLD_1140	67.010	97	30	2	18	113	6176	6463	1.48e-22	100	517	51409	84
XP_052138366.1	HAP1_SCAFFOLD_1140	67.010	97	30	2	18	113	36450	36737	1.48e-22	100	517	51409	84
XP_052138366.1	HAP1_SCAFFOLD_1140	52.941	34	16	0	109	142	6580	6681	1.48e-22	32.0	517	51409	84
XP_052138366.1	HAP1_SCAFFOLD_1140	52.941	34	16	0	109	142	36854	36955	1.48e-22	32.0	517	51409	84
XP_052138366.1	HAP1_SCAFFOLD_1140	60.656	61	24	0	161	221	7404	7586	1.71e-13	80.1	517	51409	84
XP_052138366.1	HAP1_SCAFFOLD_1140	60.656	61	24	0	161	221	37678	37860	1.71e-13	80.1	517	51409	84
XP_052138366.1	HAP1_SCAFFOLD_1140	53.191	47	22	0	425	471	9859	9999	1.08e-05	55.1	517	51409	84
XP_052138366.1	HAP1_SCAFFOLD_1140	53.191	47	22	0	425	471	40133	40273	1.08e-05	55.1	517	51409	84
XP_052138366.1	SUPER_1_HAP1	40.826	218	109	6	222	437	421014861	421014262	2.09e-26	120	517	438371173	80
XP_052138366.1	SUPER_1_HAP1	54.054	111	44	4	6	113	421017987	421017667	5.09e-17	81.3	517	438371173	80
XP_052138366.1	SUPER_1_HAP1	52.941	34	16	0	109	142	421017550	421017449	5.09e-17	32.0	517	438371173	80
XP_052138366.1	SUPER_1_HAP1	62.821	78	25	3	39	113	398764858	398765088	2.50e-16	79.0	517	438371173	80
XP_052138366.1	SUPER_1_HAP1	52.941	34	16	0	109	142	398765205	398765306	2.50e-16	32.0	517	438371173	80
XP_052138366.1	SUPER_1_HAP1	61.017	59	23	0	161	219	398765700	398765876	4.25e-13	79.0	517	438371173	80
XP_052138366.1	SUPER_1_HAP1	60.714	56	22	0	164	219	421015318	421015151	1.31e-11	74.3	517	438371173	80
XP_052138366.1	SUPER_1_HAP1	74.194	31	8	0	58	88	94438295	94438203	1.26e-07	53.9	517	438371173	80
XP_052138366.1	SUPER_1_HAP1	78.571	14	3	0	100	113	94438183	94438142	1.26e-07	26.9	517	438371173	80
XP_052138366.1	SUPER_9_HAP1	40.826	218	109	6	222	437	129705988	129705389	2.58e-26	120	517	245760952	84
XP_052138366.1	SUPER_9_HAP1	69.072	97	28	2	18	113	129708000	129707713	2.09e-23	102	517	245760952	84
XP_052138366.1	SUPER_9_HAP1	52.941	34	16	0	109	142	129707596	129707495	2.09e-23	32.0	517	245760952	84
XP_052138366.1	SUPER_9_HAP1	60.656	61	24	0	161	221	129706454	129706272	1.74e-13	80.1	517	245760952	84
XP_052138366.1	SUPER_9_HAP1	43.651	126	64	4	313	437	127155804	127156163	8.81e-13	78.2	517	245760952	84
XP_052138366.1	SUPER_9_HAP1	53.191	47	22	0	425	471	129704000	129703860	3.87e-05	53.5	517	245760952	84
XP_052138366.1	SUPER_7_HAP1	40.826	218	109	6	222	437	36837181	36837780	3.12e-26	120	517	253859890	80
XP_052138366.1	SUPER_7_HAP1	54.054	111	44	4	6	113	36835783	36836103	5.15e-17	81.3	517	253859890	80
XP_052138366.1	SUPER_7_HAP1	52.941	34	16	0	109	142	36836220	36836321	5.15e-17	32.0	517	253859890	80
XP_052138366.1	SUPER_7_HAP1	59.322	59	24	0	161	219	36836715	36836891	6.28e-12	75.5	517	253859890	80
XP_052138366.1	SUPER_7_HAP1	58.904	73	20	3	46	113	152227722	152227925	3.48e-09	66.6	517	253859890	80
XP_052138366.1	SUPER_13_HAP1	47.445	137	68	3	291	426	3425086	3425487	1.03e-20	103	517	183547942	38
XP_052138366.1	SUPER_13_HAP1	61.667	60	23	0	161	220	3428719	3428540	3.77e-14	82.4	517	183547942	38
XP_052138366.1	SUPER_2_HAP1	51.351	111	37	5	6	113	344063828	344064118	1.80e-13	68.9	517	368307237	26
XP_052138366.1	SUPER_2_HAP1	58.621	29	12	0	109	137	344064235	344064321	1.80e-13	32.3	517	368307237	26
XP_052138366.1	SUPER_3_HAP1	58.333	60	25	0	161	220	79174875	79174696	4.44e-13	79.0	517	311080274	12
XP_052138365.1	SUPER_9_HAP1	68.564	369	111	2	39	407	129701388	129700297	2.23e-157	512	742	245760952	99
XP_052138365.1	SUPER_9_HAP1	74.194	93	24	0	561	653	129698701	129698423	2.43e-66	145	742	245760952	99
XP_052138365.1	SUPER_9_HAP1	67.021	94	31	0	649	742	129698315	129698034	2.43e-66	133	742	245760952	99
XP_052138365.1	SUPER_9_HAP1	71.098	173	50	0	393	565	129699769	129699251	8.55e-65	241	742	245760952	99
XP_052138365.1	SUPER_9_HAP1	72.973	37	10	0	2	38	129702040	129701930	1.43e-05	55.5	742	245760952	99
XP_052138365.1	HAP1_SCAFFOLD_1140	69.748	357	107	1	39	395	12468	13535	2.95e-157	511	742	51409	99
XP_052138365.1	HAP1_SCAFFOLD_1140	69.748	357	107	1	39	395	42742	43809	2.95e-157	511	742	51409	99
XP_052138365.1	HAP1_SCAFFOLD_1140	74.194	93	24	0	561	653	15276	15554	1.01e-66	145	742	51409	99
XP_052138365.1	HAP1_SCAFFOLD_1140	74.194	93	24	0	561	653	45550	45828	1.01e-66	145	742	51409	99
XP_052138365.1	HAP1_SCAFFOLD_1140	68.085	94	30	0	649	742	15662	15943	1.01e-66	134	742	51409	99
XP_052138365.1	HAP1_SCAFFOLD_1140	68.085	94	30	0	649	742	45936	46217	1.01e-66	134	742	51409	99
XP_052138365.1	HAP1_SCAFFOLD_1140	72.254	173	48	0	393	565	14084	14602	1.10e-65	244	742	51409	99
XP_052138365.1	HAP1_SCAFFOLD_1140	72.254	173	48	0	393	565	44358	44876	1.10e-65	244	742	51409	99
XP_052138365.1	HAP1_SCAFFOLD_1140	72.973	37	10	0	2	38	11816	11926	1.42e-05	55.5	742	51409	99
XP_052138365.1	HAP1_SCAFFOLD_1140	72.973	37	10	0	2	38	42090	42200	1.42e-05	55.5	742	51409	99
XP_052138365.1	SUPER_6_HAP1	69.468	357	108	1	39	395	4389688	4390755	1.49e-156	509	742	260160428	99
XP_052138365.1	SUPER_6_HAP1	72.254	173	48	0	393	565	4391596	4392114	4.86e-66	245	742	260160428	99
XP_052138365.1	SUPER_6_HAP1	76.344	93	22	0	561	653	4392640	4392918	2.79e-34	148	742	260160428	99
XP_052138365.1	SUPER_6_HAP1	70.213	94	28	0	649	742	4393067	4393348	6.65e-31	137	742	260160428	99
XP_052138365.1	SUPER_6_HAP1	72.973	37	10	0	2	38	4389032	4389142	1.43e-05	55.5	742	260160428	99
XP_052138362.1	SUPER_9_HAP1	68.564	369	111	2	47	415	129701388	129700297	3.47e-157	511	750	245760952	99
XP_052138362.1	SUPER_9_HAP1	74.194	93	24	0	569	661	129698701	129698423	2.93e-66	145	750	245760952	99
XP_052138362.1	SUPER_9_HAP1	67.021	94	31	0	657	750	129698315	129698034	2.93e-66	133	750	245760952	99
XP_052138362.1	SUPER_9_HAP1	71.098	173	50	0	401	573	129699769	129699251	8.15e-65	241	750	245760952	99
XP_052138362.1	SUPER_9_HAP1	69.231	39	12	0	8	46	129702046	129701930	6.63e-06	56.6	750	245760952	99
XP_052138362.1	HAP1_SCAFFOLD_1140	69.748	357	107	1	47	403	12468	13535	5.60e-157	511	750	51409	99
XP_052138362.1	HAP1_SCAFFOLD_1140	69.748	357	107	1	47	403	42742	43809	5.60e-157	511	750	51409	99
XP_052138362.1	HAP1_SCAFFOLD_1140	74.194	93	24	0	569	661	15276	15554	1.03e-66	145	750	51409	99
XP_052138362.1	HAP1_SCAFFOLD_1140	74.194	93	24	0	569	661	45550	45828	1.03e-66	145	750	51409	99
XP_052138362.1	HAP1_SCAFFOLD_1140	68.085	94	30	0	657	750	15662	15943	1.03e-66	134	750	51409	99
XP_052138362.1	HAP1_SCAFFOLD_1140	68.085	94	30	0	657	750	45936	46217	1.03e-66	134	750	51409	99
XP_052138362.1	HAP1_SCAFFOLD_1140	72.254	173	48	0	401	573	14084	14602	8.88e-66	244	750	51409	99
XP_052138362.1	HAP1_SCAFFOLD_1140	72.254	173	48	0	401	573	44358	44876	8.88e-66	244	750	51409	99
XP_052138362.1	HAP1_SCAFFOLD_1140	69.231	39	12	0	8	46	11810	11926	6.55e-06	56.6	750	51409	99
XP_052138362.1	HAP1_SCAFFOLD_1140	69.231	39	12	0	8	46	42084	42200	6.55e-06	56.6	750	51409	99
XP_052138362.1	SUPER_6_HAP1	69.468	357	108	1	47	403	4389688	4390755	1.91e-156	509	750	260160428	99
XP_052138362.1	SUPER_6_HAP1	72.254	173	48	0	401	573	4391596	4392114	3.55e-66	245	750	260160428	99
XP_052138362.1	SUPER_6_HAP1	76.344	93	22	0	569	661	4392640	4392918	2.97e-34	148	750	260160428	99
XP_052138362.1	SUPER_6_HAP1	70.213	94	28	0	657	750	4393067	4393348	7.46e-31	137	750	260160428	99
XP_052138362.1	SUPER_6_HAP1	69.231	39	12	0	8	46	4389026	4389142	6.63e-06	56.6	750	260160428	99
XP_052138361.1	SUPER_9_HAP1	68.564	369	111	2	226	594	129701388	129700297	3.66e-158	521	929	245760952	96
XP_052138361.1	SUPER_9_HAP1	74.194	93	24	0	748	840	129698701	129698423	1.66e-67	149	929	245760952	96
XP_052138361.1	SUPER_9_HAP1	67.021	94	31	0	836	929	129698315	129698034	1.66e-67	134	929	245760952	96
XP_052138361.1	SUPER_9_HAP1	71.098	173	50	0	580	752	129699769	129699251	3.78e-65	246	929	245760952	96
XP_052138361.1	SUPER_9_HAP1	69.072	97	28	2	18	113	129708000	129707713	2.35e-26	110	929	245760952	96
XP_052138361.1	SUPER_9_HAP1	52.941	34	16	0	109	142	129707596	129707495	2.35e-26	35.8	929	245760952	96
XP_052138361.1	SUPER_9_HAP1	60.317	63	25	0	161	223	129706454	129706266	4.54e-14	84.0	929	245760952	96
XP_052138361.1	HAP1_SCAFFOLD_1140	69.748	357	107	1	226	582	12468	13535	3.21e-157	518	929	51409	96
XP_052138361.1	HAP1_SCAFFOLD_1140	69.748	357	107	1	226	582	42742	43809	3.21e-157	518	929	51409	96
XP_052138361.1	HAP1_SCAFFOLD_1140	74.194	93	24	0	748	840	15276	15554	6.40e-68	149	929	51409	96
XP_052138361.1	HAP1_SCAFFOLD_1140	74.194	93	24	0	748	840	45550	45828	6.40e-68	149	929	51409	96
XP_052138361.1	HAP1_SCAFFOLD_1140	68.085	94	30	0	836	929	15662	15943	6.40e-68	136	929	51409	96
XP_052138361.1	HAP1_SCAFFOLD_1140	68.085	94	30	0	836	929	45936	46217	6.40e-68	136	929	51409	96
XP_052138361.1	HAP1_SCAFFOLD_1140	72.254	173	48	0	580	752	14084	14602	4.01e-66	249	929	51409	96
XP_052138361.1	HAP1_SCAFFOLD_1140	72.254	173	48	0	580	752	44358	44876	4.01e-66	249	929	51409	96
XP_052138361.1	HAP1_SCAFFOLD_1140	67.010	97	30	2	18	113	6176	6463	2.09e-25	107	929	51409	96
XP_052138361.1	HAP1_SCAFFOLD_1140	67.010	97	30	2	18	113	36450	36737	2.09e-25	107	929	51409	96
XP_052138361.1	HAP1_SCAFFOLD_1140	52.941	34	16	0	109	142	6580	6681	2.09e-25	35.8	929	51409	96
XP_052138361.1	HAP1_SCAFFOLD_1140	52.941	34	16	0	109	142	36854	36955	2.09e-25	35.8	929	51409	96
XP_052138361.1	HAP1_SCAFFOLD_1140	60.317	63	25	0	161	223	7404	7592	4.45e-14	84.0	929	51409	96
XP_052138361.1	HAP1_SCAFFOLD_1140	60.317	63	25	0	161	223	37678	37866	4.45e-14	84.0	929	51409	96
XP_052138361.1	SUPER_6_HAP1	69.468	357	108	1	226	582	4389688	4390755	4.48e-157	518	929	260160428	76
XP_052138361.1	SUPER_6_HAP1	72.254	173	48	0	580	752	4391596	4392114	1.52e-66	251	929	260160428	76
XP_052138361.1	SUPER_6_HAP1	76.344	93	22	0	748	840	4392640	4392918	9.91e-35	151	929	260160428	76
XP_052138361.1	SUPER_6_HAP1	70.213	94	28	0	836	929	4393067	4393348	5.77e-31	139	929	260160428	76
XP_052138361.1	SUPER_1_HAP1	54.054	111	44	4	6	113	421017987	421017667	8.65e-20	88.2	929	438371173	22
XP_052138361.1	SUPER_1_HAP1	52.941	34	16	0	109	142	421017550	421017449	8.65e-20	35.8	929	438371173	22
XP_052138361.1	SUPER_1_HAP1	62.821	78	25	3	39	113	398764858	398765088	1.82e-19	87.0	929	438371173	22
XP_052138361.1	SUPER_1_HAP1	52.941	34	16	0	109	142	398765205	398765306	1.82e-19	35.4	929	438371173	22
XP_052138361.1	SUPER_1_HAP1	58.730	63	26	0	161	223	398765700	398765888	3.12e-13	81.3	929	438371173	22
XP_052138361.1	SUPER_1_HAP1	58.333	60	25	0	164	223	421015318	421015139	9.21e-12	76.3	929	438371173	22
XP_052138361.1	SUPER_1_HAP1	74.194	31	8	0	58	88	94438295	94438203	9.12e-09	57.4	929	438371173	22
XP_052138361.1	SUPER_1_HAP1	78.571	14	3	0	100	113	94438183	94438142	9.12e-09	28.9	929	438371173	22
XP_052138361.1	SUPER_7_HAP1	54.054	111	44	4	6	113	36835783	36836103	8.74e-20	88.2	929	253859890	22
XP_052138361.1	SUPER_7_HAP1	52.941	34	16	0	109	142	36836220	36836321	8.74e-20	35.8	929	253859890	22
XP_052138361.1	SUPER_7_HAP1	57.143	63	27	0	161	223	36836715	36836903	4.34e-12	77.4	929	253859890	22
XP_052138361.1	SUPER_7_HAP1	58.904	73	20	3	46	113	152227722	152227925	1.54e-10	72.4	929	253859890	22
XP_052138361.1	SUPER_2_HAP1	52.252	111	36	6	6	113	344063828	344064118	1.47e-16	77.4	929	368307237	14
XP_052138361.1	SUPER_2_HAP1	58.621	29	12	0	109	137	344064235	344064321	1.47e-16	35.4	929	368307237	14
XP_052138361.1	SUPER_13_HAP1	61.667	60	23	0	161	220	3428719	3428540	5.61e-14	83.6	929	183547942	21
XP_052138361.1	SUPER_13_HAP1	32.796	186	65	5	7	142	3429966	3429439	9.80e-07	59.7	929	183547942	21
XP_052138361.1	SUPER_3_HAP1	58.333	60	25	0	161	220	79174875	79174696	5.31e-13	80.5	929	311080274	6
XP_052138360.1	SUPER_9_HAP1	68.564	369	111	2	389	757	129701388	129700297	3.71e-152	509	1092	245760952	93
XP_052138360.1	SUPER_9_HAP1	74.194	93	24	0	911	1003	129698701	129698423	1.92e-66	144	1092	245760952	93
XP_052138360.1	SUPER_9_HAP1	67.021	94	31	0	999	1092	129698315	129698034	1.92e-66	135	1092	245760952	93
XP_052138360.1	SUPER_9_HAP1	71.098	173	50	0	743	915	129699769	129699251	2.55e-63	243	1092	245760952	93
XP_052138360.1	SUPER_9_HAP1	40.826	218	109	6	56	271	129705988	129705389	7.03e-28	129	1092	245760952	93
XP_052138360.1	SUPER_9_HAP1	43.651	126	64	4	147	271	127155804	127156163	5.41e-13	80.9	1092	245760952	93
XP_052138360.1	SUPER_9_HAP1	58.182	55	23	0	1	55	129706436	129706272	9.65e-10	70.1	1092	245760952	93
XP_052138360.1	SUPER_9_HAP1	72.973	37	10	0	352	388	129702040	129701930	4.48e-05	54.7	1092	245760952	93
XP_052138360.1	HAP1_SCAFFOLD_1140	69.748	357	107	1	389	745	12468	13535	5.56e-152	509	1092	51409	96
XP_052138360.1	HAP1_SCAFFOLD_1140	69.748	357	107	1	389	745	42742	43809	5.56e-152	509	1092	51409	96
XP_052138360.1	HAP1_SCAFFOLD_1140	74.194	93	24	0	911	1003	15276	15554	8.69e-67	144	1092	51409	96
XP_052138360.1	HAP1_SCAFFOLD_1140	74.194	93	24	0	911	1003	45550	45828	8.69e-67	144	1092	51409	96
XP_052138360.1	HAP1_SCAFFOLD_1140	68.085	94	30	0	999	1092	15662	15943	8.69e-67	137	1092	51409	96
XP_052138360.1	HAP1_SCAFFOLD_1140	68.085	94	30	0	999	1092	45936	46217	8.69e-67	137	1092	51409	96
XP_052138360.1	HAP1_SCAFFOLD_1140	72.254	173	48	0	743	915	14084	14602	3.66e-64	246	1092	51409	96
XP_052138360.1	HAP1_SCAFFOLD_1140	72.254	173	48	0	743	915	44358	44876	3.66e-64	246	1092	51409	96
XP_052138360.1	HAP1_SCAFFOLD_1140	41.284	218	108	6	56	271	7870	8469	1.42e-28	131	1092	51409	96
XP_052138360.1	HAP1_SCAFFOLD_1140	41.284	218	108	6	56	271	38144	38743	1.42e-28	131	1092	51409	96
XP_052138360.1	HAP1_SCAFFOLD_1140	58.182	55	23	0	1	55	7422	7586	9.49e-10	70.1	1092	51409	96
XP_052138360.1	HAP1_SCAFFOLD_1140	58.182	55	23	0	1	55	37696	37860	9.49e-10	70.1	1092	51409	96
XP_052138360.1	HAP1_SCAFFOLD_1140	72.973	37	10	0	352	388	11816	11926	4.43e-05	54.7	1092	51409	96
XP_052138360.1	HAP1_SCAFFOLD_1140	72.973	37	10	0	352	388	42090	42200	4.43e-05	54.7	1092	51409	96
XP_052138360.1	HAP1_SCAFFOLD_1140	53.191	47	22	0	259	305	9859	9999	9.68e-05	53.5	1092	51409	96
XP_052138360.1	HAP1_SCAFFOLD_1140	53.191	47	22	0	259	305	40133	40273	9.68e-05	53.5	1092	51409	96
XP_052138360.1	SUPER_6_HAP1	69.468	357	108	1	389	745	4389688	4390755	1.59e-151	508	1092	260160428	68
XP_052138360.1	SUPER_6_HAP1	72.254	173	48	0	743	915	4391596	4392114	3.36e-64	246	1092	260160428	68
XP_052138360.1	SUPER_6_HAP1	76.344	93	22	0	911	1003	4392640	4392918	2.67e-33	147	1092	260160428	68
XP_052138360.1	SUPER_6_HAP1	70.213	94	28	0	999	1092	4393067	4393348	5.26e-31	139	1092	260160428	68
XP_052138360.1	SUPER_6_HAP1	72.973	37	10	0	352	388	4389032	4389142	4.48e-05	54.7	1092	260160428	68
XP_052138360.1	SUPER_1_HAP1	40.826	218	109	6	56	271	421014861	421014262	7.34e-28	129	1092	438371173	25
XP_052138360.1	SUPER_1_HAP1	58.491	53	22	0	1	53	421015309	421015151	2.20e-09	68.9	1092	438371173	25
XP_052138360.1	SUPER_1_HAP1	58.491	53	22	0	1	53	398765718	398765876	2.20e-09	68.9	1092	438371173	25
XP_052138360.1	SUPER_7_HAP1	40.826	218	109	6	56	271	36837181	36837780	1.05e-27	129	1092	253859890	25
XP_052138360.1	SUPER_7_HAP1	56.604	53	23	0	1	53	36836733	36836891	2.99e-08	65.1	1092	253859890	25
XP_052138360.1	SUPER_13_HAP1	47.445	137	68	3	125	260	3425086	3425487	7.32e-21	106	1092	183547942	17
XP_052138360.1	SUPER_13_HAP1	59.259	54	22	0	1	54	3428701	3428540	3.66e-10	71.6	1092	183547942	17
XP_052138360.1	SUPER_3_HAP1	55.556	54	24	0	1	54	79174857	79174696	3.38e-09	68.2	1092	311080274	5
XP_052138359.1	SUPER_9_HAP1	68.564	369	111	2	436	804	129701388	129700297	2.47e-154	518	1139	245760952	97
XP_052138359.1	SUPER_9_HAP1	74.194	93	24	0	958	1050	129698701	129698423	1.15e-67	148	1139	245760952	97
XP_052138359.1	SUPER_9_HAP1	67.021	94	31	0	1046	1139	129698315	129698034	1.15e-67	135	1139	245760952	97
XP_052138359.1	SUPER_9_HAP1	71.098	173	50	0	790	962	129699769	129699251	2.99e-64	247	1139	245760952	97
XP_052138359.1	SUPER_9_HAP1	41.262	206	104	5	222	425	129705988	129705416	7.19e-28	129	1139	245760952	97
XP_052138359.1	SUPER_9_HAP1	69.072	97	28	2	18	113	129708000	129707713	5.64e-26	110	1139	245760952	97
XP_052138359.1	SUPER_9_HAP1	52.941	34	16	0	109	142	129707596	129707495	5.64e-26	35.0	1139	245760952	97
XP_052138359.1	SUPER_9_HAP1	60.656	61	24	0	161	221	129706454	129706272	2.74e-13	81.6	1139	245760952	97
XP_052138359.1	SUPER_9_HAP1	42.400	125	64	4	313	436	127155804	127156157	8.55e-13	80.1	1139	245760952	97
XP_052138359.1	SUPER_6_HAP1	69.468	357	108	1	436	792	4389688	4390755	1.16e-153	516	1139	260160428	62
XP_052138359.1	SUPER_6_HAP1	72.254	173	48	0	790	962	4391596	4392114	1.84e-65	251	1139	260160428	62
XP_052138359.1	SUPER_6_HAP1	76.344	93	22	0	958	1050	4392640	4392918	1.97e-34	151	1139	260160428	62
XP_052138359.1	SUPER_6_HAP1	70.213	94	28	0	1046	1139	4393067	4393348	5.25e-31	140	1139	260160428	62
XP_052138359.1	HAP1_SCAFFOLD_1140	69.748	357	107	1	436	792	12468	13535	1.96e-153	515	1139	51409	97
XP_052138359.1	HAP1_SCAFFOLD_1140	69.748	357	107	1	436	792	42742	43809	1.96e-153	515	1139	51409	97
XP_052138359.1	HAP1_SCAFFOLD_1140	74.194	93	24	0	958	1050	15276	15554	4.88e-68	148	1139	51409	97
XP_052138359.1	HAP1_SCAFFOLD_1140	74.194	93	24	0	958	1050	45550	45828	4.88e-68	148	1139	51409	97
XP_052138359.1	HAP1_SCAFFOLD_1140	68.085	94	30	0	1046	1139	15662	15943	4.88e-68	137	1139	51409	97
XP_052138359.1	HAP1_SCAFFOLD_1140	68.085	94	30	0	1046	1139	45936	46217	4.88e-68	137	1139	51409	97
XP_052138359.1	HAP1_SCAFFOLD_1140	72.254	173	48	0	790	962	14084	14602	3.58e-65	249	1139	51409	97
XP_052138359.1	HAP1_SCAFFOLD_1140	72.254	173	48	0	790	962	44358	44876	3.58e-65	249	1139	51409	97
XP_052138359.1	HAP1_SCAFFOLD_1140	40.553	217	108	6	222	436	7870	8463	2.18e-28	131	1139	51409	97
XP_052138359.1	HAP1_SCAFFOLD_1140	40.553	217	108	6	222	436	38144	38737	2.18e-28	131	1139	51409	97
XP_052138359.1	HAP1_SCAFFOLD_1140	67.010	97	30	2	18	113	6176	6463	6.16e-25	106	1139	51409	97
XP_052138359.1	HAP1_SCAFFOLD_1140	67.010	97	30	2	18	113	36450	36737	6.16e-25	106	1139	51409	97
XP_052138359.1	HAP1_SCAFFOLD_1140	52.941	34	16	0	109	142	6580	6681	6.16e-25	35.0	1139	51409	97
XP_052138359.1	HAP1_SCAFFOLD_1140	52.941	34	16	0	109	142	36854	36955	6.16e-25	35.0	1139	51409	97
XP_052138359.1	HAP1_SCAFFOLD_1140	60.656	61	24	0	161	221	7404	7586	2.69e-13	81.6	1139	51409	97
XP_052138359.1	HAP1_SCAFFOLD_1140	60.656	61	24	0	161	221	37678	37860	2.69e-13	81.6	1139	51409	97
XP_052138359.1	SUPER_1_HAP1	40.092	217	109	6	222	436	421014861	421014268	8.66e-28	129	1139	438371173	36
XP_052138359.1	SUPER_1_HAP1	54.054	111	44	4	6	113	421017987	421017667	1.87e-19	88.2	1139	438371173	36
XP_052138359.1	SUPER_1_HAP1	52.941	34	16	0	109	142	421017550	421017449	1.87e-19	35.0	1139	438371173	36
XP_052138359.1	SUPER_1_HAP1	62.821	78	25	3	39	113	398764858	398765088	6.02e-19	86.3	1139	438371173	36
XP_052138359.1	SUPER_1_HAP1	52.941	34	16	0	109	142	398765205	398765306	6.02e-19	34.7	1139	438371173	36
XP_052138359.1	SUPER_1_HAP1	61.017	59	23	0	161	219	398765700	398765876	6.64e-13	80.5	1139	438371173	36
XP_052138359.1	SUPER_1_HAP1	60.714	56	22	0	164	219	421015318	421015151	1.94e-11	75.9	1139	438371173	36
XP_052138359.1	SUPER_1_HAP1	74.194	31	8	0	58	88	94438295	94438203	1.25e-08	57.4	1139	438371173	36
XP_052138359.1	SUPER_1_HAP1	78.571	14	3	0	100	113	94438183	94438142	1.25e-08	28.5	1139	438371173	36
XP_052138359.1	SUPER_7_HAP1	40.092	217	109	6	222	436	36837181	36837774	1.54e-27	128	1139	253859890	36
XP_052138359.1	SUPER_7_HAP1	54.054	111	44	4	6	113	36835783	36836103	1.89e-19	88.2	1139	253859890	36
XP_052138359.1	SUPER_7_HAP1	52.941	34	16	0	109	142	36836220	36836321	1.89e-19	35.0	1139	253859890	36
XP_052138359.1	SUPER_7_HAP1	59.322	59	24	0	161	219	36836715	36836891	8.80e-12	77.0	1139	253859890	36
XP_052138359.1	SUPER_7_HAP1	58.904	73	20	3	46	113	152227722	152227925	2.66e-10	72.0	1139	253859890	36
XP_052138359.1	SUPER_13_HAP1	47.445	137	68	3	291	426	3425086	3425487	5.16e-21	107	1139	183547942	29
XP_052138359.1	SUPER_13_HAP1	61.667	60	23	0	161	220	3428719	3428540	9.74e-14	83.2	1139	183547942	29
XP_052138359.1	SUPER_13_HAP1	32.796	186	65	5	7	142	3429966	3429439	3.07e-06	58.5	1139	183547942	29
XP_052138359.1	SUPER_2_HAP1	51.351	111	37	5	6	113	344063828	344064118	5.48e-16	76.3	1139	368307237	12
XP_052138359.1	SUPER_2_HAP1	58.621	29	12	0	109	137	344064235	344064321	5.48e-16	34.7	1139	368307237	12
XP_052138359.1	SUPER_3_HAP1	58.333	60	25	0	161	220	79174875	79174696	8.19e-13	80.1	1139	311080274	5
XP_052138358.1	SUPER_9_HAP1	68.564	369	111	2	555	923	129701388	129700297	1.07e-153	517	1169	245760952	90
XP_052138358.1	SUPER_9_HAP1	71.098	173	50	0	909	1081	129699769	129699251	4.55e-64	246	1169	245760952	90
XP_052138358.1	SUPER_9_HAP1	68.132	91	29	0	1079	1169	129698306	129698034	7.85e-30	136	1169	245760952	90
XP_052138358.1	SUPER_9_HAP1	40.826	218	109	6	222	437	129705988	129705389	1.43e-27	129	1169	245760952	90
XP_052138358.1	SUPER_9_HAP1	69.072	97	28	2	18	113	129708000	129707713	1.11e-25	109	1169	245760952	90
XP_052138358.1	SUPER_9_HAP1	52.941	34	16	0	109	142	129707596	129707495	1.11e-25	34.3	1169	245760952	90
XP_052138358.1	SUPER_9_HAP1	60.656	61	24	0	161	221	129706454	129706272	3.29e-13	81.6	1169	245760952	90
XP_052138358.1	SUPER_9_HAP1	43.651	126	64	4	313	437	127155804	127156163	4.49e-13	81.3	1169	245760952	90
XP_052138358.1	SUPER_9_HAP1	72.973	37	10	0	518	554	129702040	129701930	2.29e-05	55.8	1169	245760952	90
XP_052138358.1	HAP1_SCAFFOLD_1140	69.748	357	107	1	555	911	12468	13535	4.20e-153	515	1169	51409	93
XP_052138358.1	HAP1_SCAFFOLD_1140	69.748	357	107	1	555	911	42742	43809	4.20e-153	515	1169	51409	93
XP_052138358.1	HAP1_SCAFFOLD_1140	72.254	173	48	0	909	1081	14084	14602	6.00e-65	249	1169	51409	93
XP_052138358.1	HAP1_SCAFFOLD_1140	72.254	173	48	0	909	1081	44358	44876	6.00e-65	249	1169	51409	93
XP_052138358.1	HAP1_SCAFFOLD_1140	69.231	91	28	0	1079	1169	15671	15943	2.94e-30	137	1169	51409	93
XP_052138358.1	HAP1_SCAFFOLD_1140	69.231	91	28	0	1079	1169	45945	46217	2.94e-30	137	1169	51409	93
XP_052138358.1	HAP1_SCAFFOLD_1140	41.284	218	108	6	222	437	7870	8469	3.26e-28	130	1169	51409	93
XP_052138358.1	HAP1_SCAFFOLD_1140	41.284	218	108	6	222	437	38144	38743	3.26e-28	130	1169	51409	93
XP_052138358.1	HAP1_SCAFFOLD_1140	67.010	97	30	2	18	113	6176	6463	1.36e-24	106	1169	51409	93
XP_052138358.1	HAP1_SCAFFOLD_1140	67.010	97	30	2	18	113	36450	36737	1.36e-24	106	1169	51409	93
XP_052138358.1	HAP1_SCAFFOLD_1140	52.941	34	16	0	109	142	6580	6681	1.36e-24	34.3	1169	51409	93
XP_052138358.1	HAP1_SCAFFOLD_1140	52.941	34	16	0	109	142	36854	36955	1.36e-24	34.3	1169	51409	93
XP_052138358.1	HAP1_SCAFFOLD_1140	60.656	61	24	0	161	221	7404	7586	3.22e-13	81.6	1169	51409	93
XP_052138358.1	HAP1_SCAFFOLD_1140	60.656	61	24	0	161	221	37678	37860	3.22e-13	81.6	1169	51409	93
XP_052138358.1	HAP1_SCAFFOLD_1140	72.973	37	10	0	518	554	11816	11926	2.26e-05	55.8	1169	51409	93
XP_052138358.1	HAP1_SCAFFOLD_1140	72.973	37	10	0	518	554	42090	42200	2.26e-05	55.8	1169	51409	93
XP_052138358.1	HAP1_SCAFFOLD_1140	53.191	47	22	0	425	471	9859	9999	4.17e-05	55.1	1169	51409	93
XP_052138358.1	HAP1_SCAFFOLD_1140	53.191	47	22	0	425	471	40133	40273	4.17e-05	55.1	1169	51409	93
XP_052138358.1	SUPER_6_HAP1	69.468	357	108	1	555	911	4389688	4390755	6.06e-153	514	1169	260160428	56
XP_052138358.1	SUPER_6_HAP1	72.254	173	48	0	909	1081	4391596	4392114	3.99e-65	250	1169	260160428	56
XP_052138358.1	SUPER_6_HAP1	71.429	91	26	0	1079	1169	4393076	4393348	4.32e-31	140	1169	260160428	56
XP_052138358.1	SUPER_6_HAP1	72.973	37	10	0	518	554	4389032	4389142	2.29e-05	55.8	1169	260160428	56
XP_052138358.1	SUPER_1_HAP1	40.826	218	109	6	222	437	421014861	421014262	1.27e-27	129	1169	438371173	35
XP_052138358.1	SUPER_1_HAP1	54.054	111	44	4	6	113	421017987	421017667	4.85e-19	87.4	1169	438371173	35
XP_052138358.1	SUPER_1_HAP1	52.941	34	16	0	109	142	421017550	421017449	4.85e-19	34.3	1169	438371173	35
XP_052138358.1	SUPER_1_HAP1	62.821	78	25	3	39	113	398764858	398765088	1.98e-18	85.5	1169	438371173	35
XP_052138358.1	SUPER_1_HAP1	52.941	34	16	0	109	142	398765205	398765306	1.98e-18	33.9	1169	438371173	35
XP_052138358.1	SUPER_1_HAP1	61.017	59	23	0	161	219	398765700	398765876	8.87e-13	80.1	1169	438371173	35
XP_052138358.1	SUPER_1_HAP1	60.714	56	22	0	164	219	421015318	421015151	2.63e-11	75.5	1169	438371173	35
XP_052138358.1	SUPER_1_HAP1	74.194	31	8	0	58	88	94438295	94438203	1.44e-08	57.0	1169	438371173	35
XP_052138358.1	SUPER_1_HAP1	78.571	14	3	0	100	113	94438183	94438142	1.44e-08	28.9	1169	438371173	35
XP_052138358.1	SUPER_7_HAP1	40.826	218	109	6	222	437	36837181	36837780	2.35e-27	128	1169	253859890	35
XP_052138358.1	SUPER_7_HAP1	54.054	111	44	4	6	113	36835783	36836103	4.90e-19	87.4	1169	253859890	35
XP_052138358.1	SUPER_7_HAP1	52.941	34	16	0	109	142	36836220	36836321	4.90e-19	34.3	1169	253859890	35
XP_052138358.1	SUPER_7_HAP1	59.322	59	24	0	161	219	36836715	36836891	1.20e-11	76.6	1169	253859890	35
XP_052138358.1	SUPER_7_HAP1	58.904	73	20	3	46	113	152227722	152227925	3.58e-10	71.6	1169	253859890	35
XP_052138358.1	SUPER_13_HAP1	47.445	137	68	3	291	426	3425086	3425487	8.80e-21	106	1169	183547942	28
XP_052138358.1	SUPER_13_HAP1	61.667	60	23	0	161	220	3428719	3428540	1.22e-13	83.2	1169	183547942	28
XP_052138358.1	SUPER_13_HAP1	32.796	186	65	5	7	142	3429966	3429439	6.38e-06	57.8	1169	183547942	28
XP_052138358.1	SUPER_2_HAP1	51.351	111	37	5	6	113	344063828	344064118	1.30e-15	75.9	1169	368307237	11
XP_052138358.1	SUPER_2_HAP1	58.621	29	12	0	109	137	344064235	344064321	1.30e-15	34.3	1169	368307237	11
XP_052138358.1	SUPER_3_HAP1	58.333	60	25	0	161	220	79174875	79174696	1.06e-12	80.1	1169	311080274	5
XP_052138357.1	SUPER_9_HAP1	68.564	369	111	2	555	923	129701388	129700297	9.47e-153	517	1258	245760952	91
XP_052138357.1	SUPER_9_HAP1	74.194	93	24	0	1077	1169	129698701	129698423	5.70e-67	146	1258	245760952	91
XP_052138357.1	SUPER_9_HAP1	67.021	94	31	0	1165	1258	129698315	129698034	5.70e-67	135	1258	245760952	91
XP_052138357.1	SUPER_9_HAP1	71.098	173	50	0	909	1081	129699769	129699251	9.71e-64	246	1258	245760952	91
XP_052138357.1	SUPER_9_HAP1	40.826	218	109	6	222	437	129705988	129705389	1.01e-27	129	1258	245760952	91
XP_052138357.1	SUPER_9_HAP1	69.072	97	28	2	18	113	129708000	129707713	6.73e-26	110	1258	245760952	91
XP_052138357.1	SUPER_9_HAP1	52.941	34	16	0	109	142	129707596	129707495	6.73e-26	34.3	1258	245760952	91
XP_052138357.1	SUPER_9_HAP1	43.651	126	64	4	313	437	127155804	127156163	4.06e-13	81.6	1258	245760952	91
XP_052138357.1	SUPER_9_HAP1	60.656	61	24	0	161	221	129706454	129706272	5.41e-13	80.9	1258	245760952	91
XP_052138357.1	SUPER_9_HAP1	72.973	37	10	0	518	554	129702040	129701930	2.59e-05	55.8	1258	245760952	91
XP_052138357.1	HAP1_SCAFFOLD_1140	69.748	357	107	1	555	911	12468	13535	4.16e-152	514	1258	51409	94
XP_052138357.1	HAP1_SCAFFOLD_1140	69.748	357	107	1	555	911	42742	43809	4.16e-152	514	1258	51409	94
XP_052138357.1	HAP1_SCAFFOLD_1140	74.194	93	24	0	1077	1169	15276	15554	2.47e-67	146	1258	51409	94
XP_052138357.1	HAP1_SCAFFOLD_1140	74.194	93	24	0	1077	1169	45550	45828	2.47e-67	146	1258	51409	94
XP_052138357.1	HAP1_SCAFFOLD_1140	68.085	94	30	0	1165	1258	15662	15943	2.47e-67	137	1258	51409	94
XP_052138357.1	HAP1_SCAFFOLD_1140	68.085	94	30	0	1165	1258	45936	46217	2.47e-67	137	1258	51409	94
XP_052138357.1	HAP1_SCAFFOLD_1140	72.254	173	48	0	909	1081	14084	14602	1.12e-64	249	1258	51409	94
XP_052138357.1	HAP1_SCAFFOLD_1140	72.254	173	48	0	909	1081	44358	44876	1.12e-64	249	1258	51409	94
XP_052138357.1	HAP1_SCAFFOLD_1140	41.284	218	108	6	222	437	7870	8469	2.05e-28	131	1258	51409	94
XP_052138357.1	HAP1_SCAFFOLD_1140	41.284	218	108	6	222	437	38144	38743	2.05e-28	131	1258	51409	94
XP_052138357.1	HAP1_SCAFFOLD_1140	67.010	97	30	2	18	113	6176	6463	8.81e-25	107	1258	51409	94
XP_052138357.1	HAP1_SCAFFOLD_1140	67.010	97	30	2	18	113	36450	36737	8.81e-25	107	1258	51409	94
XP_052138357.1	HAP1_SCAFFOLD_1140	52.941	34	16	0	109	142	6580	6681	8.81e-25	34.3	1258	51409	94
XP_052138357.1	HAP1_SCAFFOLD_1140	52.941	34	16	0	109	142	36854	36955	8.81e-25	34.3	1258	51409	94
XP_052138357.1	HAP1_SCAFFOLD_1140	60.656	61	24	0	161	221	7404	7586	5.30e-13	80.9	1258	51409	94
XP_052138357.1	HAP1_SCAFFOLD_1140	60.656	61	24	0	161	221	37678	37860	5.30e-13	80.9	1258	51409	94
XP_052138357.1	HAP1_SCAFFOLD_1140	72.973	37	10	0	518	554	11816	11926	2.56e-05	55.8	1258	51409	94
XP_052138357.1	HAP1_SCAFFOLD_1140	72.973	37	10	0	518	554	42090	42200	2.56e-05	55.8	1258	51409	94
XP_052138357.1	HAP1_SCAFFOLD_1140	53.191	47	22	0	425	471	9859	9999	5.54e-05	54.7	1258	51409	94
XP_052138357.1	HAP1_SCAFFOLD_1140	53.191	47	22	0	425	471	40133	40273	5.54e-05	54.7	1258	51409	94
XP_052138357.1	SUPER_6_HAP1	69.468	357	108	1	555	911	4389688	4390755	1.32e-151	513	1258	260160428	59
XP_052138357.1	SUPER_6_HAP1	72.254	173	48	0	909	1081	4391596	4392114	8.15e-65	249	1258	260160428	59
XP_052138357.1	SUPER_6_HAP1	76.344	93	22	0	1077	1169	4392640	4392918	1.08e-33	149	1258	260160428	59
XP_052138357.1	SUPER_6_HAP1	70.213	94	28	0	1165	1258	4393067	4393348	5.13e-31	140	1258	260160428	59
XP_052138357.1	SUPER_6_HAP1	72.973	37	10	0	518	554	4389032	4389142	2.59e-05	55.8	1258	260160428	59
XP_052138357.1	SUPER_1_HAP1	40.826	218	109	6	222	437	421014861	421014262	1.05e-27	129	1258	438371173	33
XP_052138357.1	SUPER_1_HAP1	54.054	111	44	4	6	113	421017987	421017667	3.14e-19	88.2	1258	438371173	33
XP_052138357.1	SUPER_1_HAP1	52.941	34	16	0	109	142	421017550	421017449	3.14e-19	34.3	1258	438371173	33
XP_052138357.1	SUPER_1_HAP1	62.821	78	25	3	39	113	398764858	398765088	1.57e-18	85.9	1258	438371173	33
XP_052138357.1	SUPER_1_HAP1	52.941	34	16	0	109	142	398765205	398765306	1.57e-18	34.3	1258	438371173	33
XP_052138357.1	SUPER_1_HAP1	61.017	59	23	0	161	219	398765700	398765876	1.35e-12	79.7	1258	438371173	33
XP_052138357.1	SUPER_1_HAP1	60.714	56	22	0	164	219	421015318	421015151	3.71e-11	75.1	1258	438371173	33
XP_052138357.1	SUPER_1_HAP1	74.194	31	8	0	58	88	94438295	94438203	1.29e-08	57.4	1258	438371173	33
XP_052138357.1	SUPER_1_HAP1	78.571	14	3	0	100	113	94438183	94438142	1.29e-08	28.9	1258	438371173	33
XP_052138357.1	SUPER_7_HAP1	40.826	218	109	6	222	437	36837181	36837780	1.50e-27	129	1258	253859890	33
XP_052138357.1	SUPER_7_HAP1	54.054	111	44	4	6	113	36835783	36836103	3.18e-19	88.2	1258	253859890	33
XP_052138357.1	SUPER_7_HAP1	52.941	34	16	0	109	142	36836220	36836321	3.18e-19	34.3	1258	253859890	33
XP_052138357.1	SUPER_7_HAP1	59.322	59	24	0	161	219	36836715	36836891	1.80e-11	75.9	1258	253859890	33
XP_052138357.1	SUPER_7_HAP1	58.904	73	20	3	46	113	152227722	152227925	4.01e-10	71.6	1258	253859890	33
XP_052138357.1	SUPER_13_HAP1	47.445	137	68	3	291	426	3425086	3425487	8.98e-21	106	1258	183547942	26
XP_052138357.1	SUPER_13_HAP1	61.667	60	23	0	161	220	3428719	3428540	1.61e-13	82.8	1258	183547942	26
XP_052138357.1	SUPER_13_HAP1	32.796	186	65	5	7	142	3429966	3429439	4.83e-06	58.2	1258	183547942	26
XP_052138357.1	SUPER_2_HAP1	51.351	111	37	5	6	113	344063828	344064118	9.56e-16	76.3	1258	368307237	10
XP_052138357.1	SUPER_2_HAP1	58.621	29	12	0	109	137	344064235	344064321	9.56e-16	34.3	1258	368307237	10
XP_052138357.1	SUPER_3_HAP1	58.333	60	25	0	161	220	79174875	79174696	1.57e-12	79.3	1258	311080274	5
KAI9397292.1	SUPER_6_HAP1	32.075	371	192	7	454	817	4389691	4390644	6.03e-47	192	1219	260160428	60
KAI9397292.1	SUPER_6_HAP1	46.277	188	87	2	853	1040	4391593	4392114	1.87e-36	157	1219	260160428	60
KAI9397292.1	SUPER_6_HAP1	44.444	117	59	3	1036	1152	4392640	4392972	8.58e-16	90.1	1219	260160428	60
KAI9397292.1	SUPER_6_HAP1	46.154	91	49	0	1129	1219	4393076	4393348	6.37e-10	70.9	1219	260160428	60
KAI9397292.1	SUPER_9_HAP1	31.714	350	187	5	471	817	129701334	129700432	3.43e-44	183	1219	245760952	59
KAI9397292.1	SUPER_9_HAP1	46.561	189	85	3	853	1040	129699772	129699251	3.53e-34	150	1219	245760952	59
KAI9397292.1	SUPER_9_HAP1	47.368	95	48	2	1036	1130	129698701	129698423	8.42e-30	87.8	1219	245760952	59
KAI9397292.1	SUPER_9_HAP1	46.154	91	49	0	1129	1219	129698306	129698034	8.42e-30	70.1	1219	245760952	59
KAI9397292.1	HAP1_SCAFFOLD_1140	31.714	350	187	5	471	817	12522	13424	8.78e-44	181	1219	51409	59
KAI9397292.1	HAP1_SCAFFOLD_1140	31.714	350	187	5	471	817	42796	43698	8.78e-44	181	1219	51409	59
KAI9397292.1	HAP1_SCAFFOLD_1140	46.277	188	87	2	853	1040	14081	14602	8.32e-35	152	1219	51409	59
KAI9397292.1	HAP1_SCAFFOLD_1140	46.277	188	87	2	853	1040	44355	44876	8.32e-35	152	1219	51409	59
KAI9397292.1	HAP1_SCAFFOLD_1140	47.368	95	48	2	1036	1130	15276	15554	3.12e-29	87.8	1219	51409	59
KAI9397292.1	HAP1_SCAFFOLD_1140	47.368	95	48	2	1036	1130	45550	45828	3.12e-29	87.8	1219	51409	59
KAI9397292.1	HAP1_SCAFFOLD_1140	45.055	91	50	0	1129	1219	15671	15943	3.12e-29	68.6	1219	51409	59
KAI9397292.1	HAP1_SCAFFOLD_1140	45.055	91	50	0	1129	1219	45945	46217	3.12e-29	68.6	1219	51409	59
KAI9397291.1	SUPER_6_HAP1	32.075	371	192	7	456	819	4389691	4390644	5.57e-47	192	1221	260160428	60
KAI9397291.1	SUPER_6_HAP1	46.277	188	87	2	855	1042	4391593	4392114	1.84e-36	158	1221	260160428	60
KAI9397291.1	SUPER_6_HAP1	44.444	117	59	3	1038	1154	4392640	4392972	8.60e-16	90.1	1221	260160428	60
KAI9397291.1	SUPER_6_HAP1	46.154	91	49	0	1131	1221	4393076	4393348	6.49e-10	70.9	1221	260160428	60
KAI9397291.1	SUPER_9_HAP1	31.714	350	187	5	473	819	129701334	129700432	3.45e-44	183	1221	245760952	58
KAI9397291.1	SUPER_9_HAP1	46.561	189	85	3	855	1042	129699772	129699251	3.48e-34	150	1221	245760952	58
KAI9397291.1	SUPER_9_HAP1	47.368	95	48	2	1038	1132	129698701	129698423	8.44e-30	87.8	1221	245760952	58
KAI9397291.1	SUPER_9_HAP1	46.154	91	49	0	1131	1221	129698306	129698034	8.44e-30	70.1	1221	245760952	58
KAI9397291.1	HAP1_SCAFFOLD_1140	31.714	350	187	5	473	819	12522	13424	8.82e-44	181	1221	51409	58
KAI9397291.1	HAP1_SCAFFOLD_1140	31.714	350	187	5	473	819	42796	43698	8.82e-44	181	1221	51409	58
KAI9397291.1	HAP1_SCAFFOLD_1140	46.277	188	87	2	855	1042	14081	14602	9.49e-35	152	1221	51409	58
KAI9397291.1	HAP1_SCAFFOLD_1140	46.277	188	87	2	855	1042	44355	44876	9.49e-35	152	1221	51409	58
KAI9397291.1	HAP1_SCAFFOLD_1140	47.368	95	48	2	1038	1132	15276	15554	3.15e-29	87.8	1221	51409	58
KAI9397291.1	HAP1_SCAFFOLD_1140	47.368	95	48	2	1038	1132	45550	45828	3.15e-29	87.8	1221	51409	58
KAI9397291.1	HAP1_SCAFFOLD_1140	45.055	91	50	0	1131	1221	15671	15943	3.15e-29	68.6	1221	51409	58
KAI9397291.1	HAP1_SCAFFOLD_1140	45.055	91	50	0	1131	1221	45945	46217	3.15e-29	68.6	1221	51409	58
NP_001330126.1	SUPER_9_HAP1	34.557	327	184	9	440	753	129701325	129700396	1.42e-37	160	966	245760952	51
NP_001330126.1	SUPER_9_HAP1	39.779	181	100	3	762	942	129699772	129699257	2.53e-33	147	966	245760952	51
NP_001330126.1	SUPER_6_HAP1	34.259	324	189	8	440	753	4389751	4390680	1.65e-37	160	966	260160428	52
NP_001330126.1	SUPER_6_HAP1	35.526	228	135	5	718	942	4391452	4392108	4.49e-36	155	966	260160428	52
NP_001330126.1	HAP1_SCAFFOLD_1140	34.251	327	185	9	440	753	12531	13460	8.52e-37	158	966	51409	51
NP_001330126.1	HAP1_SCAFFOLD_1140	34.251	327	185	9	440	753	42805	43734	8.52e-37	158	966	51409	51
NP_001330126.1	HAP1_SCAFFOLD_1140	39.779	181	100	3	762	942	14081	14596	3.15e-33	146	966	51409	51
NP_001330126.1	HAP1_SCAFFOLD_1140	39.779	181	100	3	762	942	44355	44870	3.15e-33	146	966	51409	51
NP_197187.1	SUPER_9_HAP1	34.557	327	184	9	440	753	129701325	129700396	6.02e-37	159	1123	245760952	60
NP_197187.1	SUPER_9_HAP1	39.891	183	101	3	762	944	129699772	129699251	1.17e-33	148	1123	245760952	60
NP_197187.1	SUPER_9_HAP1	44.211	95	51	2	940	1034	129698701	129698423	1.89e-27	78.6	1123	245760952	60
NP_197187.1	SUPER_9_HAP1	46.154	91	49	0	1033	1123	129698306	129698034	1.89e-27	71.6	1123	245760952	60
NP_197187.1	SUPER_6_HAP1	34.259	324	189	8	440	753	4389751	4390680	6.07e-37	159	1123	260160428	59
NP_197187.1	SUPER_6_HAP1	35.652	230	136	5	718	944	4391452	4392114	2.06e-36	157	1123	260160428	59
NP_197187.1	SUPER_6_HAP1	52.113	71	33	1	940	1010	4392640	4392849	3.11e-12	78.2	1123	260160428	59
NP_197187.1	SUPER_6_HAP1	46.154	91	49	0	1033	1123	4393076	4393348	5.75e-10	70.9	1123	260160428	59
NP_197187.1	HAP1_SCAFFOLD_1140	34.251	327	185	9	440	753	12531	13460	2.08e-36	157	1123	51409	60
NP_197187.1	HAP1_SCAFFOLD_1140	34.251	327	185	9	440	753	42805	43734	2.08e-36	157	1123	51409	60
NP_197187.1	HAP1_SCAFFOLD_1140	39.891	183	101	3	762	944	14081	14602	1.44e-33	148	1123	51409	60
NP_197187.1	HAP1_SCAFFOLD_1140	39.891	183	101	3	762	944	44355	44876	1.44e-33	148	1123	51409	60
NP_197187.1	HAP1_SCAFFOLD_1140	44.211	95	51	2	940	1034	15276	15554	1.43e-27	78.6	1123	51409	60
NP_197187.1	HAP1_SCAFFOLD_1140	44.211	95	51	2	940	1034	45550	45828	1.43e-27	78.6	1123	51409	60
NP_197187.1	HAP1_SCAFFOLD_1140	46.154	91	49	0	1033	1123	15671	15943	1.43e-27	72.0	1123	51409	60
NP_197187.1	HAP1_SCAFFOLD_1140	46.154	91	49	0	1033	1123	45945	46217	1.43e-27	72.0	1123	51409	60
XP_020399449.1	SUPER_9_HAP1	68.698	361	110	3	460	819	129701397	129700321	1.37e-150	508	1166	245760952	84
XP_020399449.1	SUPER_9_HAP1	73.118	93	25	0	985	1077	129698701	129698423	6.57e-65	145	1166	245760952	84
XP_020399449.1	SUPER_9_HAP1	65.957	94	32	0	1073	1166	129698315	129698034	6.57e-65	130	1166	245760952	84
XP_020399449.1	SUPER_9_HAP1	71.839	174	49	0	816	989	129699772	129699251	1.46e-61	238	1166	245760952	84
XP_020399449.1	SUPER_9_HAP1	57.292	96	40	1	16	110	129708000	129707713	8.31e-11	73.6	1166	245760952	84
XP_020399449.1	SUPER_9_HAP1	64.912	57	19	1	137	192	129706451	129706281	2.65e-10	72.0	1166	245760952	84
XP_020399449.1	SUPER_9_HAP1	65.957	47	16	0	336	382	129703988	129703848	5.27e-08	64.3	1166	245760952	84
XP_020399449.1	SUPER_9_HAP1	42.500	80	43	2	231	310	129705808	129705578	2.52e-06	58.9	1166	245760952	84
XP_020399449.1	HAP1_SCAFFOLD_1140	68.144	361	112	3	460	819	12459	13535	2.06e-148	501	1166	51409	85
XP_020399449.1	HAP1_SCAFFOLD_1140	68.144	361	112	3	460	819	42733	43809	2.06e-148	501	1166	51409	85
XP_020399449.1	HAP1_SCAFFOLD_1140	73.118	93	25	0	985	1077	15276	15554	5.22e-65	145	1166	51409	85
XP_020399449.1	HAP1_SCAFFOLD_1140	73.118	93	25	0	985	1077	45550	45828	5.22e-65	145	1166	51409	85
XP_020399449.1	HAP1_SCAFFOLD_1140	65.957	94	32	0	1073	1166	15662	15943	5.22e-65	130	1166	51409	85
XP_020399449.1	HAP1_SCAFFOLD_1140	65.957	94	32	0	1073	1166	45936	46217	5.22e-65	130	1166	51409	85
XP_020399449.1	HAP1_SCAFFOLD_1140	71.839	174	49	0	816	989	14081	14602	3.00e-61	238	1166	51409	85
XP_020399449.1	HAP1_SCAFFOLD_1140	71.839	174	49	0	816	989	44355	44876	3.00e-61	238	1166	51409	85
XP_020399449.1	HAP1_SCAFFOLD_1140	55.208	96	42	1	16	110	6176	6463	2.01e-10	72.4	1166	51409	85
XP_020399449.1	HAP1_SCAFFOLD_1140	55.208	96	42	1	16	110	36450	36737	2.01e-10	72.4	1166	51409	85
XP_020399449.1	HAP1_SCAFFOLD_1140	64.912	57	19	1	137	192	7407	7577	2.61e-10	72.0	1166	51409	85
XP_020399449.1	HAP1_SCAFFOLD_1140	64.912	57	19	1	137	192	37681	37851	2.61e-10	72.0	1166	51409	85
XP_020399449.1	HAP1_SCAFFOLD_1140	65.306	49	17	0	334	382	9865	10011	8.36e-09	67.0	1166	51409	85
XP_020399449.1	HAP1_SCAFFOLD_1140	65.306	49	17	0	334	382	40139	40285	8.36e-09	67.0	1166	51409	85
XP_020399449.1	HAP1_SCAFFOLD_1140	42.500	80	43	2	231	310	8050	8280	2.29e-06	58.9	1166	51409	85
XP_020399449.1	HAP1_SCAFFOLD_1140	42.500	80	43	2	231	310	38324	38554	2.29e-06	58.9	1166	51409	85
XP_020399449.1	SUPER_6_HAP1	69.714	350	103	3	471	819	4389712	4390755	5.92e-147	497	1166	260160428	60
XP_020399449.1	SUPER_6_HAP1	71.839	174	49	0	816	989	4391593	4392114	7.84e-62	239	1166	260160428	60
XP_020399449.1	SUPER_6_HAP1	74.194	93	24	0	985	1077	4392640	4392918	5.55e-33	146	1166	260160428	60
XP_020399449.1	SUPER_6_HAP1	69.149	94	29	0	1073	1166	4393067	4393348	2.89e-29	134	1166	260160428	60
XP_020399449.1	SUPER_13_HAP1	64.912	57	19	1	137	192	3428716	3428546	2.82e-10	72.0	1166	183547942	12
XP_020399449.1	SUPER_13_HAP1	39.506	81	46	2	230	310	3425089	3425322	6.31e-05	54.3	1166	183547942	12
XP_020399449.1	SUPER_1_HAP1	64.912	57	19	1	137	192	398765703	398765873	3.01e-10	72.0	1166	438371173	16
XP_020399449.1	SUPER_1_HAP1	68.750	48	15	0	63	110	421017810	421017667	4.92e-09	67.8	1166	438371173	16
XP_020399449.1	SUPER_1_HAP1	63.636	55	19	1	139	192	421015318	421015154	6.33e-09	67.4	1166	438371173	16
XP_020399449.1	SUPER_1_HAP1	68.750	48	15	0	63	110	398764945	398765088	9.01e-09	67.0	1166	438371173	16
XP_020399449.1	SUPER_1_HAP1	42.500	80	43	2	231	310	421014681	421014451	2.32e-06	58.9	1166	438371173	16
XP_020399449.1	SUPER_3_HAP1	61.404	57	21	1	137	192	79174872	79174702	1.61e-09	69.3	1166	311080274	5
XP_020399449.1	SUPER_7_HAP1	63.158	57	20	1	137	192	36836718	36836888	4.19e-09	68.2	1166	253859890	16
XP_020399449.1	SUPER_7_HAP1	68.750	48	15	0	63	110	36835960	36836103	4.92e-09	67.8	1166	253859890	16
XP_020399449.1	SUPER_7_HAP1	41.250	80	44	2	231	310	36837361	36837591	1.63e-05	56.2	1166	253859890	16
XP_020399449.1	SUPER_2_HAP1	67.391	46	15	0	65	110	344063981	344064118	1.77e-07	62.8	1166	368307237	4
VYS67061.1	SUPER_9_HAP1	34.557	327	184	9	440	753	129701325	129700396	6.02e-37	159	1123	245760952	60
VYS67061.1	SUPER_9_HAP1	39.891	183	101	3	762	944	129699772	129699251	1.17e-33	148	1123	245760952	60
VYS67061.1	SUPER_9_HAP1	44.211	95	51	2	940	1034	129698701	129698423	1.89e-27	78.6	1123	245760952	60
VYS67061.1	SUPER_9_HAP1	46.154	91	49	0	1033	1123	129698306	129698034	1.89e-27	71.6	1123	245760952	60
VYS67061.1	SUPER_6_HAP1	34.259	324	189	8	440	753	4389751	4390680	6.07e-37	159	1123	260160428	59
VYS67061.1	SUPER_6_HAP1	35.652	230	136	5	718	944	4391452	4392114	2.06e-36	157	1123	260160428	59
VYS67061.1	SUPER_6_HAP1	52.113	71	33	1	940	1010	4392640	4392849	3.11e-12	78.2	1123	260160428	59
VYS67061.1	SUPER_6_HAP1	46.154	91	49	0	1033	1123	4393076	4393348	5.75e-10	70.9	1123	260160428	59
VYS67061.1	HAP1_SCAFFOLD_1140	34.251	327	185	9	440	753	12531	13460	2.08e-36	157	1123	51409	60
VYS67061.1	HAP1_SCAFFOLD_1140	34.251	327	185	9	440	753	42805	43734	2.08e-36	157	1123	51409	60
VYS67061.1	HAP1_SCAFFOLD_1140	39.891	183	101	3	762	944	14081	14602	1.44e-33	148	1123	51409	60
VYS67061.1	HAP1_SCAFFOLD_1140	39.891	183	101	3	762	944	44355	44876	1.44e-33	148	1123	51409	60
VYS67061.1	HAP1_SCAFFOLD_1140	44.211	95	51	2	940	1034	15276	15554	1.43e-27	78.6	1123	51409	60
VYS67061.1	HAP1_SCAFFOLD_1140	44.211	95	51	2	940	1034	45550	45828	1.43e-27	78.6	1123	51409	60
VYS67061.1	HAP1_SCAFFOLD_1140	46.154	91	49	0	1033	1123	15671	15943	1.43e-27	72.0	1123	51409	60
VYS67061.1	HAP1_SCAFFOLD_1140	46.154	91	49	0	1033	1123	45945	46217	1.43e-27	72.0	1123	51409	60
XP_028550950.1	SUPER_6_HAP1	35.516	397	201	8	291	686	4389727	4390755	6.04e-60	233	1105	260160428	63
XP_028550950.1	SUPER_6_HAP1	48.872	133	49	2	811	926	4391719	4392111	1.58e-27	128	1105	260160428	63
XP_028550950.1	SUPER_6_HAP1	38.994	159	79	4	959	1105	4392890	4393348	1.74e-18	99.0	1105	260160428	63
XP_028550950.1	SUPER_6_HAP1	49.474	95	46	2	923	1017	4392640	4392918	4.34e-15	87.8	1105	260160428	63
XP_028550950.1	SUPER_9_HAP1	34.500	400	207	8	288	686	129701358	129700321	4.80e-59	230	1105	245760952	70
XP_028550950.1	SUPER_9_HAP1	47.253	91	47	1	1016	1105	129698306	129698034	2.62e-35	89.7	1105	245760952	70
XP_028550950.1	SUPER_9_HAP1	49.474	95	46	2	923	1017	129698701	129698423	2.62e-35	86.7	1105	245760952	70
XP_028550950.1	SUPER_9_HAP1	48.872	133	49	2	811	926	129699646	129699254	4.68e-27	127	1105	245760952	70
XP_028550950.1	SUPER_9_HAP1	48.780	82	41	1	686	767	129699763	129699521	2.89e-05	55.5	1105	245760952	70
XP_028550950.1	HAP1_SCAFFOLD_1140	34.500	400	207	8	288	686	12498	13535	2.09e-58	228	1105	51409	70
XP_028550950.1	HAP1_SCAFFOLD_1140	34.500	400	207	8	288	686	42772	43809	2.09e-58	228	1105	51409	70
XP_028550950.1	HAP1_SCAFFOLD_1140	48.352	91	46	1	1016	1105	15671	15943	1.09e-35	91.3	1105	51409	70
XP_028550950.1	HAP1_SCAFFOLD_1140	48.352	91	46	1	1016	1105	45945	46217	1.09e-35	91.3	1105	51409	70
XP_028550950.1	HAP1_SCAFFOLD_1140	49.474	95	46	2	923	1017	15276	15554	1.09e-35	86.7	1105	51409	70
XP_028550950.1	HAP1_SCAFFOLD_1140	49.474	95	46	2	923	1017	45550	45828	1.09e-35	86.7	1105	51409	70
XP_028550950.1	HAP1_SCAFFOLD_1140	48.872	133	49	2	811	926	14207	14599	5.74e-27	126	1105	51409	70
XP_028550950.1	HAP1_SCAFFOLD_1140	48.872	133	49	2	811	926	44481	44873	5.74e-27	126	1105	51409	70
XP_028550950.1	HAP1_SCAFFOLD_1140	48.780	82	41	1	686	767	14090	14332	7.13e-05	53.9	1105	51409	70
XP_028550950.1	HAP1_SCAFFOLD_1140	48.780	82	41	1	686	767	44364	44606	7.13e-05	53.9	1105	51409	70
XP_028550949.1	SUPER_6_HAP1	35.516	397	201	8	386	781	4389727	4390755	3.73e-60	234	1200	260160428	58
XP_028550949.1	SUPER_6_HAP1	48.872	133	49	2	906	1021	4391719	4392111	1.87e-27	128	1200	260160428	58
XP_028550949.1	SUPER_6_HAP1	38.994	159	79	4	1054	1200	4392890	4393348	1.52e-18	99.4	1200	260160428	58
XP_028550949.1	SUPER_6_HAP1	49.474	95	46	2	1018	1112	4392640	4392918	4.01e-15	87.8	1200	260160428	58
XP_028550949.1	SUPER_9_HAP1	34.500	400	207	8	383	781	129701358	129700321	3.19e-59	231	1200	245760952	65
XP_028550949.1	SUPER_9_HAP1	47.253	91	47	1	1111	1200	129698306	129698034	1.23e-35	90.5	1200	245760952	65
XP_028550949.1	SUPER_9_HAP1	49.474	95	46	2	1018	1112	129698701	129698423	1.23e-35	87.0	1200	245760952	65
XP_028550949.1	SUPER_9_HAP1	48.872	133	49	2	906	1021	129699646	129699254	5.61e-27	127	1200	245760952	65
XP_028550949.1	SUPER_9_HAP1	48.780	82	41	1	781	862	129699763	129699521	3.17e-05	55.5	1200	245760952	65
XP_028550949.1	HAP1_SCAFFOLD_1140	34.500	400	207	8	383	781	12498	13535	1.42e-58	229	1200	51409	65
XP_028550949.1	HAP1_SCAFFOLD_1140	34.500	400	207	8	383	781	42772	43809	1.42e-58	229	1200	51409	65
XP_028550949.1	HAP1_SCAFFOLD_1140	48.352	91	46	1	1111	1200	15671	15943	5.43e-36	92.0	1200	51409	65
XP_028550949.1	HAP1_SCAFFOLD_1140	48.352	91	46	1	1111	1200	45945	46217	5.43e-36	92.0	1200	51409	65
XP_028550949.1	HAP1_SCAFFOLD_1140	49.474	95	46	2	1018	1112	15276	15554	5.43e-36	87.0	1200	51409	65
XP_028550949.1	HAP1_SCAFFOLD_1140	49.474	95	46	2	1018	1112	45550	45828	5.43e-36	87.0	1200	51409	65
XP_028550949.1	HAP1_SCAFFOLD_1140	48.872	133	49	2	906	1021	14207	14599	6.43e-27	126	1200	51409	65
XP_028550949.1	HAP1_SCAFFOLD_1140	48.872	133	49	2	906	1021	44481	44873	6.43e-27	126	1200	51409	65
XP_028550949.1	HAP1_SCAFFOLD_1140	48.780	82	41	1	781	862	14090	14332	8.03e-05	53.9	1200	51409	65
XP_028550949.1	HAP1_SCAFFOLD_1140	48.780	82	41	1	781	862	44364	44606	8.03e-05	53.9	1200	51409	65
XP_020672270.2	SUPER_6_HAP1	35.516	397	201	8	404	799	4389727	4390755	4.11e-60	234	1218	260160428	57
XP_020672270.2	SUPER_6_HAP1	48.872	133	49	2	924	1039	4391719	4392111	1.74e-27	128	1218	260160428	57
XP_020672270.2	SUPER_6_HAP1	38.994	159	79	4	1072	1218	4392890	4393348	1.46e-18	99.4	1218	260160428	57
XP_020672270.2	SUPER_6_HAP1	49.474	95	46	2	1036	1130	4392640	4392918	4.00e-15	88.2	1218	260160428	57
XP_020672270.2	SUPER_9_HAP1	34.500	400	207	8	401	799	129701358	129700321	3.50e-59	231	1218	245760952	64
XP_020672270.2	SUPER_9_HAP1	47.253	91	47	1	1129	1218	129698306	129698034	1.27e-35	90.5	1218	245760952	64
XP_020672270.2	SUPER_9_HAP1	49.474	95	46	2	1036	1130	129698701	129698423	1.27e-35	87.0	1218	245760952	64
XP_020672270.2	SUPER_9_HAP1	48.872	133	49	2	924	1039	129699646	129699254	5.26e-27	127	1218	245760952	64
XP_020672270.2	SUPER_9_HAP1	48.780	82	41	1	799	880	129699763	129699521	3.29e-05	55.5	1218	245760952	64
XP_020672270.2	HAP1_SCAFFOLD_1140	34.500	400	207	8	401	799	12498	13535	1.56e-58	229	1218	51409	64
XP_020672270.2	HAP1_SCAFFOLD_1140	34.500	400	207	8	401	799	42772	43809	1.56e-58	229	1218	51409	64
XP_020672270.2	HAP1_SCAFFOLD_1140	48.352	91	46	1	1129	1218	15671	15943	5.71e-36	92.0	1218	51409	64
XP_020672270.2	HAP1_SCAFFOLD_1140	48.352	91	46	1	1129	1218	45945	46217	5.71e-36	92.0	1218	51409	64
XP_020672270.2	HAP1_SCAFFOLD_1140	49.474	95	46	2	1036	1130	15276	15554	5.71e-36	87.0	1218	51409	64
XP_020672270.2	HAP1_SCAFFOLD_1140	49.474	95	46	2	1036	1130	45550	45828	5.71e-36	87.0	1218	51409	64
XP_020672270.2	HAP1_SCAFFOLD_1140	48.872	133	49	2	924	1039	14207	14599	4.72e-27	127	1218	51409	64
XP_020672270.2	HAP1_SCAFFOLD_1140	48.872	133	49	2	924	1039	44481	44873	4.72e-27	127	1218	51409	64
XP_020672270.2	HAP1_SCAFFOLD_1140	48.780	82	41	1	799	880	14090	14332	7.71e-05	53.9	1218	51409	64
XP_020672270.2	HAP1_SCAFFOLD_1140	48.780	82	41	1	799	880	44364	44606	7.71e-05	53.9	1218	51409	64
XP_024531885.1	SUPER_6_HAP1	27.551	392	209	10	287	659	4389763	4390770	1.91e-32	144	1000	260160428	63
XP_024531885.1	SUPER_6_HAP1	43.429	175	92	2	653	824	4391599	4392111	2.92e-29	134	1000	260160428	63
XP_024531885.1	SUPER_6_HAP1	48.421	95	47	2	821	915	4392640	4392918	6.14e-16	90.1	1000	260160428	63
XP_024531885.1	SUPER_9_HAP1	27.041	392	211	9	287	659	129701313	129700306	1.06e-31	141	1000	245760952	63
XP_024531885.1	SUPER_9_HAP1	44.186	172	93	2	654	824	129699763	129699254	1.59e-29	134	1000	245760952	63
XP_024531885.1	SUPER_9_HAP1	47.368	95	48	2	821	915	129698701	129698423	3.32e-15	87.8	1000	245760952	63
XP_024531885.1	HAP1_SCAFFOLD_1140	26.531	392	213	9	287	659	12543	13550	2.14e-30	137	1000	51409	63
XP_024531885.1	HAP1_SCAFFOLD_1140	26.531	392	213	9	287	659	42817	43824	2.14e-30	137	1000	51409	63
XP_024531885.1	HAP1_SCAFFOLD_1140	44.186	172	93	2	654	824	14090	14599	4.38e-29	133	1000	51409	63
XP_024531885.1	HAP1_SCAFFOLD_1140	44.186	172	93	2	654	824	44364	44873	4.38e-29	133	1000	51409	63
XP_024531885.1	HAP1_SCAFFOLD_1140	47.368	95	48	2	821	915	15276	15554	3.25e-15	87.8	1000	51409	63
XP_024531885.1	HAP1_SCAFFOLD_1140	47.368	95	48	2	821	915	45550	45828	3.25e-15	87.8	1000	51409	63
XP_024531884.1	SUPER_6_HAP1	27.551	392	209	10	303	675	4389763	4390770	2.12e-32	144	1016	260160428	62
XP_024531884.1	SUPER_6_HAP1	43.429	175	92	2	669	840	4391599	4392111	3.66e-29	133	1016	260160428	62
XP_024531884.1	SUPER_6_HAP1	48.421	95	47	2	837	931	4392640	4392918	6.04e-16	90.1	1016	260160428	62
XP_024531884.1	SUPER_9_HAP1	27.551	392	209	10	303	675	129701313	129700306	1.24e-31	141	1016	245760952	62
XP_024531884.1	SUPER_9_HAP1	44.186	172	93	2	670	840	129699763	129699254	1.65e-29	134	1016	245760952	62
XP_024531884.1	SUPER_9_HAP1	47.368	95	48	2	837	931	129698701	129698423	3.16e-15	87.8	1016	245760952	62
XP_024531884.1	HAP1_SCAFFOLD_1140	26.531	392	213	9	303	675	12543	13550	2.18e-30	137	1016	51409	62
XP_024531884.1	HAP1_SCAFFOLD_1140	26.531	392	213	9	303	675	42817	43824	2.18e-30	137	1016	51409	62
XP_024531884.1	HAP1_SCAFFOLD_1140	44.186	172	93	2	670	840	14090	14599	4.97e-29	133	1016	51409	62
XP_024531884.1	HAP1_SCAFFOLD_1140	44.186	172	93	2	670	840	44364	44873	4.97e-29	133	1016	51409	62
XP_024531884.1	HAP1_SCAFFOLD_1140	47.368	95	48	2	837	931	15276	15554	3.09e-15	87.8	1016	51409	62
XP_024531884.1	HAP1_SCAFFOLD_1140	47.368	95	48	2	837	931	45550	45828	3.09e-15	87.8	1016	51409	62
XP_024531883.1	SUPER_6_HAP1	27.551	392	209	10	303	675	4389763	4390770	2.12e-32	144	1016	260160428	62
XP_024531883.1	SUPER_6_HAP1	43.429	175	92	2	669	840	4391599	4392111	3.66e-29	133	1016	260160428	62
XP_024531883.1	SUPER_6_HAP1	48.421	95	47	2	837	931	4392640	4392918	6.04e-16	90.1	1016	260160428	62
XP_024531883.1	SUPER_9_HAP1	27.551	392	209	10	303	675	129701313	129700306	1.24e-31	141	1016	245760952	62
XP_024531883.1	SUPER_9_HAP1	44.186	172	93	2	670	840	129699763	129699254	1.65e-29	134	1016	245760952	62
XP_024531883.1	SUPER_9_HAP1	47.368	95	48	2	837	931	129698701	129698423	3.16e-15	87.8	1016	245760952	62
XP_024531883.1	HAP1_SCAFFOLD_1140	26.531	392	213	9	303	675	12543	13550	2.18e-30	137	1016	51409	62
XP_024531883.1	HAP1_SCAFFOLD_1140	26.531	392	213	9	303	675	42817	43824	2.18e-30	137	1016	51409	62
XP_024531883.1	HAP1_SCAFFOLD_1140	44.186	172	93	2	670	840	14090	14599	4.97e-29	133	1016	51409	62
XP_024531883.1	HAP1_SCAFFOLD_1140	44.186	172	93	2	670	840	44364	44873	4.97e-29	133	1016	51409	62
XP_024531883.1	HAP1_SCAFFOLD_1140	47.368	95	48	2	837	931	15276	15554	3.09e-15	87.8	1016	51409	62
XP_024531883.1	HAP1_SCAFFOLD_1140	47.368	95	48	2	837	931	45550	45828	3.09e-15	87.8	1016	51409	62
XP_024376607.1	SUPER_6_HAP1	34.821	224	106	5	902	1125	4391563	4392114	1.44e-27	129	1301	260160428	53
XP_024376607.1	SUPER_6_HAP1	24.745	392	214	9	498	877	4389652	4390620	2.80e-26	124	1301	260160428	53
XP_024376607.1	SUPER_6_HAP1	49.474	95	46	2	1121	1215	4392640	4392918	9.30e-14	83.6	1301	260160428	53
XP_024376607.1	SUPER_9_HAP1	36.634	202	97	4	924	1125	129699763	129699251	3.13e-27	127	1301	245760952	53
XP_024376607.1	SUPER_9_HAP1	24.510	408	226	10	498	893	129701424	129700411	5.27e-26	124	1301	245760952	53
XP_024376607.1	SUPER_9_HAP1	47.368	95	48	2	1121	1215	129698701	129698423	8.13e-13	80.5	1301	245760952	53
XP_024376607.1	HAP1_SCAFFOLD_1140	36.634	202	97	4	924	1125	14090	14602	3.97e-27	127	1301	51409	53
XP_024376607.1	HAP1_SCAFFOLD_1140	36.634	202	97	4	924	1125	44364	44876	3.97e-27	127	1301	51409	53
XP_024376607.1	HAP1_SCAFFOLD_1140	24.755	408	225	10	498	893	12432	13445	1.66e-26	125	1301	51409	53
XP_024376607.1	HAP1_SCAFFOLD_1140	24.755	408	225	10	498	893	42706	43719	1.66e-26	125	1301	51409	53
XP_024376607.1	HAP1_SCAFFOLD_1140	47.368	95	48	2	1121	1215	15276	15554	7.97e-13	80.5	1301	51409	53
XP_024376607.1	HAP1_SCAFFOLD_1140	47.368	95	48	2	1121	1215	45550	45828	7.97e-13	80.5	1301	51409	53
XP_024376598.1	SUPER_6_HAP1	34.821	224	106	5	903	1126	4391563	4392114	1.45e-27	129	1302	260160428	53
XP_024376598.1	SUPER_6_HAP1	24.745	392	214	9	499	878	4389652	4390620	2.85e-26	124	1302	260160428	53
XP_024376598.1	SUPER_6_HAP1	49.474	95	46	2	1122	1216	4392640	4392918	9.08e-14	83.6	1302	260160428	53
XP_024376598.1	SUPER_9_HAP1	36.634	202	97	4	925	1126	129699763	129699251	3.11e-27	127	1302	245760952	53
XP_024376598.1	SUPER_9_HAP1	24.510	408	226	10	499	894	129701424	129700411	4.93e-26	124	1302	245760952	53
XP_024376598.1	SUPER_9_HAP1	47.368	95	48	2	1122	1216	129698701	129698423	7.81e-13	80.5	1302	245760952	53
XP_024376598.1	HAP1_SCAFFOLD_1140	36.634	202	97	4	925	1126	14090	14602	4.01e-27	127	1302	51409	53
XP_024376598.1	HAP1_SCAFFOLD_1140	36.634	202	97	4	925	1126	44364	44876	4.01e-27	127	1302	51409	53
XP_024376598.1	HAP1_SCAFFOLD_1140	24.755	408	225	10	499	894	12432	13445	1.53e-26	125	1302	51409	53
XP_024376598.1	HAP1_SCAFFOLD_1140	24.755	408	225	10	499	894	42706	43719	1.53e-26	125	1302	51409	53
XP_024376598.1	HAP1_SCAFFOLD_1140	47.368	95	48	2	1122	1216	15276	15554	7.65e-13	80.5	1302	51409	53
XP_024376598.1	HAP1_SCAFFOLD_1140	47.368	95	48	2	1122	1216	45550	45828	7.65e-13	80.5	1302	51409	53
XP_024376588.1	SUPER_6_HAP1	34.821	224	106	5	907	1130	4391563	4392114	1.45e-27	129	1306	260160428	53
XP_024376588.1	SUPER_6_HAP1	24.745	392	214	9	503	882	4389652	4390620	2.82e-26	124	1306	260160428	53
XP_024376588.1	SUPER_6_HAP1	49.474	95	46	2	1126	1220	4392640	4392918	9.43e-14	83.6	1306	260160428	53
XP_024376588.1	SUPER_9_HAP1	36.634	202	97	4	929	1130	129699763	129699251	3.13e-27	127	1306	245760952	53
XP_024376588.1	SUPER_9_HAP1	24.510	408	226	10	503	898	129701424	129700411	4.96e-26	124	1306	245760952	53
XP_024376588.1	SUPER_9_HAP1	47.368	95	48	2	1126	1220	129698701	129698423	8.04e-13	80.5	1306	245760952	53
XP_024376588.1	HAP1_SCAFFOLD_1140	36.634	202	97	4	929	1130	14090	14602	4.00e-27	127	1306	51409	53
XP_024376588.1	HAP1_SCAFFOLD_1140	36.634	202	97	4	929	1130	44364	44876	4.00e-27	127	1306	51409	53
XP_024376588.1	HAP1_SCAFFOLD_1140	24.755	408	225	10	503	898	12432	13445	1.66e-26	125	1306	51409	53
XP_024376588.1	HAP1_SCAFFOLD_1140	24.755	408	225	10	503	898	42706	43719	1.66e-26	125	1306	51409	53
XP_024376588.1	HAP1_SCAFFOLD_1140	47.368	95	48	2	1126	1220	15276	15554	7.88e-13	80.5	1306	51409	53
XP_024376588.1	HAP1_SCAFFOLD_1140	47.368	95	48	2	1126	1220	45550	45828	7.88e-13	80.5	1306	51409	53
XP_024376582.1	SUPER_6_HAP1	34.821	224	106	5	908	1131	4391563	4392114	1.46e-27	129	1307	260160428	53
XP_024376582.1	SUPER_6_HAP1	24.745	392	214	9	504	883	4389652	4390620	2.75e-26	124	1307	260160428	53
XP_024376582.1	SUPER_6_HAP1	49.474	95	46	2	1127	1221	4392640	4392918	9.12e-14	83.6	1307	260160428	53
XP_024376582.1	SUPER_9_HAP1	36.634	202	97	4	930	1131	129699763	129699251	3.16e-27	127	1307	245760952	53
XP_024376582.1	SUPER_9_HAP1	24.510	408	226	10	504	899	129701424	129700411	5.01e-26	124	1307	245760952	53
XP_024376582.1	SUPER_9_HAP1	47.368	95	48	2	1127	1221	129698701	129698423	7.85e-13	80.5	1307	245760952	53
XP_024376582.1	HAP1_SCAFFOLD_1140	36.634	202	97	4	930	1131	14090	14602	4.00e-27	127	1307	51409	53
XP_024376582.1	HAP1_SCAFFOLD_1140	36.634	202	97	4	930	1131	44364	44876	4.00e-27	127	1307	51409	53
XP_024376582.1	HAP1_SCAFFOLD_1140	24.755	408	225	10	504	899	12432	13445	1.48e-26	125	1307	51409	53
XP_024376582.1	HAP1_SCAFFOLD_1140	24.755	408	225	10	504	899	42706	43719	1.48e-26	125	1307	51409	53
XP_024376582.1	HAP1_SCAFFOLD_1140	47.368	95	48	2	1127	1221	15276	15554	7.69e-13	80.5	1307	51409	53
XP_024376582.1	HAP1_SCAFFOLD_1140	47.368	95	48	2	1127	1221	45550	45828	7.69e-13	80.5	1307	51409	53
XP_024376576.1	SUPER_6_HAP1	34.821	224	106	5	923	1146	4391563	4392114	1.49e-27	129	1322	260160428	52
XP_024376576.1	SUPER_6_HAP1	24.745	392	214	9	519	898	4389652	4390620	2.91e-26	124	1322	260160428	52
XP_024376576.1	SUPER_6_HAP1	49.474	95	46	2	1142	1236	4392640	4392918	1.02e-13	83.6	1322	260160428	52
XP_024376576.1	SUPER_9_HAP1	36.634	202	97	4	945	1146	129699763	129699251	3.20e-27	127	1322	245760952	52
XP_024376576.1	SUPER_9_HAP1	24.510	408	226	10	519	914	129701424	129700411	5.38e-26	124	1322	245760952	52
XP_024376576.1	SUPER_9_HAP1	47.368	95	48	2	1142	1236	129698701	129698423	8.52e-13	80.5	1322	245760952	52
XP_024376576.1	HAP1_SCAFFOLD_1140	36.634	202	97	4	945	1146	14090	14602	4.12e-27	127	1322	51409	52
XP_024376576.1	HAP1_SCAFFOLD_1140	36.634	202	97	4	945	1146	44364	44876	4.12e-27	127	1322	51409	52
XP_024376576.1	HAP1_SCAFFOLD_1140	24.755	408	225	10	519	914	12432	13445	1.70e-26	125	1322	51409	52
XP_024376576.1	HAP1_SCAFFOLD_1140	24.755	408	225	10	519	914	42706	43719	1.70e-26	125	1322	51409	52
XP_024376576.1	HAP1_SCAFFOLD_1140	47.368	95	48	2	1142	1236	15276	15554	8.36e-13	80.5	1322	51409	52
XP_024376576.1	HAP1_SCAFFOLD_1140	47.368	95	48	2	1142	1236	45550	45828	8.36e-13	80.5	1322	51409	52
XP_024376567.1	SUPER_6_HAP1	34.821	224	106	5	929	1152	4391563	4392114	1.50e-27	129	1328	260160428	52
XP_024376567.1	SUPER_6_HAP1	24.745	392	214	9	525	904	4389652	4390620	3.06e-26	124	1328	260160428	52
XP_024376567.1	SUPER_6_HAP1	49.474	95	46	2	1148	1242	4392640	4392918	9.81e-14	83.6	1328	260160428	52
XP_024376567.1	SUPER_9_HAP1	36.634	202	97	4	951	1152	129699763	129699251	3.22e-27	127	1328	245760952	52
XP_024376567.1	SUPER_9_HAP1	24.510	408	226	10	525	920	129701424	129700411	6.05e-26	124	1328	245760952	52
XP_024376567.1	SUPER_9_HAP1	47.368	95	48	2	1148	1242	129698701	129698423	8.43e-13	80.5	1328	245760952	52
XP_024376567.1	HAP1_SCAFFOLD_1140	36.634	202	97	4	951	1152	14090	14602	3.82e-27	127	1328	51409	52
XP_024376567.1	HAP1_SCAFFOLD_1140	36.634	202	97	4	951	1152	44364	44876	3.82e-27	127	1328	51409	52
XP_024376567.1	HAP1_SCAFFOLD_1140	24.755	408	225	10	525	920	12432	13445	1.89e-26	125	1328	51409	52
XP_024376567.1	HAP1_SCAFFOLD_1140	24.755	408	225	10	525	920	42706	43719	1.89e-26	125	1328	51409	52
XP_024376567.1	HAP1_SCAFFOLD_1140	47.368	95	48	2	1148	1242	15276	15554	8.27e-13	80.5	1328	51409	52
XP_024376567.1	HAP1_SCAFFOLD_1140	47.368	95	48	2	1148	1242	45550	45828	8.27e-13	80.5	1328	51409	52
XP_024376557.1	SUPER_6_HAP1	34.821	224	106	5	933	1156	4391563	4392114	1.51e-27	129	1332	260160428	52
XP_024376557.1	SUPER_6_HAP1	24.745	392	214	9	529	908	4389652	4390620	3.07e-26	124	1332	260160428	52
XP_024376557.1	SUPER_6_HAP1	49.474	95	46	2	1152	1246	4392640	4392918	1.02e-13	83.6	1332	260160428	52
XP_024376557.1	SUPER_9_HAP1	36.634	202	97	4	955	1156	129699763	129699251	3.24e-27	127	1332	245760952	52
XP_024376557.1	SUPER_9_HAP1	24.510	408	226	10	529	924	129701424	129700411	5.83e-26	124	1332	245760952	52
XP_024376557.1	SUPER_9_HAP1	47.368	95	48	2	1152	1246	129698701	129698423	8.47e-13	80.5	1332	245760952	52
XP_024376557.1	HAP1_SCAFFOLD_1140	36.634	202	97	4	955	1156	14090	14602	3.84e-27	127	1332	51409	52
XP_024376557.1	HAP1_SCAFFOLD_1140	36.634	202	97	4	955	1156	44364	44876	3.84e-27	127	1332	51409	52
XP_024376557.1	HAP1_SCAFFOLD_1140	24.755	408	225	10	529	924	12432	13445	1.90e-26	125	1332	51409	52
XP_024376557.1	HAP1_SCAFFOLD_1140	24.755	408	225	10	529	924	42706	43719	1.90e-26	125	1332	51409	52
XP_024376557.1	HAP1_SCAFFOLD_1140	47.368	95	48	2	1152	1246	15276	15554	8.30e-13	80.5	1332	51409	52
XP_024376557.1	HAP1_SCAFFOLD_1140	47.368	95	48	2	1152	1246	45550	45828	8.30e-13	80.5	1332	51409	52
XP_024376548.1	SUPER_6_HAP1	34.821	224	106	5	934	1157	4391563	4392114	1.51e-27	129	1333	260160428	52
XP_024376548.1	SUPER_6_HAP1	24.745	392	214	9	530	909	4389652	4390620	3.15e-26	124	1333	260160428	52
XP_024376548.1	SUPER_6_HAP1	49.474	95	46	2	1153	1247	4392640	4392918	9.86e-14	83.6	1333	260160428	52
XP_024376548.1	SUPER_9_HAP1	36.634	202	97	4	956	1157	129699763	129699251	3.25e-27	127	1333	245760952	52
XP_024376548.1	SUPER_9_HAP1	24.510	408	226	10	530	925	129701424	129700411	5.78e-26	124	1333	245760952	52
XP_024376548.1	SUPER_9_HAP1	47.368	95	48	2	1153	1247	129698701	129698423	8.41e-13	80.5	1333	245760952	52
XP_024376548.1	HAP1_SCAFFOLD_1140	36.634	202	97	4	956	1157	14090	14602	3.84e-27	127	1333	51409	52
XP_024376548.1	HAP1_SCAFFOLD_1140	36.634	202	97	4	956	1157	44364	44876	3.84e-27	127	1333	51409	52
XP_024376548.1	HAP1_SCAFFOLD_1140	24.755	408	225	10	530	925	12432	13445	1.97e-26	125	1333	51409	52
XP_024376548.1	HAP1_SCAFFOLD_1140	24.755	408	225	10	530	925	42706	43719	1.97e-26	125	1333	51409	52
XP_024376548.1	HAP1_SCAFFOLD_1140	47.368	95	48	2	1153	1247	15276	15554	8.24e-13	80.5	1333	51409	52
XP_024376548.1	HAP1_SCAFFOLD_1140	47.368	95	48	2	1153	1247	45550	45828	8.24e-13	80.5	1333	51409	52
PKU78836.1	SUPER_6_HAP1	33.746	323	162	7	3	324	4389940	4390755	1.01e-43	167	363	260160428	89
PKU78836.1	SUPER_9_HAP1	32.817	323	165	7	3	324	129701136	129700321	9.07e-43	165	363	245760952	89
PKU78836.1	HAP1_SCAFFOLD_1140	32.817	323	165	7	3	324	12720	13535	5.81e-42	162	363	51409	89
PKU78836.1	HAP1_SCAFFOLD_1140	32.817	323	165	7	3	324	42994	43809	5.81e-42	162	363	51409	89
XP_021912651.1	SUPER_6_HAP1	33.333	387	205	8	174	555	4389772	4390788	3.86e-45	184	932	260160428	68
XP_021912651.1	SUPER_6_HAP1	45.876	194	85	2	539	732	4391593	4392114	4.29e-37	159	932	260160428	68
XP_021912651.1	SUPER_6_HAP1	53.947	76	34	1	728	803	4392640	4392864	7.57e-16	89.7	932	260160428	68
XP_021912651.1	SUPER_9_HAP1	33.422	374	198	7	174	542	129701304	129700321	1.63e-44	182	932	245760952	68
XP_021912651.1	SUPER_9_HAP1	45.876	194	85	3	539	732	129699772	129699251	2.70e-35	153	932	245760952	68
XP_021912651.1	SUPER_9_HAP1	53.947	76	34	1	728	803	129698701	129698477	1.46e-15	89.0	932	245760952	68
XP_021912651.1	HAP1_SCAFFOLD_1140	32.468	385	211	6	174	555	12552	13568	1.73e-43	179	932	51409	68
XP_021912651.1	HAP1_SCAFFOLD_1140	32.468	385	211	6	174	555	42826	43842	1.73e-43	179	932	51409	68
XP_021912651.1	HAP1_SCAFFOLD_1140	45.876	194	85	3	539	732	14081	14602	4.99e-35	152	932	51409	68
XP_021912651.1	HAP1_SCAFFOLD_1140	45.876	194	85	3	539	732	44355	44876	4.99e-35	152	932	51409	68
XP_021912651.1	HAP1_SCAFFOLD_1140	53.947	76	34	1	728	803	15276	15500	1.43e-15	89.0	932	51409	68
XP_021912651.1	HAP1_SCAFFOLD_1140	53.947	76	34	1	728	803	45550	45774	1.43e-15	89.0	932	51409	68
XP_021912650.1	SUPER_6_HAP1	33.333	387	205	8	395	776	4389772	4390788	5.51e-45	185	1153	260160428	55
XP_021912650.1	SUPER_6_HAP1	45.876	194	85	2	760	953	4391593	4392114	2.51e-37	160	1153	260160428	55
XP_021912650.1	SUPER_6_HAP1	53.947	76	34	1	949	1024	4392640	4392864	1.18e-15	89.7	1153	260160428	55
XP_021912650.1	SUPER_9_HAP1	33.422	374	198	7	395	763	129701304	129700321	2.39e-44	183	1153	245760952	55
XP_021912650.1	SUPER_9_HAP1	45.876	194	85	3	760	953	129699772	129699251	1.43e-35	154	1153	245760952	55
XP_021912650.1	SUPER_9_HAP1	53.947	76	34	1	949	1024	129698701	129698477	2.86e-15	88.2	1153	245760952	55
XP_021912650.1	HAP1_SCAFFOLD_1140	32.468	385	211	6	395	776	12552	13568	4.89e-43	179	1153	51409	55
XP_021912650.1	HAP1_SCAFFOLD_1140	32.468	385	211	6	395	776	42826	43842	4.89e-43	179	1153	51409	55
XP_021912650.1	HAP1_SCAFFOLD_1140	45.876	194	85	3	760	953	14081	14602	3.27e-35	153	1153	51409	55
XP_021912650.1	HAP1_SCAFFOLD_1140	45.876	194	85	3	760	953	44355	44876	3.27e-35	153	1153	51409	55
XP_021912650.1	HAP1_SCAFFOLD_1140	53.947	76	34	1	949	1024	15276	15500	2.80e-15	88.2	1153	51409	55
XP_021912650.1	HAP1_SCAFFOLD_1140	53.947	76	34	1	949	1024	45550	45774	2.80e-15	88.2	1153	51409	55
AQL06529.1	SUPER_9_HAP1	68.698	361	110	3	29	388	129701397	129700321	2.81e-153	499	735	245760952	96
AQL06529.1	SUPER_9_HAP1	73.118	93	25	0	554	646	129698701	129698423	6.64e-64	144	735	245760952	96
AQL06529.1	SUPER_9_HAP1	65.957	94	32	0	642	735	129698315	129698034	6.64e-64	126	735	245760952	96
AQL06529.1	SUPER_9_HAP1	71.839	174	49	0	385	558	129699772	129699251	1.11e-62	234	735	245760952	96
AQL06529.1	HAP1_SCAFFOLD_1140	68.144	361	112	3	29	388	12459	13535	4.33e-151	493	735	51409	96
AQL06529.1	HAP1_SCAFFOLD_1140	68.144	361	112	3	29	388	42733	43809	4.33e-151	493	735	51409	96
AQL06529.1	HAP1_SCAFFOLD_1140	73.118	93	25	0	554	646	15276	15554	5.42e-64	144	735	51409	96
AQL06529.1	HAP1_SCAFFOLD_1140	73.118	93	25	0	554	646	45550	45828	5.42e-64	144	735	51409	96
AQL06529.1	HAP1_SCAFFOLD_1140	65.957	94	32	0	642	735	15662	15943	5.42e-64	127	735	51409	96
AQL06529.1	HAP1_SCAFFOLD_1140	65.957	94	32	0	642	735	45936	46217	5.42e-64	127	735	51409	96
AQL06529.1	HAP1_SCAFFOLD_1140	71.839	174	49	0	385	558	14081	14602	3.23e-62	233	735	51409	96
AQL06529.1	HAP1_SCAFFOLD_1140	71.839	174	49	0	385	558	44355	44876	3.23e-62	233	735	51409	96
AQL06529.1	SUPER_6_HAP1	69.714	350	103	3	40	388	4389712	4390755	1.24e-149	489	735	260160428	95
AQL06529.1	SUPER_6_HAP1	71.839	174	49	0	385	558	4391593	4392114	4.33e-63	236	735	260160428	95
AQL06529.1	SUPER_6_HAP1	74.194	93	24	0	554	646	4392640	4392918	1.25e-33	146	735	260160428	95
AQL06529.1	SUPER_6_HAP1	69.149	94	29	0	642	735	4393067	4393348	9.23e-29	130	735	260160428	95
AQL06528.1	SUPER_9_HAP1	64.722	360	106	3	60	399	129701397	129700321	2.43e-142	465	657	245760952	91
AQL06528.1	SUPER_9_HAP1	71.839	174	49	0	396	569	129699772	129699251	2.49e-63	234	657	245760952	91
AQL06528.1	SUPER_9_HAP1	67.033	91	30	0	567	657	129698306	129698034	7.11e-28	127	657	245760952	91
AQL06528.1	HAP1_SCAFFOLD_1140	64.167	360	108	3	60	399	12459	13535	4.09e-140	458	657	51409	91
AQL06528.1	HAP1_SCAFFOLD_1140	64.167	360	108	3	60	399	42733	43809	4.09e-140	458	657	51409	91
AQL06528.1	HAP1_SCAFFOLD_1140	71.839	174	49	0	396	569	14081	14602	8.49e-63	233	657	51409	91
AQL06528.1	HAP1_SCAFFOLD_1140	71.839	174	49	0	396	569	44355	44876	8.49e-63	233	657	51409	91
AQL06528.1	HAP1_SCAFFOLD_1140	67.033	91	30	0	567	657	15671	15943	5.50e-28	127	657	51409	91
AQL06528.1	HAP1_SCAFFOLD_1140	67.033	91	30	0	567	657	45945	46217	5.50e-28	127	657	51409	91
AQL06528.1	SUPER_6_HAP1	65.616	349	99	3	71	399	4389712	4390755	7.94e-139	455	657	260160428	89
AQL06528.1	SUPER_6_HAP1	71.839	174	49	0	396	569	4391593	4392114	9.23e-64	236	657	260160428	89
AQL06528.1	SUPER_6_HAP1	70.330	91	27	0	567	657	4393076	4393348	4.71e-29	130	657	260160428	89
AQL06527.1	HAP1_SCAFFOLD_1140	49.057	106	26	2	110	187	7260	7577	2.25e-17	86.7	227	51409	76
AQL06527.1	HAP1_SCAFFOLD_1140	49.057	106	26	2	110	187	37534	37851	2.25e-17	86.7	227	51409	76
AQL06527.1	HAP1_SCAFFOLD_1140	51.351	111	53	1	16	125	6176	6508	3.09e-11	68.6	227	51409	76
AQL06527.1	HAP1_SCAFFOLD_1140	51.351	111	53	1	16	125	36450	36782	3.09e-11	68.6	227	51409	76
AQL06527.1	SUPER_9_HAP1	49.057	106	26	2	110	187	129706598	129706281	2.27e-17	86.7	227	245760952	76
AQL06527.1	SUPER_9_HAP1	53.153	111	51	1	16	125	129708000	129707668	2.22e-11	68.9	227	245760952	76
AQL06527.1	SUPER_13_HAP1	48.113	106	27	2	110	187	3428863	3428546	5.60e-17	85.5	227	183547942	34
AQL06527.1	SUPER_1_HAP1	50.515	97	20	2	119	187	398765583	398765873	1.26e-16	84.3	227	438371173	55
AQL06527.1	SUPER_1_HAP1	63.636	55	19	1	134	187	421015318	421015154	2.46e-11	68.9	227	438371173	55
AQL06527.1	SUPER_1_HAP1	51.282	78	32	1	63	140	398764945	398765160	1.03e-09	64.3	227	438371173	55
AQL06527.1	SUPER_1_HAP1	58.730	63	26	0	63	125	421017810	421017622	1.55e-09	63.5	227	438371173	55
AQL06527.1	SUPER_3_HAP1	46.226	106	29	2	110	187	79175019	79174702	3.16e-16	83.2	227	311080274	34
AQL06527.1	SUPER_7_HAP1	49.485	97	21	2	119	187	36836598	36836888	2.68e-15	80.5	227	253859890	55
AQL06527.1	SUPER_7_HAP1	58.730	63	26	0	63	125	36835960	36836148	1.55e-09	63.5	227	253859890	55
AQL06527.1	SUPER_2_HAP1	57.377	61	26	0	65	125	344063981	344064163	4.91e-08	59.3	227	368307237	27
AQL06526.1	SUPER_9_HAP1	68.698	361	110	3	460	819	129701397	129700321	1.37e-150	508	1166	245760952	84
AQL06526.1	SUPER_9_HAP1	73.118	93	25	0	985	1077	129698701	129698423	6.57e-65	145	1166	245760952	84
AQL06526.1	SUPER_9_HAP1	65.957	94	32	0	1073	1166	129698315	129698034	6.57e-65	130	1166	245760952	84
AQL06526.1	SUPER_9_HAP1	71.839	174	49	0	816	989	129699772	129699251	1.46e-61	238	1166	245760952	84
AQL06526.1	SUPER_9_HAP1	57.292	96	40	1	16	110	129708000	129707713	8.31e-11	73.6	1166	245760952	84
AQL06526.1	SUPER_9_HAP1	64.912	57	19	1	137	192	129706451	129706281	2.65e-10	72.0	1166	245760952	84
AQL06526.1	SUPER_9_HAP1	65.957	47	16	0	336	382	129703988	129703848	5.27e-08	64.3	1166	245760952	84
AQL06526.1	SUPER_9_HAP1	42.500	80	43	2	231	310	129705808	129705578	2.52e-06	58.9	1166	245760952	84
AQL06526.1	HAP1_SCAFFOLD_1140	68.144	361	112	3	460	819	12459	13535	2.06e-148	501	1166	51409	85
AQL06526.1	HAP1_SCAFFOLD_1140	68.144	361	112	3	460	819	42733	43809	2.06e-148	501	1166	51409	85
AQL06526.1	HAP1_SCAFFOLD_1140	73.118	93	25	0	985	1077	15276	15554	5.22e-65	145	1166	51409	85
AQL06526.1	HAP1_SCAFFOLD_1140	73.118	93	25	0	985	1077	45550	45828	5.22e-65	145	1166	51409	85
AQL06526.1	HAP1_SCAFFOLD_1140	65.957	94	32	0	1073	1166	15662	15943	5.22e-65	130	1166	51409	85
AQL06526.1	HAP1_SCAFFOLD_1140	65.957	94	32	0	1073	1166	45936	46217	5.22e-65	130	1166	51409	85
AQL06526.1	HAP1_SCAFFOLD_1140	71.839	174	49	0	816	989	14081	14602	3.00e-61	238	1166	51409	85
AQL06526.1	HAP1_SCAFFOLD_1140	71.839	174	49	0	816	989	44355	44876	3.00e-61	238	1166	51409	85
AQL06526.1	HAP1_SCAFFOLD_1140	55.208	96	42	1	16	110	6176	6463	2.01e-10	72.4	1166	51409	85
AQL06526.1	HAP1_SCAFFOLD_1140	55.208	96	42	1	16	110	36450	36737	2.01e-10	72.4	1166	51409	85
AQL06526.1	HAP1_SCAFFOLD_1140	64.912	57	19	1	137	192	7407	7577	2.61e-10	72.0	1166	51409	85
AQL06526.1	HAP1_SCAFFOLD_1140	64.912	57	19	1	137	192	37681	37851	2.61e-10	72.0	1166	51409	85
AQL06526.1	HAP1_SCAFFOLD_1140	65.306	49	17	0	334	382	9865	10011	8.36e-09	67.0	1166	51409	85
AQL06526.1	HAP1_SCAFFOLD_1140	65.306	49	17	0	334	382	40139	40285	8.36e-09	67.0	1166	51409	85
AQL06526.1	HAP1_SCAFFOLD_1140	42.500	80	43	2	231	310	8050	8280	2.29e-06	58.9	1166	51409	85
AQL06526.1	HAP1_SCAFFOLD_1140	42.500	80	43	2	231	310	38324	38554	2.29e-06	58.9	1166	51409	85
AQL06526.1	SUPER_6_HAP1	69.714	350	103	3	471	819	4389712	4390755	5.92e-147	497	1166	260160428	60
AQL06526.1	SUPER_6_HAP1	71.839	174	49	0	816	989	4391593	4392114	7.84e-62	239	1166	260160428	60
AQL06526.1	SUPER_6_HAP1	74.194	93	24	0	985	1077	4392640	4392918	5.55e-33	146	1166	260160428	60
AQL06526.1	SUPER_6_HAP1	69.149	94	29	0	1073	1166	4393067	4393348	2.89e-29	134	1166	260160428	60
AQL06526.1	SUPER_13_HAP1	64.912	57	19	1	137	192	3428716	3428546	2.82e-10	72.0	1166	183547942	12
AQL06526.1	SUPER_13_HAP1	39.506	81	46	2	230	310	3425089	3425322	6.31e-05	54.3	1166	183547942	12
AQL06526.1	SUPER_1_HAP1	64.912	57	19	1	137	192	398765703	398765873	3.01e-10	72.0	1166	438371173	16
AQL06526.1	SUPER_1_HAP1	68.750	48	15	0	63	110	421017810	421017667	4.92e-09	67.8	1166	438371173	16
AQL06526.1	SUPER_1_HAP1	63.636	55	19	1	139	192	421015318	421015154	6.33e-09	67.4	1166	438371173	16
AQL06526.1	SUPER_1_HAP1	68.750	48	15	0	63	110	398764945	398765088	9.01e-09	67.0	1166	438371173	16
AQL06526.1	SUPER_1_HAP1	42.500	80	43	2	231	310	421014681	421014451	2.32e-06	58.9	1166	438371173	16
AQL06526.1	SUPER_3_HAP1	61.404	57	21	1	137	192	79174872	79174702	1.61e-09	69.3	1166	311080274	5
AQL06526.1	SUPER_7_HAP1	63.158	57	20	1	137	192	36836718	36836888	4.19e-09	68.2	1166	253859890	16
AQL06526.1	SUPER_7_HAP1	68.750	48	15	0	63	110	36835960	36836103	4.92e-09	67.8	1166	253859890	16
AQL06526.1	SUPER_7_HAP1	41.250	80	44	2	231	310	36837361	36837591	1.63e-05	56.2	1166	253859890	16
AQL06526.1	SUPER_2_HAP1	67.391	46	15	0	65	110	344063981	344064118	1.77e-07	62.8	1166	368307237	4
AQL06525.1	SUPER_9_HAP1	68.698	361	110	3	319	678	129701397	129700321	4.36e-150	501	1025	245760952	86
AQL06525.1	SUPER_9_HAP1	73.118	93	25	0	844	936	129698701	129698423	4.01e-64	143	1025	245760952	86
AQL06525.1	SUPER_9_HAP1	65.957	94	32	0	932	1025	129698315	129698034	4.01e-64	129	1025	245760952	86
AQL06525.1	SUPER_9_HAP1	71.839	174	49	0	675	848	129699772	129699251	4.34e-61	235	1025	245760952	86
AQL06525.1	SUPER_9_HAP1	65.957	47	16	0	195	241	129703988	129703848	9.97e-08	63.2	1025	245760952	86
AQL06525.1	SUPER_9_HAP1	61.538	52	19	1	1	51	129706436	129706281	2.95e-07	61.6	1025	245760952	86
AQL06525.1	SUPER_9_HAP1	42.500	80	43	2	90	169	129705808	129705578	2.15e-06	58.9	1025	245760952	86
AQL06525.1	HAP1_SCAFFOLD_1140	68.144	361	112	3	319	678	12459	13535	6.03e-148	495	1025	51409	87
AQL06525.1	HAP1_SCAFFOLD_1140	68.144	361	112	3	319	678	42733	43809	6.03e-148	495	1025	51409	87
AQL06525.1	HAP1_SCAFFOLD_1140	73.118	93	25	0	844	936	15276	15554	2.75e-64	143	1025	51409	87
AQL06525.1	HAP1_SCAFFOLD_1140	73.118	93	25	0	844	936	45550	45828	2.75e-64	143	1025	51409	87
AQL06525.1	HAP1_SCAFFOLD_1140	65.957	94	32	0	932	1025	15662	15943	2.75e-64	129	1025	51409	87
AQL06525.1	HAP1_SCAFFOLD_1140	65.957	94	32	0	932	1025	45936	46217	2.75e-64	129	1025	51409	87
AQL06525.1	HAP1_SCAFFOLD_1140	71.839	174	49	0	675	848	14081	14602	1.24e-60	234	1025	51409	87
AQL06525.1	HAP1_SCAFFOLD_1140	71.839	174	49	0	675	848	44355	44876	1.24e-60	234	1025	51409	87
AQL06525.1	HAP1_SCAFFOLD_1140	65.306	49	17	0	193	241	9865	10011	1.75e-08	65.9	1025	51409	87
AQL06525.1	HAP1_SCAFFOLD_1140	65.306	49	17	0	193	241	40139	40285	1.75e-08	65.9	1025	51409	87
AQL06525.1	HAP1_SCAFFOLD_1140	61.538	52	19	1	1	51	7422	7577	2.91e-07	61.6	1025	51409	87
AQL06525.1	HAP1_SCAFFOLD_1140	61.538	52	19	1	1	51	37696	37851	2.91e-07	61.6	1025	51409	87
AQL06525.1	HAP1_SCAFFOLD_1140	42.500	80	43	2	90	169	8050	8280	2.13e-06	58.9	1025	51409	87
AQL06525.1	HAP1_SCAFFOLD_1140	42.500	80	43	2	90	169	38324	38554	2.13e-06	58.9	1025	51409	87
AQL06525.1	SUPER_6_HAP1	69.714	350	103	3	330	678	4389712	4390755	1.47e-146	491	1025	260160428	68
AQL06525.1	SUPER_6_HAP1	71.839	174	49	0	675	848	4391593	4392114	2.96e-61	236	1025	260160428	68
AQL06525.1	SUPER_6_HAP1	74.194	93	24	0	844	936	4392640	4392918	8.96e-33	145	1025	260160428	68
AQL06525.1	SUPER_6_HAP1	69.149	94	29	0	932	1025	4393067	4393348	4.66e-29	133	1025	260160428	68
AQL06525.1	SUPER_1_HAP1	61.538	52	19	1	1	51	421015309	421015154	3.50e-07	61.6	1025	438371173	13
AQL06525.1	SUPER_1_HAP1	61.538	52	19	1	1	51	398765718	398765873	3.50e-07	61.6	1025	438371173	13
AQL06525.1	SUPER_1_HAP1	42.500	80	43	2	90	169	421014681	421014451	2.15e-06	58.9	1025	438371173	13
AQL06525.1	SUPER_13_HAP1	61.538	52	19	1	1	51	3428701	3428546	4.00e-07	61.2	1025	183547942	13
AQL06525.1	SUPER_13_HAP1	39.506	81	46	2	89	169	3425089	3425322	8.11e-05	53.9	1025	183547942	13
AQL06525.1	SUPER_3_HAP1	57.692	52	21	1	1	51	79174857	79174702	2.44e-06	58.9	1025	311080274	5
AQL06525.1	SUPER_7_HAP1	59.615	52	20	1	1	51	36836733	36836888	4.64e-06	57.8	1025	253859890	13
AQL06525.1	SUPER_7_HAP1	41.250	80	44	2	90	169	36837361	36837591	1.64e-05	55.8	1025	253859890	13
AQL06524.1	SUPER_9_HAP1	64.722	360	106	3	60	399	129701397	129700321	2.43e-142	465	657	245760952	91
AQL06524.1	SUPER_9_HAP1	71.839	174	49	0	396	569	129699772	129699251	2.49e-63	234	657	245760952	91
AQL06524.1	SUPER_9_HAP1	67.033	91	30	0	567	657	129698306	129698034	7.11e-28	127	657	245760952	91
AQL06524.1	HAP1_SCAFFOLD_1140	64.167	360	108	3	60	399	12459	13535	4.09e-140	458	657	51409	91
AQL06524.1	HAP1_SCAFFOLD_1140	64.167	360	108	3	60	399	42733	43809	4.09e-140	458	657	51409	91
AQL06524.1	HAP1_SCAFFOLD_1140	71.839	174	49	0	396	569	14081	14602	8.49e-63	233	657	51409	91
AQL06524.1	HAP1_SCAFFOLD_1140	71.839	174	49	0	396	569	44355	44876	8.49e-63	233	657	51409	91
AQL06524.1	HAP1_SCAFFOLD_1140	67.033	91	30	0	567	657	15671	15943	5.50e-28	127	657	51409	91
AQL06524.1	HAP1_SCAFFOLD_1140	67.033	91	30	0	567	657	45945	46217	5.50e-28	127	657	51409	91
AQL06524.1	SUPER_6_HAP1	65.616	349	99	3	71	399	4389712	4390755	7.94e-139	455	657	260160428	89
AQL06524.1	SUPER_6_HAP1	71.839	174	49	0	396	569	4391593	4392114	9.23e-64	236	657	260160428	89
AQL06524.1	SUPER_6_HAP1	70.330	91	27	0	567	657	4393076	4393348	4.71e-29	130	657	260160428	89
AQL06523.1	SUPER_9_HAP1	68.698	361	110	3	455	814	129701397	129700321	1.79e-150	507	1161	245760952	87
AQL06523.1	SUPER_9_HAP1	73.118	93	25	0	980	1072	129698701	129698423	6.12e-65	145	1161	245760952	87
AQL06523.1	SUPER_9_HAP1	65.957	94	32	0	1068	1161	129698315	129698034	6.12e-65	130	1161	245760952	87
AQL06523.1	SUPER_9_HAP1	71.839	174	49	0	811	984	129699772	129699251	1.41e-61	238	1161	245760952	87
AQL06523.1	SUPER_9_HAP1	49.057	106	26	2	110	187	129706598	129706281	4.39e-14	84.3	1161	245760952	87
AQL06523.1	SUPER_9_HAP1	53.153	111	51	1	16	125	129708000	129707668	9.75e-12	76.6	1161	245760952	87
AQL06523.1	SUPER_9_HAP1	65.957	47	16	0	331	377	129703988	129703848	5.02e-08	64.7	1161	245760952	87
AQL06523.1	SUPER_9_HAP1	42.500	80	43	2	226	305	129705808	129705578	2.51e-06	58.9	1161	245760952	87
AQL06523.1	HAP1_SCAFFOLD_1140	68.144	361	112	3	455	814	12459	13535	4.54e-148	500	1161	51409	87
AQL06523.1	HAP1_SCAFFOLD_1140	68.144	361	112	3	455	814	42733	43809	4.54e-148	500	1161	51409	87
AQL06523.1	HAP1_SCAFFOLD_1140	73.118	93	25	0	980	1072	15276	15554	4.55e-65	145	1161	51409	87
AQL06523.1	HAP1_SCAFFOLD_1140	73.118	93	25	0	980	1072	45550	45828	4.55e-65	145	1161	51409	87
AQL06523.1	HAP1_SCAFFOLD_1140	65.957	94	32	0	1068	1161	15662	15943	4.55e-65	130	1161	51409	87
AQL06523.1	HAP1_SCAFFOLD_1140	65.957	94	32	0	1068	1161	45936	46217	4.55e-65	130	1161	51409	87
AQL06523.1	HAP1_SCAFFOLD_1140	71.839	174	49	0	811	984	14081	14602	3.16e-61	237	1161	51409	87
AQL06523.1	HAP1_SCAFFOLD_1140	71.839	174	49	0	811	984	44355	44876	3.16e-61	237	1161	51409	87
AQL06523.1	HAP1_SCAFFOLD_1140	49.057	106	26	2	110	187	7260	7577	4.30e-14	84.3	1161	51409	87
AQL06523.1	HAP1_SCAFFOLD_1140	49.057	106	26	2	110	187	37534	37851	4.30e-14	84.3	1161	51409	87
AQL06523.1	HAP1_SCAFFOLD_1140	51.351	111	53	1	16	125	6176	6508	2.41e-11	75.5	1161	51409	87
AQL06523.1	HAP1_SCAFFOLD_1140	51.351	111	53	1	16	125	36450	36782	2.41e-11	75.5	1161	51409	87
AQL06523.1	HAP1_SCAFFOLD_1140	65.306	49	17	0	329	377	9865	10011	7.90e-09	67.0	1161	51409	87
AQL06523.1	HAP1_SCAFFOLD_1140	65.306	49	17	0	329	377	40139	40285	7.90e-09	67.0	1161	51409	87
AQL06523.1	HAP1_SCAFFOLD_1140	42.500	80	43	2	226	305	8050	8280	2.25e-06	58.9	1161	51409	87
AQL06523.1	HAP1_SCAFFOLD_1140	42.500	80	43	2	226	305	38324	38554	2.25e-06	58.9	1161	51409	87
AQL06523.1	SUPER_6_HAP1	69.714	350	103	3	466	814	4389712	4390755	6.44e-147	496	1161	260160428	60
AQL06523.1	SUPER_6_HAP1	71.839	174	49	0	811	984	4391593	4392114	7.69e-62	239	1161	260160428	60
AQL06523.1	SUPER_6_HAP1	74.194	93	24	0	980	1072	4392640	4392918	5.49e-33	146	1161	260160428	60
AQL06523.1	SUPER_6_HAP1	69.149	94	29	0	1068	1161	4393067	4393348	3.02e-29	134	1161	260160428	60
AQL06523.1	SUPER_13_HAP1	48.113	106	27	2	110	187	3428863	3428546	1.67e-13	82.4	1161	183547942	14
AQL06523.1	SUPER_13_HAP1	39.506	81	46	2	225	305	3425089	3425322	6.28e-05	54.3	1161	183547942	14
AQL06523.1	SUPER_1_HAP1	50.515	97	20	2	119	187	398765583	398765873	8.14e-13	80.5	1161	438371173	18
AQL06523.1	SUPER_1_HAP1	49.425	87	35	2	63	146	398764945	398765187	3.66e-10	71.6	1161	438371173	18
AQL06523.1	SUPER_1_HAP1	58.730	63	26	0	63	125	421017810	421017622	5.63e-10	70.9	1161	438371173	18
AQL06523.1	SUPER_1_HAP1	63.636	55	19	1	134	187	421015318	421015154	6.24e-09	67.4	1161	438371173	18
AQL06523.1	SUPER_1_HAP1	42.500	80	43	2	226	305	421014681	421014451	2.31e-06	58.9	1161	438371173	18
AQL06523.1	SUPER_3_HAP1	46.226	106	29	2	110	187	79175019	79174702	1.28e-12	79.7	1161	311080274	7
AQL06523.1	SUPER_7_HAP1	49.485	97	21	2	119	187	36836598	36836888	1.15e-11	76.6	1161	253859890	18
AQL06523.1	SUPER_7_HAP1	58.730	63	26	0	63	125	36835960	36836148	5.63e-10	70.9	1161	253859890	18
AQL06523.1	SUPER_7_HAP1	41.250	80	44	2	226	305	36837361	36837591	1.65e-05	56.2	1161	253859890	18
AQL06523.1	SUPER_2_HAP1	57.377	61	26	0	65	125	344063981	344064163	2.09e-08	65.9	1161	368307237	5
AQL06522.1	SUPER_9_HAP1	68.698	361	110	3	482	841	129701397	129700321	2.36e-150	508	1188	245760952	85
AQL06522.1	SUPER_9_HAP1	73.118	93	25	0	1007	1099	129698701	129698423	5.19e-65	145	1188	245760952	85
AQL06522.1	SUPER_9_HAP1	65.957	94	32	0	1095	1188	129698315	129698034	5.19e-65	130	1188	245760952	85
AQL06522.1	SUPER_9_HAP1	71.839	174	49	0	838	1011	129699772	129699251	9.71e-62	239	1188	245760952	85
AQL06522.1	SUPER_9_HAP1	49.057	106	26	2	137	214	129706598	129706281	4.69e-14	84.3	1188	245760952	85
AQL06522.1	SUPER_9_HAP1	57.292	96	40	1	16	110	129708000	129707713	8.24e-11	73.6	1188	245760952	85
AQL06522.1	SUPER_9_HAP1	65.957	47	16	0	358	404	129703988	129703848	4.96e-08	64.7	1188	245760952	85
AQL06522.1	SUPER_9_HAP1	42.500	80	43	2	253	332	129705808	129705578	2.37e-06	58.9	1188	245760952	85
AQL06522.1	HAP1_SCAFFOLD_1140	68.144	361	112	3	482	841	12459	13535	3.53e-148	501	1188	51409	85
AQL06522.1	HAP1_SCAFFOLD_1140	68.144	361	112	3	482	841	42733	43809	3.53e-148	501	1188	51409	85
AQL06522.1	HAP1_SCAFFOLD_1140	73.118	93	25	0	1007	1099	15276	15554	4.26e-65	145	1188	51409	85
AQL06522.1	HAP1_SCAFFOLD_1140	73.118	93	25	0	1007	1099	45550	45828	4.26e-65	145	1188	51409	85
AQL06522.1	HAP1_SCAFFOLD_1140	65.957	94	32	0	1095	1188	15662	15943	4.26e-65	130	1188	51409	85
AQL06522.1	HAP1_SCAFFOLD_1140	65.957	94	32	0	1095	1188	45936	46217	4.26e-65	130	1188	51409	85
AQL06522.1	HAP1_SCAFFOLD_1140	71.839	174	49	0	838	1011	14081	14602	3.42e-61	238	1188	51409	85
AQL06522.1	HAP1_SCAFFOLD_1140	71.839	174	49	0	838	1011	44355	44876	3.42e-61	238	1188	51409	85
AQL06522.1	HAP1_SCAFFOLD_1140	49.057	106	26	2	137	214	7260	7577	4.59e-14	84.3	1188	51409	85
AQL06522.1	HAP1_SCAFFOLD_1140	49.057	106	26	2	137	214	37534	37851	4.59e-14	84.3	1188	51409	85
AQL06522.1	HAP1_SCAFFOLD_1140	55.208	96	42	1	16	110	6176	6463	2.11e-10	72.4	1188	51409	85
AQL06522.1	HAP1_SCAFFOLD_1140	55.208	96	42	1	16	110	36450	36737	2.11e-10	72.4	1188	51409	85
AQL06522.1	HAP1_SCAFFOLD_1140	65.306	49	17	0	356	404	9865	10011	7.55e-09	67.4	1188	51409	85
AQL06522.1	HAP1_SCAFFOLD_1140	65.306	49	17	0	356	404	40139	40285	7.55e-09	67.4	1188	51409	85
AQL06522.1	HAP1_SCAFFOLD_1140	42.500	80	43	2	253	332	8050	8280	2.13e-06	59.3	1188	51409	85
AQL06522.1	HAP1_SCAFFOLD_1140	42.500	80	43	2	253	332	38324	38554	2.13e-06	59.3	1188	51409	85
AQL06522.1	SUPER_6_HAP1	69.714	350	103	3	493	841	4389712	4390755	8.79e-147	497	1188	260160428	59
AQL06522.1	SUPER_6_HAP1	71.839	174	49	0	838	1011	4391593	4392114	8.15e-62	239	1188	260160428	59
AQL06522.1	SUPER_6_HAP1	74.194	93	24	0	1007	1099	4392640	4392918	5.19e-33	146	1188	260160428	59
AQL06522.1	SUPER_6_HAP1	69.149	94	29	0	1095	1188	4393067	4393348	3.06e-29	134	1188	260160428	59
AQL06522.1	SUPER_13_HAP1	48.113	106	27	2	137	214	3428863	3428546	1.74e-13	82.4	1188	183547942	13
AQL06522.1	SUPER_13_HAP1	39.506	81	46	2	252	332	3425089	3425322	6.51e-05	54.3	1188	183547942	13
AQL06522.1	SUPER_1_HAP1	50.515	97	20	2	146	214	398765583	398765873	8.41e-13	80.5	1188	438371173	17
AQL06522.1	SUPER_1_HAP1	68.750	48	15	0	63	110	421017810	421017667	5.04e-09	67.8	1188	438371173	17
AQL06522.1	SUPER_1_HAP1	63.636	55	19	1	161	214	421015318	421015154	6.60e-09	67.4	1188	438371173	17
AQL06522.1	SUPER_1_HAP1	68.750	48	15	0	63	110	398764945	398765088	9.23e-09	67.0	1188	438371173	17
AQL06522.1	SUPER_1_HAP1	42.500	80	43	2	253	332	421014681	421014451	2.20e-06	59.3	1188	438371173	17
AQL06522.1	SUPER_3_HAP1	46.226	106	29	2	137	214	79175019	79174702	1.34e-12	79.7	1188	311080274	7
AQL06522.1	SUPER_7_HAP1	49.485	97	21	2	146	214	36836598	36836888	1.19e-11	76.6	1188	253859890	17
AQL06522.1	SUPER_7_HAP1	68.750	48	15	0	63	110	36835960	36836103	5.04e-09	67.8	1188	253859890	17
AQL06522.1	SUPER_7_HAP1	41.250	80	44	2	253	332	36837361	36837591	1.65e-05	56.2	1188	253859890	17
AQL06522.1	SUPER_2_HAP1	67.391	46	15	0	65	110	344063981	344064118	1.89e-07	62.8	1188	368307237	4
AQL06521.1	SUPER_9_HAP1	64.722	360	106	3	60	399	129701397	129700321	2.43e-142	465	657	245760952	91
AQL06521.1	SUPER_9_HAP1	71.839	174	49	0	396	569	129699772	129699251	2.49e-63	234	657	245760952	91
AQL06521.1	SUPER_9_HAP1	67.033	91	30	0	567	657	129698306	129698034	7.11e-28	127	657	245760952	91
AQL06521.1	HAP1_SCAFFOLD_1140	64.167	360	108	3	60	399	12459	13535	4.09e-140	458	657	51409	91
AQL06521.1	HAP1_SCAFFOLD_1140	64.167	360	108	3	60	399	42733	43809	4.09e-140	458	657	51409	91
AQL06521.1	HAP1_SCAFFOLD_1140	71.839	174	49	0	396	569	14081	14602	8.49e-63	233	657	51409	91
AQL06521.1	HAP1_SCAFFOLD_1140	71.839	174	49	0	396	569	44355	44876	8.49e-63	233	657	51409	91
AQL06521.1	HAP1_SCAFFOLD_1140	67.033	91	30	0	567	657	15671	15943	5.50e-28	127	657	51409	91
AQL06521.1	HAP1_SCAFFOLD_1140	67.033	91	30	0	567	657	45945	46217	5.50e-28	127	657	51409	91
AQL06521.1	SUPER_6_HAP1	65.616	349	99	3	71	399	4389712	4390755	7.94e-139	455	657	260160428	89
AQL06521.1	SUPER_6_HAP1	71.839	174	49	0	396	569	4391593	4392114	9.23e-64	236	657	260160428	89
AQL06521.1	SUPER_6_HAP1	70.330	91	27	0	567	657	4393076	4393348	4.71e-29	130	657	260160428	89
AQL06520.1	SUPER_9_HAP1	68.698	361	110	3	477	836	129701397	129700321	2.07e-150	508	1183	245760952	85
AQL06520.1	SUPER_9_HAP1	73.118	93	25	0	1002	1094	129698701	129698423	5.52e-65	145	1183	245760952	85
AQL06520.1	SUPER_9_HAP1	65.957	94	32	0	1090	1183	129698315	129698034	5.52e-65	130	1183	245760952	85
AQL06520.1	SUPER_9_HAP1	71.839	174	49	0	833	1006	129699772	129699251	9.30e-62	239	1183	245760952	85
AQL06520.1	SUPER_9_HAP1	49.057	106	26	2	137	214	129706598	129706281	4.66e-14	84.3	1183	245760952	85
AQL06520.1	SUPER_9_HAP1	57.292	96	40	1	16	110	129708000	129707713	8.27e-11	73.6	1183	245760952	85
AQL06520.1	SUPER_9_HAP1	65.957	47	16	0	353	399	129703988	129703848	4.65e-08	64.7	1183	245760952	85
AQL06520.1	SUPER_9_HAP1	42.500	80	43	2	248	327	129705808	129705578	2.10e-06	59.3	1183	245760952	85
AQL06520.1	HAP1_SCAFFOLD_1140	68.144	361	112	3	477	836	12459	13535	3.12e-148	501	1183	51409	85
AQL06520.1	HAP1_SCAFFOLD_1140	68.144	361	112	3	477	836	42733	43809	3.12e-148	501	1183	51409	85
AQL06520.1	HAP1_SCAFFOLD_1140	73.118	93	25	0	1002	1094	15276	15554	4.01e-65	145	1183	51409	85
AQL06520.1	HAP1_SCAFFOLD_1140	73.118	93	25	0	1002	1094	45550	45828	4.01e-65	145	1183	51409	85
AQL06520.1	HAP1_SCAFFOLD_1140	65.957	94	32	0	1090	1183	15662	15943	4.01e-65	130	1183	51409	85
AQL06520.1	HAP1_SCAFFOLD_1140	65.957	94	32	0	1090	1183	45936	46217	4.01e-65	130	1183	51409	85
AQL06520.1	HAP1_SCAFFOLD_1140	71.839	174	49	0	833	1006	14081	14602	3.14e-61	238	1183	51409	85
AQL06520.1	HAP1_SCAFFOLD_1140	71.839	174	49	0	833	1006	44355	44876	3.14e-61	238	1183	51409	85
AQL06520.1	HAP1_SCAFFOLD_1140	49.057	106	26	2	137	214	7260	7577	4.57e-14	84.3	1183	51409	85
AQL06520.1	HAP1_SCAFFOLD_1140	49.057	106	26	2	137	214	37534	37851	4.57e-14	84.3	1183	51409	85
AQL06520.1	HAP1_SCAFFOLD_1140	55.208	96	42	1	16	110	6176	6463	2.23e-10	72.4	1183	51409	85
AQL06520.1	HAP1_SCAFFOLD_1140	55.208	96	42	1	16	110	36450	36737	2.23e-10	72.4	1183	51409	85
AQL06520.1	HAP1_SCAFFOLD_1140	65.306	49	17	0	351	399	9865	10011	6.79e-09	67.4	1183	51409	85
AQL06520.1	HAP1_SCAFFOLD_1140	65.306	49	17	0	351	399	40139	40285	6.79e-09	67.4	1183	51409	85
AQL06520.1	HAP1_SCAFFOLD_1140	42.500	80	43	2	248	327	8050	8280	2.05e-06	59.3	1183	51409	85
AQL06520.1	HAP1_SCAFFOLD_1140	42.500	80	43	2	248	327	38324	38554	2.05e-06	59.3	1183	51409	85
AQL06520.1	SUPER_6_HAP1	69.714	350	103	3	488	836	4389712	4390755	8.88e-147	497	1183	260160428	59
AQL06520.1	SUPER_6_HAP1	71.839	174	49	0	833	1006	4391593	4392114	6.17e-62	240	1183	260160428	59
AQL06520.1	SUPER_6_HAP1	74.194	93	24	0	1002	1094	4392640	4392918	4.53e-33	146	1183	260160428	59
AQL06520.1	SUPER_6_HAP1	69.149	94	29	0	1090	1183	4393067	4393348	3.14e-29	134	1183	260160428	59
AQL06520.1	SUPER_13_HAP1	48.113	106	27	2	137	214	3428863	3428546	1.73e-13	82.4	1183	183547942	13
AQL06520.1	SUPER_13_HAP1	39.506	81	46	2	247	327	3425089	3425322	6.48e-05	54.3	1183	183547942	13
AQL06520.1	SUPER_1_HAP1	50.515	97	20	2	146	214	398765583	398765873	7.82e-13	80.5	1183	438371173	17
AQL06520.1	SUPER_1_HAP1	68.750	48	15	0	63	110	421017810	421017667	5.01e-09	67.8	1183	438371173	17
AQL06520.1	SUPER_1_HAP1	63.636	55	19	1	161	214	421015318	421015154	6.45e-09	67.4	1183	438371173	17
AQL06520.1	SUPER_1_HAP1	68.750	48	15	0	63	110	398764945	398765088	8.37e-09	67.0	1183	438371173	17
AQL06520.1	SUPER_1_HAP1	42.500	80	43	2	248	327	421014681	421014451	2.08e-06	59.3	1183	438371173	17
AQL06520.1	SUPER_3_HAP1	46.226	106	29	2	137	214	79175019	79174702	1.39e-12	79.7	1183	311080274	7
AQL06520.1	SUPER_7_HAP1	49.485	97	21	2	146	214	36836598	36836888	1.09e-11	76.6	1183	253859890	17
AQL06520.1	SUPER_7_HAP1	68.750	48	15	0	63	110	36835960	36836103	5.01e-09	67.8	1183	253859890	17
AQL06520.1	SUPER_7_HAP1	41.250	80	44	2	248	327	36837361	36837591	1.60e-05	56.2	1183	253859890	17
AQL06520.1	SUPER_2_HAP1	67.391	46	15	0	65	110	344063981	344064118	1.96e-07	62.8	1183	368307237	4
AQL06519.1	SUPER_9_HAP1	68.698	361	110	3	29	388	129701397	129700321	2.81e-153	499	735	245760952	96
AQL06519.1	SUPER_9_HAP1	73.118	93	25	0	554	646	129698701	129698423	6.64e-64	144	735	245760952	96
AQL06519.1	SUPER_9_HAP1	65.957	94	32	0	642	735	129698315	129698034	6.64e-64	126	735	245760952	96
AQL06519.1	SUPER_9_HAP1	71.839	174	49	0	385	558	129699772	129699251	1.11e-62	234	735	245760952	96
AQL06519.1	HAP1_SCAFFOLD_1140	68.144	361	112	3	29	388	12459	13535	4.33e-151	493	735	51409	96
AQL06519.1	HAP1_SCAFFOLD_1140	68.144	361	112	3	29	388	42733	43809	4.33e-151	493	735	51409	96
AQL06519.1	HAP1_SCAFFOLD_1140	73.118	93	25	0	554	646	15276	15554	5.42e-64	144	735	51409	96
AQL06519.1	HAP1_SCAFFOLD_1140	73.118	93	25	0	554	646	45550	45828	5.42e-64	144	735	51409	96
AQL06519.1	HAP1_SCAFFOLD_1140	65.957	94	32	0	642	735	15662	15943	5.42e-64	127	735	51409	96
AQL06519.1	HAP1_SCAFFOLD_1140	65.957	94	32	0	642	735	45936	46217	5.42e-64	127	735	51409	96
AQL06519.1	HAP1_SCAFFOLD_1140	71.839	174	49	0	385	558	14081	14602	3.23e-62	233	735	51409	96
AQL06519.1	HAP1_SCAFFOLD_1140	71.839	174	49	0	385	558	44355	44876	3.23e-62	233	735	51409	96
AQL06519.1	SUPER_6_HAP1	69.714	350	103	3	40	388	4389712	4390755	1.24e-149	489	735	260160428	95
AQL06519.1	SUPER_6_HAP1	71.839	174	49	0	385	558	4391593	4392114	4.33e-63	236	735	260160428	95
AQL06519.1	SUPER_6_HAP1	74.194	93	24	0	554	646	4392640	4392918	1.25e-33	146	735	260160428	95
AQL06519.1	SUPER_6_HAP1	69.149	94	29	0	642	735	4393067	4393348	9.23e-29	130	735	260160428	95
AQL06518.1	SUPER_9_HAP1	64.722	360	106	3	60	399	129701397	129700321	2.43e-142	465	657	245760952	91
AQL06518.1	SUPER_9_HAP1	71.839	174	49	0	396	569	129699772	129699251	2.49e-63	234	657	245760952	91
AQL06518.1	SUPER_9_HAP1	67.033	91	30	0	567	657	129698306	129698034	7.11e-28	127	657	245760952	91
AQL06518.1	HAP1_SCAFFOLD_1140	64.167	360	108	3	60	399	12459	13535	4.09e-140	458	657	51409	91
AQL06518.1	HAP1_SCAFFOLD_1140	64.167	360	108	3	60	399	42733	43809	4.09e-140	458	657	51409	91
AQL06518.1	HAP1_SCAFFOLD_1140	71.839	174	49	0	396	569	14081	14602	8.49e-63	233	657	51409	91
AQL06518.1	HAP1_SCAFFOLD_1140	71.839	174	49	0	396	569	44355	44876	8.49e-63	233	657	51409	91
AQL06518.1	HAP1_SCAFFOLD_1140	67.033	91	30	0	567	657	15671	15943	5.50e-28	127	657	51409	91
AQL06518.1	HAP1_SCAFFOLD_1140	67.033	91	30	0	567	657	45945	46217	5.50e-28	127	657	51409	91
AQL06518.1	SUPER_6_HAP1	65.616	349	99	3	71	399	4389712	4390755	7.94e-139	455	657	260160428	89
AQL06518.1	SUPER_6_HAP1	71.839	174	49	0	396	569	4391593	4392114	9.23e-64	236	657	260160428	89
AQL06518.1	SUPER_6_HAP1	70.330	91	27	0	567	657	4393076	4393348	4.71e-29	130	657	260160428	89
AAX21526.1	SUPER_6_HAP1	71.839	174	49	0	10	183	4391593	4392114	1.01e-67	236	334	260160428	96
AAX21526.1	SUPER_6_HAP1	74.194	93	24	0	179	271	4392640	4392918	1.90e-36	145	334	260160428	96
AAX21526.1	SUPER_6_HAP1	67.692	65	21	0	267	331	4393067	4393261	3.69e-16	85.9	334	260160428	96
AAX21526.1	SUPER_9_HAP1	71.839	174	49	0	10	183	129699772	129699251	3.87e-67	234	334	245760952	96
AAX21526.1	SUPER_9_HAP1	73.118	93	25	0	179	271	129698701	129698423	2.40e-50	144	334	245760952	96
AAX21526.1	SUPER_9_HAP1	64.062	64	23	0	267	330	129698315	129698124	2.40e-50	80.5	334	245760952	96
AAX21526.1	HAP1_SCAFFOLD_1140	71.839	174	49	0	10	183	14081	14602	1.54e-66	233	334	51409	96
AAX21526.1	HAP1_SCAFFOLD_1140	71.839	174	49	0	10	183	44355	44876	1.54e-66	233	334	51409	96
AAX21526.1	HAP1_SCAFFOLD_1140	73.118	93	25	0	179	271	15276	15554	1.53e-50	144	334	51409	96
AAX21526.1	HAP1_SCAFFOLD_1140	73.118	93	25	0	179	271	45550	45828	1.53e-50	144	334	51409	96
AAX21526.1	HAP1_SCAFFOLD_1140	64.062	64	23	0	267	330	15662	15853	1.53e-50	81.3	334	51409	96
AAX21526.1	HAP1_SCAFFOLD_1140	64.062	64	23	0	267	330	45936	46127	1.53e-50	81.3	334	51409	96
AAX21525.1	SUPER_13_HAP1	64.912	57	19	1	68	123	3428716	3428546	6.36e-12	72.4	288	183547942	48
AAX21525.1	SUPER_13_HAP1	39.506	81	46	2	161	241	3425089	3425322	1.15e-05	53.1	288	183547942	48
AAX21525.1	SUPER_1_HAP1	64.912	57	19	1	68	123	398765703	398765873	1.34e-11	71.2	288	438371173	61
AAX21525.1	SUPER_1_HAP1	63.636	55	19	1	70	123	421015318	421015154	3.48e-10	67.0	288	438371173	61
AAX21525.1	SUPER_1_HAP1	70.732	41	12	0	1	41	421017789	421017667	1.00e-06	56.6	288	438371173	61
AAX21525.1	SUPER_1_HAP1	42.500	80	43	2	162	241	421014681	421014451	1.96e-06	55.5	288	438371173	61
AAX21525.1	SUPER_1_HAP1	70.732	41	12	0	1	41	398764966	398765088	3.77e-06	54.7	288	438371173	61
AAX21525.1	HAP1_SCAFFOLD_1140	64.912	57	19	1	68	123	7407	7577	1.55e-11	71.2	288	51409	61
AAX21525.1	HAP1_SCAFFOLD_1140	64.912	57	19	1	68	123	37681	37851	1.55e-11	71.2	288	51409	61
AAX21525.1	HAP1_SCAFFOLD_1140	42.500	80	43	2	162	241	8050	8280	2.20e-06	55.5	288	51409	61
AAX21525.1	HAP1_SCAFFOLD_1140	42.500	80	43	2	162	241	38324	38554	2.20e-06	55.5	288	51409	61
AAX21525.1	HAP1_SCAFFOLD_1140	68.293	41	13	0	1	41	6341	6463	3.67e-06	54.7	288	51409	61
AAX21525.1	HAP1_SCAFFOLD_1140	68.293	41	13	0	1	41	36615	36737	3.67e-06	54.7	288	51409	61
AAX21525.1	SUPER_9_HAP1	64.912	57	19	1	68	123	129706451	129706281	1.57e-11	71.2	288	245760952	61
AAX21525.1	SUPER_9_HAP1	42.500	80	43	2	162	241	129705808	129705578	2.22e-06	55.5	288	245760952	61
AAX21525.1	SUPER_9_HAP1	68.293	41	13	0	1	41	129707835	129707713	5.03e-06	54.3	288	245760952	61
AAX21525.1	SUPER_3_HAP1	61.404	57	21	1	68	123	79174872	79174702	1.21e-10	68.6	288	311080274	19
AAX21525.1	SUPER_7_HAP1	63.158	57	20	1	68	123	36836718	36836888	2.18e-10	67.8	288	253859890	61
AAX21525.1	SUPER_7_HAP1	70.732	41	12	0	1	41	36835981	36836103	1.00e-06	56.6	288	253859890	61
AAX21525.1	SUPER_7_HAP1	41.250	80	44	2	162	241	36837361	36837591	1.52e-05	52.8	288	253859890	61
AAX21525.1	SUPER_2_HAP1	68.293	41	13	0	1	41	344063996	344064118	2.10e-06	55.5	288	368307237	14
AAX21524.1	SUPER_13_HAP1	64.912	57	19	1	68	123	3428716	3428546	6.36e-12	72.4	288	183547942	48
AAX21524.1	SUPER_13_HAP1	39.506	81	46	2	161	241	3425089	3425322	1.15e-05	53.1	288	183547942	48
AAX21524.1	SUPER_1_HAP1	64.912	57	19	1	68	123	398765703	398765873	1.34e-11	71.2	288	438371173	61
AAX21524.1	SUPER_1_HAP1	63.636	55	19	1	70	123	421015318	421015154	3.48e-10	67.0	288	438371173	61
AAX21524.1	SUPER_1_HAP1	70.732	41	12	0	1	41	421017789	421017667	1.00e-06	56.6	288	438371173	61
AAX21524.1	SUPER_1_HAP1	42.500	80	43	2	162	241	421014681	421014451	1.96e-06	55.5	288	438371173	61
AAX21524.1	SUPER_1_HAP1	70.732	41	12	0	1	41	398764966	398765088	3.77e-06	54.7	288	438371173	61
AAX21524.1	HAP1_SCAFFOLD_1140	64.912	57	19	1	68	123	7407	7577	1.55e-11	71.2	288	51409	61
AAX21524.1	HAP1_SCAFFOLD_1140	64.912	57	19	1	68	123	37681	37851	1.55e-11	71.2	288	51409	61
AAX21524.1	HAP1_SCAFFOLD_1140	42.500	80	43	2	162	241	8050	8280	2.20e-06	55.5	288	51409	61
AAX21524.1	HAP1_SCAFFOLD_1140	42.500	80	43	2	162	241	38324	38554	2.20e-06	55.5	288	51409	61
AAX21524.1	HAP1_SCAFFOLD_1140	68.293	41	13	0	1	41	6341	6463	3.67e-06	54.7	288	51409	61
AAX21524.1	HAP1_SCAFFOLD_1140	68.293	41	13	0	1	41	36615	36737	3.67e-06	54.7	288	51409	61
AAX21524.1	SUPER_9_HAP1	64.912	57	19	1	68	123	129706451	129706281	1.57e-11	71.2	288	245760952	61
AAX21524.1	SUPER_9_HAP1	42.500	80	43	2	162	241	129705808	129705578	2.22e-06	55.5	288	245760952	61
AAX21524.1	SUPER_9_HAP1	68.293	41	13	0	1	41	129707835	129707713	5.03e-06	54.3	288	245760952	61
AAX21524.1	SUPER_3_HAP1	61.404	57	21	1	68	123	79174872	79174702	1.21e-10	68.6	288	311080274	19
AAX21524.1	SUPER_7_HAP1	63.158	57	20	1	68	123	36836718	36836888	2.18e-10	67.8	288	253859890	61
AAX21524.1	SUPER_7_HAP1	70.732	41	12	0	1	41	36835981	36836103	1.00e-06	56.6	288	253859890	61
AAX21524.1	SUPER_7_HAP1	41.250	80	44	2	162	241	36837361	36837591	1.52e-05	52.8	288	253859890	61
AAX21524.1	SUPER_2_HAP1	68.293	41	13	0	1	41	344063996	344064118	2.10e-06	55.5	288	368307237	14
AAX21523.1	SUPER_13_HAP1	63.158	57	20	1	68	123	3428716	3428546	2.20e-10	67.8	288	183547942	48
AAX21523.1	SUPER_13_HAP1	38.272	81	47	2	161	241	3425089	3425322	7.93e-05	50.4	288	183547942	48
AAX21523.1	SUPER_1_HAP1	63.158	57	20	1	68	123	398765703	398765873	3.78e-10	67.0	288	438371173	61
AAX21523.1	SUPER_1_HAP1	61.818	55	20	1	70	123	421015318	421015154	8.92e-09	62.8	288	438371173	61
AAX21523.1	SUPER_1_HAP1	70.732	41	12	0	1	41	421017789	421017667	1.07e-06	56.2	288	438371173	61
AAX21523.1	SUPER_1_HAP1	70.732	41	12	0	1	41	398764966	398765088	2.85e-06	55.1	288	438371173	61
AAX21523.1	SUPER_1_HAP1	41.250	80	44	2	162	241	421014681	421014451	1.01e-05	53.5	288	438371173	61
AAX21523.1	HAP1_SCAFFOLD_1140	63.158	57	20	1	68	123	7407	7577	4.33e-10	66.6	288	51409	61
AAX21523.1	HAP1_SCAFFOLD_1140	63.158	57	20	1	68	123	37681	37851	4.33e-10	66.6	288	51409	61
AAX21523.1	HAP1_SCAFFOLD_1140	68.293	41	13	0	1	41	6341	6463	4.85e-06	54.3	288	51409	61
AAX21523.1	HAP1_SCAFFOLD_1140	68.293	41	13	0	1	41	36615	36737	4.85e-06	54.3	288	51409	61
AAX21523.1	HAP1_SCAFFOLD_1140	41.250	80	44	2	162	241	8050	8280	1.11e-05	53.1	288	51409	61
AAX21523.1	HAP1_SCAFFOLD_1140	41.250	80	44	2	162	241	38324	38554	1.11e-05	53.1	288	51409	61
AAX21523.1	SUPER_9_HAP1	63.158	57	20	1	68	123	129706451	129706281	4.37e-10	66.6	288	245760952	61
AAX21523.1	SUPER_9_HAP1	68.293	41	13	0	1	41	129707835	129707713	5.91e-06	53.9	288	245760952	61
AAX21523.1	SUPER_9_HAP1	41.250	80	44	2	162	241	129705808	129705578	1.09e-05	53.1	288	245760952	61
AAX21523.1	SUPER_3_HAP1	59.649	57	22	1	68	123	79174872	79174702	4.50e-09	63.5	288	311080274	19
AAX21523.1	SUPER_7_HAP1	61.404	57	21	1	68	123	36836718	36836888	5.76e-09	63.2	288	253859890	61
AAX21523.1	SUPER_7_HAP1	70.732	41	12	0	1	41	36835981	36836103	1.07e-06	56.2	288	253859890	61
AAX21523.1	SUPER_7_HAP1	40.000	80	45	2	162	241	36837361	36837591	8.14e-05	50.4	288	253859890	61
AAX21523.1	SUPER_2_HAP1	68.293	41	13	0	1	41	344063996	344064118	3.45e-06	54.7	288	368307237	14
AAX21522.1	SUPER_13_HAP1	64.912	57	19	1	68	123	3428716	3428546	6.36e-12	72.4	288	183547942	48
AAX21522.1	SUPER_13_HAP1	39.506	81	46	2	161	241	3425089	3425322	1.15e-05	53.1	288	183547942	48
AAX21522.1	SUPER_1_HAP1	64.912	57	19	1	68	123	398765703	398765873	1.34e-11	71.2	288	438371173	61
AAX21522.1	SUPER_1_HAP1	63.636	55	19	1	70	123	421015318	421015154	3.48e-10	67.0	288	438371173	61
AAX21522.1	SUPER_1_HAP1	70.732	41	12	0	1	41	421017789	421017667	1.00e-06	56.6	288	438371173	61
AAX21522.1	SUPER_1_HAP1	42.500	80	43	2	162	241	421014681	421014451	1.96e-06	55.5	288	438371173	61
AAX21522.1	SUPER_1_HAP1	70.732	41	12	0	1	41	398764966	398765088	3.77e-06	54.7	288	438371173	61
AAX21522.1	HAP1_SCAFFOLD_1140	64.912	57	19	1	68	123	7407	7577	1.55e-11	71.2	288	51409	61
AAX21522.1	HAP1_SCAFFOLD_1140	64.912	57	19	1	68	123	37681	37851	1.55e-11	71.2	288	51409	61
AAX21522.1	HAP1_SCAFFOLD_1140	42.500	80	43	2	162	241	8050	8280	2.20e-06	55.5	288	51409	61
AAX21522.1	HAP1_SCAFFOLD_1140	42.500	80	43	2	162	241	38324	38554	2.20e-06	55.5	288	51409	61
AAX21522.1	HAP1_SCAFFOLD_1140	68.293	41	13	0	1	41	6341	6463	3.67e-06	54.7	288	51409	61
AAX21522.1	HAP1_SCAFFOLD_1140	68.293	41	13	0	1	41	36615	36737	3.67e-06	54.7	288	51409	61
AAX21522.1	SUPER_9_HAP1	64.912	57	19	1	68	123	129706451	129706281	1.57e-11	71.2	288	245760952	61
AAX21522.1	SUPER_9_HAP1	42.500	80	43	2	162	241	129705808	129705578	2.22e-06	55.5	288	245760952	61
AAX21522.1	SUPER_9_HAP1	68.293	41	13	0	1	41	129707835	129707713	5.03e-06	54.3	288	245760952	61
AAX21522.1	SUPER_3_HAP1	61.404	57	21	1	68	123	79174872	79174702	1.21e-10	68.6	288	311080274	19
AAX21522.1	SUPER_7_HAP1	63.158	57	20	1	68	123	36836718	36836888	2.18e-10	67.8	288	253859890	61
AAX21522.1	SUPER_7_HAP1	70.732	41	12	0	1	41	36835981	36836103	1.00e-06	56.6	288	253859890	61
AAX21522.1	SUPER_7_HAP1	41.250	80	44	2	162	241	36837361	36837591	1.52e-05	52.8	288	253859890	61
AAX21522.1	SUPER_2_HAP1	68.293	41	13	0	1	41	344063996	344064118	2.10e-06	55.5	288	368307237	14
AAX21521.1	SUPER_13_HAP1	64.912	57	19	1	68	123	3428716	3428546	6.36e-12	72.4	288	183547942	48
AAX21521.1	SUPER_13_HAP1	39.506	81	46	2	161	241	3425089	3425322	1.15e-05	53.1	288	183547942	48
AAX21521.1	SUPER_1_HAP1	64.912	57	19	1	68	123	398765703	398765873	1.34e-11	71.2	288	438371173	61
AAX21521.1	SUPER_1_HAP1	63.636	55	19	1	70	123	421015318	421015154	3.48e-10	67.0	288	438371173	61
AAX21521.1	SUPER_1_HAP1	70.732	41	12	0	1	41	421017789	421017667	1.00e-06	56.6	288	438371173	61
AAX21521.1	SUPER_1_HAP1	42.500	80	43	2	162	241	421014681	421014451	1.96e-06	55.5	288	438371173	61
AAX21521.1	SUPER_1_HAP1	70.732	41	12	0	1	41	398764966	398765088	3.77e-06	54.7	288	438371173	61
AAX21521.1	HAP1_SCAFFOLD_1140	64.912	57	19	1	68	123	7407	7577	1.55e-11	71.2	288	51409	61
AAX21521.1	HAP1_SCAFFOLD_1140	64.912	57	19	1	68	123	37681	37851	1.55e-11	71.2	288	51409	61
AAX21521.1	HAP1_SCAFFOLD_1140	42.500	80	43	2	162	241	8050	8280	2.20e-06	55.5	288	51409	61
AAX21521.1	HAP1_SCAFFOLD_1140	42.500	80	43	2	162	241	38324	38554	2.20e-06	55.5	288	51409	61
AAX21521.1	HAP1_SCAFFOLD_1140	68.293	41	13	0	1	41	6341	6463	3.67e-06	54.7	288	51409	61
AAX21521.1	HAP1_SCAFFOLD_1140	68.293	41	13	0	1	41	36615	36737	3.67e-06	54.7	288	51409	61
AAX21521.1	SUPER_9_HAP1	64.912	57	19	1	68	123	129706451	129706281	1.57e-11	71.2	288	245760952	61
AAX21521.1	SUPER_9_HAP1	42.500	80	43	2	162	241	129705808	129705578	2.22e-06	55.5	288	245760952	61
AAX21521.1	SUPER_9_HAP1	68.293	41	13	0	1	41	129707835	129707713	5.03e-06	54.3	288	245760952	61
AAX21521.1	SUPER_3_HAP1	61.404	57	21	1	68	123	79174872	79174702	1.21e-10	68.6	288	311080274	19
AAX21521.1	SUPER_7_HAP1	63.158	57	20	1	68	123	36836718	36836888	2.18e-10	67.8	288	253859890	61
AAX21521.1	SUPER_7_HAP1	70.732	41	12	0	1	41	36835981	36836103	1.00e-06	56.6	288	253859890	61
AAX21521.1	SUPER_7_HAP1	41.250	80	44	2	162	241	36837361	36837591	1.52e-05	52.8	288	253859890	61
AAX21521.1	SUPER_2_HAP1	68.293	41	13	0	1	41	344063996	344064118	2.10e-06	55.5	288	368307237	14
AAS91212.1	SUPER_9_HAP1	68.421	361	111	3	165	524	129701397	129700321	1.44e-151	500	871	245760952	85
AAS91212.1	SUPER_9_HAP1	74.359	156	40	0	539	694	129699718	129699251	3.48e-65	245	871	245760952	85
AAS91212.1	SUPER_9_HAP1	73.118	93	25	0	690	782	129698701	129698423	4.95e-64	144	871	245760952	85
AAS91212.1	SUPER_9_HAP1	65.957	94	32	0	778	871	129698315	129698034	4.95e-64	128	871	245760952	85
AAS91212.1	SUPER_9_HAP1	65.957	47	16	0	41	87	129703988	129703848	8.09e-08	63.2	871	245760952	85
AAS91212.1	HAP1_SCAFFOLD_1140	67.867	361	113	3	165	524	12459	13535	3.04e-149	493	871	51409	85
AAS91212.1	HAP1_SCAFFOLD_1140	67.867	361	113	3	165	524	42733	43809	3.04e-149	493	871	51409	85
AAS91212.1	HAP1_SCAFFOLD_1140	74.359	156	40	0	539	694	14135	14602	7.16e-65	244	871	51409	85
AAS91212.1	HAP1_SCAFFOLD_1140	74.359	156	40	0	539	694	44409	44876	7.16e-65	244	871	51409	85
AAS91212.1	HAP1_SCAFFOLD_1140	73.118	93	25	0	690	782	15276	15554	3.75e-64	144	871	51409	85
AAS91212.1	HAP1_SCAFFOLD_1140	73.118	93	25	0	690	782	45550	45828	3.75e-64	144	871	51409	85
AAS91212.1	HAP1_SCAFFOLD_1140	65.957	94	32	0	778	871	15662	15943	3.75e-64	128	871	51409	85
AAS91212.1	HAP1_SCAFFOLD_1140	65.957	94	32	0	778	871	45936	46217	3.75e-64	128	871	51409	85
AAS91212.1	HAP1_SCAFFOLD_1140	65.306	49	17	0	39	87	9865	10011	1.66e-08	65.5	871	51409	85
AAS91212.1	HAP1_SCAFFOLD_1140	65.306	49	17	0	39	87	40139	40285	1.66e-08	65.5	871	51409	85
AAS91212.1	SUPER_6_HAP1	70.000	350	102	3	176	524	4389712	4390755	4.56e-149	493	871	260160428	80
AAS91212.1	SUPER_6_HAP1	68.966	174	54	0	521	694	4391593	4392114	2.07e-65	246	871	260160428	80
AAS91212.1	SUPER_6_HAP1	74.194	93	24	0	690	782	4392640	4392918	5.20e-33	145	871	260160428	80
AAS91212.1	SUPER_6_HAP1	69.149	94	29	0	778	871	4393067	4393348	4.76e-29	132	871	260160428	80
OAO93725.1	SUPER_9_HAP1	34.557	327	184	9	440	753	129701325	129700396	6.02e-37	159	1123	245760952	60
OAO93725.1	SUPER_9_HAP1	39.891	183	101	3	762	944	129699772	129699251	1.17e-33	148	1123	245760952	60
OAO93725.1	SUPER_9_HAP1	44.211	95	51	2	940	1034	129698701	129698423	1.89e-27	78.6	1123	245760952	60
OAO93725.1	SUPER_9_HAP1	46.154	91	49	0	1033	1123	129698306	129698034	1.89e-27	71.6	1123	245760952	60
OAO93725.1	SUPER_6_HAP1	34.259	324	189	8	440	753	4389751	4390680	6.07e-37	159	1123	260160428	59
OAO93725.1	SUPER_6_HAP1	35.652	230	136	5	718	944	4391452	4392114	2.06e-36	157	1123	260160428	59
OAO93725.1	SUPER_6_HAP1	52.113	71	33	1	940	1010	4392640	4392849	3.11e-12	78.2	1123	260160428	59
OAO93725.1	SUPER_6_HAP1	46.154	91	49	0	1033	1123	4393076	4393348	5.75e-10	70.9	1123	260160428	59
OAO93725.1	HAP1_SCAFFOLD_1140	34.251	327	185	9	440	753	12531	13460	2.08e-36	157	1123	51409	60
OAO93725.1	HAP1_SCAFFOLD_1140	34.251	327	185	9	440	753	42805	43734	2.08e-36	157	1123	51409	60
OAO93725.1	HAP1_SCAFFOLD_1140	39.891	183	101	3	762	944	14081	14602	1.44e-33	148	1123	51409	60
OAO93725.1	HAP1_SCAFFOLD_1140	39.891	183	101	3	762	944	44355	44876	1.44e-33	148	1123	51409	60
OAO93725.1	HAP1_SCAFFOLD_1140	44.211	95	51	2	940	1034	15276	15554	1.43e-27	78.6	1123	51409	60
OAO93725.1	HAP1_SCAFFOLD_1140	44.211	95	51	2	940	1034	45550	45828	1.43e-27	78.6	1123	51409	60
OAO93725.1	HAP1_SCAFFOLD_1140	46.154	91	49	0	1033	1123	15671	15943	1.43e-27	72.0	1123	51409	60
OAO93725.1	HAP1_SCAFFOLD_1140	46.154	91	49	0	1033	1123	45945	46217	1.43e-27	72.0	1123	51409	60
AJN91135.1	SUPER_6_HAP1	33.333	105	58	3	485	577	4389652	4389966	5.84e-06	56.6	620	260160428	15
AJN91135.1	HAP1_SCAFFOLD_1140	32.381	105	59	3	485	577	12432	12746	4.63e-05	53.5	620	51409	15
AJN91135.1	HAP1_SCAFFOLD_1140	32.381	105	59	3	485	577	42706	43020	4.63e-05	53.5	620	51409	15
AJN91135.1	SUPER_9_HAP1	32.381	105	59	3	485	577	129701424	129701110	5.69e-05	53.1	620	245760952	15
AJN91134.1	SUPER_6_HAP1	33.333	105	58	3	484	576	4389652	4389966	5.93e-06	56.6	619	260160428	15
AJN91134.1	HAP1_SCAFFOLD_1140	32.381	105	59	3	484	576	12432	12746	4.94e-05	53.5	619	51409	15
AJN91134.1	HAP1_SCAFFOLD_1140	32.381	105	59	3	484	576	42706	43020	4.94e-05	53.5	619	51409	15
AJN91134.1	SUPER_9_HAP1	32.381	105	59	3	484	576	129701424	129701110	5.73e-05	53.1	619	245760952	15
AJN91133.1	SUPER_6_HAP1	34.821	224	106	5	296	519	4391563	4392114	2.08e-28	129	676	260160428	83
AJN91133.1	SUPER_6_HAP1	24.082	245	127	4	27	271	4390063	4390620	3.80e-15	86.7	676	260160428	83
AJN91133.1	SUPER_6_HAP1	49.474	95	46	2	515	609	4392640	4392918	8.27e-14	82.4	676	260160428	83
AJN91133.1	SUPER_9_HAP1	36.634	202	97	4	318	519	129699763	129699251	4.61e-28	127	676	245760952	82
AJN91133.1	SUPER_9_HAP1	24.138	261	138	5	27	287	129701013	129700411	8.15e-16	88.6	676	245760952	82
AJN91133.1	SUPER_9_HAP1	47.368	95	48	2	515	609	129698701	129698423	6.91e-13	79.3	676	245760952	82
AJN91133.1	HAP1_SCAFFOLD_1140	36.634	202	97	4	318	519	14090	14602	5.99e-28	127	676	51409	82
AJN91133.1	HAP1_SCAFFOLD_1140	36.634	202	97	4	318	519	44364	44876	5.99e-28	127	676	51409	82
AJN91133.1	HAP1_SCAFFOLD_1140	24.521	261	137	5	27	287	12843	13445	2.35e-16	90.5	676	51409	82
AJN91133.1	HAP1_SCAFFOLD_1140	24.521	261	137	5	27	287	43117	43719	2.35e-16	90.5	676	51409	82
AJN91133.1	HAP1_SCAFFOLD_1140	47.368	95	48	2	515	609	15276	15554	6.78e-13	79.3	676	51409	82
AJN91133.1	HAP1_SCAFFOLD_1140	47.368	95	48	2	515	609	45550	45828	6.78e-13	79.3	676	51409	82
ACH81295.1	SUPER_6_HAP1	28.219	365	191	8	394	739	4389763	4390701	4.77e-32	143	1122	260160428	54
ACH81295.1	SUPER_6_HAP1	44.118	170	88	2	745	911	4391614	4392111	4.57e-29	133	1122	260160428	54
ACH81295.1	SUPER_6_HAP1	48.421	95	47	2	908	1002	4392640	4392918	2.37e-16	92.0	1122	260160428	54
ACH81295.1	SUPER_9_HAP1	28.125	352	183	6	394	726	129701313	129700411	1.40e-31	141	1122	245760952	53
ACH81295.1	SUPER_9_HAP1	44.643	168	90	2	745	911	129699751	129699254	2.41e-29	134	1122	245760952	53
ACH81295.1	SUPER_9_HAP1	47.368	95	48	2	908	1002	129698701	129698423	1.20e-15	89.7	1122	245760952	53
ACH81295.1	HAP1_SCAFFOLD_1140	27.557	352	185	6	394	726	12543	13445	2.46e-30	137	1122	51409	53
ACH81295.1	HAP1_SCAFFOLD_1140	27.557	352	185	6	394	726	42817	43719	2.46e-30	137	1122	51409	53
ACH81295.1	HAP1_SCAFFOLD_1140	44.643	168	90	2	745	911	14102	14599	6.41e-29	133	1122	51409	53
ACH81295.1	HAP1_SCAFFOLD_1140	44.643	168	90	2	745	911	44376	44873	6.41e-29	133	1122	51409	53
ACH81295.1	HAP1_SCAFFOLD_1140	47.368	95	48	2	908	1002	15276	15554	1.18e-15	89.7	1122	51409	53
ACH81295.1	HAP1_SCAFFOLD_1140	47.368	95	48	2	908	1002	45550	45828	1.18e-15	89.7	1122	51409	53
ACG63772.1	SUPER_6_HAP1	33.333	387	205	8	467	848	4389772	4390788	2.01e-45	187	1204	260160428	60
ACG63772.1	SUPER_6_HAP1	45.876	194	85	2	832	1025	4391593	4392114	1.58e-37	161	1204	260160428	60
ACG63772.1	SUPER_6_HAP1	53.947	76	34	1	1021	1096	4392640	4392864	1.92e-15	89.0	1204	260160428	60
ACG63772.1	SUPER_6_HAP1	45.055	91	50	0	1114	1204	4393076	4393348	5.76e-10	70.9	1204	260160428	60
ACG63772.1	SUPER_9_HAP1	33.422	374	198	7	467	835	129701304	129700321	7.35e-45	185	1204	245760952	60
ACG63772.1	SUPER_9_HAP1	45.876	194	85	3	832	1025	129699772	129699251	8.34e-36	155	1204	245760952	60
ACG63772.1	SUPER_9_HAP1	53.947	76	34	1	1021	1096	129698701	129698477	5.84e-15	87.4	1204	245760952	60
ACG63772.1	SUPER_9_HAP1	45.055	91	50	0	1114	1204	129698306	129698034	1.18e-09	70.1	1204	245760952	60
ACG63772.1	HAP1_SCAFFOLD_1140	32.468	385	211	6	467	848	12552	13568	1.21e-43	181	1204	51409	60
ACG63772.1	HAP1_SCAFFOLD_1140	32.468	385	211	6	467	848	42826	43842	1.21e-43	181	1204	51409	60
ACG63772.1	HAP1_SCAFFOLD_1140	45.876	194	85	3	832	1025	14081	14602	1.73e-35	154	1204	51409	60
ACG63772.1	HAP1_SCAFFOLD_1140	45.876	194	85	3	832	1025	44355	44876	1.73e-35	154	1204	51409	60
ACG63772.1	HAP1_SCAFFOLD_1140	53.947	76	34	1	1021	1096	15276	15500	5.71e-15	87.4	1204	51409	60
ACG63772.1	HAP1_SCAFFOLD_1140	53.947	76	34	1	1021	1096	45550	45774	5.71e-15	87.4	1204	51409	60
ACG63772.1	HAP1_SCAFFOLD_1140	43.956	91	51	0	1114	1204	15671	15943	4.09e-09	68.2	1204	51409	60
ACG63772.1	HAP1_SCAFFOLD_1140	43.956	91	51	0	1114	1204	45945	46217	4.09e-09	68.2	1204	51409	60
ACH81294.1	SUPER_6_HAP1	34.718	337	198	5	393	726	4389691	4390644	1.10e-50	203	1128	260160428	62
ACH81294.1	SUPER_6_HAP1	46.809	188	86	2	762	949	4391593	4392114	1.40e-36	158	1128	260160428	62
ACH81294.1	SUPER_6_HAP1	44.444	117	59	3	945	1061	4392640	4392972	8.51e-16	90.1	1128	260160428	62
ACH81294.1	SUPER_6_HAP1	46.154	91	49	0	1038	1128	4393076	4393348	5.94e-10	70.9	1128	260160428	62
ACH81294.1	SUPER_9_HAP1	34.688	320	187	5	410	726	129701334	129700432	5.18e-48	195	1128	245760952	61
ACH81294.1	SUPER_9_HAP1	47.090	189	84	3	762	949	129699772	129699251	2.61e-34	150	1128	245760952	61
ACH81294.1	SUPER_9_HAP1	47.368	95	48	2	945	1039	129698701	129698423	8.52e-30	87.8	1128	245760952	61
ACH81294.1	SUPER_9_HAP1	46.154	91	49	0	1038	1128	129698306	129698034	8.52e-30	70.1	1128	245760952	61
ACH81294.1	HAP1_SCAFFOLD_1140	32.773	357	217	6	374	726	12411	13424	5.61e-48	195	1128	51409	64
ACH81294.1	HAP1_SCAFFOLD_1140	32.773	357	217	6	374	726	42685	43698	5.61e-48	195	1128	51409	64
ACH81294.1	HAP1_SCAFFOLD_1140	46.809	188	86	2	762	949	14081	14602	7.92e-35	152	1128	51409	64
ACH81294.1	HAP1_SCAFFOLD_1140	46.809	188	86	2	762	949	44355	44876	7.92e-35	152	1128	51409	64
ACH81294.1	HAP1_SCAFFOLD_1140	47.368	95	48	2	945	1039	15276	15554	3.06e-29	87.8	1128	51409	64
ACH81294.1	HAP1_SCAFFOLD_1140	47.368	95	48	2	945	1039	45550	45828	3.06e-29	87.8	1128	51409	64
ACH81294.1	HAP1_SCAFFOLD_1140	45.055	91	50	0	1038	1128	15671	15943	3.06e-29	68.6	1128	51409	64
ACH81294.1	HAP1_SCAFFOLD_1140	45.055	91	50	0	1038	1128	45945	46217	3.06e-29	68.6	1128	51409	64
AFJ00034.1	SUPER_6_HAP1	34.496	258	135	5	2	259	4390084	4390755	1.40e-31	133	381	260160428	83
AFJ00034.1	SUPER_6_HAP1	57.627	59	25	0	266	324	4391620	4391796	7.90e-13	76.6	381	260160428	83
AFJ00034.1	SUPER_9_HAP1	34.109	258	136	5	2	259	129700992	129700321	2.91e-30	129	381	245760952	83
AFJ00034.1	SUPER_9_HAP1	57.627	59	25	0	266	324	129699745	129699569	3.11e-12	74.7	381	245760952	83
AFJ00034.1	HAP1_SCAFFOLD_1140	33.721	258	137	5	2	259	12864	13535	1.37e-29	127	381	51409	83
AFJ00034.1	HAP1_SCAFFOLD_1140	33.721	258	137	5	2	259	43138	43809	1.37e-29	127	381	51409	83
AFJ00034.1	HAP1_SCAFFOLD_1140	55.932	59	26	0	266	324	14108	14284	2.28e-11	72.0	381	51409	83
AFJ00034.1	HAP1_SCAFFOLD_1140	55.932	59	26	0	266	324	44382	44558	2.28e-11	72.0	381	51409	83
AFJ00032.1	SUPER_9_HAP1	36.181	199	104	2	327	504	129701310	129700720	2.56e-25	117	511	245760952	35
AFJ00032.1	SUPER_6_HAP1	36.181	199	104	2	327	504	4389766	4390356	5.67e-25	116	511	260160428	35
AFJ00032.1	HAP1_SCAFFOLD_1140	35.678	199	105	2	327	504	12546	13136	1.12e-24	115	511	51409	35
AFJ00032.1	HAP1_SCAFFOLD_1140	35.678	199	105	2	327	504	42820	43410	1.12e-24	115	511	51409	35
AFG16840.1	SUPER_6_HAP1	50.543	184	72	4	311	494	4391620	4392114	7.30e-35	149	673	260160428	96
AFG16840.1	SUPER_6_HAP1	32.198	323	164	6	3	304	4389889	4390755	2.98e-33	144	673	260160428	96
AFG16840.1	SUPER_6_HAP1	62.162	74	27	1	490	563	4392640	4392858	1.50e-18	97.4	673	260160428	96
AFG16840.1	SUPER_6_HAP1	40.659	91	54	0	583	673	4393076	4393348	1.50e-10	71.6	673	260160428	96
AFG16840.1	SUPER_9_HAP1	50.543	184	72	4	311	494	129699745	129699251	6.44e-34	146	673	245760952	96
AFG16840.1	SUPER_9_HAP1	31.889	323	165	6	3	304	129701187	129700321	3.49e-32	140	673	245760952	96
AFG16840.1	SUPER_9_HAP1	62.162	74	27	1	490	563	129698701	129698483	8.27e-19	98.6	673	245760952	96
AFG16840.1	SUPER_9_HAP1	40.659	91	54	0	583	673	129698306	129698034	1.32e-10	71.6	673	245760952	96
AFG16840.1	HAP1_SCAFFOLD_1140	50.000	184	73	4	311	494	14108	14602	5.15e-33	143	673	51409	96
AFG16840.1	HAP1_SCAFFOLD_1140	50.000	184	73	4	311	494	44382	44876	5.15e-33	143	673	51409	96
AFG16840.1	HAP1_SCAFFOLD_1140	31.579	323	166	6	3	304	12669	13535	1.86e-31	138	673	51409	96
AFG16840.1	HAP1_SCAFFOLD_1140	31.579	323	166	6	3	304	42943	43809	1.86e-31	138	673	51409	96
AFG16840.1	HAP1_SCAFFOLD_1140	62.162	74	27	1	490	563	15276	15494	8.08e-19	98.6	673	51409	96
AFG16840.1	HAP1_SCAFFOLD_1140	62.162	74	27	1	490	563	45550	45768	8.08e-19	98.6	673	51409	96
AFG16840.1	HAP1_SCAFFOLD_1140	40.659	91	54	0	583	673	15671	15943	1.62e-10	71.6	673	51409	96
AFG16840.1	HAP1_SCAFFOLD_1140	40.659	91	54	0	583	673	45945	46217	1.62e-10	71.6	673	51409	96
AFG16839.1	SUPER_6_HAP1	49.405	168	66	3	1	168	4391668	4392114	7.64e-32	132	347	260160428	95
AFG16839.1	SUPER_6_HAP1	62.162	74	27	1	164	237	4392640	4392858	4.65e-19	95.1	347	260160428	95
AFG16839.1	SUPER_6_HAP1	40.659	91	54	0	257	347	4393076	4393348	2.30e-12	74.7	347	260160428	95
AFG16839.1	SUPER_9_HAP1	49.405	168	66	3	1	168	129699697	129699251	3.60e-31	130	347	245760952	95
AFG16839.1	SUPER_9_HAP1	62.162	74	27	1	164	237	129698701	129698483	2.62e-19	95.9	347	245760952	95
AFG16839.1	SUPER_9_HAP1	40.659	91	54	0	257	347	129698306	129698034	1.99e-12	75.1	347	245760952	95
AFG16839.1	HAP1_SCAFFOLD_1140	48.810	168	67	3	1	168	14156	14602	2.46e-30	128	347	51409	95
AFG16839.1	HAP1_SCAFFOLD_1140	48.810	168	67	3	1	168	44430	44876	2.46e-30	128	347	51409	95
AFG16839.1	HAP1_SCAFFOLD_1140	62.162	74	27	1	164	237	15276	15494	2.58e-19	95.9	347	51409	95
AFG16839.1	HAP1_SCAFFOLD_1140	62.162	74	27	1	164	237	45550	45768	2.58e-19	95.9	347	51409	95
AFG16839.1	HAP1_SCAFFOLD_1140	40.659	91	54	0	257	347	15671	15943	2.23e-12	74.7	347	51409	95
AFG16839.1	HAP1_SCAFFOLD_1140	40.659	91	54	0	257	347	45945	46217	2.23e-12	74.7	347	51409	95
AEB33870.1	SUPER_6_HAP1	32.508	323	163	6	3	304	4389889	4390755	5.43e-34	146	673	260160428	96
AEB33870.1	SUPER_6_HAP1	48.370	184	76	3	311	494	4391620	4392114	6.91e-34	146	673	260160428	96
AEB33870.1	SUPER_6_HAP1	62.162	74	27	1	490	563	4392640	4392858	2.16e-18	97.1	673	260160428	96
AEB33870.1	SUPER_6_HAP1	40.659	91	54	0	583	673	4393076	4393348	3.16e-11	73.9	673	260160428	96
AEB33870.1	SUPER_9_HAP1	48.370	184	76	3	311	494	129699745	129699251	5.35e-33	143	673	245760952	96
AEB33870.1	SUPER_9_HAP1	32.198	323	164	6	3	304	129701187	129700321	6.39e-33	143	673	245760952	96
AEB33870.1	SUPER_9_HAP1	62.162	74	27	1	490	563	129698701	129698483	1.03e-18	98.2	673	245760952	96
AEB33870.1	SUPER_9_HAP1	40.659	91	54	0	583	673	129698306	129698034	2.53e-11	74.3	673	245760952	96
AEB33870.1	HAP1_SCAFFOLD_1140	31.889	323	165	6	3	304	12669	13535	3.32e-32	140	673	51409	96
AEB33870.1	HAP1_SCAFFOLD_1140	31.889	323	165	6	3	304	42943	43809	3.32e-32	140	673	51409	96
AEB33870.1	HAP1_SCAFFOLD_1140	47.826	184	77	3	311	494	14108	14602	3.38e-32	140	673	51409	96
AEB33870.1	HAP1_SCAFFOLD_1140	47.826	184	77	3	311	494	44382	44876	3.38e-32	140	673	51409	96
AEB33870.1	HAP1_SCAFFOLD_1140	62.162	74	27	1	490	563	15276	15494	1.00e-18	98.2	673	51409	96
AEB33870.1	HAP1_SCAFFOLD_1140	62.162	74	27	1	490	563	45550	45768	1.00e-18	98.2	673	51409	96
AEB33870.1	HAP1_SCAFFOLD_1140	40.659	91	54	0	583	673	15671	15943	2.95e-11	73.9	673	51409	96
AEB33870.1	HAP1_SCAFFOLD_1140	40.659	91	54	0	583	673	45945	46217	2.95e-11	73.9	673	51409	96
AEB33869.1	SUPER_9_HAP1	36.683	199	103	2	353	530	129701310	129700720	4.02e-26	120	537	245760952	33
AEB33869.1	SUPER_6_HAP1	36.683	199	103	2	353	530	4389766	4390356	8.94e-26	119	537	260160428	33
AEB33869.1	HAP1_SCAFFOLD_1140	36.181	199	104	2	353	530	12546	13136	2.30e-25	117	537	51409	33
AEB33869.1	HAP1_SCAFFOLD_1140	36.181	199	104	2	353	530	42820	43410	2.30e-25	117	537	51409	33
AEA72244.1	SUPER_6_HAP1	33.140	344	177	4	329	651	4389766	4390701	5.55e-42	171	668	260160428	48
AEA72244.1	SUPER_9_HAP1	33.140	344	177	4	329	651	129701310	129700375	1.51e-41	169	668	245760952	48
AEA72244.1	HAP1_SCAFFOLD_1140	32.849	344	178	4	329	651	12546	13481	7.00e-41	167	668	51409	48
AEA72244.1	HAP1_SCAFFOLD_1140	32.849	344	178	4	329	651	42820	43755	7.00e-41	167	668	51409	48
AEA72243.1	SUPER_6_HAP1	31.915	329	169	6	3	310	4389889	4390773	2.09e-36	145	321	260160428	96
AEA72243.1	HAP1_SCAFFOLD_1140	31.611	329	170	6	3	310	12669	13553	3.42e-35	141	321	51409	96
AEA72243.1	HAP1_SCAFFOLD_1140	31.611	329	170	6	3	310	42943	43827	3.42e-35	141	321	51409	96
AEA72243.1	SUPER_9_HAP1	31.611	329	170	6	3	310	129701187	129700303	3.92e-35	141	321	245760952	96
AEA72242.1	SUPER_6_HAP1	32.121	330	169	6	3	311	4389889	4390776	1.52e-33	143	559	260160428	96
AEA72242.1	SUPER_6_HAP1	60.811	74	28	1	376	449	4392640	4392858	8.75e-18	94.4	559	260160428	96
AEA72242.1	SUPER_6_HAP1	50.000	76	37	1	305	380	4391890	4392114	1.38e-14	84.0	559	260160428	96
AEA72242.1	SUPER_6_HAP1	40.659	91	54	0	469	559	4393076	4393348	6.75e-11	72.4	559	260160428	96
AEA72242.1	SUPER_9_HAP1	31.818	330	170	6	3	311	129701187	129700300	1.79e-32	140	559	245760952	96
AEA72242.1	SUPER_9_HAP1	60.811	74	28	1	376	449	129698701	129698483	4.75e-18	95.1	559	245760952	96
AEA72242.1	SUPER_9_HAP1	50.000	76	37	1	305	380	129699475	129699251	2.41e-14	83.2	559	245760952	96
AEA72242.1	SUPER_9_HAP1	40.659	91	54	0	469	559	129698306	129698034	5.54e-11	72.4	559	245760952	96
AEA72242.1	HAP1_SCAFFOLD_1140	31.515	330	171	6	3	311	12669	13556	8.94e-32	137	559	51409	96
AEA72242.1	HAP1_SCAFFOLD_1140	31.515	330	171	6	3	311	42943	43830	8.94e-32	137	559	51409	96
AEA72242.1	HAP1_SCAFFOLD_1140	60.811	74	28	1	376	449	15276	15494	4.66e-18	95.1	559	51409	96
AEA72242.1	HAP1_SCAFFOLD_1140	60.811	74	28	1	376	449	45550	45768	4.66e-18	95.1	559	51409	96
AEA72242.1	HAP1_SCAFFOLD_1140	50.000	76	37	1	305	380	14378	14602	2.21e-14	83.6	559	51409	96
AEA72242.1	HAP1_SCAFFOLD_1140	50.000	76	37	1	305	380	44652	44876	2.21e-14	83.6	559	51409	96
AEA72242.1	HAP1_SCAFFOLD_1140	40.659	91	54	0	469	559	15671	15943	6.99e-11	72.0	559	51409	96
AEA72242.1	HAP1_SCAFFOLD_1140	40.659	91	54	0	469	559	45945	46217	6.99e-11	72.0	559	51409	96
AEA72241.1	SUPER_6_HAP1	32.198	323	164	6	3	304	4389889	4390755	1.42e-33	143	557	260160428	96
AEA72241.1	SUPER_6_HAP1	62.162	74	27	1	374	447	4392640	4392858	6.23e-19	97.8	557	260160428	96
AEA72241.1	SUPER_6_HAP1	51.316	76	36	1	303	378	4391890	4392114	5.49e-15	85.5	557	260160428	96
AEA72241.1	SUPER_6_HAP1	40.659	91	54	0	467	557	4393076	4393348	1.25e-10	71.2	557	260160428	96
AEA72241.1	SUPER_9_HAP1	31.889	323	165	6	3	304	129701187	129700321	1.77e-32	140	557	245760952	96
AEA72241.1	SUPER_9_HAP1	62.162	74	27	1	374	447	129698701	129698483	3.01e-19	99.0	557	245760952	96
AEA72241.1	SUPER_9_HAP1	51.316	76	36	1	303	378	129699475	129699251	9.90e-15	84.7	557	245760952	96
AEA72241.1	SUPER_9_HAP1	40.659	91	54	0	467	557	129698306	129698034	1.00e-10	71.6	557	245760952	96
AEA72241.1	HAP1_SCAFFOLD_1140	31.579	323	166	6	3	304	12669	13535	7.19e-32	138	557	51409	96
AEA72241.1	HAP1_SCAFFOLD_1140	31.579	323	166	6	3	304	42943	43809	7.19e-32	138	557	51409	96
AEA72241.1	HAP1_SCAFFOLD_1140	62.162	74	27	1	374	447	15276	15494	2.95e-19	99.0	557	51409	96
AEA72241.1	HAP1_SCAFFOLD_1140	62.162	74	27	1	374	447	45550	45768	2.95e-19	99.0	557	51409	96
AEA72241.1	HAP1_SCAFFOLD_1140	51.316	76	36	1	303	378	14378	14602	8.67e-15	84.7	557	51409	96
AEA72241.1	HAP1_SCAFFOLD_1140	51.316	76	36	1	303	378	44652	44876	8.67e-15	84.7	557	51409	96
AEA72241.1	HAP1_SCAFFOLD_1140	40.659	91	54	0	467	557	15671	15943	1.24e-10	71.2	557	51409	96
AEA72241.1	HAP1_SCAFFOLD_1140	40.659	91	54	0	467	557	45945	46217	1.24e-10	71.2	557	51409	96
AEA72240.1	SUPER_6_HAP1	32.198	323	164	6	3	304	4389889	4390755	2.75e-33	144	673	260160428	96
AEA72240.1	SUPER_6_HAP1	49.457	184	74	4	311	494	4391620	4392114	2.98e-33	144	673	260160428	96
AEA72240.1	SUPER_6_HAP1	60.811	74	28	1	490	563	4392640	4392858	8.69e-18	95.1	673	260160428	96
AEA72240.1	SUPER_6_HAP1	40.659	91	54	0	583	673	4393076	4393348	7.92e-11	72.4	673	260160428	96
AEA72240.1	SUPER_9_HAP1	49.457	184	74	4	311	494	129699745	129699251	2.82e-32	141	673	245760952	96
AEA72240.1	SUPER_9_HAP1	31.889	323	165	6	3	304	129701187	129700321	3.19e-32	140	673	245760952	96
AEA72240.1	SUPER_9_HAP1	60.811	74	28	1	490	563	129698701	129698483	4.34e-18	96.3	673	245760952	96
AEA72240.1	SUPER_9_HAP1	40.659	91	54	0	583	673	129698306	129698034	5.98e-11	72.8	673	245760952	96
AEA72240.1	HAP1_SCAFFOLD_1140	31.579	323	166	6	3	304	12669	13535	1.46e-31	139	673	51409	96
AEA72240.1	HAP1_SCAFFOLD_1140	31.579	323	166	6	3	304	42943	43809	1.46e-31	139	673	51409	96
AEA72240.1	HAP1_SCAFFOLD_1140	48.913	184	75	4	311	494	14108	14602	2.18e-31	138	673	51409	96
AEA72240.1	HAP1_SCAFFOLD_1140	48.913	184	75	4	311	494	44382	44876	2.18e-31	138	673	51409	96
AEA72240.1	HAP1_SCAFFOLD_1140	60.811	74	28	1	490	563	15276	15494	4.24e-18	96.3	673	51409	96
AEA72240.1	HAP1_SCAFFOLD_1140	60.811	74	28	1	490	563	45550	45768	4.24e-18	96.3	673	51409	96
AEA72240.1	HAP1_SCAFFOLD_1140	40.659	91	54	0	583	673	15671	15943	7.53e-11	72.4	673	51409	96
AEA72240.1	HAP1_SCAFFOLD_1140	40.659	91	54	0	583	673	45945	46217	7.53e-11	72.4	673	51409	96
AEA72239.1	SUPER_6_HAP1	48.370	184	76	3	311	494	4391620	4392114	6.85e-34	146	673	260160428	96
AEA72239.1	SUPER_6_HAP1	31.889	323	165	6	3	304	4389889	4390755	8.42e-33	142	673	260160428	96
AEA72239.1	SUPER_6_HAP1	60.811	74	28	1	490	563	4392640	4392858	8.92e-18	95.1	673	260160428	96
AEA72239.1	SUPER_6_HAP1	40.659	91	54	0	583	673	4393076	4393348	3.19e-11	73.9	673	260160428	96
AEA72239.1	SUPER_9_HAP1	48.370	184	76	3	311	494	129699745	129699251	5.17e-33	143	673	245760952	96
AEA72239.1	SUPER_9_HAP1	31.579	323	166	6	3	304	129701187	129700321	9.84e-32	139	673	245760952	96
AEA72239.1	SUPER_9_HAP1	60.811	74	28	1	490	563	129698701	129698483	6.55e-18	95.5	673	245760952	96
AEA72239.1	SUPER_9_HAP1	40.659	91	54	0	583	673	129698306	129698034	2.29e-11	74.3	673	245760952	96
AEA72239.1	HAP1_SCAFFOLD_1140	47.826	184	77	3	311	494	14108	14602	3.44e-32	140	673	51409	96
AEA72239.1	HAP1_SCAFFOLD_1140	47.826	184	77	3	311	494	44382	44876	3.44e-32	140	673	51409	96
AEA72239.1	HAP1_SCAFFOLD_1140	31.269	323	167	6	3	304	12669	13535	5.61e-31	137	673	51409	96
AEA72239.1	HAP1_SCAFFOLD_1140	31.269	323	167	6	3	304	42943	43809	5.61e-31	137	673	51409	96
AEA72239.1	HAP1_SCAFFOLD_1140	60.811	74	28	1	490	563	15276	15494	6.40e-18	95.5	673	51409	96
AEA72239.1	HAP1_SCAFFOLD_1140	60.811	74	28	1	490	563	45550	45768	6.40e-18	95.5	673	51409	96
AEA72239.1	HAP1_SCAFFOLD_1140	40.659	91	54	0	583	673	15671	15943	2.88e-11	73.9	673	51409	96
AEA72239.1	HAP1_SCAFFOLD_1140	40.659	91	54	0	583	673	45945	46217	2.88e-11	73.9	673	51409	96
AEA72235.1	SUPER_6_HAP1	32.508	323	163	6	3	304	4389889	4390755	2.86e-34	147	673	260160428	96
AEA72235.1	SUPER_6_HAP1	47.826	184	77	3	311	494	4391620	4392114	1.94e-33	144	673	260160428	96
AEA72235.1	SUPER_6_HAP1	62.162	74	27	1	490	563	4392640	4392858	2.28e-18	97.1	673	260160428	96
AEA72235.1	SUPER_6_HAP1	40.659	91	54	0	583	673	4393076	4393348	1.47e-11	75.1	673	260160428	96
AEA72235.1	SUPER_9_HAP1	32.198	323	164	6	3	304	129701187	129700321	3.34e-33	144	673	245760952	96
AEA72235.1	SUPER_9_HAP1	47.826	184	77	3	311	494	129699745	129699251	1.35e-32	142	673	245760952	96
AEA72235.1	SUPER_9_HAP1	62.162	74	27	1	490	563	129698701	129698483	1.08e-18	98.2	673	245760952	96
AEA72235.1	SUPER_9_HAP1	40.659	91	54	0	583	673	129698306	129698034	7.50e-12	75.9	673	245760952	96
AEA72235.1	HAP1_SCAFFOLD_1140	31.889	323	165	6	3	304	12669	13535	1.87e-32	141	673	51409	96
AEA72235.1	HAP1_SCAFFOLD_1140	31.889	323	165	6	3	304	42943	43809	1.87e-32	141	673	51409	96
AEA72235.1	HAP1_SCAFFOLD_1140	47.283	184	78	3	311	494	14108	14602	8.97e-32	139	673	51409	96
AEA72235.1	HAP1_SCAFFOLD_1140	47.283	184	78	3	311	494	44382	44876	8.97e-32	139	673	51409	96
AEA72235.1	HAP1_SCAFFOLD_1140	62.162	74	27	1	490	563	15276	15494	1.05e-18	98.2	673	51409	96
AEA72235.1	HAP1_SCAFFOLD_1140	62.162	74	27	1	490	563	45550	45768	1.05e-18	98.2	673	51409	96
AEA72235.1	HAP1_SCAFFOLD_1140	40.659	91	54	0	583	673	15671	15943	1.04e-11	75.5	673	51409	96
AEA72235.1	HAP1_SCAFFOLD_1140	40.659	91	54	0	583	673	45945	46217	1.04e-11	75.5	673	51409	96
AAX21528.1	SUPER_9_HAP1	68.698	361	110	3	482	841	129701397	129700321	2.36e-150	508	1188	245760952	85
AAX21528.1	SUPER_9_HAP1	73.118	93	25	0	1007	1099	129698701	129698423	5.19e-65	145	1188	245760952	85
AAX21528.1	SUPER_9_HAP1	65.957	94	32	0	1095	1188	129698315	129698034	5.19e-65	130	1188	245760952	85
AAX21528.1	SUPER_9_HAP1	71.839	174	49	0	838	1011	129699772	129699251	9.71e-62	239	1188	245760952	85
AAX21528.1	SUPER_9_HAP1	49.057	106	26	2	137	214	129706598	129706281	4.69e-14	84.3	1188	245760952	85
AAX21528.1	SUPER_9_HAP1	57.292	96	40	1	16	110	129708000	129707713	8.24e-11	73.6	1188	245760952	85
AAX21528.1	SUPER_9_HAP1	65.957	47	16	0	358	404	129703988	129703848	4.96e-08	64.7	1188	245760952	85
AAX21528.1	SUPER_9_HAP1	42.500	80	43	2	253	332	129705808	129705578	2.37e-06	58.9	1188	245760952	85
AAX21528.1	HAP1_SCAFFOLD_1140	68.144	361	112	3	482	841	12459	13535	3.53e-148	501	1188	51409	85
AAX21528.1	HAP1_SCAFFOLD_1140	68.144	361	112	3	482	841	42733	43809	3.53e-148	501	1188	51409	85
AAX21528.1	HAP1_SCAFFOLD_1140	73.118	93	25	0	1007	1099	15276	15554	4.26e-65	145	1188	51409	85
AAX21528.1	HAP1_SCAFFOLD_1140	73.118	93	25	0	1007	1099	45550	45828	4.26e-65	145	1188	51409	85
AAX21528.1	HAP1_SCAFFOLD_1140	65.957	94	32	0	1095	1188	15662	15943	4.26e-65	130	1188	51409	85
AAX21528.1	HAP1_SCAFFOLD_1140	65.957	94	32	0	1095	1188	45936	46217	4.26e-65	130	1188	51409	85
AAX21528.1	HAP1_SCAFFOLD_1140	71.839	174	49	0	838	1011	14081	14602	3.42e-61	238	1188	51409	85
AAX21528.1	HAP1_SCAFFOLD_1140	71.839	174	49	0	838	1011	44355	44876	3.42e-61	238	1188	51409	85
AAX21528.1	HAP1_SCAFFOLD_1140	49.057	106	26	2	137	214	7260	7577	4.59e-14	84.3	1188	51409	85
AAX21528.1	HAP1_SCAFFOLD_1140	49.057	106	26	2	137	214	37534	37851	4.59e-14	84.3	1188	51409	85
AAX21528.1	HAP1_SCAFFOLD_1140	55.208	96	42	1	16	110	6176	6463	2.11e-10	72.4	1188	51409	85
AAX21528.1	HAP1_SCAFFOLD_1140	55.208	96	42	1	16	110	36450	36737	2.11e-10	72.4	1188	51409	85
AAX21528.1	HAP1_SCAFFOLD_1140	65.306	49	17	0	356	404	9865	10011	7.55e-09	67.4	1188	51409	85
AAX21528.1	HAP1_SCAFFOLD_1140	65.306	49	17	0	356	404	40139	40285	7.55e-09	67.4	1188	51409	85
AAX21528.1	HAP1_SCAFFOLD_1140	42.500	80	43	2	253	332	8050	8280	2.13e-06	59.3	1188	51409	85
AAX21528.1	HAP1_SCAFFOLD_1140	42.500	80	43	2	253	332	38324	38554	2.13e-06	59.3	1188	51409	85
AAX21528.1	SUPER_6_HAP1	69.714	350	103	3	493	841	4389712	4390755	8.79e-147	497	1188	260160428	59
AAX21528.1	SUPER_6_HAP1	71.839	174	49	0	838	1011	4391593	4392114	8.15e-62	239	1188	260160428	59
AAX21528.1	SUPER_6_HAP1	74.194	93	24	0	1007	1099	4392640	4392918	5.19e-33	146	1188	260160428	59
AAX21528.1	SUPER_6_HAP1	69.149	94	29	0	1095	1188	4393067	4393348	3.06e-29	134	1188	260160428	59
AAX21528.1	SUPER_13_HAP1	48.113	106	27	2	137	214	3428863	3428546	1.74e-13	82.4	1188	183547942	13
AAX21528.1	SUPER_13_HAP1	39.506	81	46	2	252	332	3425089	3425322	6.51e-05	54.3	1188	183547942	13
AAX21528.1	SUPER_1_HAP1	50.515	97	20	2	146	214	398765583	398765873	8.41e-13	80.5	1188	438371173	17
AAX21528.1	SUPER_1_HAP1	68.750	48	15	0	63	110	421017810	421017667	5.04e-09	67.8	1188	438371173	17
AAX21528.1	SUPER_1_HAP1	63.636	55	19	1	161	214	421015318	421015154	6.60e-09	67.4	1188	438371173	17
AAX21528.1	SUPER_1_HAP1	68.750	48	15	0	63	110	398764945	398765088	9.23e-09	67.0	1188	438371173	17
AAX21528.1	SUPER_1_HAP1	42.500	80	43	2	253	332	421014681	421014451	2.20e-06	59.3	1188	438371173	17
AAX21528.1	SUPER_3_HAP1	46.226	106	29	2	137	214	79175019	79174702	1.34e-12	79.7	1188	311080274	7
AAX21528.1	SUPER_7_HAP1	49.485	97	21	2	146	214	36836598	36836888	1.19e-11	76.6	1188	253859890	17
AAX21528.1	SUPER_7_HAP1	68.750	48	15	0	63	110	36835960	36836103	5.04e-09	67.8	1188	253859890	17
AAX21528.1	SUPER_7_HAP1	41.250	80	44	2	253	332	36837361	36837591	1.65e-05	56.2	1188	253859890	17
AAX21528.1	SUPER_2_HAP1	67.391	46	15	0	65	110	344063981	344064118	1.89e-07	62.8	1188	368307237	4
AAX21527.1	SUPER_9_HAP1	68.698	361	110	3	482	841	129701397	129700321	2.85e-150	507	1188	245760952	85
AAX21527.1	SUPER_9_HAP1	71.264	174	50	0	838	1011	129699772	129699251	1.94e-69	263	1188	245760952	85
AAX21527.1	SUPER_9_HAP1	73.118	93	25	0	1007	1099	129698701	129698423	5.06e-65	145	1188	245760952	85
AAX21527.1	SUPER_9_HAP1	65.957	94	32	0	1095	1188	129698315	129698034	5.06e-65	130	1188	245760952	85
AAX21527.1	SUPER_9_HAP1	49.057	106	26	2	137	214	129706598	129706281	4.65e-14	84.3	1188	245760952	85
AAX21527.1	SUPER_9_HAP1	57.292	96	40	1	16	110	129708000	129707713	6.91e-11	73.9	1188	245760952	85
AAX21527.1	SUPER_9_HAP1	65.957	47	16	0	358	404	129703988	129703848	4.88e-08	64.7	1188	245760952	85
AAX21527.1	SUPER_9_HAP1	42.500	80	43	2	253	332	129705808	129705578	2.16e-06	59.3	1188	245760952	85
AAX21527.1	HAP1_SCAFFOLD_1140	68.144	361	112	3	482	841	12459	13535	3.95e-148	501	1188	51409	85
AAX21527.1	HAP1_SCAFFOLD_1140	68.144	361	112	3	482	841	42733	43809	3.95e-148	501	1188	51409	85
AAX21527.1	HAP1_SCAFFOLD_1140	71.264	174	50	0	838	1011	14081	14602	6.57e-69	262	1188	51409	85
AAX21527.1	HAP1_SCAFFOLD_1140	71.264	174	50	0	838	1011	44355	44876	6.57e-69	262	1188	51409	85
AAX21527.1	HAP1_SCAFFOLD_1140	73.118	93	25	0	1007	1099	15276	15554	3.83e-65	145	1188	51409	85
AAX21527.1	HAP1_SCAFFOLD_1140	73.118	93	25	0	1007	1099	45550	45828	3.83e-65	145	1188	51409	85
AAX21527.1	HAP1_SCAFFOLD_1140	65.957	94	32	0	1095	1188	15662	15943	3.83e-65	130	1188	51409	85
AAX21527.1	HAP1_SCAFFOLD_1140	65.957	94	32	0	1095	1188	45936	46217	3.83e-65	130	1188	51409	85
AAX21527.1	HAP1_SCAFFOLD_1140	49.057	106	26	2	137	214	7260	7577	4.56e-14	84.3	1188	51409	85
AAX21527.1	HAP1_SCAFFOLD_1140	49.057	106	26	2	137	214	37534	37851	4.56e-14	84.3	1188	51409	85
AAX21527.1	HAP1_SCAFFOLD_1140	55.208	96	42	1	16	110	6176	6463	1.89e-10	72.4	1188	51409	85
AAX21527.1	HAP1_SCAFFOLD_1140	55.208	96	42	1	16	110	36450	36737	1.89e-10	72.4	1188	51409	85
AAX21527.1	HAP1_SCAFFOLD_1140	65.306	49	17	0	356	404	9865	10011	8.21e-09	67.0	1188	51409	85
AAX21527.1	HAP1_SCAFFOLD_1140	65.306	49	17	0	356	404	40139	40285	8.21e-09	67.0	1188	51409	85
AAX21527.1	HAP1_SCAFFOLD_1140	42.500	80	43	2	253	332	8050	8280	2.06e-06	59.3	1188	51409	85
AAX21527.1	HAP1_SCAFFOLD_1140	42.500	80	43	2	253	332	38324	38554	2.06e-06	59.3	1188	51409	85
AAX21527.1	SUPER_6_HAP1	69.714	350	103	3	493	841	4389712	4390755	1.23e-146	496	1188	260160428	59
AAX21527.1	SUPER_6_HAP1	71.264	174	50	0	838	1011	4391593	4392114	1.55e-69	264	1188	260160428	59
AAX21527.1	SUPER_6_HAP1	74.194	93	24	0	1007	1099	4392640	4392918	5.80e-33	146	1188	260160428	59
AAX21527.1	SUPER_6_HAP1	69.149	94	29	0	1095	1188	4393067	4393348	2.63e-29	134	1188	260160428	59
AAX21527.1	SUPER_13_HAP1	48.113	106	27	2	137	214	3428863	3428546	1.70e-13	82.4	1188	183547942	13
AAX21527.1	SUPER_13_HAP1	39.506	81	46	2	252	332	3425089	3425322	6.30e-05	54.3	1188	183547942	13
AAX21527.1	SUPER_1_HAP1	50.515	97	20	2	146	214	398765583	398765873	8.55e-13	80.1	1188	438371173	17
AAX21527.1	SUPER_1_HAP1	68.750	48	15	0	63	110	421017810	421017667	4.19e-09	68.2	1188	438371173	17
AAX21527.1	SUPER_1_HAP1	63.636	55	19	1	161	214	421015318	421015154	6.38e-09	67.4	1188	438371173	17
AAX21527.1	SUPER_1_HAP1	68.750	48	15	0	63	110	398764945	398765088	8.00e-09	67.0	1188	438371173	17
AAX21527.1	SUPER_1_HAP1	42.500	80	43	2	253	332	421014681	421014451	2.13e-06	59.3	1188	438371173	17
AAX21527.1	SUPER_3_HAP1	46.226	106	29	2	137	214	79175019	79174702	1.35e-12	79.7	1188	311080274	7
AAX21527.1	SUPER_7_HAP1	49.485	97	21	2	146	214	36836598	36836888	1.19e-11	76.6	1188	253859890	17
AAX21527.1	SUPER_7_HAP1	68.750	48	15	0	63	110	36835960	36836103	4.19e-09	68.2	1188	253859890	17
AAX21527.1	SUPER_7_HAP1	41.250	80	44	2	253	332	36837361	36837591	1.63e-05	56.2	1188	253859890	17
AAX21527.1	SUPER_2_HAP1	67.391	46	15	0	65	110	344063981	344064118	1.81e-07	62.8	1188	368307237	4
AAM21641.1	SUPER_9_HAP1	68.022	369	113	2	556	924	129701388	129700297	3.35e-152	515	1261	245760952	91
AAM21641.1	SUPER_9_HAP1	71.098	173	50	0	910	1082	129699769	129699251	7.82e-64	246	1261	245760952	91
AAM21641.1	SUPER_9_HAP1	67.021	94	31	0	1168	1261	129698315	129698034	2.33e-53	137	1261	245760952	91
AAM21641.1	SUPER_9_HAP1	55.789	95	40	2	1078	1172	129698701	129698423	2.33e-53	100	1261	245760952	91
AAM21641.1	SUPER_9_HAP1	39.908	218	111	6	223	438	129705988	129705389	3.59e-26	124	1261	245760952	91
AAM21641.1	SUPER_9_HAP1	69.072	97	28	2	19	114	129708000	129707713	8.77e-26	110	1261	245760952	91
AAM21641.1	SUPER_9_HAP1	52.941	34	16	0	110	143	129707596	129707495	8.77e-26	34.3	1261	245760952	91
AAM21641.1	SUPER_9_HAP1	60.656	61	24	0	162	222	129706454	129706272	5.07e-13	81.3	1261	245760952	91
AAM21641.1	SUPER_9_HAP1	43.651	126	64	4	314	438	127155804	127156163	1.20e-12	80.1	1261	245760952	91
AAM21641.1	SUPER_9_HAP1	72.973	37	10	0	519	555	129702040	129701930	2.35e-05	55.8	1261	245760952	91
AAM21641.1	HAP1_SCAFFOLD_1140	69.188	357	109	1	556	912	12468	13535	9.37e-152	514	1261	51409	93
AAM21641.1	HAP1_SCAFFOLD_1140	69.188	357	109	1	556	912	42742	43809	9.37e-152	514	1261	51409	93
AAM21641.1	HAP1_SCAFFOLD_1140	72.254	173	48	0	910	1082	14084	14602	9.87e-65	249	1261	51409	93
AAM21641.1	HAP1_SCAFFOLD_1140	72.254	173	48	0	910	1082	44358	44876	9.87e-65	249	1261	51409	93
AAM21641.1	HAP1_SCAFFOLD_1140	68.085	94	30	0	1168	1261	15662	15943	9.73e-54	138	1261	51409	93
AAM21641.1	HAP1_SCAFFOLD_1140	68.085	94	30	0	1168	1261	45936	46217	9.73e-54	138	1261	51409	93
AAM21641.1	HAP1_SCAFFOLD_1140	55.789	95	40	2	1078	1172	15276	15554	9.73e-54	100	1261	51409	93
AAM21641.1	HAP1_SCAFFOLD_1140	55.789	95	40	2	1078	1172	45550	45828	9.73e-54	100	1261	51409	93
AAM21641.1	HAP1_SCAFFOLD_1140	40.367	218	110	6	223	438	7870	8469	7.24e-27	126	1261	51409	93
AAM21641.1	HAP1_SCAFFOLD_1140	40.367	218	110	6	223	438	38144	38743	7.24e-27	126	1261	51409	93
AAM21641.1	HAP1_SCAFFOLD_1140	67.010	97	30	2	19	114	6176	6463	9.75e-25	107	1261	51409	93
AAM21641.1	HAP1_SCAFFOLD_1140	67.010	97	30	2	19	114	36450	36737	9.75e-25	107	1261	51409	93
AAM21641.1	HAP1_SCAFFOLD_1140	52.941	34	16	0	110	143	6580	6681	9.75e-25	34.3	1261	51409	93
AAM21641.1	HAP1_SCAFFOLD_1140	52.941	34	16	0	110	143	36854	36955	9.75e-25	34.3	1261	51409	93
AAM21641.1	HAP1_SCAFFOLD_1140	60.656	61	24	0	162	222	7404	7586	4.97e-13	81.3	1261	51409	93
AAM21641.1	HAP1_SCAFFOLD_1140	60.656	61	24	0	162	222	37678	37860	4.97e-13	81.3	1261	51409	93
AAM21641.1	HAP1_SCAFFOLD_1140	72.973	37	10	0	519	555	11816	11926	2.32e-05	55.8	1261	51409	93
AAM21641.1	HAP1_SCAFFOLD_1140	72.973	37	10	0	519	555	42090	42200	2.32e-05	55.8	1261	51409	93
AAM21641.1	HAP1_SCAFFOLD_1140	53.191	47	22	0	426	472	9859	9999	5.33e-05	54.7	1261	51409	93
AAM21641.1	HAP1_SCAFFOLD_1140	53.191	47	22	0	426	472	40133	40273	5.33e-05	54.7	1261	51409	93
AAM21641.1	SUPER_6_HAP1	68.908	357	110	1	556	912	4389688	4390755	3.07e-151	512	1261	260160428	59
AAM21641.1	SUPER_6_HAP1	72.254	173	48	0	910	1082	4391596	4392114	8.23e-65	249	1261	260160428	59
AAM21641.1	SUPER_6_HAP1	70.213	94	28	0	1168	1261	4393067	4393348	2.96e-31	140	1261	260160428	59
AAM21641.1	SUPER_6_HAP1	57.895	95	38	2	1078	1172	4392640	4392918	1.81e-19	102	1261	260160428	59
AAM21641.1	SUPER_6_HAP1	72.973	37	10	0	519	555	4389032	4389142	2.35e-05	55.8	1261	260160428	59
AAM21641.1	SUPER_1_HAP1	39.908	218	111	6	223	438	421014861	421014262	3.38e-26	124	1261	438371173	30
AAM21641.1	SUPER_1_HAP1	62.821	78	25	3	40	114	421017897	421017667	3.51e-18	84.7	1261	438371173	30
AAM21641.1	SUPER_1_HAP1	52.941	34	16	0	110	143	421017550	421017449	3.51e-18	34.3	1261	438371173	30
AAM21641.1	SUPER_1_HAP1	62.821	78	25	3	40	114	398764858	398765088	4.75e-18	84.3	1261	438371173	30
AAM21641.1	SUPER_1_HAP1	52.941	34	16	0	110	143	398765205	398765306	4.75e-18	33.9	1261	438371173	30
AAM21641.1	SUPER_1_HAP1	61.017	59	23	0	162	220	398765700	398765876	1.21e-12	79.7	1261	438371173	30
AAM21641.1	SUPER_1_HAP1	60.714	56	22	0	165	220	421015318	421015151	3.26e-11	75.1	1261	438371173	30
AAM21641.1	SUPER_1_HAP1	74.194	31	8	0	59	89	94438295	94438203	1.59e-08	57.0	1261	438371173	30
AAM21641.1	SUPER_1_HAP1	78.571	14	3	0	101	114	94438183	94438142	1.59e-08	28.9	1261	438371173	30
AAM21641.1	SUPER_7_HAP1	39.908	218	111	6	223	438	36837181	36837780	5.61e-26	123	1261	253859890	30
AAM21641.1	SUPER_7_HAP1	62.821	78	25	3	40	114	36835873	36836103	3.55e-18	84.7	1261	253859890	30
AAM21641.1	SUPER_7_HAP1	52.941	34	16	0	110	143	36836220	36836321	3.55e-18	34.3	1261	253859890	30
AAM21641.1	SUPER_7_HAP1	59.322	59	24	0	162	220	36836715	36836891	1.65e-11	76.3	1261	253859890	30
AAM21641.1	SUPER_7_HAP1	58.904	73	20	3	47	114	152227722	152227925	4.92e-10	71.2	1261	253859890	30
AAM21641.1	SUPER_13_HAP1	47.445	137	68	3	292	427	3425086	3425487	1.74e-20	105	1261	183547942	24
AAM21641.1	SUPER_13_HAP1	61.667	60	23	0	162	221	3428719	3428540	1.40e-13	82.8	1261	183547942	24
AAM21641.1	SUPER_13_HAP1	34.000	150	41	3	39	143	3429849	3429439	2.45e-05	55.8	1261	183547942	24
AAM21641.1	SUPER_2_HAP1	59.036	83	23	3	32	114	344063903	344064118	1.02e-15	76.3	1261	368307237	8
AAM21641.1	SUPER_2_HAP1	58.621	29	12	0	110	138	344064235	344064321	1.02e-15	33.9	1261	368307237	8
AAM21641.1	SUPER_3_HAP1	58.333	60	25	0	162	221	79174875	79174696	1.29e-12	79.7	1261	311080274	5
AAD54777.1	SUPER_9_HAP1	34.557	327	184	9	440	753	129701325	129700396	6.02e-37	159	1123	245760952	60
AAD54777.1	SUPER_9_HAP1	39.891	183	101	3	762	944	129699772	129699251	1.17e-33	148	1123	245760952	60
AAD54777.1	SUPER_9_HAP1	44.211	95	51	2	940	1034	129698701	129698423	1.89e-27	78.6	1123	245760952	60
AAD54777.1	SUPER_9_HAP1	46.154	91	49	0	1033	1123	129698306	129698034	1.89e-27	71.6	1123	245760952	60
AAD54777.1	SUPER_6_HAP1	34.259	324	189	8	440	753	4389751	4390680	6.07e-37	159	1123	260160428	59
AAD54777.1	SUPER_6_HAP1	35.652	230	136	5	718	944	4391452	4392114	2.06e-36	157	1123	260160428	59
AAD54777.1	SUPER_6_HAP1	52.113	71	33	1	940	1010	4392640	4392849	3.11e-12	78.2	1123	260160428	59
AAD54777.1	SUPER_6_HAP1	46.154	91	49	0	1033	1123	4393076	4393348	5.75e-10	70.9	1123	260160428	59
AAD54777.1	HAP1_SCAFFOLD_1140	34.251	327	185	9	440	753	12531	13460	2.08e-36	157	1123	51409	60
AAD54777.1	HAP1_SCAFFOLD_1140	34.251	327	185	9	440	753	42805	43734	2.08e-36	157	1123	51409	60
AAD54777.1	HAP1_SCAFFOLD_1140	39.891	183	101	3	762	944	14081	14602	1.44e-33	148	1123	51409	60
AAD54777.1	HAP1_SCAFFOLD_1140	39.891	183	101	3	762	944	44355	44876	1.44e-33	148	1123	51409	60
AAD54777.1	HAP1_SCAFFOLD_1140	44.211	95	51	2	940	1034	15276	15554	1.43e-27	78.6	1123	51409	60
AAD54777.1	HAP1_SCAFFOLD_1140	44.211	95	51	2	940	1034	45550	45828	1.43e-27	78.6	1123	51409	60
AAD54777.1	HAP1_SCAFFOLD_1140	46.154	91	49	0	1033	1123	15671	15943	1.43e-27	72.0	1123	51409	60
AAD54777.1	HAP1_SCAFFOLD_1140	46.154	91	49	0	1033	1123	45945	46217	1.43e-27	72.0	1123	51409	60
CAC01849.1	SUPER_9_HAP1	34.557	327	184	9	440	753	129701325	129700396	6.02e-37	159	1123	245760952	60
CAC01849.1	SUPER_9_HAP1	39.891	183	101	3	762	944	129699772	129699251	1.17e-33	148	1123	245760952	60
CAC01849.1	SUPER_9_HAP1	44.211	95	51	2	940	1034	129698701	129698423	1.89e-27	78.6	1123	245760952	60
CAC01849.1	SUPER_9_HAP1	46.154	91	49	0	1033	1123	129698306	129698034	1.89e-27	71.6	1123	245760952	60
CAC01849.1	SUPER_6_HAP1	34.259	324	189	8	440	753	4389751	4390680	6.07e-37	159	1123	260160428	59
CAC01849.1	SUPER_6_HAP1	35.652	230	136	5	718	944	4391452	4392114	2.06e-36	157	1123	260160428	59
CAC01849.1	SUPER_6_HAP1	52.113	71	33	1	940	1010	4392640	4392849	3.11e-12	78.2	1123	260160428	59
CAC01849.1	SUPER_6_HAP1	46.154	91	49	0	1033	1123	4393076	4393348	5.75e-10	70.9	1123	260160428	59
CAC01849.1	HAP1_SCAFFOLD_1140	34.251	327	185	9	440	753	12531	13460	2.08e-36	157	1123	51409	60
CAC01849.1	HAP1_SCAFFOLD_1140	34.251	327	185	9	440	753	42805	43734	2.08e-36	157	1123	51409	60
CAC01849.1	HAP1_SCAFFOLD_1140	39.891	183	101	3	762	944	14081	14602	1.44e-33	148	1123	51409	60
CAC01849.1	HAP1_SCAFFOLD_1140	39.891	183	101	3	762	944	44355	44876	1.44e-33	148	1123	51409	60
CAC01849.1	HAP1_SCAFFOLD_1140	44.211	95	51	2	940	1034	15276	15554	1.43e-27	78.6	1123	51409	60
CAC01849.1	HAP1_SCAFFOLD_1140	44.211	95	51	2	940	1034	45550	45828	1.43e-27	78.6	1123	51409	60
CAC01849.1	HAP1_SCAFFOLD_1140	46.154	91	49	0	1033	1123	15671	15943	1.43e-27	72.0	1123	51409	60
CAC01849.1	HAP1_SCAFFOLD_1140	46.154	91	49	0	1033	1123	45945	46217	1.43e-27	72.0	1123	51409	60
TERT_Arceuthobium_sichuanense_exon9	SUPER_6_HAP1	36.036	111	69	1	20	130	4390015	4390341	9.65e-14	72.4	130	260160428	85
TERT_Arceuthobium_sichuanense_exon9	SUPER_9_HAP1	35.185	108	68	1	23	130	129701052	129700735	5.79e-13	70.1	130	245760952	83
TERT_Arceuthobium_sichuanense_exon9	HAP1_SCAFFOLD_1140	35.185	108	68	1	23	130	12804	13121	1.97e-12	68.6	130	51409	83
TERT_Arceuthobium_sichuanense_exon9	HAP1_SCAFFOLD_1140	35.185	108	68	1	23	130	43078	43395	1.97e-12	68.6	130	51409	83
TERT_Santalum_album_chr1locus	SUPER_6_HAP1	34.111	343	179	5	26	367	4389769	4390659	1.45e-49	186	399	260160428	86
TERT_Santalum_album_chr1locus	SUPER_9_HAP1	33.626	342	182	4	26	367	129701307	129700417	5.40e-49	184	399	245760952	86
TERT_Santalum_album_chr1locus	HAP1_SCAFFOLD_1140	33.626	342	182	4	26	367	12549	13439	8.94e-49	184	399	51409	86
TERT_Santalum_album_chr1locus	HAP1_SCAFFOLD_1140	33.626	342	182	4	26	367	42823	43713	8.94e-49	184	399	51409	86
