NP_001105870.1	H_9	35.244	349	182	5	510	817	179066	180103	1.04e-47	192	1188	183077	55
NP_001105870.1	H_9	55.319	94	40	2	1009	1100	181809	182090	5.24e-41	105	1188	183077	55
NP_001105870.1	H_9	47.826	92	48	0	1097	1188	182174	182449	5.24e-41	88.2	1188	183077	55
NP_001105870.1	H_9	44.724	199	86	4	838	1012	180581	181177	1.18e-30	136	1188	183077	55
NP_001105870.1	SUPER_6_HAP2	35.244	349	182	5	510	817	29677076	29678113	1.05e-47	192	1188	38374851	55
NP_001105870.1	SUPER_6_HAP2	55.319	94	40	2	1009	1100	29679819	29680100	4.98e-41	105	1188	38374851	55
NP_001105870.1	SUPER_6_HAP2	47.826	92	48	0	1097	1188	29680184	29680459	4.98e-41	88.2	1188	38374851	55
NP_001105870.1	SUPER_6_HAP2	44.724	199	86	4	838	1012	29678591	29679187	1.20e-30	136	1188	38374851	55
NP_001105870.1	SUPER_11_HAP2	34.957	349	183	5	510	817	24678377	24679414	4.65e-46	187	1188	33837715	55
NP_001105870.1	SUPER_11_HAP2	50.926	108	51	2	995	1100	24681078	24681401	1.61e-40	106	1188	33837715	55
NP_001105870.1	SUPER_11_HAP2	46.739	92	49	0	1097	1188	24681485	24681760	1.61e-40	85.5	1188	33837715	55
NP_001105870.1	SUPER_11_HAP2	44.221	199	87	4	838	1012	24679892	24680488	7.44e-29	130	1188	33837715	55
NP_001105870.1	SUPER_15_HAP2	53.191	94	42	2	1009	1100	24385213	24385494	3.00e-39	100	1188	33231407	55
NP_001105870.1	SUPER_15_HAP2	47.826	92	48	0	1097	1188	24385578	24385853	3.00e-39	87.4	1188	33231407	55
NP_001105870.1	SUPER_15_HAP2	32.335	334	170	7	512	802	24369678	24370640	2.79e-35	151	1188	33231407	55
NP_001105870.1	SUPER_15_HAP2	41.860	215	101	4	831	1021	24371137	24371781	6.37e-30	134	1188	33231407	55
NP_001105870.1	HAP2_SCAFFOLD_85	53.191	94	42	2	1009	1100	119578	119297	8.61e-38	100	1188	404000	54
NP_001105870.1	HAP2_SCAFFOLD_85	46.739	92	49	0	1097	1188	119213	118938	8.61e-38	82.4	1188	404000	54
NP_001105870.1	HAP2_SCAFFOLD_85	32.326	331	168	7	515	802	122277	121324	8.86e-35	150	1188	404000	54
NP_001105870.1	HAP2_SCAFFOLD_85	42.308	208	96	4	838	1021	120806	120183	8.38e-30	134	1188	404000	54
sp|Q8LKW0.2|TERT_ORYSJ	H_9	32.997	397	220	6	581	933	179066	180250	3.55e-47	191	1259	183077	54
sp|Q8LKW0.2|TERT_ORYSJ	H_9	53.191	94	42	2	1080	1171	181809	182090	2.08e-40	101	1259	183077	54
sp|Q8LKW0.2|TERT_ORYSJ	H_9	45.652	92	50	0	1168	1259	182174	182449	2.08e-40	90.1	1259	183077	54
sp|Q8LKW0.2|TERT_ORYSJ	H_9	47.895	190	75	3	918	1083	180608	181177	1.71e-33	146	1259	183077	54
sp|Q8LKW0.2|TERT_ORYSJ	SUPER_6_HAP2	32.997	397	220	6	581	933	29677076	29678260	3.60e-47	191	1259	38374851	54
sp|Q8LKW0.2|TERT_ORYSJ	SUPER_6_HAP2	53.191	94	42	2	1080	1171	29679819	29680100	1.97e-40	101	1259	38374851	54
sp|Q8LKW0.2|TERT_ORYSJ	SUPER_6_HAP2	45.652	92	50	0	1168	1259	29680184	29680459	1.97e-40	90.1	1259	38374851	54
sp|Q8LKW0.2|TERT_ORYSJ	SUPER_6_HAP2	47.895	190	75	3	918	1083	29678618	29679187	1.72e-33	146	1259	38374851	54
sp|Q8LKW0.2|TERT_ORYSJ	SUPER_11_HAP2	34.421	337	177	5	581	875	24678377	24679381	6.08e-44	180	1259	33837715	51
sp|Q8LKW0.2|TERT_ORYSJ	SUPER_11_HAP2	49.074	108	53	2	1066	1171	24681078	24681401	4.67e-40	103	1259	33837715	51
sp|Q8LKW0.2|TERT_ORYSJ	SUPER_11_HAP2	44.565	92	51	0	1168	1259	24681485	24681760	4.67e-40	87.0	1259	33837715	51
sp|Q8LKW0.2|TERT_ORYSJ	SUPER_11_HAP2	47.368	190	76	3	918	1083	24679919	24680488	1.10e-31	140	1259	33837715	51
sp|Q8LKW0.2|TERT_ORYSJ	SUPER_15_HAP2	52.128	94	43	2	1080	1171	24385213	24385494	9.90e-40	98.6	1259	33231407	54
sp|Q8LKW0.2|TERT_ORYSJ	SUPER_15_HAP2	46.739	92	49	0	1168	1259	24385578	24385853	9.90e-40	90.5	1259	33231407	54
sp|Q8LKW0.2|TERT_ORYSJ	SUPER_15_HAP2	30.711	394	219	10	583	933	24369678	24370826	5.66e-34	147	1259	33231407	54
sp|Q8LKW0.2|TERT_ORYSJ	SUPER_15_HAP2	46.809	188	76	3	918	1081	24371185	24371748	1.95e-32	142	1259	33231407	54
sp|Q8LKW0.2|TERT_ORYSJ	HAP2_SCAFFOLD_85	52.128	94	43	2	1080	1171	119578	119297	3.22e-38	98.6	1259	404000	54
sp|Q8LKW0.2|TERT_ORYSJ	HAP2_SCAFFOLD_85	45.652	92	50	0	1168	1259	119213	118938	3.22e-38	85.5	1259	404000	54
sp|Q8LKW0.2|TERT_ORYSJ	HAP2_SCAFFOLD_85	30.909	385	224	9	586	933	122277	121138	5.99e-33	144	1259	404000	54
sp|Q8LKW0.2|TERT_ORYSJ	HAP2_SCAFFOLD_85	46.809	188	76	3	918	1081	120779	120216	1.94e-32	142	1259	404000	54
sp|Q9SPU7.1|TERT_ARATH	H_9	38.667	375	174	7	445	765	179069	180187	5.78e-59	228	1123	183077	68
sp|Q9SPU7.1|TERT_ARATH	H_9	45.192	208	94	2	771	958	180608	181231	3.50e-48	193	1123	183077	68
sp|Q9SPU7.1|TERT_ARATH	H_9	54.737	95	43	0	942	1036	181809	182093	2.47e-39	114	1123	183077	68
sp|Q9SPU7.1|TERT_ARATH	H_9	50.000	92	46	0	1032	1123	182174	182449	2.47e-39	73.6	1123	183077	68
sp|Q9SPU7.1|TERT_ARATH	H_9	35.955	89	39	1	6	94	175413	175625	4.54e-07	58.9	1123	183077	68
sp|Q9SPU7.1|TERT_ARATH	SUPER_6_HAP2	38.667	375	174	7	445	765	29677079	29678197	5.87e-59	228	1123	38374851	68
sp|Q9SPU7.1|TERT_ARATH	SUPER_6_HAP2	45.192	208	94	2	771	958	29678618	29679241	3.55e-48	193	1123	38374851	68
sp|Q9SPU7.1|TERT_ARATH	SUPER_6_HAP2	54.737	95	43	0	942	1036	29679819	29680103	2.35e-39	114	1123	38374851	68
sp|Q9SPU7.1|TERT_ARATH	SUPER_6_HAP2	50.000	92	46	0	1032	1123	29680184	29680459	2.35e-39	73.6	1123	38374851	68
sp|Q9SPU7.1|TERT_ARATH	SUPER_6_HAP2	35.955	89	39	1	6	94	29673423	29673635	4.56e-07	58.9	1123	38374851	68
sp|Q9SPU7.1|TERT_ARATH	SUPER_11_HAP2	38.133	375	176	7	445	765	24678380	24679498	5.99e-57	221	1123	33837715	68
sp|Q9SPU7.1|TERT_ARATH	SUPER_11_HAP2	44.231	208	96	2	771	958	24679919	24680542	1.13e-45	185	1123	33837715	68
sp|Q9SPU7.1|TERT_ARATH	SUPER_11_HAP2	54.737	95	43	0	942	1036	24681120	24681404	3.36e-38	115	1123	33837715	68
sp|Q9SPU7.1|TERT_ARATH	SUPER_11_HAP2	48.913	92	47	0	1032	1123	24681485	24681760	3.36e-38	68.6	1123	33837715	68
sp|Q9SPU7.1|TERT_ARATH	SUPER_11_HAP2	35.106	94	43	1	1	94	24674736	24674963	3.40e-07	59.3	1123	33837715	68
sp|Q9SPU7.1|TERT_ARATH	SUPER_15_HAP2	36.813	364	182	9	447	765	24369681	24370763	5.35e-49	196	1123	33231407	60
sp|Q9SPU7.1|TERT_ARATH	SUPER_15_HAP2	46.277	188	86	1	771	943	24371185	24371748	3.72e-46	187	1123	33231407	60
sp|Q9SPU7.1|TERT_ARATH	SUPER_15_HAP2	52.632	95	45	0	942	1036	24385213	24385497	2.97e-37	107	1123	33231407	60
sp|Q9SPU7.1|TERT_ARATH	SUPER_15_HAP2	51.087	92	45	0	1032	1123	24385578	24385853	2.97e-37	73.6	1123	33231407	60
sp|Q9SPU7.1|TERT_ARATH	HAP2_SCAFFOLD_85	36.639	363	182	9	448	765	122280	121201	2.50e-48	194	1123	404000	60
sp|Q9SPU7.1|TERT_ARATH	HAP2_SCAFFOLD_85	46.277	188	86	1	771	943	120779	120216	3.69e-46	187	1123	404000	60
sp|Q9SPU7.1|TERT_ARATH	HAP2_SCAFFOLD_85	52.632	95	45	0	942	1036	119578	119294	1.27e-35	107	1123	404000	60
sp|Q9SPU7.1|TERT_ARATH	HAP2_SCAFFOLD_85	50.000	92	46	0	1032	1123	119213	118938	1.27e-35	68.2	1123	404000	60
XP_016496114.1	H_9	48.670	376	163	2	514	859	179060	180187	1.29e-98	352	1228	183077	68
XP_016496114.1	H_9	64.894	94	33	0	1047	1140	181809	182090	2.28e-52	133	1228	183077	68
XP_016496114.1	H_9	55.435	92	41	0	1137	1228	182174	182449	2.28e-52	98.2	1228	183077	68
XP_016496114.1	H_9	52.968	219	93	4	855	1063	180575	181231	7.76e-49	196	1228	183077	68
XP_016496114.1	H_9	41.837	98	37	2	5	102	175413	175646	9.98e-12	65.9	1228	183077	68
XP_016496114.1	H_9	53.333	30	10	2	99	125	175744	175830	9.98e-12	28.9	1228	183077	68
XP_016496114.1	SUPER_6_HAP2	48.670	376	163	2	514	859	29677070	29678197	1.31e-98	352	1228	38374851	68
XP_016496114.1	SUPER_6_HAP2	64.894	94	33	0	1047	1140	29679819	29680100	2.19e-52	133	1228	38374851	68
XP_016496114.1	SUPER_6_HAP2	55.435	92	41	0	1137	1228	29680184	29680459	2.19e-52	98.2	1228	38374851	68
XP_016496114.1	SUPER_6_HAP2	52.968	219	93	4	855	1063	29678585	29679241	7.87e-49	196	1228	38374851	68
XP_016496114.1	SUPER_6_HAP2	41.837	98	37	2	5	102	29673423	29673656	8.61e-12	65.9	1228	38374851	68
XP_016496114.1	SUPER_6_HAP2	53.333	30	10	2	99	125	29673754	29673840	8.61e-12	28.9	1228	38374851	68
XP_016496114.1	SUPER_11_HAP2	48.138	376	165	2	514	859	24678371	24679498	8.20e-97	347	1228	33837715	68
XP_016496114.1	SUPER_11_HAP2	64.894	94	33	0	1047	1140	24681120	24681401	5.76e-50	133	1228	33837715	68
XP_016496114.1	SUPER_11_HAP2	53.261	92	43	0	1137	1228	24681485	24681760	5.76e-50	89.7	1228	33837715	68
XP_016496114.1	SUPER_11_HAP2	52.511	219	94	4	855	1063	24679886	24680542	4.48e-47	190	1228	33837715	68
XP_016496114.1	SUPER_11_HAP2	41.837	98	37	2	5	102	24674751	24674984	3.23e-11	63.9	1228	33837715	68
XP_016496114.1	SUPER_11_HAP2	53.333	30	10	2	99	125	24675068	24675154	3.23e-11	28.9	1228	33837715	68
XP_016496114.1	SUPER_15_HAP2	48.512	336	141	5	516	825	24369672	24370661	1.01e-83	306	1228	33231407	56
XP_016496114.1	SUPER_15_HAP2	62.766	94	35	0	1047	1140	24385213	24385494	6.01e-51	127	1228	33231407	56
XP_016496114.1	SUPER_15_HAP2	56.522	92	40	0	1137	1228	24385578	24385853	6.01e-51	99.0	1228	33231407	56
XP_016496114.1	SUPER_15_HAP2	52.632	209	94	3	855	1058	24371152	24371778	2.79e-46	187	1228	33231407	56
XP_016496114.1	HAP2_SCAFFOLD_85	48.640	331	140	4	520	825	122280	121303	5.31e-83	304	1228	404000	55
XP_016496114.1	HAP2_SCAFFOLD_85	62.766	94	35	0	1047	1140	119578	119297	1.87e-49	127	1228	404000	55
XP_016496114.1	HAP2_SCAFFOLD_85	55.435	92	41	0	1137	1228	119213	118938	1.87e-49	94.0	1228	404000	55
XP_016496114.1	HAP2_SCAFFOLD_85	52.632	209	94	3	855	1058	120812	120186	2.77e-46	187	1228	404000	55
XP_070031847.1	H_9	47.606	376	167	2	466	811	179060	180187	5.16e-96	343	1180	183077	68
XP_070031847.1	H_9	64.894	94	33	0	999	1092	181809	182090	1.15e-51	132	1180	183077	68
XP_070031847.1	H_9	56.522	92	40	0	1089	1180	182174	182449	1.15e-51	96.7	1180	183077	68
XP_070031847.1	H_9	54.338	219	90	3	807	1015	180575	181231	1.15e-49	198	1180	183077	68
XP_070031847.1	H_9	43.023	86	31	1	5	90	175413	175616	5.74e-10	68.6	1180	183077	68
XP_070031847.1	SUPER_6_HAP2	47.606	376	167	2	466	811	29677070	29678197	5.25e-96	343	1180	38374851	68
XP_070031847.1	SUPER_6_HAP2	64.894	94	33	0	999	1092	29679819	29680100	1.11e-51	132	1180	38374851	68
XP_070031847.1	SUPER_6_HAP2	56.522	92	40	0	1089	1180	29680184	29680459	1.11e-51	96.7	1180	38374851	68
XP_070031847.1	SUPER_6_HAP2	54.338	219	90	3	807	1015	29678585	29679241	1.16e-49	198	1180	38374851	68
XP_070031847.1	SUPER_6_HAP2	43.023	86	31	1	5	90	29673423	29673626	5.77e-10	68.6	1180	38374851	68
XP_070031847.1	SUPER_11_HAP2	47.074	376	169	2	466	811	24678371	24679498	3.07e-94	338	1180	33837715	68
XP_070031847.1	SUPER_11_HAP2	64.894	94	33	0	999	1092	24681120	24681401	3.61e-49	132	1180	33837715	68
XP_070031847.1	SUPER_11_HAP2	54.348	92	42	0	1089	1180	24681485	24681760	3.61e-49	88.2	1180	33837715	68
XP_070031847.1	SUPER_11_HAP2	53.881	219	91	3	807	1015	24679886	24680542	7.46e-48	192	1180	33837715	68
XP_070031847.1	SUPER_11_HAP2	43.023	86	31	1	5	90	24674751	24674954	3.08e-09	66.2	1180	33837715	68
XP_070031847.1	SUPER_15_HAP2	44.865	370	172	5	468	811	24369672	24370763	3.77e-81	298	1180	33231407	60
XP_070031847.1	SUPER_15_HAP2	62.766	94	35	0	999	1092	24385213	24385494	2.49e-50	127	1180	33231407	60
XP_070031847.1	SUPER_15_HAP2	57.609	92	39	0	1089	1180	24385578	24385853	2.49e-50	97.4	1180	33231407	60
XP_070031847.1	SUPER_15_HAP2	54.067	209	91	2	807	1010	24371152	24371778	6.00e-47	189	1180	33231407	60
XP_070031847.1	HAP2_SCAFFOLD_85	44.932	365	171	4	472	811	122280	121201	1.95e-80	295	1180	404000	60
XP_070031847.1	HAP2_SCAFFOLD_85	62.766	94	35	0	999	1092	119578	119297	8.01e-49	127	1180	404000	60
XP_070031847.1	HAP2_SCAFFOLD_85	56.522	92	40	0	1089	1180	119213	118938	8.01e-49	92.4	1180	404000	60
XP_070031847.1	HAP2_SCAFFOLD_85	54.067	209	91	2	807	1010	120812	120186	5.96e-47	189	1180	404000	60
XP_033514372.1	H_9	47.606	376	167	2	302	647	179060	180187	1.28e-97	344	1016	183077	70
XP_033514372.1	H_9	64.894	94	33	0	835	928	181809	182090	2.70e-52	133	1016	183077	70
XP_033514372.1	H_9	56.522	92	40	0	925	1016	182174	182449	2.70e-52	97.4	1016	183077	70
XP_033514372.1	H_9	54.338	219	90	3	643	851	180575	181231	4.59e-50	198	1016	183077	70
XP_033514372.1	SUPER_6_HAP2	47.606	376	167	2	302	647	29677070	29678197	1.30e-97	344	1016	38374851	70
XP_033514372.1	SUPER_6_HAP2	64.894	94	33	0	835	928	29679819	29680100	2.59e-52	133	1016	38374851	70
XP_033514372.1	SUPER_6_HAP2	56.522	92	40	0	925	1016	29680184	29680459	2.59e-52	97.4	1016	38374851	70
XP_033514372.1	SUPER_6_HAP2	54.338	219	90	3	643	851	29678585	29679241	4.65e-50	198	1016	38374851	70
XP_033514372.1	SUPER_11_HAP2	47.074	376	169	2	302	647	24678371	24679498	3.84e-96	340	1016	33837715	70
XP_033514372.1	SUPER_11_HAP2	64.894	94	33	0	835	928	24681120	24681401	8.04e-50	133	1016	33837715	70
XP_033514372.1	SUPER_11_HAP2	54.348	92	42	0	925	1016	24681485	24681760	8.04e-50	89.0	1016	33837715	70
XP_033514372.1	SUPER_11_HAP2	53.881	219	91	3	643	851	24679886	24680542	3.09e-48	192	1016	33837715	70
XP_033514372.1	SUPER_15_HAP2	44.865	370	172	5	304	647	24369672	24370763	1.41e-82	299	1016	33231407	70
XP_033514372.1	SUPER_15_HAP2	62.766	94	35	0	835	928	24385213	24385494	5.98e-51	128	1016	33231407	70
XP_033514372.1	SUPER_15_HAP2	57.609	92	39	0	925	1016	24385578	24385853	5.98e-51	98.2	1016	33231407	70
XP_033514372.1	SUPER_15_HAP2	54.067	209	91	2	643	846	24371152	24371778	2.78e-47	189	1016	33231407	70
XP_033514372.1	HAP2_SCAFFOLD_85	44.932	365	171	4	308	647	122280	121201	1.14e-81	296	1016	404000	70
XP_033514372.1	HAP2_SCAFFOLD_85	62.766	94	35	0	835	928	119578	119297	1.94e-49	128	1016	404000	70
XP_033514372.1	HAP2_SCAFFOLD_85	56.522	92	40	0	925	1016	119213	118938	1.94e-49	93.2	1016	404000	70
XP_033514372.1	HAP2_SCAFFOLD_85	54.067	209	91	2	643	846	120812	120186	2.77e-47	189	1016	404000	70
XP_009765715.1	H_9	48.670	376	163	2	326	671	179060	180187	2.77e-100	353	1040	183077	69
XP_009765715.1	H_9	64.894	94	33	0	859	952	181809	182090	1.00e-52	133	1040	183077	69
XP_009765715.1	H_9	55.435	92	41	0	949	1040	182174	182449	1.00e-52	99.0	1040	183077	69
XP_009765715.1	H_9	52.511	219	94	3	667	875	180575	181231	3.91e-49	196	1040	183077	69
XP_009765715.1	SUPER_6_HAP2	48.670	376	163	2	326	671	29677070	29678197	2.81e-100	353	1040	38374851	69
XP_009765715.1	SUPER_6_HAP2	64.894	94	33	0	859	952	29679819	29680100	9.62e-53	133	1040	38374851	69
XP_009765715.1	SUPER_6_HAP2	55.435	92	41	0	949	1040	29680184	29680459	9.62e-53	99.0	1040	38374851	69
XP_009765715.1	SUPER_6_HAP2	52.511	219	94	3	667	875	29678585	29679241	3.96e-49	196	1040	38374851	69
XP_009765715.1	SUPER_11_HAP2	48.138	376	165	2	326	671	24678371	24679498	2.41e-98	347	1040	33837715	69
XP_009765715.1	SUPER_11_HAP2	64.894	94	33	0	859	952	24681120	24681401	2.68e-50	133	1040	33837715	69
XP_009765715.1	SUPER_11_HAP2	53.261	92	43	0	949	1040	24681485	24681760	2.68e-50	90.5	1040	33837715	69
XP_009765715.1	SUPER_11_HAP2	52.055	219	95	3	667	875	24679886	24680542	2.17e-47	190	1040	33837715	69
XP_009765715.1	SUPER_15_HAP2	48.512	336	141	5	328	637	24369672	24370661	3.54e-85	307	1040	33231407	66
XP_009765715.1	SUPER_15_HAP2	62.766	94	35	0	859	952	24385213	24385494	3.02e-51	127	1040	33231407	66
XP_009765715.1	SUPER_15_HAP2	56.522	92	40	0	949	1040	24385578	24385853	3.02e-51	99.4	1040	33231407	66
XP_009765715.1	SUPER_15_HAP2	52.632	209	94	3	667	870	24371152	24371778	2.04e-46	187	1040	33231407	66
XP_009765715.1	HAP2_SCAFFOLD_85	48.640	331	140	4	332	637	122280	121303	2.52e-84	305	1040	404000	65
XP_009765715.1	HAP2_SCAFFOLD_85	62.766	94	35	0	859	952	119578	119297	8.35e-50	127	1040	404000	65
XP_009765715.1	HAP2_SCAFFOLD_85	55.435	92	41	0	949	1040	119213	118938	8.35e-50	94.7	1040	404000	65
XP_009765715.1	HAP2_SCAFFOLD_85	52.632	209	94	3	667	870	120812	120186	2.03e-46	187	1040	404000	65
XP_009765713.1	H_9	48.670	376	163	2	357	702	179060	180187	3.50e-100	353	1071	183077	67
XP_009765713.1	H_9	64.894	94	33	0	890	983	181809	182090	7.31e-53	133	1071	183077	67
XP_009765713.1	H_9	55.435	92	41	0	980	1071	182174	182449	7.31e-53	99.4	1071	183077	67
XP_009765713.1	H_9	52.511	219	94	3	698	906	180575	181231	3.61e-49	196	1071	183077	67
XP_009765713.1	SUPER_6_HAP2	48.670	376	163	2	357	702	29677070	29678197	3.56e-100	353	1071	38374851	67
XP_009765713.1	SUPER_6_HAP2	64.894	94	33	0	890	983	29679819	29680100	7.02e-53	133	1071	38374851	67
XP_009765713.1	SUPER_6_HAP2	55.435	92	41	0	980	1071	29680184	29680459	7.02e-53	99.4	1071	38374851	67
XP_009765713.1	SUPER_6_HAP2	52.511	219	94	3	698	906	29678585	29679241	3.66e-49	196	1071	38374851	67
XP_009765713.1	SUPER_11_HAP2	48.138	376	165	2	357	702	24678371	24679498	1.45e-98	348	1071	33837715	67
XP_009765713.1	SUPER_11_HAP2	64.894	94	33	0	890	983	24681120	24681401	1.66e-50	134	1071	33837715	67
XP_009765713.1	SUPER_11_HAP2	53.261	92	43	0	980	1071	24681485	24681760	1.66e-50	90.9	1071	33837715	67
XP_009765713.1	SUPER_11_HAP2	52.055	219	95	3	698	906	24679886	24680542	1.80e-47	191	1071	33837715	67
XP_009765713.1	SUPER_15_HAP2	48.512	336	141	5	359	668	24369672	24370661	3.80e-85	308	1071	33231407	64
XP_009765713.1	SUPER_15_HAP2	62.766	94	35	0	890	983	24385213	24385494	1.74e-51	128	1071	33231407	64
XP_009765713.1	SUPER_15_HAP2	56.522	92	40	0	980	1071	24385578	24385853	1.74e-51	99.8	1071	33231407	64
XP_009765713.1	SUPER_15_HAP2	52.632	209	94	3	698	901	24371152	24371778	1.83e-46	187	1071	33231407	64
XP_009765713.1	HAP2_SCAFFOLD_85	48.640	331	140	4	363	668	122280	121303	3.17e-84	305	1071	404000	63
XP_009765713.1	HAP2_SCAFFOLD_85	62.766	94	35	0	890	983	119578	119297	4.95e-50	128	1071	404000	63
XP_009765713.1	HAP2_SCAFFOLD_85	55.435	92	41	0	980	1071	119213	118938	4.95e-50	95.1	1071	404000	63
XP_009765713.1	HAP2_SCAFFOLD_85	52.632	209	94	3	698	901	120812	120186	1.82e-46	187	1071	404000	63
XP_009765710.1	H_9	48.670	376	163	2	545	890	179060	180187	1.81e-98	352	1259	183077	66
XP_009765710.1	H_9	64.894	94	33	0	1078	1171	181809	182090	2.72e-52	132	1259	183077	66
XP_009765710.1	H_9	55.435	92	41	0	1168	1259	182174	182449	2.72e-52	98.6	1259	183077	66
XP_009765710.1	H_9	52.511	219	94	3	886	1094	180575	181231	7.57e-49	196	1259	183077	66
XP_009765710.1	H_9	41.837	98	37	2	5	102	175413	175646	6.92e-11	66.2	1259	183077	66
XP_009765710.1	H_9	50.000	30	11	2	99	125	175744	175830	6.92e-11	25.8	1259	183077	66
XP_009765710.1	SUPER_6_HAP2	48.670	376	163	2	545	890	29677070	29678197	1.84e-98	352	1259	38374851	66
XP_009765710.1	SUPER_6_HAP2	64.894	94	33	0	1078	1171	29679819	29680100	2.61e-52	132	1259	38374851	66
XP_009765710.1	SUPER_6_HAP2	55.435	92	41	0	1168	1259	29680184	29680459	2.61e-52	98.6	1259	38374851	66
XP_009765710.1	SUPER_6_HAP2	52.511	219	94	3	886	1094	29678585	29679241	7.68e-49	196	1259	38374851	66
XP_009765710.1	SUPER_6_HAP2	41.837	98	37	2	5	102	29673423	29673656	5.92e-11	66.2	1259	38374851	66
XP_009765710.1	SUPER_6_HAP2	50.000	30	11	2	99	125	29673754	29673840	5.92e-11	25.8	1259	38374851	66
XP_009765710.1	SUPER_11_HAP2	48.138	376	165	2	545	890	24678371	24679498	1.32e-96	347	1259	33837715	66
XP_009765710.1	SUPER_11_HAP2	64.894	94	33	0	1078	1171	24681120	24681401	7.91e-50	132	1259	33837715	66
XP_009765710.1	SUPER_11_HAP2	53.261	92	43	0	1168	1259	24681485	24681760	7.91e-50	90.1	1259	33837715	66
XP_009765710.1	SUPER_11_HAP2	52.055	219	95	3	886	1094	24679886	24680542	3.95e-47	190	1259	33837715	66
XP_009765710.1	SUPER_11_HAP2	41.837	98	37	2	5	102	24674751	24674984	2.31e-10	64.3	1259	33837715	66
XP_009765710.1	SUPER_11_HAP2	50.000	30	11	2	99	125	24675068	24675154	2.31e-10	25.8	1259	33837715	66
XP_009765710.1	SUPER_15_HAP2	48.512	336	141	5	547	856	24369672	24370661	8.35e-84	307	1259	33231407	54
XP_009765710.1	SUPER_15_HAP2	62.766	94	35	0	1078	1171	24385213	24385494	8.19e-51	127	1259	33231407	54
XP_009765710.1	SUPER_15_HAP2	56.522	92	40	0	1168	1259	24385578	24385853	8.19e-51	99.0	1259	33231407	54
XP_009765710.1	SUPER_15_HAP2	52.632	209	94	3	886	1089	24371152	24371778	3.63e-46	187	1259	33231407	54
XP_009765710.1	HAP2_SCAFFOLD_85	48.640	331	140	4	551	856	122280	121303	5.56e-83	305	1259	404000	54
XP_009765710.1	HAP2_SCAFFOLD_85	62.766	94	35	0	1078	1171	119578	119297	2.40e-49	127	1259	404000	54
XP_009765710.1	HAP2_SCAFFOLD_85	55.435	92	41	0	1168	1259	119213	118938	2.40e-49	94.4	1259	404000	54
XP_009765710.1	HAP2_SCAFFOLD_85	52.632	209	94	3	886	1089	120812	120186	3.61e-46	187	1259	404000	54
XP_009612033.1	H_9	47.606	376	167	2	271	616	179060	180187	9.31e-98	344	985	183077	73
XP_009612033.1	H_9	64.894	94	33	0	804	897	181809	182090	3.40e-52	133	985	183077	73
XP_009612033.1	H_9	56.522	92	40	0	894	985	182174	182449	3.40e-52	97.4	985	183077	73
XP_009612033.1	H_9	54.338	219	90	3	612	820	180575	181231	5.44e-50	198	985	183077	73
XP_009612033.1	SUPER_6_HAP2	47.606	376	167	2	271	616	29677070	29678197	9.45e-98	344	985	38374851	73
XP_009612033.1	SUPER_6_HAP2	64.894	94	33	0	804	897	29679819	29680100	3.26e-52	133	985	38374851	73
XP_009612033.1	SUPER_6_HAP2	56.522	92	40	0	894	985	29680184	29680459	3.26e-52	97.4	985	38374851	73
XP_009612033.1	SUPER_6_HAP2	54.338	219	90	3	612	820	29678585	29679241	5.51e-50	198	985	38374851	73
XP_009612033.1	SUPER_11_HAP2	47.074	376	169	2	271	616	24678371	24679498	4.23e-96	339	985	33837715	73
XP_009612033.1	SUPER_11_HAP2	64.894	94	33	0	804	897	24681120	24681401	1.04e-49	133	985	33837715	73
XP_009612033.1	SUPER_11_HAP2	54.348	92	42	0	894	985	24681485	24681760	1.04e-49	89.0	985	33837715	73
XP_009612033.1	SUPER_11_HAP2	53.881	219	91	3	612	820	24679886	24680542	3.63e-48	192	985	33837715	73
XP_009612033.1	SUPER_15_HAP2	44.865	370	172	5	273	616	24369672	24370763	1.44e-82	298	985	33231407	72
XP_009612033.1	SUPER_15_HAP2	62.766	94	35	0	804	897	24385213	24385494	8.52e-51	128	985	33231407	72
XP_009612033.1	SUPER_15_HAP2	57.609	92	39	0	894	985	24385578	24385853	8.52e-51	97.8	985	33231407	72
XP_009612033.1	SUPER_15_HAP2	54.067	209	91	2	612	815	24371152	24371778	3.07e-47	189	985	33231407	72
XP_009612033.1	HAP2_SCAFFOLD_85	44.932	365	171	4	277	616	122280	121201	9.56e-82	296	985	404000	72
XP_009612033.1	HAP2_SCAFFOLD_85	62.766	94	35	0	804	897	119578	119297	2.54e-49	128	985	404000	72
XP_009612033.1	HAP2_SCAFFOLD_85	56.522	92	40	0	894	985	119213	118938	2.54e-49	92.8	985	404000	72
XP_009612033.1	HAP2_SCAFFOLD_85	54.067	209	91	2	612	815	120812	120186	3.05e-47	189	985	404000	72
XP_009612032.1	H_9	47.606	376	167	2	276	621	179060	180187	1.18e-97	343	990	183077	72
XP_009612032.1	H_9	64.894	94	33	0	809	902	181809	182090	5.30e-52	132	990	183077	72
XP_009612032.1	H_9	56.522	92	40	0	899	990	182174	182449	5.30e-52	97.1	990	183077	72
XP_009612032.1	H_9	54.338	219	90	3	617	825	180575	181231	5.94e-50	198	990	183077	72
XP_009612032.1	SUPER_6_HAP2	47.606	376	167	2	276	621	29677070	29678197	1.19e-97	343	990	38374851	72
XP_009612032.1	SUPER_6_HAP2	64.894	94	33	0	809	902	29679819	29680100	5.09e-52	132	990	38374851	72
XP_009612032.1	SUPER_6_HAP2	56.522	92	40	0	899	990	29680184	29680459	5.09e-52	97.1	990	38374851	72
XP_009612032.1	SUPER_6_HAP2	54.338	219	90	3	617	825	29678585	29679241	6.02e-50	198	990	38374851	72
XP_009612032.1	SUPER_11_HAP2	47.074	376	169	2	276	621	24678371	24679498	7.87e-96	338	990	33837715	72
XP_009612032.1	SUPER_11_HAP2	64.894	94	33	0	809	902	24681120	24681401	1.27e-49	133	990	33837715	72
XP_009612032.1	SUPER_11_HAP2	54.348	92	42	0	899	990	24681485	24681760	1.27e-49	88.6	990	33837715	72
XP_009612032.1	SUPER_11_HAP2	53.881	219	91	3	617	825	24679886	24680542	4.05e-48	192	990	33837715	72
XP_009612032.1	SUPER_15_HAP2	44.865	370	172	5	278	621	24369672	24370763	1.60e-82	298	990	33231407	72
XP_009612032.1	SUPER_15_HAP2	62.766	94	35	0	809	902	24385213	24385494	1.06e-50	127	990	33231407	72
XP_009612032.1	SUPER_15_HAP2	57.609	92	39	0	899	990	24385578	24385853	1.06e-50	97.4	990	33231407	72
XP_009612032.1	SUPER_15_HAP2	54.067	209	91	2	617	820	24371152	24371778	3.25e-47	189	990	33231407	72
XP_009612032.1	HAP2_SCAFFOLD_85	44.932	365	171	4	282	621	122280	121201	1.16e-81	296	990	404000	72
XP_009612032.1	HAP2_SCAFFOLD_85	62.766	94	35	0	809	902	119578	119297	2.99e-49	127	990	404000	72
XP_009612032.1	HAP2_SCAFFOLD_85	56.522	92	40	0	899	990	119213	118938	2.99e-49	92.8	990	404000	72
XP_009612032.1	HAP2_SCAFFOLD_85	54.067	209	91	2	617	820	120812	120186	3.23e-47	189	990	404000	72
XP_009612029.1	H_9	47.606	376	167	2	490	835	179060	180187	6.31e-96	343	1204	183077	69
XP_009612029.1	H_9	64.894	94	33	0	1023	1116	181809	182090	1.10e-51	132	1204	183077	69
XP_009612029.1	H_9	56.522	92	40	0	1113	1204	182174	182449	1.10e-51	96.7	1204	183077	69
XP_009612029.1	H_9	54.338	219	90	3	831	1039	180575	181231	1.10e-49	198	1204	183077	69
XP_009612029.1	H_9	42.857	98	36	2	5	102	175413	175646	5.43e-13	70.1	1204	183077	69
XP_009612029.1	H_9	53.333	30	10	2	99	125	175744	175830	5.43e-13	28.9	1204	183077	69
XP_009612029.1	SUPER_6_HAP2	47.606	376	167	2	490	835	29677070	29678197	6.42e-96	343	1204	38374851	69
XP_009612029.1	SUPER_6_HAP2	64.894	94	33	0	1023	1116	29679819	29680100	1.06e-51	132	1204	38374851	69
XP_009612029.1	SUPER_6_HAP2	56.522	92	40	0	1113	1204	29680184	29680459	1.06e-51	96.7	1204	38374851	69
XP_009612029.1	SUPER_6_HAP2	54.338	219	90	3	831	1039	29678585	29679241	1.12e-49	198	1204	38374851	69
XP_009612029.1	SUPER_6_HAP2	42.857	98	36	2	5	102	29673423	29673656	4.74e-13	70.1	1204	38374851	69
XP_009612029.1	SUPER_6_HAP2	53.333	30	10	2	99	125	29673754	29673840	4.74e-13	28.9	1204	38374851	69
XP_009612029.1	SUPER_11_HAP2	47.074	376	169	2	490	835	24678371	24679498	4.51e-94	338	1204	33837715	69
XP_009612029.1	SUPER_11_HAP2	64.894	94	33	0	1023	1116	24681120	24681401	3.28e-49	132	1204	33837715	69
XP_009612029.1	SUPER_11_HAP2	54.348	92	42	0	1113	1204	24681485	24681760	3.28e-49	88.2	1204	33837715	69
XP_009612029.1	SUPER_11_HAP2	53.881	219	91	3	831	1039	24679886	24680542	7.36e-48	192	1204	33837715	69
XP_009612029.1	SUPER_11_HAP2	42.857	98	36	2	5	102	24674751	24674984	2.47e-12	67.8	1204	33837715	69
XP_009612029.1	SUPER_11_HAP2	53.333	30	10	2	99	125	24675068	24675154	2.47e-12	28.9	1204	33837715	69
XP_009612029.1	SUPER_15_HAP2	44.865	370	172	5	492	835	24369672	24370763	3.94e-81	298	1204	33231407	59
XP_009612029.1	SUPER_15_HAP2	62.766	94	35	0	1023	1116	24385213	24385494	2.23e-50	127	1204	33231407	59
XP_009612029.1	SUPER_15_HAP2	57.609	92	39	0	1113	1204	24385578	24385853	2.23e-50	97.4	1204	33231407	59
XP_009612029.1	SUPER_15_HAP2	54.067	209	91	2	831	1034	24371152	24371778	5.80e-47	189	1204	33231407	59
XP_009612029.1	HAP2_SCAFFOLD_85	44.932	365	171	4	496	835	122280	121201	2.37e-80	296	1204	404000	59
XP_009612029.1	HAP2_SCAFFOLD_85	62.766	94	35	0	1023	1116	119578	119297	7.78e-49	127	1204	404000	59
XP_009612029.1	HAP2_SCAFFOLD_85	56.522	92	40	0	1113	1204	119213	118938	7.78e-49	92.4	1204	404000	59
XP_009612029.1	HAP2_SCAFFOLD_85	54.067	209	91	2	831	1034	120812	120186	5.77e-47	189	1204	404000	59
XP_066162081.1	H_9	32.997	397	220	6	462	814	179066	180250	8.34e-48	192	1140	183077	60
XP_066162081.1	H_9	53.191	94	42	2	961	1052	181809	182090	5.48e-41	102	1140	183077	60
XP_066162081.1	H_9	45.652	92	50	0	1049	1140	182174	182449	5.48e-41	90.5	1140	183077	60
XP_066162081.1	H_9	47.895	190	75	3	799	964	180608	181177	8.69e-34	146	1140	183077	60
XP_066162081.1	SUPER_6_HAP2	32.997	397	220	6	462	814	29677076	29678260	8.45e-48	192	1140	38374851	60
XP_066162081.1	SUPER_6_HAP2	53.191	94	42	2	961	1052	29679819	29680100	5.21e-41	102	1140	38374851	60
XP_066162081.1	SUPER_6_HAP2	45.652	92	50	0	1049	1140	29680184	29680459	5.21e-41	90.5	1140	38374851	60
XP_066162081.1	SUPER_6_HAP2	47.895	190	75	3	799	964	29678618	29679187	8.78e-34	146	1140	38374851	60
XP_066162081.1	SUPER_11_HAP2	34.421	337	177	5	462	756	24678377	24679381	2.04e-44	181	1140	33837715	56
XP_066162081.1	SUPER_11_HAP2	49.074	108	53	2	947	1052	24681078	24681401	1.19e-40	104	1140	33837715	56
XP_066162081.1	SUPER_11_HAP2	44.565	92	51	0	1049	1140	24681485	24681760	1.19e-40	87.8	1140	33837715	56
XP_066162081.1	SUPER_11_HAP2	47.368	190	76	3	799	964	24679919	24680488	5.29e-32	140	1140	33837715	56
XP_066162081.1	SUPER_15_HAP2	52.128	94	43	2	961	1052	24385213	24385494	4.01e-40	99.4	1140	33231407	59
XP_066162081.1	SUPER_15_HAP2	46.739	92	49	0	1049	1140	24385578	24385853	4.01e-40	90.9	1140	33231407	59
XP_066162081.1	SUPER_15_HAP2	30.711	394	219	10	464	814	24369678	24370826	2.40e-34	148	1140	33231407	59
XP_066162081.1	SUPER_15_HAP2	46.809	188	76	3	799	962	24371185	24371748	1.09e-32	143	1140	33231407	59
XP_066162081.1	HAP2_SCAFFOLD_85	52.128	94	43	2	961	1052	119578	119297	1.22e-38	99.4	1140	404000	59
XP_066162081.1	HAP2_SCAFFOLD_85	45.652	92	50	0	1049	1140	119213	118938	1.22e-38	85.9	1140	404000	59
XP_066162081.1	HAP2_SCAFFOLD_85	30.990	384	225	9	467	814	122277	121138	3.30e-33	144	1140	404000	59
XP_066162081.1	HAP2_SCAFFOLD_85	46.809	188	76	3	799	962	120779	120216	1.08e-32	143	1140	404000	59
XP_015620288.1	H_9	32.997	397	220	6	581	933	179066	180250	1.84e-47	191	1170	183077	50
XP_015620288.1	H_9	47.895	190	75	3	918	1083	180608	181177	1.93e-33	145	1170	183077	50
XP_015620288.1	H_9	46.154	91	49	0	1080	1170	182177	182449	1.94e-16	90.1	1170	183077	50
XP_015620288.1	SUPER_6_HAP2	32.997	397	220	6	581	933	29677076	29678260	1.86e-47	191	1170	38374851	50
XP_015620288.1	SUPER_6_HAP2	47.895	190	75	3	918	1083	29678618	29679187	1.95e-33	145	1170	38374851	50
XP_015620288.1	SUPER_6_HAP2	46.154	91	49	0	1080	1170	29680187	29680459	1.95e-16	90.1	1170	38374851	50
XP_015620288.1	SUPER_11_HAP2	34.421	337	177	5	581	875	24678377	24679381	4.44e-44	180	1170	33837715	47
XP_015620288.1	SUPER_11_HAP2	47.368	190	76	3	918	1083	24679919	24680488	1.21e-31	139	1170	33837715	47
XP_015620288.1	SUPER_11_HAP2	45.055	91	50	0	1080	1170	24681488	24681760	1.33e-15	87.0	1170	33837715	47
XP_015620288.1	SUPER_15_HAP2	30.711	394	219	10	583	933	24369678	24370826	3.84e-34	148	1170	33231407	50
XP_015620288.1	SUPER_15_HAP2	46.809	188	76	3	918	1081	24371185	24371748	1.79e-32	142	1170	33231407	50
XP_015620288.1	SUPER_15_HAP2	47.253	91	48	0	1080	1170	24385581	24385853	1.44e-16	90.5	1170	33231407	50
XP_015620288.1	HAP2_SCAFFOLD_85	30.909	385	224	9	586	933	122277	121138	4.30e-33	144	1170	404000	50
XP_015620288.1	HAP2_SCAFFOLD_85	46.809	188	76	3	918	1081	120779	120216	1.78e-32	142	1170	404000	50
XP_015620288.1	HAP2_SCAFFOLD_85	46.154	91	49	0	1080	1170	119210	118938	4.50e-15	85.5	1170	404000	50
NP_001410391.1	H_9	32.997	397	220	6	581	933	179066	180250	3.55e-47	191	1259	183077	54
NP_001410391.1	H_9	53.191	94	42	2	1080	1171	181809	182090	2.08e-40	101	1259	183077	54
NP_001410391.1	H_9	45.652	92	50	0	1168	1259	182174	182449	2.08e-40	90.1	1259	183077	54
NP_001410391.1	H_9	47.895	190	75	3	918	1083	180608	181177	1.71e-33	146	1259	183077	54
NP_001410391.1	SUPER_6_HAP2	32.997	397	220	6	581	933	29677076	29678260	3.60e-47	191	1259	38374851	54
NP_001410391.1	SUPER_6_HAP2	53.191	94	42	2	1080	1171	29679819	29680100	1.97e-40	101	1259	38374851	54
NP_001410391.1	SUPER_6_HAP2	45.652	92	50	0	1168	1259	29680184	29680459	1.97e-40	90.1	1259	38374851	54
NP_001410391.1	SUPER_6_HAP2	47.895	190	75	3	918	1083	29678618	29679187	1.72e-33	146	1259	38374851	54
NP_001410391.1	SUPER_11_HAP2	34.421	337	177	5	581	875	24678377	24679381	6.08e-44	180	1259	33837715	51
NP_001410391.1	SUPER_11_HAP2	49.074	108	53	2	1066	1171	24681078	24681401	4.67e-40	103	1259	33837715	51
NP_001410391.1	SUPER_11_HAP2	44.565	92	51	0	1168	1259	24681485	24681760	4.67e-40	87.0	1259	33837715	51
NP_001410391.1	SUPER_11_HAP2	47.368	190	76	3	918	1083	24679919	24680488	1.10e-31	140	1259	33837715	51
NP_001410391.1	SUPER_15_HAP2	52.128	94	43	2	1080	1171	24385213	24385494	9.90e-40	98.6	1259	33231407	54
NP_001410391.1	SUPER_15_HAP2	46.739	92	49	0	1168	1259	24385578	24385853	9.90e-40	90.5	1259	33231407	54
NP_001410391.1	SUPER_15_HAP2	30.711	394	219	10	583	933	24369678	24370826	5.66e-34	147	1259	33231407	54
NP_001410391.1	SUPER_15_HAP2	46.809	188	76	3	918	1081	24371185	24371748	1.95e-32	142	1259	33231407	54
NP_001410391.1	HAP2_SCAFFOLD_85	52.128	94	43	2	1080	1171	119578	119297	3.22e-38	98.6	1259	404000	54
NP_001410391.1	HAP2_SCAFFOLD_85	45.652	92	50	0	1168	1259	119213	118938	3.22e-38	85.5	1259	404000	54
NP_001410391.1	HAP2_SCAFFOLD_85	30.909	385	224	9	586	933	122277	121138	5.99e-33	144	1259	404000	54
NP_001410391.1	HAP2_SCAFFOLD_85	46.809	188	76	3	918	1081	120779	120216	1.94e-32	142	1259	404000	54
ANM68364.1	H_9	38.667	375	174	7	445	765	179069	180187	6.66e-60	229	966	183077	60
ANM68364.1	H_9	48.128	187	82	1	771	942	180608	181168	4.82e-48	191	966	183077	60
ANM68364.1	H_9	35.955	89	39	1	6	94	175413	175625	3.93e-07	58.9	966	183077	60
ANM68364.1	SUPER_6_HAP2	38.667	375	174	7	445	765	29677079	29678197	6.75e-60	229	966	38374851	60
ANM68364.1	SUPER_6_HAP2	48.128	187	82	1	771	942	29678618	29679178	4.88e-48	191	966	38374851	60
ANM68364.1	SUPER_6_HAP2	35.955	89	39	1	6	94	29673423	29673635	3.94e-07	58.9	966	38374851	60
ANM68364.1	SUPER_11_HAP2	38.133	375	176	7	445	765	24678380	24679498	8.98e-58	222	966	33837715	61
ANM68364.1	SUPER_11_HAP2	47.059	187	84	1	771	942	24679919	24680479	1.31e-45	184	966	33837715	61
ANM68364.1	SUPER_11_HAP2	35.106	94	43	1	1	94	24674736	24674963	2.82e-07	59.3	966	33837715	61
ANM68364.1	SUPER_15_HAP2	36.813	364	182	9	447	765	24369681	24370763	5.03e-50	198	966	33231407	51
ANM68364.1	SUPER_15_HAP2	46.524	187	85	1	771	942	24371185	24371745	2.24e-46	186	966	33231407	51
ANM68364.1	HAP2_SCAFFOLD_85	36.639	363	182	9	448	765	122280	121201	2.63e-49	196	966	404000	51
ANM68364.1	HAP2_SCAFFOLD_85	46.524	187	85	1	771	942	120779	120219	2.22e-46	186	966	404000	51
AED92349.1	H_9	38.667	375	174	7	445	765	179069	180187	5.78e-59	228	1123	183077	68
AED92349.1	H_9	45.192	208	94	2	771	958	180608	181231	3.50e-48	193	1123	183077	68
AED92349.1	H_9	54.737	95	43	0	942	1036	181809	182093	2.47e-39	114	1123	183077	68
AED92349.1	H_9	50.000	92	46	0	1032	1123	182174	182449	2.47e-39	73.6	1123	183077	68
AED92349.1	H_9	35.955	89	39	1	6	94	175413	175625	4.54e-07	58.9	1123	183077	68
AED92349.1	SUPER_6_HAP2	38.667	375	174	7	445	765	29677079	29678197	5.87e-59	228	1123	38374851	68
AED92349.1	SUPER_6_HAP2	45.192	208	94	2	771	958	29678618	29679241	3.55e-48	193	1123	38374851	68
AED92349.1	SUPER_6_HAP2	54.737	95	43	0	942	1036	29679819	29680103	2.35e-39	114	1123	38374851	68
AED92349.1	SUPER_6_HAP2	50.000	92	46	0	1032	1123	29680184	29680459	2.35e-39	73.6	1123	38374851	68
AED92349.1	SUPER_6_HAP2	35.955	89	39	1	6	94	29673423	29673635	4.56e-07	58.9	1123	38374851	68
AED92349.1	SUPER_11_HAP2	38.133	375	176	7	445	765	24678380	24679498	5.99e-57	221	1123	33837715	68
AED92349.1	SUPER_11_HAP2	44.231	208	96	2	771	958	24679919	24680542	1.13e-45	185	1123	33837715	68
AED92349.1	SUPER_11_HAP2	54.737	95	43	0	942	1036	24681120	24681404	3.36e-38	115	1123	33837715	68
AED92349.1	SUPER_11_HAP2	48.913	92	47	0	1032	1123	24681485	24681760	3.36e-38	68.6	1123	33837715	68
AED92349.1	SUPER_11_HAP2	35.106	94	43	1	1	94	24674736	24674963	3.40e-07	59.3	1123	33837715	68
AED92349.1	SUPER_15_HAP2	36.813	364	182	9	447	765	24369681	24370763	5.35e-49	196	1123	33231407	60
AED92349.1	SUPER_15_HAP2	46.277	188	86	1	771	943	24371185	24371748	3.72e-46	187	1123	33231407	60
AED92349.1	SUPER_15_HAP2	52.632	95	45	0	942	1036	24385213	24385497	2.97e-37	107	1123	33231407	60
AED92349.1	SUPER_15_HAP2	51.087	92	45	0	1032	1123	24385578	24385853	2.97e-37	73.6	1123	33231407	60
AED92349.1	HAP2_SCAFFOLD_85	36.639	363	182	9	448	765	122280	121201	2.50e-48	194	1123	404000	60
AED92349.1	HAP2_SCAFFOLD_85	46.277	188	86	1	771	943	120779	120216	3.69e-46	187	1123	404000	60
AED92349.1	HAP2_SCAFFOLD_85	52.632	95	45	0	942	1036	119578	119294	1.27e-35	107	1123	404000	60
AED92349.1	HAP2_SCAFFOLD_85	50.000	92	46	0	1032	1123	119213	118938	1.27e-35	68.2	1123	404000	60
XP_024452488.2	H_9	50.824	425	203	3	237	660	178928	180187	9.16e-117	401	1023	183077	81
XP_024452488.2	H_9	59.799	199	70	1	657	845	180581	181177	1.16e-55	216	1023	183077	81
XP_024452488.2	H_9	62.963	108	34	1	828	935	181785	182090	6.13e-54	138	1023	183077	81
XP_024452488.2	H_9	67.391	92	30	0	932	1023	182174	182449	6.13e-54	98.2	1023	183077	81
XP_024452488.2	H_9	46.552	58	28	1	194	248	178319	178492	6.24e-05	52.0	1023	183077	81
XP_024452488.2	SUPER_6_HAP2	50.824	425	203	3	237	660	29676938	29678197	9.29e-117	401	1023	38374851	81
XP_024452488.2	SUPER_6_HAP2	59.799	199	70	1	657	845	29678591	29679187	1.17e-55	216	1023	38374851	81
XP_024452488.2	SUPER_6_HAP2	62.963	108	34	1	828	935	29679795	29680100	5.89e-54	138	1023	38374851	81
XP_024452488.2	SUPER_6_HAP2	67.391	92	30	0	932	1023	29680184	29680459	5.89e-54	98.2	1023	38374851	81
XP_024452488.2	SUPER_6_HAP2	46.552	58	28	1	194	248	29676329	29676502	6.26e-05	52.0	1023	38374851	81
XP_024452488.2	SUPER_11_HAP2	50.588	425	204	3	237	660	24678239	24679498	3.58e-116	399	1023	33837715	77
XP_024452488.2	SUPER_11_HAP2	68.085	94	30	0	842	935	24681120	24681401	2.37e-53	137	1023	33837715	77
XP_024452488.2	SUPER_11_HAP2	66.304	92	31	0	932	1023	24681485	24681760	2.37e-53	96.7	1023	33837715	77
XP_024452488.2	SUPER_11_HAP2	58.794	199	72	1	657	845	24679892	24680488	3.86e-53	208	1023	33837715	77
XP_024452488.2	SUPER_15_HAP2	48.549	379	176	6	284	660	24369678	24370763	1.05e-92	330	1023	33231407	78
XP_024452488.2	SUPER_15_HAP2	67.021	94	31	0	842	935	24385213	24385494	2.16e-52	134	1023	33231407	78
XP_024452488.2	SUPER_15_HAP2	67.391	92	30	0	932	1023	24385578	24385853	2.16e-52	96.7	1023	33231407	78
XP_024452488.2	SUPER_15_HAP2	55.714	210	83	1	657	856	24371158	24371787	2.20e-52	206	1023	33231407	78
XP_024452488.2	SUPER_15_HAP2	46.552	58	28	1	194	248	24368668	24368841	1.15e-05	54.3	1023	33231407	78
XP_024452488.2	HAP2_SCAFFOLD_85	48.541	377	175	5	286	660	122280	121201	1.99e-91	326	1023	404000	72
XP_024452488.2	HAP2_SCAFFOLD_85	55.714	210	83	1	657	856	120806	120177	2.19e-52	206	1023	404000	72
XP_024452488.2	HAP2_SCAFFOLD_85	67.021	94	31	0	842	935	119578	119297	3.74e-51	134	1023	404000	72
XP_024452488.2	HAP2_SCAFFOLD_85	67.391	92	30	0	932	1023	119213	118938	3.74e-51	92.8	1023	404000	72
XP_024452486.2	H_9	50.824	425	203	3	433	856	178928	180187	1.91e-115	402	1219	183077	74
XP_024452486.2	H_9	59.799	199	70	1	853	1041	180581	181177	1.47e-55	218	1219	183077	74
XP_024452486.2	H_9	62.963	108	34	1	1024	1131	181785	182090	3.45e-54	139	1219	183077	74
XP_024452486.2	H_9	67.391	92	30	0	1128	1219	182174	182449	3.45e-54	98.6	1219	183077	74
XP_024452486.2	H_9	54.286	70	29	2	1	68	175395	175601	3.35e-11	72.8	1219	183077	74
XP_024452486.2	H_9	46.552	58	28	1	390	444	178319	178492	4.64e-05	52.4	1219	183077	74
XP_024452486.2	SUPER_6_HAP2	50.824	425	203	3	433	856	29676938	29678197	1.94e-115	402	1219	38374851	74
XP_024452486.2	SUPER_6_HAP2	59.799	199	70	1	853	1041	29678591	29679187	1.49e-55	218	1219	38374851	74
XP_024452486.2	SUPER_6_HAP2	62.963	108	34	1	1024	1131	29679795	29680100	3.32e-54	139	1219	38374851	74
XP_024452486.2	SUPER_6_HAP2	67.391	92	30	0	1128	1219	29680184	29680459	3.32e-54	98.6	1219	38374851	74
XP_024452486.2	SUPER_6_HAP2	54.286	70	29	2	1	68	29673405	29673611	3.37e-11	72.8	1219	38374851	74
XP_024452486.2	SUPER_6_HAP2	46.552	58	28	1	390	444	29676329	29676502	4.65e-05	52.4	1219	38374851	74
XP_024452486.2	SUPER_11_HAP2	50.588	425	204	3	433	856	24678239	24679498	6.58e-115	401	1219	33837715	70
XP_024452486.2	SUPER_11_HAP2	68.085	94	30	0	1038	1131	24681120	24681401	1.58e-53	138	1219	33837715	70
XP_024452486.2	SUPER_11_HAP2	66.304	92	31	0	1128	1219	24681485	24681760	1.58e-53	96.7	1219	33837715	70
XP_024452486.2	SUPER_11_HAP2	58.794	199	72	1	853	1041	24679892	24680488	4.07e-53	209	1219	33837715	70
XP_024452486.2	SUPER_11_HAP2	53.731	67	28	2	4	68	24674742	24674939	3.40e-09	66.2	1219	33837715	70
XP_024452486.2	SUPER_15_HAP2	48.549	379	176	6	480	856	24369678	24370763	1.20e-91	331	1219	33231407	65
XP_024452486.2	SUPER_15_HAP2	67.021	94	31	0	1038	1131	24385213	24385494	1.43e-52	134	1219	33231407	65
XP_024452486.2	SUPER_15_HAP2	67.391	92	30	0	1128	1219	24385578	24385853	1.43e-52	97.1	1219	33231407	65
XP_024452486.2	SUPER_15_HAP2	57.868	197	73	1	853	1039	24371158	24371748	2.64e-52	207	1219	33231407	65
XP_024452486.2	SUPER_15_HAP2	46.552	58	28	1	390	444	24368668	24368841	9.34e-06	54.7	1219	33231407	65
XP_024452486.2	HAP2_SCAFFOLD_85	48.541	377	175	5	482	856	122280	121201	2.01e-90	327	1219	404000	61
XP_024452486.2	HAP2_SCAFFOLD_85	57.868	197	73	1	853	1039	120806	120216	2.62e-52	207	1219	404000	61
XP_024452486.2	HAP2_SCAFFOLD_85	67.021	94	31	0	1038	1131	119578	119297	2.72e-51	134	1219	404000	61
XP_024452486.2	HAP2_SCAFFOLD_85	67.391	92	30	0	1128	1219	119213	118938	2.72e-51	92.8	1219	404000	61
XP_024452485.2	H_9	50.824	425	203	3	435	858	178928	180187	2.15e-115	402	1221	183077	74
XP_024452485.2	H_9	59.799	199	70	1	855	1043	180581	181177	1.74e-55	217	1221	183077	74
XP_024452485.2	H_9	62.963	108	34	1	1026	1133	181785	182090	3.63e-54	138	1221	183077	74
XP_024452485.2	H_9	67.391	92	30	0	1130	1221	182174	182449	3.63e-54	98.6	1221	183077	74
XP_024452485.2	H_9	54.286	70	29	2	1	68	175395	175601	3.36e-11	72.8	1221	183077	74
XP_024452485.2	H_9	46.552	58	28	1	392	446	178319	178492	4.84e-05	52.4	1221	183077	74
XP_024452485.2	SUPER_6_HAP2	50.824	425	203	3	435	858	29676938	29678197	2.19e-115	402	1221	38374851	74
XP_024452485.2	SUPER_6_HAP2	59.799	199	70	1	855	1043	29678591	29679187	1.77e-55	217	1221	38374851	74
XP_024452485.2	SUPER_6_HAP2	62.963	108	34	1	1026	1133	29679795	29680100	3.49e-54	138	1221	38374851	74
XP_024452485.2	SUPER_6_HAP2	67.391	92	30	0	1130	1221	29680184	29680459	3.49e-54	98.6	1221	38374851	74
XP_024452485.2	SUPER_6_HAP2	54.286	70	29	2	1	68	29673405	29673611	3.37e-11	72.8	1221	38374851	74
XP_024452485.2	SUPER_6_HAP2	46.552	58	28	1	392	446	29676329	29676502	4.86e-05	52.4	1221	38374851	74
XP_024452485.2	SUPER_11_HAP2	50.588	425	204	3	435	858	24678239	24679498	6.84e-115	401	1221	33837715	70
XP_024452485.2	SUPER_11_HAP2	68.085	94	30	0	1040	1133	24681120	24681401	1.71e-53	138	1221	33837715	70
XP_024452485.2	SUPER_11_HAP2	66.304	92	31	0	1130	1221	24681485	24681760	1.71e-53	96.7	1221	33837715	70
XP_024452485.2	SUPER_11_HAP2	58.794	199	72	1	855	1043	24679892	24680488	4.43e-53	209	1221	33837715	70
XP_024452485.2	SUPER_11_HAP2	53.731	67	28	2	4	68	24674742	24674939	3.41e-09	66.2	1221	33837715	70
XP_024452485.2	SUPER_15_HAP2	48.549	379	176	6	482	858	24369678	24370763	1.25e-91	331	1221	33231407	65
XP_024452485.2	SUPER_15_HAP2	67.021	94	31	0	1040	1133	24385213	24385494	1.43e-52	134	1221	33231407	65
XP_024452485.2	SUPER_15_HAP2	67.391	92	30	0	1130	1221	24385578	24385853	1.43e-52	97.1	1221	33231407	65
XP_024452485.2	SUPER_15_HAP2	57.868	197	73	1	855	1041	24371158	24371748	2.95e-52	207	1221	33231407	65
XP_024452485.2	SUPER_15_HAP2	46.552	58	28	1	392	446	24368668	24368841	9.36e-06	54.7	1221	33231407	65
XP_024452485.2	HAP2_SCAFFOLD_85	48.541	377	175	5	484	858	122280	121201	2.06e-90	327	1221	404000	60
XP_024452485.2	HAP2_SCAFFOLD_85	57.868	197	73	1	855	1041	120806	120216	2.93e-52	207	1221	404000	60
XP_024452485.2	HAP2_SCAFFOLD_85	67.021	94	31	0	1040	1133	119578	119297	2.82e-51	134	1221	404000	60
XP_024452485.2	HAP2_SCAFFOLD_85	67.391	92	30	0	1130	1221	119213	118938	2.82e-51	92.8	1221	404000	60
XP_052138365.1	H_9	33.249	397	219	6	64	416	179066	180250	7.18e-49	191	742	183077	92
XP_052138365.1	H_9	53.191	94	42	2	563	654	181809	182090	3.86e-40	101	742	183077	92
XP_052138365.1	H_9	45.652	92	50	0	651	742	182174	182449	3.86e-40	87.8	742	183077	92
XP_052138365.1	H_9	47.895	190	75	3	401	566	180608	181177	1.45e-33	144	742	183077	92
XP_052138365.1	SUPER_6_HAP2	33.249	397	219	6	64	416	29677076	29678260	7.25e-49	191	742	38374851	92
XP_052138365.1	SUPER_6_HAP2	53.191	94	42	2	563	654	29679819	29680100	3.67e-40	101	742	38374851	92
XP_052138365.1	SUPER_6_HAP2	45.652	92	50	0	651	742	29680184	29680459	3.67e-40	87.8	742	38374851	92
XP_052138365.1	SUPER_6_HAP2	47.895	190	75	3	401	566	29678618	29679187	1.46e-33	144	742	38374851	92
XP_052138365.1	SUPER_11_HAP2	34.718	337	176	5	64	358	24678377	24679381	1.47e-45	181	742	33837715	86
XP_052138365.1	SUPER_11_HAP2	49.074	108	53	2	549	654	24681078	24681401	1.02e-39	103	742	33837715	86
XP_052138365.1	SUPER_11_HAP2	44.565	92	51	0	651	742	24681485	24681760	1.02e-39	85.1	742	33837715	86
XP_052138365.1	SUPER_11_HAP2	47.368	190	76	3	401	566	24679919	24680488	8.58e-32	138	742	33837715	86
XP_052138365.1	SUPER_15_HAP2	52.128	94	43	2	563	654	24385213	24385494	5.38e-39	97.4	742	33231407	91
XP_052138365.1	SUPER_15_HAP2	46.739	92	49	0	651	742	24385578	24385853	5.38e-39	88.2	742	33231407	91
XP_052138365.1	SUPER_15_HAP2	30.964	394	218	10	66	416	24369678	24370826	1.92e-34	146	742	33231407	91
XP_052138365.1	SUPER_15_HAP2	46.809	188	76	3	401	564	24371185	24371748	1.75e-32	140	742	33231407	91
XP_052138365.1	HAP2_SCAFFOLD_85	52.128	94	43	2	563	654	119578	119297	1.40e-37	97.4	742	404000	91
XP_052138365.1	HAP2_SCAFFOLD_85	45.652	92	50	0	651	742	119213	118938	1.40e-37	83.6	742	404000	91
XP_052138365.1	HAP2_SCAFFOLD_85	31.414	382	226	8	69	416	122277	121138	2.44e-33	143	742	404000	91
XP_052138365.1	HAP2_SCAFFOLD_85	46.809	188	76	3	401	564	120779	120216	1.74e-32	140	742	404000	91
XP_052138362.1	H_9	33.249	397	219	6	72	424	179066	180250	8.02e-49	191	750	183077	91
XP_052138362.1	H_9	53.191	94	42	2	571	662	181809	182090	4.11e-40	101	750	183077	91
XP_052138362.1	H_9	45.652	92	50	0	659	750	182174	182449	4.11e-40	87.8	750	183077	91
XP_052138362.1	H_9	47.895	190	75	3	409	574	180608	181177	1.54e-33	144	750	183077	91
XP_052138362.1	SUPER_6_HAP2	33.249	397	219	6	72	424	29677076	29678260	8.10e-49	191	750	38374851	91
XP_052138362.1	SUPER_6_HAP2	53.191	94	42	2	571	662	29679819	29680100	3.90e-40	101	750	38374851	91
XP_052138362.1	SUPER_6_HAP2	45.652	92	50	0	659	750	29680184	29680459	3.90e-40	87.8	750	38374851	91
XP_052138362.1	SUPER_6_HAP2	47.895	190	75	3	409	574	29678618	29679187	1.55e-33	144	750	38374851	91
XP_052138362.1	SUPER_11_HAP2	34.718	337	176	5	72	366	24678377	24679381	1.86e-45	181	750	33837715	85
XP_052138362.1	SUPER_11_HAP2	49.074	108	53	2	557	662	24681078	24681401	1.15e-39	103	750	33837715	85
XP_052138362.1	SUPER_11_HAP2	44.565	92	51	0	659	750	24681485	24681760	1.15e-39	84.7	750	33837715	85
XP_052138362.1	SUPER_11_HAP2	47.368	190	76	3	409	574	24679919	24680488	8.97e-32	138	750	33837715	85
XP_052138362.1	SUPER_15_HAP2	52.128	94	43	2	571	662	24385213	24385494	6.75e-39	97.4	750	33231407	90
XP_052138362.1	SUPER_15_HAP2	46.739	92	49	0	659	750	24385578	24385853	6.75e-39	87.8	750	33231407	90
XP_052138362.1	SUPER_15_HAP2	30.964	394	218	10	74	424	24369678	24370826	2.12e-34	146	750	33231407	90
XP_052138362.1	SUPER_15_HAP2	46.809	188	76	3	409	572	24371185	24371748	1.80e-32	140	750	33231407	90
XP_052138362.1	HAP2_SCAFFOLD_85	52.128	94	43	2	571	662	119578	119297	1.53e-37	97.4	750	404000	90
XP_052138362.1	HAP2_SCAFFOLD_85	45.652	92	50	0	659	750	119213	118938	1.53e-37	83.6	750	404000	90
XP_052138362.1	HAP2_SCAFFOLD_85	31.414	382	226	8	77	424	122277	121138	2.64e-33	143	750	404000	90
XP_052138362.1	HAP2_SCAFFOLD_85	46.809	188	76	3	409	572	120779	120216	1.79e-32	140	750	404000	90
XP_052138361.1	H_9	33.249	397	219	6	251	603	179066	180250	8.32e-49	194	929	183077	73
XP_052138361.1	H_9	53.191	94	42	2	750	841	181809	182090	6.16e-41	103	929	183077	73
XP_052138361.1	H_9	45.652	92	50	0	838	929	182174	182449	6.16e-41	89.4	929	183077	73
XP_052138361.1	H_9	47.895	190	75	3	588	753	180608	181177	6.65e-34	146	929	183077	73
XP_052138361.1	SUPER_6_HAP2	33.249	397	219	6	251	603	29677076	29678260	8.42e-49	194	929	38374851	73
XP_052138361.1	SUPER_6_HAP2	53.191	94	42	2	750	841	29679819	29680100	5.85e-41	103	929	38374851	73
XP_052138361.1	SUPER_6_HAP2	45.652	92	50	0	838	929	29680184	29680459	5.85e-41	89.4	929	38374851	73
XP_052138361.1	SUPER_6_HAP2	47.895	190	75	3	588	753	29678618	29679187	6.72e-34	146	929	38374851	73
XP_052138361.1	SUPER_11_HAP2	34.718	337	176	5	251	545	24678377	24679381	2.02e-45	183	929	33837715	69
XP_052138361.1	SUPER_11_HAP2	49.074	108	53	2	736	841	24681078	24681401	1.69e-40	104	929	33837715	69
XP_052138361.1	SUPER_11_HAP2	44.565	92	51	0	838	929	24681485	24681760	1.69e-40	86.7	929	33837715	69
XP_052138361.1	SUPER_11_HAP2	47.368	190	76	3	588	753	24679919	24680488	4.69e-32	140	929	33837715	69
XP_052138361.1	SUPER_15_HAP2	52.128	94	43	2	750	841	24385213	24385494	8.95e-40	99.0	929	33231407	73
XP_052138361.1	SUPER_15_HAP2	46.739	92	49	0	838	929	24385578	24385853	8.95e-40	89.7	929	33231407	73
XP_052138361.1	SUPER_15_HAP2	30.964	394	218	10	253	603	24369678	24370826	5.49e-35	149	929	33231407	73
XP_052138361.1	SUPER_15_HAP2	46.809	188	76	3	588	751	24371185	24371748	7.14e-33	142	929	33231407	73
XP_052138361.1	HAP2_SCAFFOLD_85	52.128	94	43	2	750	841	119578	119297	2.59e-38	99.0	929	404000	73
XP_052138361.1	HAP2_SCAFFOLD_85	45.652	92	50	0	838	929	119213	118938	2.59e-38	85.1	929	404000	73
XP_052138361.1	HAP2_SCAFFOLD_85	31.169	385	223	9	256	603	122277	121138	7.48e-34	146	929	404000	73
XP_052138361.1	HAP2_SCAFFOLD_85	46.809	188	76	3	588	751	120779	120216	7.11e-33	142	929	404000	73
XP_052138360.1	H_9	33.249	397	219	6	414	766	179066	180250	1.98e-47	191	1092	183077	62
XP_052138360.1	H_9	53.191	94	42	2	913	1004	181809	182090	4.30e-40	100	1092	183077	62
XP_052138360.1	H_9	45.652	92	50	0	1001	1092	182174	182449	4.30e-40	89.4	1092	183077	62
XP_052138360.1	H_9	47.895	190	75	3	751	916	180608	181177	3.44e-33	144	1092	183077	62
XP_052138360.1	SUPER_6_HAP2	33.249	397	219	6	414	766	29677076	29678260	2.00e-47	191	1092	38374851	62
XP_052138360.1	SUPER_6_HAP2	53.191	94	42	2	913	1004	29679819	29680100	4.08e-40	100	1092	38374851	62
XP_052138360.1	SUPER_6_HAP2	45.652	92	50	0	1001	1092	29680184	29680459	4.08e-40	89.4	1092	38374851	62
XP_052138360.1	SUPER_6_HAP2	47.895	190	75	3	751	916	29678618	29679187	3.47e-33	144	1092	38374851	62
XP_052138360.1	SUPER_11_HAP2	34.718	337	176	5	414	708	24678377	24679381	3.18e-44	180	1092	33837715	58
XP_052138360.1	SUPER_11_HAP2	49.074	108	53	2	899	1004	24681078	24681401	1.27e-39	102	1092	33837715	58
XP_052138360.1	SUPER_11_HAP2	44.565	92	51	0	1001	1092	24681485	24681760	1.27e-39	86.3	1092	33837715	58
XP_052138360.1	SUPER_11_HAP2	47.368	190	76	3	751	916	24679919	24680488	2.16e-31	139	1092	33837715	58
XP_052138360.1	SUPER_15_HAP2	52.128	94	43	2	913	1004	24385213	24385494	2.51e-39	98.2	1092	33231407	62
XP_052138360.1	SUPER_15_HAP2	46.739	92	49	0	1001	1092	24385578	24385853	2.51e-39	89.4	1092	33231407	62
XP_052138360.1	SUPER_15_HAP2	30.964	394	218	10	416	766	24369678	24370826	8.57e-34	146	1092	33231407	62
XP_052138360.1	SUPER_15_HAP2	46.809	188	76	3	751	914	24371185	24371748	3.96e-32	141	1092	33231407	62
XP_052138360.1	HAP2_SCAFFOLD_85	52.128	94	43	2	913	1004	119578	119297	6.87e-38	98.2	1092	404000	62
XP_052138360.1	HAP2_SCAFFOLD_85	45.652	92	50	0	1001	1092	119213	118938	6.87e-38	84.7	1092	404000	62
XP_052138360.1	HAP2_SCAFFOLD_85	31.414	382	226	8	419	766	122277	121138	7.55e-33	143	1092	404000	62
XP_052138360.1	HAP2_SCAFFOLD_85	46.809	188	76	3	751	914	120779	120216	3.94e-32	141	1092	404000	62
XP_052138359.1	H_9	33.249	397	219	6	461	813	179066	180250	3.21e-48	193	1139	183077	60
XP_052138359.1	H_9	53.191	94	42	2	960	1051	181809	182090	5.71e-41	103	1139	183077	60
XP_052138359.1	H_9	45.652	92	50	0	1048	1139	182174	182449	5.71e-41	90.1	1139	183077	60
XP_052138359.1	H_9	47.895	190	75	3	798	963	180608	181177	1.04e-33	146	1139	183077	60
XP_052138359.1	SUPER_6_HAP2	33.249	397	219	6	461	813	29677076	29678260	3.25e-48	193	1139	38374851	60
XP_052138359.1	SUPER_6_HAP2	53.191	94	42	2	960	1051	29679819	29680100	5.42e-41	103	1139	38374851	60
XP_052138359.1	SUPER_6_HAP2	45.652	92	50	0	1048	1139	29680184	29680459	5.42e-41	90.1	1139	38374851	60
XP_052138359.1	SUPER_6_HAP2	47.895	190	75	3	798	963	29678618	29679187	1.06e-33	146	1139	38374851	60
XP_052138359.1	SUPER_11_HAP2	34.718	337	176	5	461	755	24678377	24679381	7.87e-45	182	1139	33837715	56
XP_052138359.1	SUPER_11_HAP2	49.074	108	53	2	946	1051	24681078	24681401	1.31e-40	104	1139	33837715	56
XP_052138359.1	SUPER_11_HAP2	44.565	92	51	0	1048	1139	24681485	24681760	1.31e-40	87.0	1139	33837715	56
XP_052138359.1	SUPER_11_HAP2	47.368	190	76	3	798	963	24679919	24680488	6.80e-32	140	1139	33837715	56
XP_052138359.1	SUPER_15_HAP2	52.128	94	43	2	960	1051	24385213	24385494	4.93e-40	99.4	1139	33231407	59
XP_052138359.1	SUPER_15_HAP2	46.739	92	49	0	1048	1139	24385578	24385853	4.93e-40	90.5	1139	33231407	59
XP_052138359.1	SUPER_15_HAP2	30.964	394	218	10	463	813	24369678	24370826	1.03e-34	149	1139	33231407	59
XP_052138359.1	SUPER_15_HAP2	46.809	188	76	3	798	961	24371185	24371748	1.39e-32	142	1139	33231407	59
XP_052138359.1	HAP2_SCAFFOLD_85	52.128	94	43	2	960	1051	119578	119297	1.56e-38	99.4	1139	404000	59
XP_052138359.1	HAP2_SCAFFOLD_85	45.652	92	50	0	1048	1139	119213	118938	1.56e-38	85.5	1139	404000	59
XP_052138359.1	HAP2_SCAFFOLD_85	31.169	385	223	9	466	813	122277	121138	1.17e-33	146	1139	404000	59
XP_052138359.1	HAP2_SCAFFOLD_85	46.809	188	76	3	798	961	120779	120216	1.38e-32	142	1139	404000	59
XP_052138358.1	H_9	33.249	397	219	6	580	932	179066	180250	8.61e-48	192	1169	183077	50
XP_052138358.1	H_9	47.895	190	75	3	917	1082	180608	181177	2.28e-33	145	1169	183077	50
XP_052138358.1	H_9	46.154	91	49	0	1079	1169	182177	182449	2.31e-16	89.7	1169	183077	50
XP_052138358.1	SUPER_6_HAP2	33.249	397	219	6	580	932	29677076	29678260	8.73e-48	192	1169	38374851	50
XP_052138358.1	SUPER_6_HAP2	47.895	190	75	3	917	1082	29678618	29679187	2.31e-33	145	1169	38374851	50
XP_052138358.1	SUPER_6_HAP2	46.154	91	49	0	1079	1169	29680187	29680459	2.33e-16	89.7	1169	38374851	50
XP_052138358.1	SUPER_11_HAP2	34.718	337	176	5	580	874	24678377	24679381	2.00e-44	181	1169	33837715	47
XP_052138358.1	SUPER_11_HAP2	47.368	190	76	3	917	1082	24679919	24680488	1.41e-31	139	1169	33837715	47
XP_052138358.1	SUPER_11_HAP2	45.055	91	50	0	1079	1169	24681488	24681760	2.03e-15	86.7	1169	33837715	47
XP_052138358.1	SUPER_15_HAP2	30.964	394	218	10	582	932	24369678	24370826	1.40e-34	149	1169	33231407	50
XP_052138358.1	SUPER_15_HAP2	46.809	188	76	3	917	1080	24371185	24371748	2.17e-32	142	1169	33231407	50
XP_052138358.1	SUPER_15_HAP2	47.253	91	48	0	1079	1169	24385581	24385853	1.78e-16	90.1	1169	33231407	50
XP_052138358.1	HAP2_SCAFFOLD_85	31.169	385	223	9	585	932	122277	121138	1.54e-33	145	1169	404000	50
XP_052138358.1	HAP2_SCAFFOLD_85	46.809	188	76	3	917	1080	120779	120216	2.16e-32	142	1169	404000	50
XP_052138358.1	HAP2_SCAFFOLD_85	46.154	91	49	0	1079	1169	119210	118938	5.99e-15	85.1	1169	404000	50
XP_052138357.1	H_9	33.249	397	219	6	580	932	179066	180250	1.21e-47	192	1258	183077	54
XP_052138357.1	H_9	53.191	94	42	2	1079	1170	181809	182090	2.13e-40	101	1258	183077	54
XP_052138357.1	H_9	45.652	92	50	0	1167	1258	182174	182449	2.13e-40	89.7	1258	183077	54
XP_052138357.1	H_9	47.895	190	75	3	917	1082	180608	181177	2.00e-33	145	1258	183077	54
XP_052138357.1	SUPER_6_HAP2	33.249	397	219	6	580	932	29677076	29678260	1.23e-47	192	1258	38374851	54
XP_052138357.1	SUPER_6_HAP2	53.191	94	42	2	1079	1170	29679819	29680100	2.02e-40	101	1258	38374851	54
XP_052138357.1	SUPER_6_HAP2	45.652	92	50	0	1167	1258	29680184	29680459	2.02e-40	89.7	1258	38374851	54
XP_052138357.1	SUPER_6_HAP2	47.895	190	75	3	917	1082	29678618	29679187	2.02e-33	145	1258	38374851	54
XP_052138357.1	SUPER_11_HAP2	34.718	337	176	5	580	874	24678377	24679381	2.55e-44	181	1258	33837715	51
XP_052138357.1	SUPER_11_HAP2	49.074	108	53	2	1065	1170	24681078	24681401	5.15e-40	103	1258	33837715	51
XP_052138357.1	SUPER_11_HAP2	44.565	92	51	0	1167	1258	24681485	24681760	5.15e-40	86.7	1258	33837715	51
XP_052138357.1	SUPER_11_HAP2	47.368	190	76	3	917	1082	24679919	24680488	1.19e-31	140	1258	33837715	51
XP_052138357.1	SUPER_15_HAP2	52.128	94	43	2	1079	1170	24385213	24385494	1.15e-39	99.0	1258	33231407	54
XP_052138357.1	SUPER_15_HAP2	46.739	92	49	0	1167	1258	24385578	24385853	1.15e-39	90.1	1258	33231407	54
XP_052138357.1	SUPER_15_HAP2	30.964	394	218	10	582	932	24369678	24370826	2.43e-34	149	1258	33231407	54
XP_052138357.1	SUPER_15_HAP2	46.809	188	76	3	917	1080	24371185	24371748	2.50e-32	142	1258	33231407	54
XP_052138357.1	HAP2_SCAFFOLD_85	52.128	94	43	2	1079	1170	119578	119297	3.58e-38	99.0	1258	404000	54
XP_052138357.1	HAP2_SCAFFOLD_85	45.652	92	50	0	1167	1258	119213	118938	3.58e-38	85.1	1258	404000	54
XP_052138357.1	HAP2_SCAFFOLD_85	31.169	385	223	9	585	932	122277	121138	3.20e-33	145	1258	404000	54
XP_052138357.1	HAP2_SCAFFOLD_85	46.809	188	76	3	917	1080	120779	120216	2.49e-32	142	1258	404000	54
KAI9397292.1	H_9	50.824	425	203	3	433	856	178928	180187	1.91e-115	402	1219	183077	74
KAI9397292.1	H_9	59.799	199	70	1	853	1041	180581	181177	1.47e-55	218	1219	183077	74
KAI9397292.1	H_9	62.963	108	34	1	1024	1131	181785	182090	3.45e-54	139	1219	183077	74
KAI9397292.1	H_9	67.391	92	30	0	1128	1219	182174	182449	3.45e-54	98.6	1219	183077	74
KAI9397292.1	H_9	54.286	70	29	2	1	68	175395	175601	3.35e-11	72.8	1219	183077	74
KAI9397292.1	H_9	46.552	58	28	1	390	444	178319	178492	4.64e-05	52.4	1219	183077	74
KAI9397292.1	SUPER_6_HAP2	50.824	425	203	3	433	856	29676938	29678197	1.94e-115	402	1219	38374851	74
KAI9397292.1	SUPER_6_HAP2	59.799	199	70	1	853	1041	29678591	29679187	1.49e-55	218	1219	38374851	74
KAI9397292.1	SUPER_6_HAP2	62.963	108	34	1	1024	1131	29679795	29680100	3.32e-54	139	1219	38374851	74
KAI9397292.1	SUPER_6_HAP2	67.391	92	30	0	1128	1219	29680184	29680459	3.32e-54	98.6	1219	38374851	74
KAI9397292.1	SUPER_6_HAP2	54.286	70	29	2	1	68	29673405	29673611	3.37e-11	72.8	1219	38374851	74
KAI9397292.1	SUPER_6_HAP2	46.552	58	28	1	390	444	29676329	29676502	4.65e-05	52.4	1219	38374851	74
KAI9397292.1	SUPER_11_HAP2	50.588	425	204	3	433	856	24678239	24679498	6.58e-115	401	1219	33837715	70
KAI9397292.1	SUPER_11_HAP2	68.085	94	30	0	1038	1131	24681120	24681401	1.58e-53	138	1219	33837715	70
KAI9397292.1	SUPER_11_HAP2	66.304	92	31	0	1128	1219	24681485	24681760	1.58e-53	96.7	1219	33837715	70
KAI9397292.1	SUPER_11_HAP2	58.794	199	72	1	853	1041	24679892	24680488	4.07e-53	209	1219	33837715	70
KAI9397292.1	SUPER_11_HAP2	53.731	67	28	2	4	68	24674742	24674939	3.40e-09	66.2	1219	33837715	70
KAI9397292.1	SUPER_15_HAP2	48.549	379	176	6	480	856	24369678	24370763	1.20e-91	331	1219	33231407	65
KAI9397292.1	SUPER_15_HAP2	67.021	94	31	0	1038	1131	24385213	24385494	1.43e-52	134	1219	33231407	65
KAI9397292.1	SUPER_15_HAP2	67.391	92	30	0	1128	1219	24385578	24385853	1.43e-52	97.1	1219	33231407	65
KAI9397292.1	SUPER_15_HAP2	57.868	197	73	1	853	1039	24371158	24371748	2.64e-52	207	1219	33231407	65
KAI9397292.1	SUPER_15_HAP2	46.552	58	28	1	390	444	24368668	24368841	9.34e-06	54.7	1219	33231407	65
KAI9397292.1	HAP2_SCAFFOLD_85	48.541	377	175	5	482	856	122280	121201	2.01e-90	327	1219	404000	61
KAI9397292.1	HAP2_SCAFFOLD_85	57.868	197	73	1	853	1039	120806	120216	2.62e-52	207	1219	404000	61
KAI9397292.1	HAP2_SCAFFOLD_85	67.021	94	31	0	1038	1131	119578	119297	2.72e-51	134	1219	404000	61
KAI9397292.1	HAP2_SCAFFOLD_85	67.391	92	30	0	1128	1219	119213	118938	2.72e-51	92.8	1219	404000	61
KAI9397291.1	H_9	50.824	425	203	3	435	858	178928	180187	2.15e-115	402	1221	183077	74
KAI9397291.1	H_9	59.799	199	70	1	855	1043	180581	181177	1.74e-55	217	1221	183077	74
KAI9397291.1	H_9	62.963	108	34	1	1026	1133	181785	182090	3.63e-54	138	1221	183077	74
KAI9397291.1	H_9	67.391	92	30	0	1130	1221	182174	182449	3.63e-54	98.6	1221	183077	74
KAI9397291.1	H_9	54.286	70	29	2	1	68	175395	175601	3.36e-11	72.8	1221	183077	74
KAI9397291.1	H_9	46.552	58	28	1	392	446	178319	178492	4.84e-05	52.4	1221	183077	74
KAI9397291.1	SUPER_6_HAP2	50.824	425	203	3	435	858	29676938	29678197	2.19e-115	402	1221	38374851	74
KAI9397291.1	SUPER_6_HAP2	59.799	199	70	1	855	1043	29678591	29679187	1.77e-55	217	1221	38374851	74
KAI9397291.1	SUPER_6_HAP2	62.963	108	34	1	1026	1133	29679795	29680100	3.49e-54	138	1221	38374851	74
KAI9397291.1	SUPER_6_HAP2	67.391	92	30	0	1130	1221	29680184	29680459	3.49e-54	98.6	1221	38374851	74
KAI9397291.1	SUPER_6_HAP2	54.286	70	29	2	1	68	29673405	29673611	3.37e-11	72.8	1221	38374851	74
KAI9397291.1	SUPER_6_HAP2	46.552	58	28	1	392	446	29676329	29676502	4.86e-05	52.4	1221	38374851	74
KAI9397291.1	SUPER_11_HAP2	50.588	425	204	3	435	858	24678239	24679498	6.84e-115	401	1221	33837715	70
KAI9397291.1	SUPER_11_HAP2	68.085	94	30	0	1040	1133	24681120	24681401	1.71e-53	138	1221	33837715	70
KAI9397291.1	SUPER_11_HAP2	66.304	92	31	0	1130	1221	24681485	24681760	1.71e-53	96.7	1221	33837715	70
KAI9397291.1	SUPER_11_HAP2	58.794	199	72	1	855	1043	24679892	24680488	4.43e-53	209	1221	33837715	70
KAI9397291.1	SUPER_11_HAP2	53.731	67	28	2	4	68	24674742	24674939	3.41e-09	66.2	1221	33837715	70
KAI9397291.1	SUPER_15_HAP2	48.549	379	176	6	482	858	24369678	24370763	1.25e-91	331	1221	33231407	65
KAI9397291.1	SUPER_15_HAP2	67.021	94	31	0	1040	1133	24385213	24385494	1.43e-52	134	1221	33231407	65
KAI9397291.1	SUPER_15_HAP2	67.391	92	30	0	1130	1221	24385578	24385853	1.43e-52	97.1	1221	33231407	65
KAI9397291.1	SUPER_15_HAP2	57.868	197	73	1	855	1041	24371158	24371748	2.95e-52	207	1221	33231407	65
KAI9397291.1	SUPER_15_HAP2	46.552	58	28	1	392	446	24368668	24368841	9.36e-06	54.7	1221	33231407	65
KAI9397291.1	HAP2_SCAFFOLD_85	48.541	377	175	5	484	858	122280	121201	2.06e-90	327	1221	404000	60
KAI9397291.1	HAP2_SCAFFOLD_85	57.868	197	73	1	855	1041	120806	120216	2.93e-52	207	1221	404000	60
KAI9397291.1	HAP2_SCAFFOLD_85	67.021	94	31	0	1040	1133	119578	119297	2.82e-51	134	1221	404000	60
KAI9397291.1	HAP2_SCAFFOLD_85	67.391	92	30	0	1130	1221	119213	118938	2.82e-51	92.8	1221	404000	60
NP_001330126.1	H_9	38.667	375	174	7	445	765	179069	180187	6.66e-60	229	966	183077	60
NP_001330126.1	H_9	48.128	187	82	1	771	942	180608	181168	4.82e-48	191	966	183077	60
NP_001330126.1	H_9	35.955	89	39	1	6	94	175413	175625	3.93e-07	58.9	966	183077	60
NP_001330126.1	SUPER_6_HAP2	38.667	375	174	7	445	765	29677079	29678197	6.75e-60	229	966	38374851	60
NP_001330126.1	SUPER_6_HAP2	48.128	187	82	1	771	942	29678618	29679178	4.88e-48	191	966	38374851	60
NP_001330126.1	SUPER_6_HAP2	35.955	89	39	1	6	94	29673423	29673635	3.94e-07	58.9	966	38374851	60
NP_001330126.1	SUPER_11_HAP2	38.133	375	176	7	445	765	24678380	24679498	8.98e-58	222	966	33837715	61
NP_001330126.1	SUPER_11_HAP2	47.059	187	84	1	771	942	24679919	24680479	1.31e-45	184	966	33837715	61
NP_001330126.1	SUPER_11_HAP2	35.106	94	43	1	1	94	24674736	24674963	2.82e-07	59.3	966	33837715	61
NP_001330126.1	SUPER_15_HAP2	36.813	364	182	9	447	765	24369681	24370763	5.03e-50	198	966	33231407	51
NP_001330126.1	SUPER_15_HAP2	46.524	187	85	1	771	942	24371185	24371745	2.24e-46	186	966	33231407	51
NP_001330126.1	HAP2_SCAFFOLD_85	36.639	363	182	9	448	765	122280	121201	2.63e-49	196	966	404000	51
NP_001330126.1	HAP2_SCAFFOLD_85	46.524	187	85	1	771	942	120779	120219	2.22e-46	186	966	404000	51
NP_197187.1	H_9	38.667	375	174	7	445	765	179069	180187	5.78e-59	228	1123	183077	68
NP_197187.1	H_9	45.192	208	94	2	771	958	180608	181231	3.50e-48	193	1123	183077	68
NP_197187.1	H_9	54.737	95	43	0	942	1036	181809	182093	2.47e-39	114	1123	183077	68
NP_197187.1	H_9	50.000	92	46	0	1032	1123	182174	182449	2.47e-39	73.6	1123	183077	68
NP_197187.1	H_9	35.955	89	39	1	6	94	175413	175625	4.54e-07	58.9	1123	183077	68
NP_197187.1	SUPER_6_HAP2	38.667	375	174	7	445	765	29677079	29678197	5.87e-59	228	1123	38374851	68
NP_197187.1	SUPER_6_HAP2	45.192	208	94	2	771	958	29678618	29679241	3.55e-48	193	1123	38374851	68
NP_197187.1	SUPER_6_HAP2	54.737	95	43	0	942	1036	29679819	29680103	2.35e-39	114	1123	38374851	68
NP_197187.1	SUPER_6_HAP2	50.000	92	46	0	1032	1123	29680184	29680459	2.35e-39	73.6	1123	38374851	68
NP_197187.1	SUPER_6_HAP2	35.955	89	39	1	6	94	29673423	29673635	4.56e-07	58.9	1123	38374851	68
NP_197187.1	SUPER_11_HAP2	38.133	375	176	7	445	765	24678380	24679498	5.99e-57	221	1123	33837715	68
NP_197187.1	SUPER_11_HAP2	44.231	208	96	2	771	958	24679919	24680542	1.13e-45	185	1123	33837715	68
NP_197187.1	SUPER_11_HAP2	54.737	95	43	0	942	1036	24681120	24681404	3.36e-38	115	1123	33837715	68
NP_197187.1	SUPER_11_HAP2	48.913	92	47	0	1032	1123	24681485	24681760	3.36e-38	68.6	1123	33837715	68
NP_197187.1	SUPER_11_HAP2	35.106	94	43	1	1	94	24674736	24674963	3.40e-07	59.3	1123	33837715	68
NP_197187.1	SUPER_15_HAP2	36.813	364	182	9	447	765	24369681	24370763	5.35e-49	196	1123	33231407	60
NP_197187.1	SUPER_15_HAP2	46.277	188	86	1	771	943	24371185	24371748	3.72e-46	187	1123	33231407	60
NP_197187.1	SUPER_15_HAP2	52.632	95	45	0	942	1036	24385213	24385497	2.97e-37	107	1123	33231407	60
NP_197187.1	SUPER_15_HAP2	51.087	92	45	0	1032	1123	24385578	24385853	2.97e-37	73.6	1123	33231407	60
NP_197187.1	HAP2_SCAFFOLD_85	36.639	363	182	9	448	765	122280	121201	2.50e-48	194	1123	404000	60
NP_197187.1	HAP2_SCAFFOLD_85	46.277	188	86	1	771	943	120779	120216	3.69e-46	187	1123	404000	60
NP_197187.1	HAP2_SCAFFOLD_85	52.632	95	45	0	942	1036	119578	119294	1.27e-35	107	1123	404000	60
NP_197187.1	HAP2_SCAFFOLD_85	50.000	92	46	0	1032	1123	119213	118938	1.27e-35	68.2	1123	404000	60
XP_020399449.1	H_9	35.244	349	182	5	488	795	179066	180103	1.07e-47	192	1166	183077	57
XP_020399449.1	H_9	55.319	94	40	2	987	1078	181809	182090	5.39e-41	105	1166	183077	57
XP_020399449.1	H_9	47.826	92	48	0	1075	1166	182174	182449	5.39e-41	88.2	1166	183077	57
XP_020399449.1	H_9	44.724	199	86	4	816	990	180581	181177	1.32e-30	136	1166	183077	57
XP_020399449.1	SUPER_6_HAP2	35.244	349	182	5	488	795	29677076	29678113	1.09e-47	192	1166	38374851	57
XP_020399449.1	SUPER_6_HAP2	55.319	94	40	2	987	1078	29679819	29680100	5.13e-41	105	1166	38374851	57
XP_020399449.1	SUPER_6_HAP2	47.826	92	48	0	1075	1166	29680184	29680459	5.13e-41	88.2	1166	38374851	57
XP_020399449.1	SUPER_6_HAP2	44.724	199	86	4	816	990	29678591	29679187	1.34e-30	136	1166	38374851	57
XP_020399449.1	SUPER_11_HAP2	34.957	349	183	5	488	795	24678377	24679414	4.08e-46	187	1166	33837715	57
XP_020399449.1	SUPER_11_HAP2	50.926	108	51	2	973	1078	24681078	24681401	1.74e-40	106	1166	33837715	57
XP_020399449.1	SUPER_11_HAP2	46.739	92	49	0	1075	1166	24681485	24681760	1.74e-40	85.5	1166	33837715	57
XP_020399449.1	SUPER_11_HAP2	44.221	199	87	4	816	990	24679892	24680488	7.28e-29	130	1166	33837715	57
XP_020399449.1	SUPER_15_HAP2	53.191	94	42	2	987	1078	24385213	24385494	3.14e-39	100	1166	33231407	56
XP_020399449.1	SUPER_15_HAP2	47.826	92	48	0	1075	1166	24385578	24385853	3.14e-39	87.0	1166	33231407	56
XP_020399449.1	SUPER_15_HAP2	32.335	334	170	7	490	780	24369678	24370640	2.83e-35	151	1166	33231407	56
XP_020399449.1	SUPER_15_HAP2	41.860	215	101	4	809	999	24371137	24371781	6.39e-30	134	1166	33231407	56
XP_020399449.1	HAP2_SCAFFOLD_85	53.191	94	42	2	987	1078	119578	119297	8.79e-38	100	1166	404000	55
XP_020399449.1	HAP2_SCAFFOLD_85	46.739	92	49	0	1075	1166	119213	118938	8.79e-38	82.4	1166	404000	55
XP_020399449.1	HAP2_SCAFFOLD_85	32.326	331	168	7	493	780	122277	121324	8.47e-35	150	1166	404000	55
XP_020399449.1	HAP2_SCAFFOLD_85	42.308	208	96	4	816	999	120806	120183	8.41e-30	134	1166	404000	55
VYS67061.1	H_9	38.667	375	174	7	445	765	179069	180187	5.78e-59	228	1123	183077	68
VYS67061.1	H_9	45.192	208	94	2	771	958	180608	181231	3.50e-48	193	1123	183077	68
VYS67061.1	H_9	54.737	95	43	0	942	1036	181809	182093	2.47e-39	114	1123	183077	68
VYS67061.1	H_9	50.000	92	46	0	1032	1123	182174	182449	2.47e-39	73.6	1123	183077	68
VYS67061.1	H_9	35.955	89	39	1	6	94	175413	175625	4.54e-07	58.9	1123	183077	68
VYS67061.1	SUPER_6_HAP2	38.667	375	174	7	445	765	29677079	29678197	5.87e-59	228	1123	38374851	68
VYS67061.1	SUPER_6_HAP2	45.192	208	94	2	771	958	29678618	29679241	3.55e-48	193	1123	38374851	68
VYS67061.1	SUPER_6_HAP2	54.737	95	43	0	942	1036	29679819	29680103	2.35e-39	114	1123	38374851	68
VYS67061.1	SUPER_6_HAP2	50.000	92	46	0	1032	1123	29680184	29680459	2.35e-39	73.6	1123	38374851	68
VYS67061.1	SUPER_6_HAP2	35.955	89	39	1	6	94	29673423	29673635	4.56e-07	58.9	1123	38374851	68
VYS67061.1	SUPER_11_HAP2	38.133	375	176	7	445	765	24678380	24679498	5.99e-57	221	1123	33837715	68
VYS67061.1	SUPER_11_HAP2	44.231	208	96	2	771	958	24679919	24680542	1.13e-45	185	1123	33837715	68
VYS67061.1	SUPER_11_HAP2	54.737	95	43	0	942	1036	24681120	24681404	3.36e-38	115	1123	33837715	68
VYS67061.1	SUPER_11_HAP2	48.913	92	47	0	1032	1123	24681485	24681760	3.36e-38	68.6	1123	33837715	68
VYS67061.1	SUPER_11_HAP2	35.106	94	43	1	1	94	24674736	24674963	3.40e-07	59.3	1123	33837715	68
VYS67061.1	SUPER_15_HAP2	36.813	364	182	9	447	765	24369681	24370763	5.35e-49	196	1123	33231407	60
VYS67061.1	SUPER_15_HAP2	46.277	188	86	1	771	943	24371185	24371748	3.72e-46	187	1123	33231407	60
VYS67061.1	SUPER_15_HAP2	52.632	95	45	0	942	1036	24385213	24385497	2.97e-37	107	1123	33231407	60
VYS67061.1	SUPER_15_HAP2	51.087	92	45	0	1032	1123	24385578	24385853	2.97e-37	73.6	1123	33231407	60
VYS67061.1	HAP2_SCAFFOLD_85	36.639	363	182	9	448	765	122280	121201	2.50e-48	194	1123	404000	60
VYS67061.1	HAP2_SCAFFOLD_85	46.277	188	86	1	771	943	120779	120216	3.69e-46	187	1123	404000	60
VYS67061.1	HAP2_SCAFFOLD_85	52.632	95	45	0	942	1036	119578	119294	1.27e-35	107	1123	404000	60
VYS67061.1	HAP2_SCAFFOLD_85	50.000	92	46	0	1032	1123	119213	118938	1.27e-35	68.2	1123	404000	60
XP_028550950.1	H_9	38.916	406	225	7	304	701	179060	180232	3.24e-73	272	1105	183077	73
XP_028550950.1	H_9	56.522	92	39	1	1015	1105	182174	182449	5.23e-42	99.4	1105	183077	73
XP_028550950.1	H_9	52.128	94	45	0	925	1018	181809	182090	5.23e-42	97.4	1105	183077	73
XP_028550950.1	H_9	45.532	235	79	4	692	925	180608	181168	3.88e-37	157	1105	183077	73
XP_028550950.1	SUPER_6_HAP2	38.916	406	225	7	304	701	29677070	29678242	3.29e-73	272	1105	38374851	73
XP_028550950.1	SUPER_6_HAP2	56.522	92	39	1	1015	1105	29680184	29680459	4.97e-42	99.4	1105	38374851	73
XP_028550950.1	SUPER_6_HAP2	52.128	94	45	0	925	1018	29679819	29680100	4.97e-42	97.4	1105	38374851	73
XP_028550950.1	SUPER_6_HAP2	45.532	235	79	4	692	925	29678618	29679178	3.93e-37	157	1105	38374851	73
XP_028550950.1	SUPER_11_HAP2	40.054	367	198	6	302	660	24678365	24679423	1.77e-71	266	1105	33837715	70
XP_028550950.1	SUPER_11_HAP2	48.148	108	56	0	911	1018	24681078	24681401	1.16e-41	98.2	1105	33837715	70
XP_028550950.1	SUPER_11_HAP2	56.522	92	39	1	1015	1105	24681485	24681760	1.16e-41	97.4	1105	33837715	70
XP_028550950.1	SUPER_11_HAP2	44.681	235	81	4	692	925	24679919	24680479	8.96e-36	153	1105	33837715	70
XP_028550950.1	SUPER_15_HAP2	36.592	358	203	6	307	660	24369675	24370688	1.54e-58	226	1105	33231407	70
XP_028550950.1	SUPER_15_HAP2	55.435	92	40	1	1015	1105	24385578	24385853	1.12e-39	97.1	1105	33231407	70
XP_028550950.1	SUPER_15_HAP2	50.000	94	47	0	925	1018	24385213	24385494	1.12e-39	91.7	1105	33231407	70
XP_028550950.1	SUPER_15_HAP2	44.492	236	82	4	692	926	24371185	24371748	1.78e-36	155	1105	33231407	70
XP_028550950.1	HAP2_SCAFFOLD_85	36.313	358	204	6	307	660	122289	121276	5.01e-57	221	1105	404000	70
XP_028550950.1	HAP2_SCAFFOLD_85	55.435	92	40	1	1015	1105	119213	118938	1.69e-38	93.2	1105	404000	70
XP_028550950.1	HAP2_SCAFFOLD_85	50.000	94	47	0	925	1018	119578	119297	1.69e-38	91.7	1105	404000	70
XP_028550950.1	HAP2_SCAFFOLD_85	44.492	236	82	4	692	926	120779	120216	1.77e-36	155	1105	404000	70
XP_028550949.1	H_9	38.916	406	225	7	399	796	179060	180232	3.33e-73	273	1200	183077	67
XP_028550949.1	H_9	56.522	92	39	1	1110	1200	182174	182449	2.98e-42	100	1200	183077	67
XP_028550949.1	H_9	52.128	94	45	0	1020	1113	181809	182090	2.98e-42	97.1	1200	183077	67
XP_028550949.1	H_9	45.532	235	79	4	787	1020	180608	181168	4.86e-37	157	1200	183077	67
XP_028550949.1	SUPER_6_HAP2	38.916	406	225	7	399	796	29677070	29678242	3.38e-73	273	1200	38374851	67
XP_028550949.1	SUPER_6_HAP2	56.522	92	39	1	1110	1200	29680184	29680459	2.84e-42	100	1200	38374851	67
XP_028550949.1	SUPER_6_HAP2	52.128	94	45	0	1020	1113	29679819	29680100	2.84e-42	97.1	1200	38374851	67
XP_028550949.1	SUPER_6_HAP2	45.532	235	79	4	787	1020	29678618	29679178	4.92e-37	157	1200	38374851	67
XP_028550949.1	SUPER_11_HAP2	40.054	367	198	6	397	755	24678365	24679423	1.39e-71	268	1200	33837715	64
XP_028550949.1	SUPER_11_HAP2	56.522	92	39	1	1110	1200	24681485	24681760	5.88e-42	98.6	1200	33837715	64
XP_028550949.1	SUPER_11_HAP2	48.148	108	56	0	1006	1113	24681078	24681401	5.88e-42	97.8	1200	33837715	64
XP_028550949.1	SUPER_11_HAP2	44.681	235	81	4	787	1020	24679919	24680479	1.00e-35	153	1200	33837715	64
XP_028550949.1	SUPER_15_HAP2	36.592	358	203	6	402	755	24369675	24370688	9.51e-59	228	1200	33231407	64
XP_028550949.1	SUPER_15_HAP2	55.435	92	40	1	1110	1200	24385578	24385853	5.22e-40	98.2	1200	33231407	64
XP_028550949.1	SUPER_15_HAP2	50.000	94	47	0	1020	1113	24385213	24385494	5.22e-40	91.7	1200	33231407	64
XP_028550949.1	SUPER_15_HAP2	44.492	236	82	4	787	1021	24371185	24371748	2.06e-36	155	1200	33231407	64
XP_028550949.1	HAP2_SCAFFOLD_85	36.313	358	204	6	402	755	122289	121276	2.91e-57	223	1200	404000	64
XP_028550949.1	HAP2_SCAFFOLD_85	55.435	92	40	1	1110	1200	119213	118938	7.86e-39	94.4	1200	404000	64
XP_028550949.1	HAP2_SCAFFOLD_85	50.000	94	47	0	1020	1113	119578	119297	7.86e-39	91.7	1200	404000	64
XP_028550949.1	HAP2_SCAFFOLD_85	44.492	236	82	4	787	1021	120779	120216	2.05e-36	155	1200	404000	64
XP_020672270.2	H_9	38.916	406	225	7	417	814	179060	180232	5.00e-73	273	1218	183077	66
XP_020672270.2	H_9	56.522	92	39	1	1128	1218	182174	182449	2.91e-42	100	1218	183077	66
XP_020672270.2	H_9	52.128	94	45	0	1038	1131	181809	182090	2.91e-42	97.4	1218	183077	66
XP_020672270.2	H_9	45.532	235	79	4	805	1038	180608	181168	4.68e-37	157	1218	183077	66
XP_020672270.2	SUPER_6_HAP2	38.916	406	225	7	417	814	29677070	29678242	5.08e-73	273	1218	38374851	66
XP_020672270.2	SUPER_6_HAP2	56.522	92	39	1	1128	1218	29680184	29680459	2.77e-42	100	1218	38374851	66
XP_020672270.2	SUPER_6_HAP2	52.128	94	45	0	1038	1131	29679819	29680100	2.77e-42	97.4	1218	38374851	66
XP_020672270.2	SUPER_6_HAP2	45.532	235	79	4	805	1038	29678618	29679178	4.73e-37	157	1218	38374851	66
XP_020672270.2	SUPER_11_HAP2	40.054	367	198	6	415	773	24678365	24679423	1.83e-71	268	1218	33837715	63
XP_020672270.2	SUPER_11_HAP2	56.522	92	39	1	1128	1218	24681485	24681760	5.64e-42	98.6	1218	33837715	63
XP_020672270.2	SUPER_11_HAP2	48.148	108	56	0	1024	1131	24681078	24681401	5.64e-42	97.8	1218	33837715	63
XP_020672270.2	SUPER_11_HAP2	44.681	235	81	4	805	1038	24679919	24680479	7.60e-36	153	1218	33837715	63
XP_020672270.2	SUPER_15_HAP2	36.592	358	203	6	420	773	24369675	24370688	9.20e-59	228	1218	33231407	63
XP_020672270.2	SUPER_15_HAP2	55.435	92	40	1	1128	1218	24385578	24385853	5.05e-40	98.2	1218	33231407	63
XP_020672270.2	SUPER_15_HAP2	50.000	94	47	0	1038	1131	24385213	24385494	5.05e-40	91.7	1218	33231407	63
XP_020672270.2	SUPER_15_HAP2	44.492	236	82	4	805	1039	24371185	24371748	1.48e-36	155	1218	33231407	63
XP_020672270.2	HAP2_SCAFFOLD_85	36.313	358	204	6	420	773	122289	121276	3.18e-57	223	1218	404000	63
XP_020672270.2	HAP2_SCAFFOLD_85	55.435	92	40	1	1128	1218	119213	118938	7.74e-39	94.4	1218	404000	63
XP_020672270.2	HAP2_SCAFFOLD_85	50.000	94	47	0	1038	1131	119578	119297	7.74e-39	91.7	1218	404000	63
XP_020672270.2	HAP2_SCAFFOLD_85	44.492	236	82	4	805	1039	120779	120216	1.48e-36	155	1218	404000	63
XP_024531885.1	H_9	32.710	428	230	9	248	651	178976	180157	1.38e-53	209	1000	183077	75
XP_024531885.1	H_9	40.933	193	91	4	654	823	180590	181168	5.03e-31	137	1000	183077	75
XP_024531885.1	H_9	46.602	103	55	0	813	915	181779	182087	4.91e-23	91.3	1000	183077	75
XP_024531885.1	H_9	32.609	92	56	2	914	1000	182177	182449	4.91e-23	41.6	1000	183077	75
XP_024531885.1	SUPER_6_HAP2	32.710	428	230	9	248	651	29676986	29678167	1.40e-53	209	1000	38374851	75
XP_024531885.1	SUPER_6_HAP2	40.933	193	91	4	654	823	29678600	29679178	5.07e-31	137	1000	38374851	75
XP_024531885.1	SUPER_6_HAP2	46.602	103	55	0	813	915	29679789	29680097	4.51e-23	91.3	1000	38374851	75
XP_024531885.1	SUPER_6_HAP2	32.609	92	56	2	914	1000	29680187	29680459	4.51e-23	41.6	1000	38374851	75
XP_024531885.1	SUPER_11_HAP2	32.710	428	230	9	248	651	24678287	24679468	2.12e-53	209	1000	33837715	75
XP_024531885.1	SUPER_11_HAP2	40.415	193	92	4	654	823	24679901	24680479	2.90e-29	131	1000	33837715	75
XP_024531885.1	SUPER_11_HAP2	46.729	107	57	0	809	915	24681078	24681398	5.11e-23	92.4	1000	33837715	75
XP_024531885.1	SUPER_11_HAP2	33.696	92	55	3	914	1000	24681488	24681760	5.11e-23	40.0	1000	33837715	75
XP_024531885.1	HAP2_SCAFFOLD_85	31.675	382	206	10	292	651	122277	121231	1.80e-43	177	1000	404000	71
XP_024531885.1	HAP2_SCAFFOLD_85	39.175	194	95	4	654	824	120797	120216	8.28e-30	133	1000	404000	71
XP_024531885.1	HAP2_SCAFFOLD_85	47.573	103	54	0	813	915	119608	119300	2.15e-24	94.4	1000	404000	71
XP_024531885.1	HAP2_SCAFFOLD_85	33.696	92	55	2	914	1000	119210	118938	2.15e-24	43.1	1000	404000	71
XP_024531885.1	SUPER_15_HAP2	31.152	382	208	9	292	651	24369687	24370733	3.70e-43	176	1000	33231407	71
XP_024531885.1	SUPER_15_HAP2	39.175	194	95	4	654	824	24371167	24371748	8.31e-30	133	1000	33231407	71
XP_024531885.1	SUPER_15_HAP2	47.573	103	54	0	813	915	24385183	24385491	1.07e-23	94.4	1000	33231407	71
XP_024531885.1	SUPER_15_HAP2	33.696	92	55	2	914	1000	24385581	24385853	1.07e-23	40.4	1000	33231407	71
XP_024531884.1	H_9	32.710	428	230	9	264	667	178976	180157	1.60e-53	209	1016	183077	74
XP_024531884.1	H_9	40.933	193	91	4	670	839	180590	181168	5.11e-31	137	1016	183077	74
XP_024531884.1	H_9	46.602	103	55	0	829	931	181779	182087	4.80e-23	91.3	1016	183077	74
XP_024531884.1	H_9	32.609	92	56	2	930	1016	182177	182449	4.80e-23	41.6	1016	183077	74
XP_024531884.1	SUPER_6_HAP2	32.710	428	230	9	264	667	29676986	29678167	1.62e-53	209	1016	38374851	74
XP_024531884.1	SUPER_6_HAP2	40.933	193	91	4	670	839	29678600	29679178	5.16e-31	137	1016	38374851	74
XP_024531884.1	SUPER_6_HAP2	46.602	103	55	0	829	931	29679789	29680097	4.41e-23	91.3	1016	38374851	74
XP_024531884.1	SUPER_6_HAP2	32.609	92	56	2	930	1016	29680187	29680459	4.41e-23	41.6	1016	38374851	74
XP_024531884.1	SUPER_11_HAP2	32.710	428	230	9	264	667	24678287	24679468	2.45e-53	209	1016	33837715	74
XP_024531884.1	SUPER_11_HAP2	40.415	193	92	4	670	839	24679901	24680479	3.01e-29	131	1016	33837715	74
XP_024531884.1	SUPER_11_HAP2	46.729	107	57	0	825	931	24681078	24681398	4.68e-23	92.4	1016	33837715	74
XP_024531884.1	SUPER_11_HAP2	33.696	92	55	3	930	1016	24681488	24681760	4.68e-23	40.0	1016	33837715	74
XP_024531884.1	HAP2_SCAFFOLD_85	31.675	382	206	10	308	667	122277	121231	2.01e-43	177	1016	404000	70
XP_024531884.1	HAP2_SCAFFOLD_85	39.175	194	95	4	670	840	120797	120216	8.62e-30	133	1016	404000	70
XP_024531884.1	HAP2_SCAFFOLD_85	47.573	103	54	0	829	931	119608	119300	2.02e-24	94.4	1016	404000	70
XP_024531884.1	HAP2_SCAFFOLD_85	33.696	92	55	2	930	1016	119210	118938	2.02e-24	43.1	1016	404000	70
XP_024531884.1	SUPER_15_HAP2	31.152	382	208	9	308	667	24369687	24370733	4.43e-43	176	1016	33231407	70
XP_024531884.1	SUPER_15_HAP2	39.175	194	95	4	670	840	24371167	24371748	8.65e-30	133	1016	33231407	70
XP_024531884.1	SUPER_15_HAP2	47.573	103	54	0	829	931	24385183	24385491	1.03e-23	94.4	1016	33231407	70
XP_024531884.1	SUPER_15_HAP2	33.696	92	55	2	930	1016	24385581	24385853	1.03e-23	40.8	1016	33231407	70
XP_024531883.1	H_9	32.710	428	230	9	264	667	178976	180157	1.60e-53	209	1016	183077	74
XP_024531883.1	H_9	40.933	193	91	4	670	839	180590	181168	5.11e-31	137	1016	183077	74
XP_024531883.1	H_9	46.602	103	55	0	829	931	181779	182087	4.80e-23	91.3	1016	183077	74
XP_024531883.1	H_9	32.609	92	56	2	930	1016	182177	182449	4.80e-23	41.6	1016	183077	74
XP_024531883.1	SUPER_6_HAP2	32.710	428	230	9	264	667	29676986	29678167	1.62e-53	209	1016	38374851	74
XP_024531883.1	SUPER_6_HAP2	40.933	193	91	4	670	839	29678600	29679178	5.16e-31	137	1016	38374851	74
XP_024531883.1	SUPER_6_HAP2	46.602	103	55	0	829	931	29679789	29680097	4.41e-23	91.3	1016	38374851	74
XP_024531883.1	SUPER_6_HAP2	32.609	92	56	2	930	1016	29680187	29680459	4.41e-23	41.6	1016	38374851	74
XP_024531883.1	SUPER_11_HAP2	32.710	428	230	9	264	667	24678287	24679468	2.45e-53	209	1016	33837715	74
XP_024531883.1	SUPER_11_HAP2	40.415	193	92	4	670	839	24679901	24680479	3.01e-29	131	1016	33837715	74
XP_024531883.1	SUPER_11_HAP2	46.729	107	57	0	825	931	24681078	24681398	4.68e-23	92.4	1016	33837715	74
XP_024531883.1	SUPER_11_HAP2	33.696	92	55	3	930	1016	24681488	24681760	4.68e-23	40.0	1016	33837715	74
XP_024531883.1	HAP2_SCAFFOLD_85	31.675	382	206	10	308	667	122277	121231	2.01e-43	177	1016	404000	70
XP_024531883.1	HAP2_SCAFFOLD_85	39.175	194	95	4	670	840	120797	120216	8.62e-30	133	1016	404000	70
XP_024531883.1	HAP2_SCAFFOLD_85	47.573	103	54	0	829	931	119608	119300	2.02e-24	94.4	1016	404000	70
XP_024531883.1	HAP2_SCAFFOLD_85	33.696	92	55	2	930	1016	119210	118938	2.02e-24	43.1	1016	404000	70
XP_024531883.1	SUPER_15_HAP2	31.152	382	208	9	308	667	24369687	24370733	4.43e-43	176	1016	33231407	70
XP_024531883.1	SUPER_15_HAP2	39.175	194	95	4	670	840	24371167	24371748	8.65e-30	133	1016	33231407	70
XP_024531883.1	SUPER_15_HAP2	47.573	103	54	0	829	931	24385183	24385491	1.03e-23	94.4	1016	33231407	70
XP_024531883.1	SUPER_15_HAP2	33.696	92	55	2	930	1016	24385581	24385853	1.03e-23	40.8	1016	33231407	70
XP_024376607.1	SUPER_11_HAP2	30.446	404	239	7	528	924	24678392	24679498	3.38e-47	191	1301	33837715	59
XP_024376607.1	SUPER_11_HAP2	38.164	207	99	4	930	1125	24679919	24680485	3.54e-32	142	1301	33837715	59
XP_024376607.1	SUPER_11_HAP2	46.809	94	50	0	1123	1216	24681120	24681401	1.91e-24	90.5	1301	33837715	59
XP_024376607.1	SUPER_11_HAP2	34.066	91	55	2	1215	1301	24681491	24681760	1.91e-24	47.0	1301	33837715	59
XP_024376607.1	H_9	30.446	404	239	7	528	924	179081	180187	1.45e-46	189	1301	183077	59
XP_024376607.1	H_9	38.647	207	98	4	930	1125	180608	181174	6.53e-34	147	1301	183077	59
XP_024376607.1	H_9	46.809	94	50	0	1123	1216	181809	182090	3.47e-25	90.1	1301	183077	59
XP_024376607.1	H_9	35.789	95	48	3	1215	1301	182180	182449	3.47e-25	50.1	1301	183077	59
XP_024376607.1	SUPER_6_HAP2	30.446	404	239	7	528	924	29677091	29678197	1.47e-46	189	1301	38374851	59
XP_024376607.1	SUPER_6_HAP2	38.647	207	98	4	930	1125	29678618	29679184	6.60e-34	147	1301	38374851	59
XP_024376607.1	SUPER_6_HAP2	46.809	94	50	0	1123	1216	29679819	29680100	3.20e-25	90.1	1301	38374851	59
XP_024376607.1	SUPER_6_HAP2	35.789	95	48	3	1215	1301	29680190	29680459	3.20e-25	50.1	1301	38374851	59
XP_024376607.1	HAP2_SCAFFOLD_85	28.833	437	260	9	528	955	122277	121093	1.76e-40	169	1301	404000	59
XP_024376607.1	HAP2_SCAFFOLD_85	37.374	198	111	4	930	1124	120779	120216	3.71e-32	141	1301	404000	59
XP_024376607.1	HAP2_SCAFFOLD_85	45.745	94	51	0	1123	1216	119578	119297	8.61e-25	86.3	1301	404000	59
XP_024376607.1	HAP2_SCAFFOLD_85	36.842	95	47	3	1215	1301	119207	118938	8.61e-25	52.8	1301	404000	59
XP_024376607.1	SUPER_15_HAP2	28.375	437	262	8	528	955	24369687	24370871	6.80e-40	167	1301	33231407	59
XP_024376607.1	SUPER_15_HAP2	37.374	198	111	4	930	1124	24371185	24371748	3.72e-32	141	1301	33231407	59
XP_024376607.1	SUPER_15_HAP2	45.745	94	51	0	1123	1216	24385213	24385494	3.05e-24	86.3	1301	33231407	59
XP_024376607.1	SUPER_15_HAP2	36.842	95	47	3	1215	1301	24385584	24385853	3.05e-24	50.8	1301	33231407	59
XP_024376598.1	SUPER_11_HAP2	30.446	404	239	7	529	925	24678392	24679498	3.06e-47	191	1302	33837715	59
XP_024376598.1	SUPER_11_HAP2	38.164	207	99	4	931	1126	24679919	24680485	3.20e-32	142	1302	33837715	59
XP_024376598.1	SUPER_11_HAP2	46.809	94	50	0	1124	1217	24681120	24681401	1.80e-24	90.9	1302	33837715	59
XP_024376598.1	SUPER_11_HAP2	34.066	91	55	2	1216	1302	24681491	24681760	1.80e-24	47.0	1302	33837715	59
XP_024376598.1	H_9	30.446	404	239	7	529	925	179081	180187	9.74e-47	189	1302	183077	59
XP_024376598.1	H_9	38.647	207	98	4	931	1126	180608	181174	6.43e-34	147	1302	183077	59
XP_024376598.1	H_9	46.809	94	50	0	1124	1217	181809	182090	2.99e-25	90.5	1302	183077	59
XP_024376598.1	H_9	35.789	95	48	3	1216	1302	182180	182449	2.99e-25	50.4	1302	183077	59
XP_024376598.1	SUPER_6_HAP2	30.446	404	239	7	529	925	29677091	29678197	9.87e-47	189	1302	38374851	59
XP_024376598.1	SUPER_6_HAP2	38.647	207	98	4	931	1126	29678618	29679184	6.50e-34	147	1302	38374851	59
XP_024376598.1	SUPER_6_HAP2	46.809	94	50	0	1124	1217	29679819	29680100	2.76e-25	90.5	1302	38374851	59
XP_024376598.1	SUPER_6_HAP2	35.789	95	48	3	1216	1302	29680190	29680459	2.76e-25	50.4	1302	38374851	59
XP_024376598.1	HAP2_SCAFFOLD_85	28.833	437	260	9	529	956	122277	121093	1.64e-40	169	1302	404000	59
XP_024376598.1	HAP2_SCAFFOLD_85	37.374	198	111	4	931	1125	120779	120216	3.38e-32	142	1302	404000	59
XP_024376598.1	HAP2_SCAFFOLD_85	45.745	94	51	0	1124	1217	119578	119297	7.61e-25	86.3	1302	404000	59
XP_024376598.1	HAP2_SCAFFOLD_85	36.842	95	47	3	1216	1302	119207	118938	7.61e-25	52.8	1302	404000	59
XP_024376598.1	SUPER_15_HAP2	28.375	437	262	8	529	956	24369687	24370871	6.26e-40	167	1302	33231407	59
XP_024376598.1	SUPER_15_HAP2	37.374	198	111	4	931	1125	24371185	24371748	3.40e-32	142	1302	33231407	59
XP_024376598.1	SUPER_15_HAP2	45.745	94	51	0	1124	1217	24385213	24385494	2.86e-24	86.3	1302	33231407	59
XP_024376598.1	SUPER_15_HAP2	36.842	95	47	3	1216	1302	24385584	24385853	2.86e-24	50.8	1302	33231407	59
XP_024376588.1	SUPER_11_HAP2	30.446	404	239	7	533	929	24678392	24679498	3.69e-47	191	1306	33837715	59
XP_024376588.1	SUPER_11_HAP2	38.164	207	99	4	935	1130	24679919	24680485	4.63e-32	141	1306	33837715	59
XP_024376588.1	SUPER_11_HAP2	46.809	94	50	0	1128	1221	24681120	24681401	2.06e-24	90.5	1306	33837715	59
XP_024376588.1	SUPER_11_HAP2	34.066	91	55	2	1220	1306	24681491	24681760	2.06e-24	47.0	1306	33837715	59
XP_024376588.1	H_9	30.446	404	239	7	533	929	179081	180187	1.53e-46	189	1306	183077	59
XP_024376588.1	H_9	38.647	207	98	4	935	1130	180608	181174	7.28e-34	147	1306	183077	59
XP_024376588.1	H_9	46.809	94	50	0	1128	1221	181809	182090	3.72e-25	90.1	1306	183077	59
XP_024376588.1	H_9	35.789	95	48	3	1220	1306	182180	182449	3.72e-25	50.1	1306	183077	59
XP_024376588.1	SUPER_6_HAP2	30.446	404	239	7	533	929	29677091	29678197	1.55e-46	189	1306	38374851	59
XP_024376588.1	SUPER_6_HAP2	38.647	207	98	4	935	1130	29678618	29679184	7.36e-34	147	1306	38374851	59
XP_024376588.1	SUPER_6_HAP2	46.809	94	50	0	1128	1221	29679819	29680100	3.44e-25	90.1	1306	38374851	59
XP_024376588.1	SUPER_6_HAP2	35.789	95	48	3	1220	1306	29680190	29680459	3.44e-25	50.1	1306	38374851	59
XP_024376588.1	HAP2_SCAFFOLD_85	28.833	437	260	9	533	960	122277	121093	1.70e-40	169	1306	404000	59
XP_024376588.1	HAP2_SCAFFOLD_85	37.374	198	111	4	935	1129	120779	120216	3.86e-32	141	1306	404000	59
XP_024376588.1	HAP2_SCAFFOLD_85	45.745	94	51	0	1128	1221	119578	119297	9.54e-25	86.3	1306	404000	59
XP_024376588.1	HAP2_SCAFFOLD_85	36.842	95	47	3	1220	1306	119207	118938	9.54e-25	52.8	1306	404000	59
XP_024376588.1	SUPER_15_HAP2	28.375	437	262	8	533	960	24369687	24370871	6.98e-40	167	1306	33231407	59
XP_024376588.1	SUPER_15_HAP2	37.374	198	111	4	935	1129	24371185	24371748	3.88e-32	141	1306	33231407	59
XP_024376588.1	SUPER_15_HAP2	45.745	94	51	0	1128	1221	24385213	24385494	3.82e-24	86.3	1306	33231407	59
XP_024376588.1	SUPER_15_HAP2	36.842	95	47	3	1220	1306	24385584	24385853	3.82e-24	50.4	1306	33231407	59
XP_024376582.1	SUPER_11_HAP2	30.446	404	239	7	534	930	24678392	24679498	3.05e-47	191	1307	33837715	59
XP_024376582.1	SUPER_11_HAP2	38.164	207	99	4	936	1131	24679919	24680485	3.57e-32	142	1307	33837715	59
XP_024376582.1	SUPER_11_HAP2	46.809	94	50	0	1129	1222	24681120	24681401	1.92e-24	90.5	1307	33837715	59
XP_024376582.1	SUPER_11_HAP2	34.066	91	55	2	1221	1307	24681491	24681760	1.92e-24	47.0	1307	33837715	59
XP_024376582.1	H_9	30.446	404	239	7	534	930	179081	180187	1.08e-46	189	1307	183077	59
XP_024376582.1	H_9	38.647	207	98	4	936	1131	180608	181174	6.76e-34	147	1307	183077	59
XP_024376582.1	H_9	46.809	94	50	0	1129	1222	181809	182090	3.45e-25	90.1	1307	183077	59
XP_024376582.1	H_9	35.789	95	48	3	1221	1307	182180	182449	3.45e-25	50.1	1307	183077	59
XP_024376582.1	SUPER_6_HAP2	30.446	404	239	7	534	930	29677091	29678197	1.10e-46	189	1307	38374851	59
XP_024376582.1	SUPER_6_HAP2	38.647	207	98	4	936	1131	29678618	29679184	6.84e-34	147	1307	38374851	59
XP_024376582.1	SUPER_6_HAP2	46.809	94	50	0	1129	1222	29679819	29680100	3.19e-25	90.1	1307	38374851	59
XP_024376582.1	SUPER_6_HAP2	35.789	95	48	3	1221	1307	29680190	29680459	3.19e-25	50.1	1307	38374851	59
XP_024376582.1	HAP2_SCAFFOLD_85	28.833	437	260	9	534	961	122277	121093	1.83e-40	169	1307	404000	59
XP_024376582.1	HAP2_SCAFFOLD_85	37.374	198	111	4	936	1130	120779	120216	3.74e-32	141	1307	404000	59
XP_024376582.1	HAP2_SCAFFOLD_85	45.745	94	51	0	1129	1222	119578	119297	8.65e-25	86.3	1307	404000	59
XP_024376582.1	HAP2_SCAFFOLD_85	36.842	95	47	3	1221	1307	119207	118938	8.65e-25	52.8	1307	404000	59
XP_024376582.1	SUPER_15_HAP2	28.375	437	262	8	534	961	24369687	24370871	6.32e-40	167	1307	33231407	59
XP_024376582.1	SUPER_15_HAP2	37.374	198	111	4	936	1130	24371185	24371748	3.76e-32	141	1307	33231407	59
XP_024376582.1	SUPER_15_HAP2	45.745	94	51	0	1129	1222	24385213	24385494	3.06e-24	86.3	1307	33231407	59
XP_024376582.1	SUPER_15_HAP2	36.842	95	47	3	1221	1307	24385584	24385853	3.06e-24	50.8	1307	33231407	59
XP_024376576.1	SUPER_11_HAP2	30.446	404	239	7	549	945	24678392	24679498	3.18e-47	191	1322	33837715	58
XP_024376576.1	SUPER_11_HAP2	38.164	207	99	4	951	1146	24679919	24680485	3.30e-32	142	1322	33837715	58
XP_024376576.1	SUPER_11_HAP2	46.809	94	50	0	1144	1237	24681120	24681401	1.76e-24	90.5	1322	33837715	58
XP_024376576.1	SUPER_11_HAP2	34.066	91	55	2	1236	1322	24681491	24681760	1.76e-24	47.4	1322	33837715	58
XP_024376576.1	H_9	30.446	404	239	7	549	945	179081	180187	1.12e-46	189	1322	183077	58
XP_024376576.1	H_9	38.647	207	98	4	951	1146	180608	181174	6.36e-34	147	1322	183077	58
XP_024376576.1	H_9	46.809	94	50	0	1144	1237	181809	182090	3.07e-25	90.1	1322	183077	58
XP_024376576.1	H_9	35.789	95	48	3	1236	1322	182180	182449	3.07e-25	50.4	1322	183077	58
XP_024376576.1	SUPER_6_HAP2	30.446	404	239	7	549	945	29677091	29678197	1.14e-46	189	1322	38374851	58
XP_024376576.1	SUPER_6_HAP2	38.647	207	98	4	951	1146	29678618	29679184	6.43e-34	147	1322	38374851	58
XP_024376576.1	SUPER_6_HAP2	46.809	94	50	0	1144	1237	29679819	29680100	2.83e-25	90.1	1322	38374851	58
XP_024376576.1	SUPER_6_HAP2	35.789	95	48	3	1236	1322	29680190	29680459	2.83e-25	50.4	1322	38374851	58
XP_024376576.1	HAP2_SCAFFOLD_85	28.833	437	260	9	549	976	122277	121093	1.86e-40	169	1322	404000	59
XP_024376576.1	HAP2_SCAFFOLD_85	37.374	198	111	4	951	1145	120779	120216	3.61e-32	142	1322	404000	59
XP_024376576.1	HAP2_SCAFFOLD_85	45.745	94	51	0	1144	1237	119578	119297	7.31e-25	86.7	1322	404000	59
XP_024376576.1	HAP2_SCAFFOLD_85	36.842	95	47	3	1236	1322	119207	118938	7.31e-25	52.8	1322	404000	59
XP_024376576.1	SUPER_15_HAP2	28.375	437	262	8	549	976	24369687	24370871	6.83e-40	167	1322	33231407	59
XP_024376576.1	SUPER_15_HAP2	37.374	198	111	4	951	1145	24371185	24371748	3.62e-32	142	1322	33231407	59
XP_024376576.1	SUPER_15_HAP2	45.745	94	51	0	1144	1237	24385213	24385494	2.81e-24	86.7	1322	33231407	59
XP_024376576.1	SUPER_15_HAP2	36.842	95	47	3	1236	1322	24385584	24385853	2.81e-24	50.8	1322	33231407	59
XP_024376567.1	SUPER_11_HAP2	30.446	404	239	7	555	951	24678392	24679498	3.15e-47	191	1328	33837715	58
XP_024376567.1	SUPER_11_HAP2	38.164	207	99	4	957	1152	24679919	24680485	3.39e-32	142	1328	33837715	58
XP_024376567.1	SUPER_11_HAP2	46.809	94	50	0	1150	1243	24681120	24681401	1.68e-24	90.9	1328	33837715	58
XP_024376567.1	SUPER_11_HAP2	34.066	91	55	2	1242	1328	24681491	24681760	1.68e-24	47.4	1328	33837715	58
XP_024376567.1	H_9	30.446	404	239	7	555	951	179081	180187	1.14e-46	189	1328	183077	58
XP_024376567.1	H_9	38.647	207	98	4	957	1152	180608	181174	6.26e-34	147	1328	183077	58
XP_024376567.1	H_9	46.809	94	50	0	1150	1243	181809	182090	2.98e-25	90.5	1328	183077	58
XP_024376567.1	H_9	35.789	95	48	3	1242	1328	182180	182449	2.98e-25	50.4	1328	183077	58
XP_024376567.1	SUPER_6_HAP2	30.446	404	239	7	555	951	29677091	29678197	1.15e-46	189	1328	38374851	58
XP_024376567.1	SUPER_6_HAP2	38.647	207	98	4	957	1152	29678618	29679184	6.33e-34	147	1328	38374851	58
XP_024376567.1	SUPER_6_HAP2	46.809	94	50	0	1150	1243	29679819	29680100	2.76e-25	90.5	1328	38374851	58
XP_024376567.1	SUPER_6_HAP2	35.789	95	48	3	1242	1328	29680190	29680459	2.76e-25	50.4	1328	38374851	58
XP_024376567.1	HAP2_SCAFFOLD_85	28.833	437	260	9	555	982	122277	121093	1.90e-40	169	1328	404000	58
XP_024376567.1	HAP2_SCAFFOLD_85	37.374	198	111	4	957	1151	120779	120216	3.46e-32	142	1328	404000	58
XP_024376567.1	HAP2_SCAFFOLD_85	45.745	94	51	0	1150	1243	119578	119297	7.05e-25	86.7	1328	404000	58
XP_024376567.1	HAP2_SCAFFOLD_85	36.842	95	47	3	1242	1328	119207	118938	7.05e-25	52.8	1328	404000	58
XP_024376567.1	SUPER_15_HAP2	28.375	437	262	8	555	982	24369687	24370871	6.91e-40	167	1328	33231407	58
XP_024376567.1	SUPER_15_HAP2	37.374	198	111	4	957	1151	24371185	24371748	3.48e-32	142	1328	33231407	58
XP_024376567.1	SUPER_15_HAP2	45.745	94	51	0	1150	1243	24385213	24385494	2.71e-24	86.7	1328	33231407	58
XP_024376567.1	SUPER_15_HAP2	36.842	95	47	3	1242	1328	24385584	24385853	2.71e-24	50.8	1328	33231407	58
XP_024376557.1	SUPER_11_HAP2	30.446	404	239	7	559	955	24678392	24679498	3.46e-47	191	1332	33837715	58
XP_024376557.1	SUPER_11_HAP2	38.164	207	99	4	961	1156	24679919	24680485	3.32e-32	142	1332	33837715	58
XP_024376557.1	SUPER_11_HAP2	46.809	94	50	0	1154	1247	24681120	24681401	1.91e-24	90.5	1332	33837715	58
XP_024376557.1	SUPER_11_HAP2	34.066	91	55	2	1246	1332	24681491	24681760	1.91e-24	47.0	1332	33837715	58
XP_024376557.1	H_9	30.446	404	239	7	559	955	179081	180187	1.56e-46	189	1332	183077	58
XP_024376557.1	H_9	38.647	207	98	4	961	1156	180608	181174	6.68e-34	147	1332	183077	58
XP_024376557.1	H_9	46.809	94	50	0	1154	1247	181809	182090	3.28e-25	90.1	1332	183077	58
XP_024376557.1	H_9	35.789	95	48	3	1246	1332	182180	182449	3.28e-25	50.1	1332	183077	58
XP_024376557.1	SUPER_6_HAP2	30.446	404	239	7	559	955	29677091	29678197	1.58e-46	189	1332	38374851	58
XP_024376557.1	SUPER_6_HAP2	38.647	207	98	4	961	1156	29678618	29679184	6.76e-34	147	1332	38374851	58
XP_024376557.1	SUPER_6_HAP2	46.809	94	50	0	1154	1247	29679819	29680100	3.03e-25	90.1	1332	38374851	58
XP_024376557.1	SUPER_6_HAP2	35.789	95	48	3	1246	1332	29680190	29680459	3.03e-25	50.1	1332	38374851	58
XP_024376557.1	HAP2_SCAFFOLD_85	28.833	437	260	9	559	986	122277	121093	1.90e-40	169	1332	404000	58
XP_024376557.1	HAP2_SCAFFOLD_85	37.374	198	111	4	961	1155	120779	120216	3.69e-32	142	1332	404000	58
XP_024376557.1	HAP2_SCAFFOLD_85	45.745	94	51	0	1154	1247	119578	119297	7.55e-25	86.7	1332	404000	58
XP_024376557.1	HAP2_SCAFFOLD_85	36.842	95	47	3	1246	1332	119207	118938	7.55e-25	52.8	1332	404000	58
XP_024376557.1	SUPER_15_HAP2	28.375	437	262	8	559	986	24369687	24370871	6.96e-40	167	1332	33231407	58
XP_024376557.1	SUPER_15_HAP2	37.374	198	111	4	961	1155	24371185	24371748	3.71e-32	142	1332	33231407	58
XP_024376557.1	SUPER_15_HAP2	45.745	94	51	0	1154	1247	24385213	24385494	2.81e-24	86.7	1332	33231407	58
XP_024376557.1	SUPER_15_HAP2	36.842	95	47	3	1246	1332	24385584	24385853	2.81e-24	50.8	1332	33231407	58
XP_024376548.1	SUPER_11_HAP2	30.446	404	239	7	560	956	24678392	24679498	3.32e-47	191	1333	33837715	58
XP_024376548.1	SUPER_11_HAP2	38.164	207	99	4	962	1157	24679919	24680485	3.36e-32	142	1333	33837715	58
XP_024376548.1	SUPER_11_HAP2	46.809	94	50	0	1155	1248	24681120	24681401	1.88e-24	90.9	1333	33837715	58
XP_024376548.1	SUPER_11_HAP2	34.066	91	55	2	1247	1333	24681491	24681760	1.88e-24	47.0	1333	33837715	58
XP_024376548.1	H_9	30.446	404	239	7	560	956	179081	180187	1.51e-46	189	1333	183077	58
XP_024376548.1	H_9	38.647	207	98	4	962	1157	180608	181174	6.75e-34	147	1333	183077	58
XP_024376548.1	H_9	46.809	94	50	0	1155	1248	181809	182090	3.20e-25	90.1	1333	183077	58
XP_024376548.1	H_9	35.789	95	48	3	1247	1333	182180	182449	3.20e-25	50.1	1333	183077	58
XP_024376548.1	SUPER_6_HAP2	30.446	404	239	7	560	956	29677091	29678197	1.53e-46	189	1333	38374851	58
XP_024376548.1	SUPER_6_HAP2	38.647	207	98	4	962	1157	29678618	29679184	6.82e-34	147	1333	38374851	58
XP_024376548.1	SUPER_6_HAP2	46.809	94	50	0	1155	1248	29679819	29680100	2.96e-25	90.1	1333	38374851	58
XP_024376548.1	SUPER_6_HAP2	35.789	95	48	3	1247	1333	29680190	29680459	2.96e-25	50.1	1333	38374851	58
XP_024376548.1	HAP2_SCAFFOLD_85	28.833	437	260	9	560	987	122277	121093	1.90e-40	169	1333	404000	58
XP_024376548.1	HAP2_SCAFFOLD_85	37.374	198	111	4	962	1156	120779	120216	3.67e-32	142	1333	404000	58
XP_024376548.1	HAP2_SCAFFOLD_85	45.745	94	51	0	1155	1248	119578	119297	7.62e-25	86.7	1333	404000	58
XP_024376548.1	HAP2_SCAFFOLD_85	36.842	95	47	3	1247	1333	119207	118938	7.62e-25	52.8	1333	404000	58
XP_024376548.1	SUPER_15_HAP2	28.375	437	262	8	560	987	24369687	24370871	6.97e-40	167	1333	33231407	58
XP_024376548.1	SUPER_15_HAP2	37.374	198	111	4	962	1156	24371185	24371748	3.68e-32	142	1333	33231407	58
XP_024376548.1	SUPER_15_HAP2	45.745	94	51	0	1155	1248	24385213	24385494	2.84e-24	86.7	1333	33231407	58
XP_024376548.1	SUPER_15_HAP2	36.842	95	47	3	1247	1333	24385584	24385853	2.84e-24	50.8	1333	33231407	58
PKU78836.1	H_9	37.582	306	169	6	1	298	179237	180112	1.70e-53	194	363	183077	82
PKU78836.1	SUPER_6_HAP2	37.582	306	169	6	1	298	29677247	29678122	1.71e-53	194	363	38374851	82
PKU78836.1	SUPER_11_HAP2	35.277	343	199	7	1	335	24678548	24679531	9.19e-53	192	363	33837715	92
PKU78836.1	SUPER_15_HAP2	38.372	258	148	2	41	298	24369948	24370688	1.63e-51	188	363	33231407	71
PKU78836.1	HAP2_SCAFFOLD_85	38.372	258	148	2	41	298	122016	121276	3.85e-51	187	363	404000	71
XP_021912651.1	H_9	50.505	396	188	3	152	542	179009	180187	3.38e-112	385	932	183077	77
XP_021912651.1	H_9	56.000	200	82	2	539	733	180581	181177	1.62e-52	205	932	183077	77
XP_021912651.1	H_9	60.714	112	41	1	730	838	181809	182144	2.38e-31	138	932	183077	77
XP_021912651.1	H_9	64.583	48	17	0	820	867	182174	182317	3.19e-09	65.9	932	183077	77
XP_021912651.1	SUPER_6_HAP2	50.505	396	188	3	152	542	29677019	29678197	3.43e-112	385	932	38374851	77
XP_021912651.1	SUPER_6_HAP2	56.000	200	82	2	539	733	29678591	29679187	1.64e-52	205	932	38374851	77
XP_021912651.1	SUPER_6_HAP2	60.714	112	41	1	730	838	29679819	29680154	2.40e-31	138	932	38374851	77
XP_021912651.1	SUPER_6_HAP2	64.583	48	17	0	820	867	29680184	29680327	3.21e-09	65.9	932	38374851	77
XP_021912651.1	SUPER_11_HAP2	50.758	396	187	3	152	542	24678320	24679498	5.86e-112	384	932	33837715	77
XP_021912651.1	SUPER_11_HAP2	55.500	200	83	2	539	733	24679892	24680488	8.95e-51	200	932	33837715	77
XP_021912651.1	SUPER_11_HAP2	68.085	94	30	0	730	823	24681120	24681401	1.34e-43	138	932	33837715	77
XP_021912651.1	SUPER_11_HAP2	62.500	48	18	0	820	867	24681485	24681628	1.34e-43	63.2	932	33837715	77
XP_021912651.1	SUPER_15_HAP2	47.480	377	180	5	171	542	24369672	24370763	2.60e-92	326	932	33231407	75
XP_021912651.1	SUPER_15_HAP2	52.885	208	92	2	539	741	24371158	24371778	2.34e-49	195	932	33231407	75
XP_021912651.1	SUPER_15_HAP2	58.036	112	44	1	730	838	24385213	24385548	2.57e-28	128	932	33231407	75
XP_021912651.1	SUPER_15_HAP2	64.583	48	17	0	820	867	24385578	24385721	3.73e-09	65.5	932	33231407	75
XP_021912651.1	HAP2_SCAFFOLD_85	47.721	373	177	5	175	542	122280	121201	9.24e-92	325	932	404000	74
XP_021912651.1	HAP2_SCAFFOLD_85	52.885	208	92	2	539	741	120806	120186	2.33e-49	195	932	404000	74
XP_021912651.1	HAP2_SCAFFOLD_85	58.036	112	44	1	730	838	119578	119243	2.56e-28	128	932	404000	74
XP_021912651.1	HAP2_SCAFFOLD_85	64.583	48	17	0	820	867	119213	119070	3.72e-09	65.5	932	404000	74
XP_021912650.1	H_9	50.505	396	188	3	373	763	179009	180187	4.11e-110	385	1153	183077	76
XP_021912650.1	H_9	56.000	200	82	2	760	954	180581	181177	3.84e-52	206	1153	183077	76
XP_021912650.1	H_9	60.714	112	41	1	951	1059	181809	182144	9.06e-31	137	1153	183077	76
XP_021912650.1	H_9	64.583	48	17	0	1041	1088	182174	182317	4.76e-09	65.5	1153	183077	76
XP_021912650.1	H_9	37.615	109	44	3	4	111	175413	175670	9.78e-06	54.7	1153	183077	76
XP_021912650.1	H_9	53.061	49	23	0	147	195	176263	176409	2.00e-05	53.5	1153	183077	76
XP_021912650.1	SUPER_6_HAP2	50.505	396	188	3	373	763	29677019	29678197	4.18e-110	385	1153	38374851	76
XP_021912650.1	SUPER_6_HAP2	56.000	200	82	2	760	954	29678591	29679187	3.90e-52	206	1153	38374851	76
XP_021912650.1	SUPER_6_HAP2	60.714	112	41	1	951	1059	29679819	29680154	9.15e-31	137	1153	38374851	76
XP_021912650.1	SUPER_6_HAP2	64.583	48	17	0	1041	1088	29680184	29680327	4.78e-09	65.5	1153	38374851	76
XP_021912650.1	SUPER_6_HAP2	37.615	109	44	3	4	111	29673423	29673680	9.82e-06	54.7	1153	38374851	76
XP_021912650.1	SUPER_6_HAP2	53.061	49	23	0	147	195	29674273	29674419	2.01e-05	53.5	1153	38374851	76
XP_021912650.1	SUPER_11_HAP2	50.758	396	187	3	373	763	24678320	24679498	9.27e-110	384	1153	33837715	66
XP_021912650.1	SUPER_11_HAP2	55.500	200	83	2	760	954	24679892	24680488	1.78e-50	201	1153	33837715	66
XP_021912650.1	SUPER_11_HAP2	68.085	94	30	0	951	1044	24681120	24681401	4.06e-43	137	1153	33837715	66
XP_021912650.1	SUPER_11_HAP2	62.500	48	18	0	1041	1088	24681485	24681628	4.06e-43	62.8	1153	33837715	66
XP_021912650.1	SUPER_11_HAP2	51.020	49	24	0	147	195	24675587	24675733	2.83e-05	53.1	1153	33837715	66
XP_021912650.1	SUPER_15_HAP2	47.480	377	180	5	392	763	24369672	24370763	7.91e-91	327	1153	33231407	60
XP_021912650.1	SUPER_15_HAP2	52.885	208	92	2	760	962	24371158	24371778	7.59e-49	196	1153	33231407	60
XP_021912650.1	SUPER_15_HAP2	58.036	112	44	1	951	1059	24385213	24385548	7.52e-28	127	1153	33231407	60
XP_021912650.1	SUPER_15_HAP2	64.583	48	17	0	1041	1088	24385578	24385721	5.38e-09	65.5	1153	33231407	60
XP_021912650.1	HAP2_SCAFFOLD_85	47.721	373	177	5	396	763	122280	121201	4.39e-90	325	1153	404000	60
XP_021912650.1	HAP2_SCAFFOLD_85	52.885	208	92	2	760	962	120806	120186	7.55e-49	196	1153	404000	60
XP_021912650.1	HAP2_SCAFFOLD_85	58.036	112	44	1	951	1059	119578	119243	7.48e-28	127	1153	404000	60
XP_021912650.1	HAP2_SCAFFOLD_85	64.583	48	17	0	1041	1088	119213	119070	5.37e-09	65.5	1153	404000	60
AQL06529.1	H_9	35.629	334	173	4	57	349	179066	180064	2.49e-48	189	735	183077	88
AQL06529.1	H_9	55.319	94	40	2	556	647	181809	182090	2.07e-40	103	735	183077	88
AQL06529.1	H_9	47.826	92	48	0	644	735	182174	182449	2.07e-40	86.3	735	183077	88
AQL06529.1	H_9	44.724	199	86	4	385	559	180581	181177	2.03e-30	134	735	183077	88
AQL06529.1	SUPER_6_HAP2	35.629	334	173	4	57	349	29677076	29678074	2.52e-48	189	735	38374851	88
AQL06529.1	SUPER_6_HAP2	55.319	94	40	2	556	647	29679819	29680100	1.97e-40	103	735	38374851	88
AQL06529.1	SUPER_6_HAP2	47.826	92	48	0	644	735	29680184	29680459	1.97e-40	86.3	735	38374851	88
AQL06529.1	SUPER_6_HAP2	44.724	199	86	4	385	559	29678591	29679187	2.05e-30	134	735	38374851	88
AQL06529.1	SUPER_11_HAP2	35.329	334	174	4	57	349	24678377	24679375	1.28e-46	184	735	33837715	88
AQL06529.1	SUPER_11_HAP2	50.926	108	51	2	542	647	24681078	24681401	7.33e-40	105	735	33837715	88
AQL06529.1	SUPER_11_HAP2	46.739	92	49	0	644	735	24681485	24681760	7.33e-40	83.2	735	33837715	88
AQL06529.1	SUPER_11_HAP2	44.221	199	87	4	385	559	24679892	24680488	1.39e-28	127	735	33837715	88
AQL06529.1	SUPER_15_HAP2	53.191	94	42	2	556	647	24385213	24385494	2.18e-38	98.6	735	33231407	88
AQL06529.1	SUPER_15_HAP2	47.826	92	48	0	644	735	24385578	24385853	2.18e-38	85.1	735	33231407	88
AQL06529.1	SUPER_15_HAP2	32.219	329	177	6	59	349	24369678	24370640	5.83e-35	148	735	33231407	88
AQL06529.1	SUPER_15_HAP2	41.860	215	101	4	378	568	24371137	24371781	8.94e-30	131	735	33231407	88
AQL06529.1	HAP2_SCAFFOLD_85	53.191	94	42	2	556	647	119578	119297	5.01e-37	98.6	735	404000	87
AQL06529.1	HAP2_SCAFFOLD_85	46.739	92	49	0	644	735	119213	118938	5.01e-37	80.9	735	404000	87
AQL06529.1	HAP2_SCAFFOLD_85	32.209	326	175	6	62	349	122277	121324	2.10e-34	146	735	404000	87
AQL06529.1	HAP2_SCAFFOLD_85	42.308	208	96	4	385	568	120806	120183	1.17e-29	131	735	404000	87
AQL06528.1	H_9	33.533	334	160	5	88	360	179066	180064	3.08e-42	169	657	183077	81
AQL06528.1	H_9	44.724	199	86	4	396	570	180581	181177	2.00e-30	132	657	183077	81
AQL06528.1	H_9	48.352	91	47	0	567	657	182177	182449	6.64e-16	86.7	657	183077	81
AQL06528.1	SUPER_6_HAP2	33.533	334	160	5	88	360	29677076	29678074	3.11e-42	169	657	38374851	81
AQL06528.1	SUPER_6_HAP2	44.724	199	86	4	396	570	29678591	29679187	2.02e-30	132	657	38374851	81
AQL06528.1	SUPER_6_HAP2	48.352	91	47	0	567	657	29680187	29680459	6.68e-16	86.7	657	38374851	81
AQL06528.1	SUPER_11_HAP2	33.234	334	161	5	88	360	24678377	24679375	1.05e-40	164	657	33837715	81
AQL06528.1	SUPER_11_HAP2	44.221	199	87	4	396	570	24679892	24680488	1.31e-28	127	657	33837715	81
AQL06528.1	SUPER_11_HAP2	47.253	91	48	0	567	657	24681488	24681760	6.61e-15	83.6	657	33837715	81
AQL06528.1	SUPER_15_HAP2	43.137	204	92	4	389	568	24371137	24371748	3.06e-29	129	657	33231407	82
AQL06528.1	SUPER_15_HAP2	30.091	329	164	7	90	360	24369678	24370640	4.68e-29	128	657	33231407	82
AQL06528.1	SUPER_15_HAP2	48.352	91	47	0	567	657	24385581	24385853	1.58e-15	85.5	657	33231407	82
AQL06528.1	HAP2_SCAFFOLD_85	43.655	197	87	4	396	568	120806	120216	3.98e-29	129	657	404000	81
AQL06528.1	HAP2_SCAFFOLD_85	30.211	331	155	8	93	360	122277	121324	2.03e-28	126	657	404000	81
AQL06528.1	HAP2_SCAFFOLD_85	47.253	91	48	0	567	657	119210	118938	3.83e-14	80.9	657	404000	81
AQL06526.1	H_9	35.244	349	182	5	488	795	179066	180103	1.07e-47	192	1166	183077	57
AQL06526.1	H_9	55.319	94	40	2	987	1078	181809	182090	5.39e-41	105	1166	183077	57
AQL06526.1	H_9	47.826	92	48	0	1075	1166	182174	182449	5.39e-41	88.2	1166	183077	57
AQL06526.1	H_9	44.724	199	86	4	816	990	180581	181177	1.32e-30	136	1166	183077	57
AQL06526.1	SUPER_6_HAP2	35.244	349	182	5	488	795	29677076	29678113	1.09e-47	192	1166	38374851	57
AQL06526.1	SUPER_6_HAP2	55.319	94	40	2	987	1078	29679819	29680100	5.13e-41	105	1166	38374851	57
AQL06526.1	SUPER_6_HAP2	47.826	92	48	0	1075	1166	29680184	29680459	5.13e-41	88.2	1166	38374851	57
AQL06526.1	SUPER_6_HAP2	44.724	199	86	4	816	990	29678591	29679187	1.34e-30	136	1166	38374851	57
AQL06526.1	SUPER_11_HAP2	34.957	349	183	5	488	795	24678377	24679414	4.08e-46	187	1166	33837715	57
AQL06526.1	SUPER_11_HAP2	50.926	108	51	2	973	1078	24681078	24681401	1.74e-40	106	1166	33837715	57
AQL06526.1	SUPER_11_HAP2	46.739	92	49	0	1075	1166	24681485	24681760	1.74e-40	85.5	1166	33837715	57
AQL06526.1	SUPER_11_HAP2	44.221	199	87	4	816	990	24679892	24680488	7.28e-29	130	1166	33837715	57
AQL06526.1	SUPER_15_HAP2	53.191	94	42	2	987	1078	24385213	24385494	3.14e-39	100	1166	33231407	56
AQL06526.1	SUPER_15_HAP2	47.826	92	48	0	1075	1166	24385578	24385853	3.14e-39	87.0	1166	33231407	56
AQL06526.1	SUPER_15_HAP2	32.335	334	170	7	490	780	24369678	24370640	2.83e-35	151	1166	33231407	56
AQL06526.1	SUPER_15_HAP2	41.860	215	101	4	809	999	24371137	24371781	6.39e-30	134	1166	33231407	56
AQL06526.1	HAP2_SCAFFOLD_85	53.191	94	42	2	987	1078	119578	119297	8.79e-38	100	1166	404000	55
AQL06526.1	HAP2_SCAFFOLD_85	46.739	92	49	0	1075	1166	119213	118938	8.79e-38	82.4	1166	404000	55
AQL06526.1	HAP2_SCAFFOLD_85	32.326	331	168	7	493	780	122277	121324	8.47e-35	150	1166	404000	55
AQL06526.1	HAP2_SCAFFOLD_85	42.308	208	96	4	816	999	120806	120183	8.41e-30	134	1166	404000	55
AQL06525.1	H_9	35.244	349	182	5	347	654	179066	180103	2.94e-47	189	1025	183077	64
AQL06525.1	H_9	55.319	94	40	2	846	937	181809	182090	1.77e-40	103	1025	183077	64
AQL06525.1	H_9	47.826	92	48	0	934	1025	182174	182449	1.77e-40	87.4	1025	183077	64
AQL06525.1	H_9	44.724	199	86	4	675	849	180581	181177	3.01e-30	134	1025	183077	64
AQL06525.1	SUPER_6_HAP2	35.244	349	182	5	347	654	29677076	29678113	2.98e-47	189	1025	38374851	64
AQL06525.1	SUPER_6_HAP2	55.319	94	40	2	846	937	29679819	29680100	1.68e-40	103	1025	38374851	64
AQL06525.1	SUPER_6_HAP2	47.826	92	48	0	934	1025	29680184	29680459	1.68e-40	87.4	1025	38374851	64
AQL06525.1	SUPER_6_HAP2	44.724	199	86	4	675	849	29678591	29679187	3.04e-30	134	1025	38374851	64
AQL06525.1	SUPER_11_HAP2	35.329	334	174	4	347	639	24678377	24679375	1.07e-45	184	1025	33837715	63
AQL06525.1	SUPER_11_HAP2	50.926	108	51	2	832	937	24681078	24681401	5.90e-40	105	1025	33837715	63
AQL06525.1	SUPER_11_HAP2	46.739	92	49	0	934	1025	24681485	24681760	5.90e-40	84.3	1025	33837715	63
AQL06525.1	SUPER_11_HAP2	44.221	199	87	4	675	849	24679892	24680488	2.24e-28	128	1025	33837715	63
AQL06525.1	SUPER_15_HAP2	53.191	94	42	2	846	937	24385213	24385494	1.03e-38	99.0	1025	33231407	63
AQL06525.1	SUPER_15_HAP2	47.826	92	48	0	934	1025	24385578	24385853	1.03e-38	86.3	1025	33231407	63
AQL06525.1	SUPER_15_HAP2	32.335	334	170	7	349	639	24369678	24370640	9.09e-35	149	1025	33231407	63
AQL06525.1	SUPER_15_HAP2	41.860	215	101	4	668	858	24371137	24371781	1.95e-29	132	1025	33231407	63
AQL06525.1	HAP2_SCAFFOLD_85	53.191	94	42	2	846	937	119578	119297	3.26e-37	99.0	1025	404000	62
AQL06525.1	HAP2_SCAFFOLD_85	46.739	92	49	0	934	1025	119213	118938	3.26e-37	81.3	1025	404000	62
AQL06525.1	HAP2_SCAFFOLD_85	32.326	331	168	7	352	639	122277	121324	3.19e-34	147	1025	404000	62
AQL06525.1	HAP2_SCAFFOLD_85	42.308	208	96	4	675	858	120806	120183	2.54e-29	131	1025	404000	62
AQL06524.1	H_9	33.533	334	160	5	88	360	179066	180064	3.08e-42	169	657	183077	81
AQL06524.1	H_9	44.724	199	86	4	396	570	180581	181177	2.00e-30	132	657	183077	81
AQL06524.1	H_9	48.352	91	47	0	567	657	182177	182449	6.64e-16	86.7	657	183077	81
AQL06524.1	SUPER_6_HAP2	33.533	334	160	5	88	360	29677076	29678074	3.11e-42	169	657	38374851	81
AQL06524.1	SUPER_6_HAP2	44.724	199	86	4	396	570	29678591	29679187	2.02e-30	132	657	38374851	81
AQL06524.1	SUPER_6_HAP2	48.352	91	47	0	567	657	29680187	29680459	6.68e-16	86.7	657	38374851	81
AQL06524.1	SUPER_11_HAP2	33.234	334	161	5	88	360	24678377	24679375	1.05e-40	164	657	33837715	81
AQL06524.1	SUPER_11_HAP2	44.221	199	87	4	396	570	24679892	24680488	1.31e-28	127	657	33837715	81
AQL06524.1	SUPER_11_HAP2	47.253	91	48	0	567	657	24681488	24681760	6.61e-15	83.6	657	33837715	81
AQL06524.1	SUPER_15_HAP2	43.137	204	92	4	389	568	24371137	24371748	3.06e-29	129	657	33231407	82
AQL06524.1	SUPER_15_HAP2	30.091	329	164	7	90	360	24369678	24370640	4.68e-29	128	657	33231407	82
AQL06524.1	SUPER_15_HAP2	48.352	91	47	0	567	657	24385581	24385853	1.58e-15	85.5	657	33231407	82
AQL06524.1	HAP2_SCAFFOLD_85	43.655	197	87	4	396	568	120806	120216	3.98e-29	129	657	404000	81
AQL06524.1	HAP2_SCAFFOLD_85	30.211	331	155	8	93	360	122277	121324	2.03e-28	126	657	404000	81
AQL06524.1	HAP2_SCAFFOLD_85	47.253	91	48	0	567	657	119210	118938	3.83e-14	80.9	657	404000	81
AQL06523.1	H_9	35.244	349	182	5	483	790	179066	180103	1.09e-47	192	1161	183077	57
AQL06523.1	H_9	55.319	94	40	2	982	1073	181809	182090	5.19e-41	105	1161	183077	57
AQL06523.1	H_9	47.826	92	48	0	1070	1161	182174	182449	5.19e-41	88.2	1161	183077	57
AQL06523.1	H_9	44.724	199	86	4	811	985	180581	181177	1.55e-30	136	1161	183077	57
AQL06523.1	SUPER_6_HAP2	35.244	349	182	5	483	790	29677076	29678113	1.11e-47	192	1161	38374851	57
AQL06523.1	SUPER_6_HAP2	55.319	94	40	2	982	1073	29679819	29680100	4.94e-41	105	1161	38374851	57
AQL06523.1	SUPER_6_HAP2	47.826	92	48	0	1070	1161	29680184	29680459	4.94e-41	88.2	1161	38374851	57
AQL06523.1	SUPER_6_HAP2	44.724	199	86	4	811	985	29678591	29679187	1.57e-30	136	1161	38374851	57
AQL06523.1	SUPER_11_HAP2	34.957	349	183	5	483	790	24678377	24679414	4.76e-46	186	1161	33837715	57
AQL06523.1	SUPER_11_HAP2	50.926	108	51	2	968	1073	24681078	24681401	1.71e-40	106	1161	33837715	57
AQL06523.1	SUPER_11_HAP2	46.739	92	49	0	1070	1161	24681485	24681760	1.71e-40	85.5	1161	33837715	57
AQL06523.1	SUPER_11_HAP2	44.221	199	87	4	811	985	24679892	24680488	8.99e-29	130	1161	33837715	57
AQL06523.1	SUPER_15_HAP2	53.191	94	42	2	982	1073	24385213	24385494	3.23e-39	100	1161	33231407	56
AQL06523.1	SUPER_15_HAP2	47.826	92	48	0	1070	1161	24385578	24385853	3.23e-39	87.0	1161	33231407	56
AQL06523.1	SUPER_15_HAP2	32.335	334	170	7	485	775	24369678	24370640	3.13e-35	151	1161	33231407	56
AQL06523.1	SUPER_15_HAP2	41.860	215	101	4	804	994	24371137	24371781	6.66e-30	134	1161	33231407	56
AQL06523.1	HAP2_SCAFFOLD_85	53.191	94	42	2	982	1073	119578	119297	8.75e-38	100	1161	404000	55
AQL06523.1	HAP2_SCAFFOLD_85	46.739	92	49	0	1070	1161	119213	118938	8.75e-38	82.4	1161	404000	55
AQL06523.1	HAP2_SCAFFOLD_85	32.326	331	168	7	488	775	122277	121324	1.11e-34	149	1161	404000	55
AQL06523.1	HAP2_SCAFFOLD_85	42.308	208	96	4	811	994	120806	120183	8.76e-30	133	1161	404000	55
AQL06522.1	H_9	35.244	349	182	5	510	817	179066	180103	1.04e-47	192	1188	183077	55
AQL06522.1	H_9	55.319	94	40	2	1009	1100	181809	182090	5.24e-41	105	1188	183077	55
AQL06522.1	H_9	47.826	92	48	0	1097	1188	182174	182449	5.24e-41	88.2	1188	183077	55
AQL06522.1	H_9	44.724	199	86	4	838	1012	180581	181177	1.18e-30	136	1188	183077	55
AQL06522.1	SUPER_6_HAP2	35.244	349	182	5	510	817	29677076	29678113	1.05e-47	192	1188	38374851	55
AQL06522.1	SUPER_6_HAP2	55.319	94	40	2	1009	1100	29679819	29680100	4.98e-41	105	1188	38374851	55
AQL06522.1	SUPER_6_HAP2	47.826	92	48	0	1097	1188	29680184	29680459	4.98e-41	88.2	1188	38374851	55
AQL06522.1	SUPER_6_HAP2	44.724	199	86	4	838	1012	29678591	29679187	1.20e-30	136	1188	38374851	55
AQL06522.1	SUPER_11_HAP2	34.957	349	183	5	510	817	24678377	24679414	4.65e-46	187	1188	33837715	55
AQL06522.1	SUPER_11_HAP2	50.926	108	51	2	995	1100	24681078	24681401	1.61e-40	106	1188	33837715	55
AQL06522.1	SUPER_11_HAP2	46.739	92	49	0	1097	1188	24681485	24681760	1.61e-40	85.5	1188	33837715	55
AQL06522.1	SUPER_11_HAP2	44.221	199	87	4	838	1012	24679892	24680488	7.44e-29	130	1188	33837715	55
AQL06522.1	SUPER_15_HAP2	53.191	94	42	2	1009	1100	24385213	24385494	3.00e-39	100	1188	33231407	55
AQL06522.1	SUPER_15_HAP2	47.826	92	48	0	1097	1188	24385578	24385853	3.00e-39	87.4	1188	33231407	55
AQL06522.1	SUPER_15_HAP2	32.335	334	170	7	512	802	24369678	24370640	2.79e-35	151	1188	33231407	55
AQL06522.1	SUPER_15_HAP2	41.860	215	101	4	831	1021	24371137	24371781	6.37e-30	134	1188	33231407	55
AQL06522.1	HAP2_SCAFFOLD_85	53.191	94	42	2	1009	1100	119578	119297	8.61e-38	100	1188	404000	54
AQL06522.1	HAP2_SCAFFOLD_85	46.739	92	49	0	1097	1188	119213	118938	8.61e-38	82.4	1188	404000	54
AQL06522.1	HAP2_SCAFFOLD_85	32.326	331	168	7	515	802	122277	121324	8.86e-35	150	1188	404000	54
AQL06522.1	HAP2_SCAFFOLD_85	42.308	208	96	4	838	1021	120806	120183	8.38e-30	134	1188	404000	54
AQL06521.1	H_9	33.533	334	160	5	88	360	179066	180064	3.08e-42	169	657	183077	81
AQL06521.1	H_9	44.724	199	86	4	396	570	180581	181177	2.00e-30	132	657	183077	81
AQL06521.1	H_9	48.352	91	47	0	567	657	182177	182449	6.64e-16	86.7	657	183077	81
AQL06521.1	SUPER_6_HAP2	33.533	334	160	5	88	360	29677076	29678074	3.11e-42	169	657	38374851	81
AQL06521.1	SUPER_6_HAP2	44.724	199	86	4	396	570	29678591	29679187	2.02e-30	132	657	38374851	81
AQL06521.1	SUPER_6_HAP2	48.352	91	47	0	567	657	29680187	29680459	6.68e-16	86.7	657	38374851	81
AQL06521.1	SUPER_11_HAP2	33.234	334	161	5	88	360	24678377	24679375	1.05e-40	164	657	33837715	81
AQL06521.1	SUPER_11_HAP2	44.221	199	87	4	396	570	24679892	24680488	1.31e-28	127	657	33837715	81
AQL06521.1	SUPER_11_HAP2	47.253	91	48	0	567	657	24681488	24681760	6.61e-15	83.6	657	33837715	81
AQL06521.1	SUPER_15_HAP2	43.137	204	92	4	389	568	24371137	24371748	3.06e-29	129	657	33231407	82
AQL06521.1	SUPER_15_HAP2	30.091	329	164	7	90	360	24369678	24370640	4.68e-29	128	657	33231407	82
AQL06521.1	SUPER_15_HAP2	48.352	91	47	0	567	657	24385581	24385853	1.58e-15	85.5	657	33231407	82
AQL06521.1	HAP2_SCAFFOLD_85	43.655	197	87	4	396	568	120806	120216	3.98e-29	129	657	404000	81
AQL06521.1	HAP2_SCAFFOLD_85	30.211	331	155	8	93	360	122277	121324	2.03e-28	126	657	404000	81
AQL06521.1	HAP2_SCAFFOLD_85	47.253	91	48	0	567	657	119210	118938	3.83e-14	80.9	657	404000	81
AQL06520.1	H_9	35.244	349	182	5	505	812	179066	180103	9.94e-48	192	1183	183077	56
AQL06520.1	H_9	55.319	94	40	2	1004	1095	181809	182090	4.21e-41	105	1183	183077	56
AQL06520.1	H_9	47.826	92	48	0	1092	1183	182174	182449	4.21e-41	88.2	1183	183077	56
AQL06520.1	H_9	44.724	199	86	4	833	1007	180581	181177	1.10e-30	136	1183	183077	56
AQL06520.1	SUPER_6_HAP2	35.244	349	182	5	505	812	29677076	29678113	1.01e-47	192	1183	38374851	56
AQL06520.1	SUPER_6_HAP2	55.319	94	40	2	1004	1095	29679819	29680100	4.00e-41	105	1183	38374851	56
AQL06520.1	SUPER_6_HAP2	47.826	92	48	0	1092	1183	29680184	29680459	4.00e-41	88.2	1183	38374851	56
AQL06520.1	SUPER_6_HAP2	44.724	199	86	4	833	1007	29678591	29679187	1.11e-30	136	1183	38374851	56
AQL06520.1	SUPER_11_HAP2	34.957	349	183	5	505	812	24678377	24679414	4.58e-46	187	1183	33837715	56
AQL06520.1	SUPER_11_HAP2	50.926	108	51	2	990	1095	24681078	24681401	1.53e-40	106	1183	33837715	56
AQL06520.1	SUPER_11_HAP2	46.739	92	49	0	1092	1183	24681485	24681760	1.53e-40	85.5	1183	33837715	56
AQL06520.1	SUPER_11_HAP2	44.221	199	87	4	833	1007	24679892	24680488	6.83e-29	130	1183	33837715	56
AQL06520.1	SUPER_15_HAP2	53.191	94	42	2	1004	1095	24385213	24385494	2.47e-39	100	1183	33231407	55
AQL06520.1	SUPER_15_HAP2	47.826	92	48	0	1092	1183	24385578	24385853	2.47e-39	87.0	1183	33231407	55
AQL06520.1	SUPER_15_HAP2	32.335	334	170	7	507	797	24369678	24370640	2.93e-35	151	1183	33231407	55
AQL06520.1	SUPER_15_HAP2	41.860	215	101	4	826	1016	24371137	24371781	4.98e-30	134	1183	33231407	55
AQL06520.1	HAP2_SCAFFOLD_85	53.191	94	42	2	1004	1095	119578	119297	6.86e-38	100	1183	404000	54
AQL06520.1	HAP2_SCAFFOLD_85	46.739	92	49	0	1092	1183	119213	118938	6.86e-38	82.4	1183	404000	54
AQL06520.1	HAP2_SCAFFOLD_85	32.326	331	168	7	510	797	122277	121324	8.56e-35	150	1183	404000	54
AQL06520.1	HAP2_SCAFFOLD_85	42.308	208	96	4	833	1016	120806	120183	6.61e-30	134	1183	404000	54
AQL06519.1	H_9	35.629	334	173	4	57	349	179066	180064	2.49e-48	189	735	183077	88
AQL06519.1	H_9	55.319	94	40	2	556	647	181809	182090	2.07e-40	103	735	183077	88
AQL06519.1	H_9	47.826	92	48	0	644	735	182174	182449	2.07e-40	86.3	735	183077	88
AQL06519.1	H_9	44.724	199	86	4	385	559	180581	181177	2.03e-30	134	735	183077	88
AQL06519.1	SUPER_6_HAP2	35.629	334	173	4	57	349	29677076	29678074	2.52e-48	189	735	38374851	88
AQL06519.1	SUPER_6_HAP2	55.319	94	40	2	556	647	29679819	29680100	1.97e-40	103	735	38374851	88
AQL06519.1	SUPER_6_HAP2	47.826	92	48	0	644	735	29680184	29680459	1.97e-40	86.3	735	38374851	88
AQL06519.1	SUPER_6_HAP2	44.724	199	86	4	385	559	29678591	29679187	2.05e-30	134	735	38374851	88
AQL06519.1	SUPER_11_HAP2	35.329	334	174	4	57	349	24678377	24679375	1.28e-46	184	735	33837715	88
AQL06519.1	SUPER_11_HAP2	50.926	108	51	2	542	647	24681078	24681401	7.33e-40	105	735	33837715	88
AQL06519.1	SUPER_11_HAP2	46.739	92	49	0	644	735	24681485	24681760	7.33e-40	83.2	735	33837715	88
AQL06519.1	SUPER_11_HAP2	44.221	199	87	4	385	559	24679892	24680488	1.39e-28	127	735	33837715	88
AQL06519.1	SUPER_15_HAP2	53.191	94	42	2	556	647	24385213	24385494	2.18e-38	98.6	735	33231407	88
AQL06519.1	SUPER_15_HAP2	47.826	92	48	0	644	735	24385578	24385853	2.18e-38	85.1	735	33231407	88
AQL06519.1	SUPER_15_HAP2	32.219	329	177	6	59	349	24369678	24370640	5.83e-35	148	735	33231407	88
AQL06519.1	SUPER_15_HAP2	41.860	215	101	4	378	568	24371137	24371781	8.94e-30	131	735	33231407	88
AQL06519.1	HAP2_SCAFFOLD_85	53.191	94	42	2	556	647	119578	119297	5.01e-37	98.6	735	404000	87
AQL06519.1	HAP2_SCAFFOLD_85	46.739	92	49	0	644	735	119213	118938	5.01e-37	80.9	735	404000	87
AQL06519.1	HAP2_SCAFFOLD_85	32.209	326	175	6	62	349	122277	121324	2.10e-34	146	735	404000	87
AQL06519.1	HAP2_SCAFFOLD_85	42.308	208	96	4	385	568	120806	120183	1.17e-29	131	735	404000	87
AQL06518.1	H_9	33.533	334	160	5	88	360	179066	180064	3.08e-42	169	657	183077	81
AQL06518.1	H_9	44.724	199	86	4	396	570	180581	181177	2.00e-30	132	657	183077	81
AQL06518.1	H_9	48.352	91	47	0	567	657	182177	182449	6.64e-16	86.7	657	183077	81
AQL06518.1	SUPER_6_HAP2	33.533	334	160	5	88	360	29677076	29678074	3.11e-42	169	657	38374851	81
AQL06518.1	SUPER_6_HAP2	44.724	199	86	4	396	570	29678591	29679187	2.02e-30	132	657	38374851	81
AQL06518.1	SUPER_6_HAP2	48.352	91	47	0	567	657	29680187	29680459	6.68e-16	86.7	657	38374851	81
AQL06518.1	SUPER_11_HAP2	33.234	334	161	5	88	360	24678377	24679375	1.05e-40	164	657	33837715	81
AQL06518.1	SUPER_11_HAP2	44.221	199	87	4	396	570	24679892	24680488	1.31e-28	127	657	33837715	81
AQL06518.1	SUPER_11_HAP2	47.253	91	48	0	567	657	24681488	24681760	6.61e-15	83.6	657	33837715	81
AQL06518.1	SUPER_15_HAP2	43.137	204	92	4	389	568	24371137	24371748	3.06e-29	129	657	33231407	82
AQL06518.1	SUPER_15_HAP2	30.091	329	164	7	90	360	24369678	24370640	4.68e-29	128	657	33231407	82
AQL06518.1	SUPER_15_HAP2	48.352	91	47	0	567	657	24385581	24385853	1.58e-15	85.5	657	33231407	82
AQL06518.1	HAP2_SCAFFOLD_85	43.655	197	87	4	396	568	120806	120216	3.98e-29	129	657	404000	81
AQL06518.1	HAP2_SCAFFOLD_85	30.211	331	155	8	93	360	122277	121324	2.03e-28	126	657	404000	81
AQL06518.1	HAP2_SCAFFOLD_85	47.253	91	48	0	567	657	119210	118938	3.83e-14	80.9	657	404000	81
AAX21526.1	SUPER_6_HAP2	55.319	94	40	2	181	272	29679819	29680100	6.31e-34	103	334	38374851	96
AAX21526.1	SUPER_6_HAP2	50.000	62	31	0	269	330	29680184	29680369	6.31e-34	63.5	334	38374851	96
AAX21526.1	SUPER_6_HAP2	44.724	199	86	4	10	184	29678591	29679187	1.71e-32	132	334	38374851	96
AAX21526.1	H_9	55.319	94	40	2	181	272	181809	182090	6.70e-34	103	334	183077	96
AAX21526.1	H_9	50.000	62	31	0	269	330	182174	182359	6.70e-34	63.5	334	183077	96
AAX21526.1	H_9	44.724	199	86	4	10	184	180581	181177	1.70e-32	132	334	183077	96
AAX21526.1	SUPER_11_HAP2	50.926	108	51	2	167	272	24681078	24681401	1.62e-33	105	334	33837715	96
AAX21526.1	SUPER_11_HAP2	48.387	62	32	0	269	330	24681485	24681670	1.62e-33	60.5	334	33837715	96
AAX21526.1	SUPER_11_HAP2	44.221	199	87	4	10	184	24679892	24680488	1.14e-30	127	334	33837715	96
AAX21526.1	SUPER_15_HAP2	41.860	215	101	4	3	193	24371137	24371781	3.54e-32	131	334	33231407	98
AAX21526.1	SUPER_15_HAP2	53.191	94	42	2	181	272	24385213	24385494	5.25e-32	97.8	334	33231407	98
AAX21526.1	SUPER_15_HAP2	50.000	62	31	0	269	330	24385578	24385763	5.25e-32	62.8	334	33231407	98
AAX21526.1	HAP2_SCAFFOLD_85	42.308	208	96	4	10	193	120806	120183	4.70e-32	130	334	404000	96
AAX21526.1	HAP2_SCAFFOLD_85	53.191	94	42	2	181	272	119578	119297	5.53e-32	97.8	334	404000	96
AAX21526.1	HAP2_SCAFFOLD_85	50.000	62	31	0	269	330	119213	119028	5.53e-32	62.8	334	404000	96
AAS91212.1	H_9	35.629	334	173	4	193	485	179066	180064	9.53e-48	189	871	183077	73
AAS91212.1	H_9	55.319	94	40	2	692	783	181809	182090	1.07e-40	103	871	183077	73
AAS91212.1	H_9	47.826	92	48	0	780	871	182174	182449	1.07e-40	87.8	871	183077	73
AAS91212.1	H_9	42.857	189	84	2	531	695	180611	181177	1.74e-34	147	871	183077	73
AAS91212.1	SUPER_6_HAP2	35.629	334	173	4	193	485	29677076	29678074	9.64e-48	189	871	38374851	73
AAS91212.1	SUPER_6_HAP2	55.319	94	40	2	692	783	29679819	29680100	1.02e-40	103	871	38374851	73
AAS91212.1	SUPER_6_HAP2	47.826	92	48	0	780	871	29680184	29680459	1.02e-40	87.8	871	38374851	73
AAS91212.1	SUPER_6_HAP2	42.857	189	84	2	531	695	29678621	29679187	1.76e-34	147	871	38374851	73
AAS91212.1	SUPER_11_HAP2	35.329	334	174	4	193	485	24678377	24679375	2.71e-46	185	871	33837715	73
AAS91212.1	SUPER_11_HAP2	50.926	108	51	2	678	783	24681078	24681401	5.23e-40	104	871	33837715	73
AAS91212.1	SUPER_11_HAP2	46.739	92	49	0	780	871	24681485	24681760	5.23e-40	84.7	871	33837715	73
AAS91212.1	SUPER_11_HAP2	42.328	189	85	2	531	695	24679922	24680488	1.42e-32	141	871	33837715	73
AAS91212.1	SUPER_15_HAP2	53.191	94	42	2	692	783	24385213	24385494	8.74e-39	99.0	871	33231407	73
AAS91212.1	SUPER_15_HAP2	47.826	92	48	0	780	871	24385578	24385853	8.74e-39	86.7	871	33231407	73
AAS91212.1	SUPER_15_HAP2	32.219	329	177	6	195	485	24369678	24370640	6.86e-35	149	871	33231407	73
AAS91212.1	SUPER_15_HAP2	40.404	198	94	2	531	704	24371188	24371781	7.74e-34	145	871	33231407	73
AAS91212.1	HAP2_SCAFFOLD_85	53.191	94	42	2	692	783	119578	119297	2.27e-37	99.0	871	404000	72
AAS91212.1	HAP2_SCAFFOLD_85	46.739	92	49	0	780	871	119213	118938	2.27e-37	82.0	871	404000	72
AAS91212.1	HAP2_SCAFFOLD_85	32.326	331	168	7	198	485	122277	121324	2.45e-34	147	871	404000	72
AAS91212.1	HAP2_SCAFFOLD_85	40.404	198	94	2	531	704	120776	120183	7.71e-34	145	871	404000	72
OAO93725.1	H_9	38.667	375	174	7	445	765	179069	180187	5.78e-59	228	1123	183077	68
OAO93725.1	H_9	45.192	208	94	2	771	958	180608	181231	3.50e-48	193	1123	183077	68
OAO93725.1	H_9	54.737	95	43	0	942	1036	181809	182093	2.47e-39	114	1123	183077	68
OAO93725.1	H_9	50.000	92	46	0	1032	1123	182174	182449	2.47e-39	73.6	1123	183077	68
OAO93725.1	H_9	35.955	89	39	1	6	94	175413	175625	4.54e-07	58.9	1123	183077	68
OAO93725.1	SUPER_6_HAP2	38.667	375	174	7	445	765	29677079	29678197	5.87e-59	228	1123	38374851	68
OAO93725.1	SUPER_6_HAP2	45.192	208	94	2	771	958	29678618	29679241	3.55e-48	193	1123	38374851	68
OAO93725.1	SUPER_6_HAP2	54.737	95	43	0	942	1036	29679819	29680103	2.35e-39	114	1123	38374851	68
OAO93725.1	SUPER_6_HAP2	50.000	92	46	0	1032	1123	29680184	29680459	2.35e-39	73.6	1123	38374851	68
OAO93725.1	SUPER_6_HAP2	35.955	89	39	1	6	94	29673423	29673635	4.56e-07	58.9	1123	38374851	68
OAO93725.1	SUPER_11_HAP2	38.133	375	176	7	445	765	24678380	24679498	5.99e-57	221	1123	33837715	68
OAO93725.1	SUPER_11_HAP2	44.231	208	96	2	771	958	24679919	24680542	1.13e-45	185	1123	33837715	68
OAO93725.1	SUPER_11_HAP2	54.737	95	43	0	942	1036	24681120	24681404	3.36e-38	115	1123	33837715	68
OAO93725.1	SUPER_11_HAP2	48.913	92	47	0	1032	1123	24681485	24681760	3.36e-38	68.6	1123	33837715	68
OAO93725.1	SUPER_11_HAP2	35.106	94	43	1	1	94	24674736	24674963	3.40e-07	59.3	1123	33837715	68
OAO93725.1	SUPER_15_HAP2	36.813	364	182	9	447	765	24369681	24370763	5.35e-49	196	1123	33231407	60
OAO93725.1	SUPER_15_HAP2	46.277	188	86	1	771	943	24371185	24371748	3.72e-46	187	1123	33231407	60
OAO93725.1	SUPER_15_HAP2	52.632	95	45	0	942	1036	24385213	24385497	2.97e-37	107	1123	33231407	60
OAO93725.1	SUPER_15_HAP2	51.087	92	45	0	1032	1123	24385578	24385853	2.97e-37	73.6	1123	33231407	60
OAO93725.1	HAP2_SCAFFOLD_85	36.639	363	182	9	448	765	122280	121201	2.50e-48	194	1123	404000	60
OAO93725.1	HAP2_SCAFFOLD_85	46.277	188	86	1	771	943	120779	120216	3.69e-46	187	1123	404000	60
OAO93725.1	HAP2_SCAFFOLD_85	52.632	95	45	0	942	1036	119578	119294	1.27e-35	107	1123	404000	60
OAO93725.1	HAP2_SCAFFOLD_85	50.000	92	46	0	1032	1123	119213	118938	1.27e-35	68.2	1123	404000	60
AJN91133.1	SUPER_11_HAP2	30.667	300	182	4	20	318	24678674	24679498	8.15e-38	156	676	33837715	95
AJN91133.1	SUPER_11_HAP2	38.164	207	99	4	324	519	24679919	24680485	6.15e-33	141	676	33837715	95
AJN91133.1	SUPER_11_HAP2	46.809	94	50	0	517	610	24681120	24681401	3.30e-23	89.4	676	33837715	95
AJN91133.1	SUPER_11_HAP2	35.938	64	37	1	609	668	24681491	24681682	3.30e-23	43.1	676	33837715	95
AJN91133.1	H_9	30.667	300	182	4	20	318	179363	180187	7.26e-37	153	676	183077	95
AJN91133.1	H_9	38.647	207	98	4	324	519	180608	181174	1.07e-34	146	676	183077	95
AJN91133.1	H_9	46.809	94	50	0	517	610	181809	182090	5.10e-24	89.4	676	183077	95
AJN91133.1	H_9	38.235	68	30	2	609	668	182180	182371	5.10e-24	46.2	676	183077	95
AJN91133.1	SUPER_6_HAP2	30.667	300	182	4	20	318	29677373	29678197	7.32e-37	153	676	38374851	95
AJN91133.1	SUPER_6_HAP2	38.647	207	98	4	324	519	29678618	29679184	1.08e-34	146	676	38374851	95
AJN91133.1	SUPER_6_HAP2	46.809	94	50	0	517	610	29679819	29680100	4.70e-24	89.4	676	38374851	95
AJN91133.1	SUPER_6_HAP2	38.235	68	30	2	609	668	29680190	29680381	4.70e-24	46.2	676	38374851	95
AJN91133.1	HAP2_SCAFFOLD_85	29.254	335	200	4	20	349	122001	121093	1.16e-35	149	676	404000	96
AJN91133.1	HAP2_SCAFFOLD_85	37.374	198	111	4	324	518	120779	120216	4.26e-33	141	676	404000	96
AJN91133.1	HAP2_SCAFFOLD_85	45.745	94	51	0	517	610	119578	119297	3.51e-23	85.1	676	404000	96
AJN91133.1	HAP2_SCAFFOLD_85	39.706	68	29	2	609	668	119207	119016	3.51e-23	47.4	676	404000	96
AJN91133.1	SUPER_15_HAP2	28.955	335	201	4	20	349	24369963	24370871	5.73e-35	147	676	33231407	96
AJN91133.1	SUPER_15_HAP2	37.374	198	111	4	324	518	24371185	24371748	4.27e-33	141	676	33231407	96
AJN91133.1	SUPER_15_HAP2	45.745	94	51	0	517	610	24385213	24385494	3.27e-23	85.1	676	33231407	96
AJN91133.1	SUPER_15_HAP2	39.706	68	29	2	609	668	24385584	24385775	3.27e-23	47.4	676	33231407	96
ACH81295.1	H_9	33.017	421	229	9	344	740	178946	180121	3.76e-53	209	1122	183077	66
ACH81295.1	H_9	41.711	187	86	4	747	910	180608	181168	1.86e-30	135	1122	183077	66
ACH81295.1	H_9	46.602	103	55	0	900	1002	181779	182087	1.01e-22	92.0	1122	183077	66
ACH81295.1	H_9	32.967	91	55	2	1001	1086	182177	182446	1.01e-22	40.0	1122	183077	66
ACH81295.1	SUPER_6_HAP2	33.017	421	229	9	344	740	29676956	29678131	3.81e-53	209	1122	38374851	66
ACH81295.1	SUPER_6_HAP2	41.711	187	86	4	747	910	29678618	29679178	1.88e-30	135	1122	38374851	66
ACH81295.1	SUPER_6_HAP2	46.602	103	55	0	900	1002	29679789	29680097	9.25e-23	92.0	1122	38374851	66
ACH81295.1	SUPER_6_HAP2	32.967	91	55	2	1001	1086	29680187	29680456	9.25e-23	40.0	1122	38374851	66
ACH81295.1	SUPER_11_HAP2	32.927	410	223	8	355	740	24678287	24679432	1.01e-52	208	1122	33837715	65
ACH81295.1	SUPER_11_HAP2	41.176	187	87	4	747	910	24679919	24680479	9.03e-29	130	1122	33837715	65
ACH81295.1	SUPER_11_HAP2	46.729	107	57	0	896	1002	24681078	24681398	8.40e-23	93.6	1122	33837715	65
ACH81295.1	SUPER_11_HAP2	34.066	91	54	3	1001	1086	24681488	24681757	8.40e-23	38.5	1122	33837715	65
ACH81295.1	HAP2_SCAFFOLD_85	31.458	391	217	10	399	767	122277	121192	1.27e-43	178	1122	404000	61
ACH81295.1	HAP2_SCAFFOLD_85	39.894	188	90	4	747	911	120779	120216	2.05e-29	132	1122	404000	61
ACH81295.1	HAP2_SCAFFOLD_85	47.573	103	54	0	900	1002	119608	119300	5.43e-24	94.7	1122	404000	61
ACH81295.1	HAP2_SCAFFOLD_85	34.066	91	54	2	1001	1086	119210	118941	5.43e-24	41.6	1122	404000	61
ACH81295.1	SUPER_15_HAP2	30.946	391	219	9	399	767	24369687	24370772	2.21e-43	177	1122	33231407	58
ACH81295.1	SUPER_15_HAP2	39.894	188	90	4	747	911	24371185	24371748	2.06e-29	132	1122	33231407	58
ACH81295.1	SUPER_15_HAP2	47.573	103	54	0	900	1002	24385183	24385491	1.90e-23	94.7	1122	33231407	58
ACH81295.1	SUPER_15_HAP2	42.000	50	24	1	1001	1045	24385581	24385730	1.90e-23	39.7	1122	33231407	58
ACG63772.1	SUPER_11_HAP2	50.758	396	187	3	445	835	24678320	24679498	5.02e-110	386	1204	33837715	66
ACG63772.1	SUPER_11_HAP2	55.500	200	83	2	832	1026	24679892	24680488	8.22e-51	202	1204	33837715	66
ACG63772.1	SUPER_11_HAP2	68.085	94	30	0	1023	1116	24681120	24681401	4.81e-50	136	1204	33837715	66
ACG63772.1	SUPER_11_HAP2	61.957	92	35	0	1113	1204	24681485	24681760	4.81e-50	87.4	1204	33837715	66
ACG63772.1	SUPER_11_HAP2	60.000	40	16	0	147	186	24675587	24675706	9.28e-05	51.6	1204	33837715	66
ACG63772.1	H_9	50.505	396	188	3	445	835	179009	180187	6.69e-110	385	1204	183077	75
ACG63772.1	H_9	56.000	200	82	2	832	1026	180581	181177	1.86e-52	207	1204	183077	75
ACG63772.1	H_9	60.714	112	41	1	1023	1131	181809	182144	2.67e-30	135	1204	183077	75
ACG63772.1	H_9	64.130	92	33	0	1113	1204	182174	182449	1.32e-16	90.5	1204	183077	75
ACG63772.1	H_9	37.615	109	44	3	4	111	175413	175670	1.48e-05	54.3	1204	183077	75
ACG63772.1	H_9	62.500	40	15	0	147	186	176263	176382	6.61e-05	52.0	1204	183077	75
ACG63772.1	SUPER_6_HAP2	50.505	396	188	3	445	835	29677019	29678197	6.81e-110	385	1204	38374851	75
ACG63772.1	SUPER_6_HAP2	56.000	200	82	2	832	1026	29678591	29679187	1.89e-52	207	1204	38374851	75
ACG63772.1	SUPER_6_HAP2	60.714	112	41	1	1023	1131	29679819	29680154	2.70e-30	135	1204	38374851	75
ACG63772.1	SUPER_6_HAP2	64.130	92	33	0	1113	1204	29680184	29680459	1.33e-16	90.5	1204	38374851	75
ACG63772.1	SUPER_6_HAP2	37.615	109	44	3	4	111	29673423	29673680	1.49e-05	54.3	1204	38374851	75
ACG63772.1	SUPER_6_HAP2	62.500	40	15	0	147	186	29674273	29674392	6.63e-05	52.0	1204	38374851	75
ACG63772.1	SUPER_15_HAP2	47.480	377	180	5	464	835	24369672	24370763	1.54e-90	327	1204	33231407	62
ACG63772.1	SUPER_15_HAP2	52.885	208	92	2	832	1034	24371158	24371778	3.77e-49	197	1204	33231407	62
ACG63772.1	SUPER_15_HAP2	58.036	112	44	1	1023	1131	24385213	24385548	1.97e-27	126	1204	33231407	62
ACG63772.1	SUPER_15_HAP2	64.130	92	33	0	1113	1204	24385578	24385853	3.77e-16	89.0	1204	33231407	62
ACG63772.1	HAP2_SCAFFOLD_85	47.721	373	177	5	468	835	122280	121201	3.59e-90	326	1204	404000	61
ACG63772.1	HAP2_SCAFFOLD_85	52.885	208	92	2	832	1034	120806	120186	3.74e-49	197	1204	404000	61
ACG63772.1	HAP2_SCAFFOLD_85	58.036	112	44	1	1023	1131	119578	119243	1.96e-27	126	1204	404000	61
ACG63772.1	HAP2_SCAFFOLD_85	64.130	92	33	0	1113	1204	119213	118938	8.18e-15	84.7	1204	404000	61
ACH81294.1	H_9	52.062	388	153	2	407	765	179036	180187	4.07e-109	381	1128	183077	70
ACH81294.1	H_9	59.799	199	70	1	762	950	180581	181177	8.36e-56	218	1128	183077	70
ACH81294.1	H_9	62.963	108	34	1	933	1040	181785	182090	2.43e-54	139	1128	183077	70
ACH81294.1	H_9	67.391	92	30	0	1037	1128	182174	182449	2.43e-54	99.0	1128	183077	70
ACH81294.1	H_9	54.286	70	29	2	1	68	175395	175601	3.36e-11	72.8	1128	183077	70
ACH81294.1	SUPER_6_HAP2	52.062	388	153	2	407	765	29677046	29678197	4.13e-109	381	1128	38374851	70
ACH81294.1	SUPER_6_HAP2	59.799	199	70	1	762	950	29678591	29679187	8.49e-56	218	1128	38374851	70
ACH81294.1	SUPER_6_HAP2	62.963	108	34	1	933	1040	29679795	29680100	2.34e-54	139	1128	38374851	70
ACH81294.1	SUPER_6_HAP2	67.391	92	30	0	1037	1128	29680184	29680459	2.34e-54	99.0	1128	38374851	70
ACH81294.1	SUPER_6_HAP2	54.286	70	29	2	1	68	29673405	29673611	3.38e-11	72.8	1128	38374851	70
ACH81294.1	SUPER_11_HAP2	51.804	388	154	2	407	765	24678347	24679498	2.05e-108	379	1128	33837715	70
ACH81294.1	SUPER_11_HAP2	68.085	94	30	0	947	1040	24681120	24681401	1.30e-53	138	1128	33837715	70
ACH81294.1	SUPER_11_HAP2	66.304	92	31	0	1037	1128	24681485	24681760	1.30e-53	97.1	1128	33837715	70
ACH81294.1	SUPER_11_HAP2	58.794	199	72	1	762	950	24679892	24680488	2.30e-53	210	1128	33837715	70
ACH81294.1	SUPER_11_HAP2	53.731	67	28	2	4	68	24674742	24674939	3.07e-09	66.2	1128	33837715	70
ACH81294.1	SUPER_15_HAP2	48.641	368	162	4	419	765	24369678	24370763	5.04e-89	321	1128	33231407	68
ACH81294.1	SUPER_15_HAP2	67.021	94	31	0	947	1040	24385213	24385494	1.29e-52	134	1128	33231407	68
ACH81294.1	SUPER_15_HAP2	67.391	92	30	0	1037	1128	24385578	24385853	1.29e-52	97.4	1128	33231407	68
ACH81294.1	SUPER_15_HAP2	55.714	210	83	1	762	961	24371158	24371787	1.63e-52	207	1128	33231407	68
ACH81294.1	SUPER_15_HAP2	45.455	55	27	1	337	388	24368668	24368832	4.13e-05	52.8	1128	33231407	68
ACH81294.1	SUPER_15_HAP2	64.103	39	14	0	456	494	24369790	24369906	6.66e-05	52.0	1128	33231407	68
ACH81294.1	HAP2_SCAFFOLD_85	48.361	366	162	4	421	765	122280	121201	4.22e-88	318	1128	404000	63
ACH81294.1	HAP2_SCAFFOLD_85	55.714	210	83	1	762	961	120806	120177	1.62e-52	207	1128	404000	63
ACH81294.1	HAP2_SCAFFOLD_85	67.021	94	31	0	947	1040	119578	119297	2.22e-51	134	1128	404000	63
ACH81294.1	HAP2_SCAFFOLD_85	67.391	92	30	0	1037	1128	119213	118938	2.22e-51	93.2	1128	404000	63
AFJ00034.1	H_9	50.763	262	126	1	1	259	179402	180187	2.37e-76	261	381	183077	100
AFJ00034.1	H_9	50.000	132	61	2	255	381	180575	180970	1.05e-21	101	381	183077	100
AFJ00034.1	SUPER_6_HAP2	50.763	262	126	1	1	259	29677412	29678197	2.38e-76	261	381	38374851	100
AFJ00034.1	SUPER_6_HAP2	50.000	132	61	2	255	381	29678585	29678980	1.05e-21	101	381	38374851	100
AFJ00034.1	SUPER_11_HAP2	50.382	262	127	1	1	259	24678713	24679498	9.26e-75	256	381	33837715	100
AFJ00034.1	SUPER_11_HAP2	49.242	132	62	2	255	381	24679886	24680281	6.83e-20	96.3	381	33837715	100
AFJ00034.1	HAP2_SCAFFOLD_85	54.667	225	97	2	1	225	121962	121303	6.33e-72	248	381	404000	92
AFJ00034.1	HAP2_SCAFFOLD_85	50.000	132	61	3	255	381	120812	120417	4.49e-21	99.8	381	404000	92
AFJ00034.1	SUPER_15_HAP2	50.000	260	123	3	1	259	24370002	24370763	2.10e-71	246	381	33231407	100
AFJ00034.1	SUPER_15_HAP2	50.000	132	61	3	255	381	24371152	24371547	4.50e-21	99.8	381	33231407	100
AFJ00033.1	SUPER_6_HAP2	41.837	98	37	2	5	102	29673423	29673656	7.24e-12	63.2	213	38374851	83
AFJ00033.1	SUPER_6_HAP2	53.333	30	10	2	99	125	29673754	29673840	7.24e-12	28.1	213	38374851	83
AFJ00033.1	SUPER_6_HAP2	44.643	56	31	0	145	200	29674273	29674440	8.82e-05	47.0	213	38374851	83
AFJ00033.1	H_9	41.837	98	37	2	5	102	175413	175646	8.38e-12	63.2	213	183077	83
AFJ00033.1	H_9	53.333	30	10	2	99	125	175744	175830	8.38e-12	28.1	213	183077	83
AFJ00033.1	H_9	44.643	56	31	0	145	200	176263	176430	8.80e-05	47.0	213	183077	83
AFJ00033.1	SUPER_11_HAP2	41.837	98	37	2	5	102	24674751	24674984	4.14e-11	60.8	213	33837715	57
AFJ00033.1	SUPER_11_HAP2	53.333	30	10	2	99	125	24675068	24675154	4.14e-11	28.1	213	33837715	57
AFJ00032.1	H_9	51.659	211	75	1	324	507	179060	179692	9.24e-63	226	511	183077	46
AFJ00032.1	H_9	45.098	51	28	0	188	238	177891	178043	3.04e-05	51.6	511	183077	46
AFJ00032.1	SUPER_6_HAP2	51.659	211	75	1	324	507	29677070	29677702	9.30e-63	226	511	38374851	46
AFJ00032.1	SUPER_6_HAP2	45.098	51	28	0	188	238	29675901	29676053	3.04e-05	51.6	511	38374851	46
AFJ00032.1	SUPER_11_HAP2	51.185	211	76	1	324	507	24678371	24679003	8.30e-62	223	511	33837715	36
AFJ00032.1	SUPER_15_HAP2	48.276	203	80	2	326	503	24369672	24370280	7.25e-51	191	511	33231407	54
AFJ00032.1	SUPER_15_HAP2	45.098	51	28	0	188	238	24368238	24368390	1.62e-05	52.4	511	33231407	54
AFJ00032.1	SUPER_15_HAP2	40.909	66	29	2	224	283	24368671	24368856	9.47e-05	49.7	511	33231407	54
AFJ00032.1	HAP2_SCAFFOLD_85	48.241	199	78	2	330	503	122280	121684	1.46e-49	187	511	404000	44
AFJ00032.1	HAP2_SCAFFOLD_85	45.098	51	28	0	188	238	125243	125091	2.20e-05	52.0	511	404000	44
AFJ00031.1	H_9	36.585	82	49	2	46	125	176263	176505	7.12e-06	51.2	268	183077	30
AFJ00031.1	SUPER_6_HAP2	36.585	82	49	2	46	125	29674273	29674515	7.14e-06	51.2	268	38374851	30
AFJ00031.1	SUPER_11_HAP2	36.765	68	43	0	46	113	24675587	24675790	1.87e-05	50.1	268	33837715	25
AFG16841.1	H_9	63.158	57	21	0	259	315	179060	179230	3.07e-16	83.6	315	183077	31
AFG16841.1	H_9	52.381	42	20	0	86	127	177567	177692	9.79e-05	48.5	315	183077	31
AFG16841.1	SUPER_6_HAP2	63.158	57	21	0	259	315	29677070	29677240	3.08e-16	83.6	315	38374851	31
AFG16841.1	SUPER_6_HAP2	52.381	42	20	0	86	127	29675577	29675702	9.81e-05	48.5	315	38374851	31
AFG16841.1	SUPER_11_HAP2	63.158	57	21	0	259	315	24678371	24678541	3.54e-16	83.6	315	33837715	18
AFG16841.1	SUPER_15_HAP2	56.250	48	21	0	261	308	24369672	24369815	5.74e-10	62.4	315	33231407	17
AFG16841.1	SUPER_15_HAP2	50.000	16	8	0	300	315	24369790	24369837	5.74e-10	23.5	315	33231407	17
AFG16841.1	HAP2_SCAFFOLD_85	56.818	44	19	0	265	308	122280	122149	7.23e-09	58.9	315	404000	16
AFG16841.1	HAP2_SCAFFOLD_85	50.000	16	8	0	300	315	122174	122127	7.23e-09	23.5	315	404000	16
AFG16840.1	H_9	45.210	334	153	2	1	304	179186	180187	1.34e-80	284	673	183077	100
AFG16840.1	H_9	64.894	94	33	0	492	585	181809	182090	3.69e-52	134	673	183077	100
AFG16840.1	H_9	56.522	92	40	0	582	673	182174	182449	3.69e-52	95.9	673	183077	100
AFG16840.1	H_9	54.338	219	90	3	300	508	180575	181231	7.84e-51	196	673	183077	100
AFG16840.1	SUPER_6_HAP2	45.210	334	153	2	1	304	29677196	29678197	1.35e-80	284	673	38374851	100
AFG16840.1	SUPER_6_HAP2	64.894	94	33	0	492	585	29679819	29680100	3.54e-52	134	673	38374851	100
AFG16840.1	SUPER_6_HAP2	56.522	92	40	0	582	673	29680184	29680459	3.54e-52	95.9	673	38374851	100
AFG16840.1	SUPER_6_HAP2	54.338	219	90	3	300	508	29678585	29679241	7.91e-51	196	673	38374851	100
AFG16840.1	SUPER_11_HAP2	44.611	334	155	2	1	304	24678497	24679498	8.43e-79	278	673	33837715	100
AFG16840.1	SUPER_11_HAP2	64.894	94	33	0	492	585	24681120	24681401	6.64e-50	134	673	33837715	100
AFG16840.1	SUPER_11_HAP2	54.348	92	42	0	582	673	24681485	24681760	6.64e-50	87.4	673	33837715	100
AFG16840.1	SUPER_11_HAP2	53.881	219	91	3	300	508	24679886	24680542	5.02e-49	190	673	33837715	100
AFG16840.1	HAP2_SCAFFOLD_85	48.571	280	139	2	25	304	122025	121201	9.54e-71	255	673	404000	96
AFG16840.1	HAP2_SCAFFOLD_85	62.766	94	35	0	492	585	119578	119297	8.24e-49	127	673	404000	96
AFG16840.1	HAP2_SCAFFOLD_85	56.522	92	40	0	582	673	119213	118938	8.24e-49	91.7	673	404000	96
AFG16840.1	HAP2_SCAFFOLD_85	54.067	209	91	2	300	503	120812	120186	3.69e-48	187	673	404000	96
AFG16840.1	SUPER_15_HAP2	48.399	281	138	3	25	304	24369939	24370763	3.09e-70	253	673	33231407	96
AFG16840.1	SUPER_15_HAP2	62.766	94	35	0	492	585	24385213	24385494	3.37e-50	127	673	33231407	96
AFG16840.1	SUPER_15_HAP2	57.609	92	39	0	582	673	24385578	24385853	3.37e-50	95.9	673	33231407	96
AFG16840.1	SUPER_15_HAP2	54.067	209	91	2	300	503	24371152	24371778	3.70e-48	187	673	33231407	96
AFG16839.1	SUPER_6_HAP2	64.894	94	33	0	166	259	29679819	29680100	3.21e-53	131	347	38374851	100
AFG16839.1	SUPER_6_HAP2	55.435	92	41	0	256	347	29680184	29680459	3.21e-53	100	347	38374851	100
AFG16839.1	SUPER_6_HAP2	54.167	192	78	3	1	182	29678666	29679241	1.56e-46	173	347	38374851	100
AFG16839.1	H_9	64.894	94	33	0	166	259	181809	182090	3.34e-53	131	347	183077	100
AFG16839.1	H_9	55.435	92	41	0	256	347	182174	182449	3.34e-53	100	347	183077	100
AFG16839.1	H_9	54.167	192	78	3	1	182	180656	181231	1.55e-46	173	347	183077	100
AFG16839.1	SUPER_15_HAP2	62.766	94	35	0	166	259	24385213	24385494	2.23e-51	125	347	33231407	100
AFG16839.1	SUPER_15_HAP2	56.522	92	40	0	256	347	24385578	24385853	2.23e-51	100	347	33231407	100
AFG16839.1	SUPER_15_HAP2	54.396	182	78	3	1	177	24371233	24371778	5.01e-44	166	347	33231407	100
AFG16839.1	SUPER_11_HAP2	64.894	94	33	0	166	259	24681120	24681401	7.64e-51	132	347	33837715	100
AFG16839.1	SUPER_11_HAP2	53.261	92	43	0	256	347	24681485	24681760	7.64e-51	91.3	347	33837715	100
AFG16839.1	SUPER_11_HAP2	53.646	192	79	3	1	182	24679967	24680542	1.51e-44	167	347	33837715	100
AFG16839.1	HAP2_SCAFFOLD_85	62.766	94	35	0	166	259	119578	119297	6.02e-50	125	347	404000	100
AFG16839.1	HAP2_SCAFFOLD_85	55.435	92	41	0	256	347	119213	118938	6.02e-50	95.5	347	404000	100
AFG16839.1	HAP2_SCAFFOLD_85	54.396	182	78	3	1	177	120731	120186	5.00e-44	166	347	404000	100
AEB33870.1	H_9	46.407	334	149	2	1	304	179186	180187	2.42e-83	292	673	183077	100
AEB33870.1	H_9	64.894	94	33	0	492	585	181809	182090	1.25e-52	134	673	183077	100
AEB33870.1	H_9	55.435	92	41	0	582	673	182174	182449	1.25e-52	97.1	673	183077	100
AEB33870.1	H_9	51.142	219	97	2	300	508	180575	181231	5.35e-50	193	673	183077	100
AEB33870.1	SUPER_6_HAP2	46.407	334	149	2	1	304	29677196	29678197	2.44e-83	292	673	38374851	100
AEB33870.1	SUPER_6_HAP2	64.894	94	33	0	492	585	29679819	29680100	1.20e-52	134	673	38374851	100
AEB33870.1	SUPER_6_HAP2	55.435	92	41	0	582	673	29680184	29680459	1.20e-52	97.1	673	38374851	100
AEB33870.1	SUPER_6_HAP2	51.142	219	97	2	300	508	29678585	29679241	5.40e-50	193	673	38374851	100
AEB33870.1	SUPER_11_HAP2	45.808	334	151	2	1	304	24678497	24679498	1.73e-81	286	673	33837715	100
AEB33870.1	SUPER_11_HAP2	64.894	94	33	0	492	585	24681120	24681401	2.78e-50	134	673	33837715	100
AEB33870.1	SUPER_11_HAP2	53.261	92	43	0	582	673	24681485	24681760	2.78e-50	88.6	673	33837715	100
AEB33870.1	SUPER_11_HAP2	50.685	219	98	2	300	508	24679886	24680542	3.63e-48	187	673	33837715	100
AEB33870.1	HAP2_SCAFFOLD_85	54.065	246	108	2	25	270	122025	121303	1.40e-73	263	673	404000	92
AEB33870.1	HAP2_SCAFFOLD_85	62.766	94	35	0	492	585	119578	119297	4.61e-49	126	673	404000	92
AEB33870.1	HAP2_SCAFFOLD_85	55.435	92	41	0	582	673	119213	118938	4.61e-49	92.8	673	404000	92
AEB33870.1	HAP2_SCAFFOLD_85	52.632	209	94	3	300	503	120812	120186	1.91e-47	185	673	404000	92
AEB33870.1	SUPER_15_HAP2	53.846	247	107	3	25	270	24369939	24370661	7.06e-73	261	673	33231407	92
AEB33870.1	SUPER_15_HAP2	62.766	94	35	0	492	585	24385213	24385494	1.90e-50	126	673	33231407	92
AEB33870.1	SUPER_15_HAP2	56.522	92	40	0	582	673	24385578	24385853	1.90e-50	97.4	673	33231407	92
AEB33870.1	SUPER_15_HAP2	52.632	209	94	3	300	503	24371152	24371778	1.92e-47	185	673	33231407	92
AEB33869.1	H_9	53.110	209	71	1	350	531	179060	179686	1.46e-63	229	537	183077	34
AEB33869.1	SUPER_6_HAP2	53.110	209	71	1	350	531	29677070	29677696	1.47e-63	229	537	38374851	34
AEB33869.1	SUPER_11_HAP2	52.632	209	72	1	350	531	24678371	24678997	1.06e-62	227	537	33837715	34
AEB33869.1	SUPER_15_HAP2	49.754	203	77	2	352	529	24369672	24370280	9.49e-53	197	537	33231407	33
AEB33869.1	HAP2_SCAFFOLD_85	49.749	199	75	2	356	529	122280	121684	1.75e-51	194	537	404000	32
AEB33868.1	SUPER_6_HAP2	41.837	98	37	2	5	102	29673423	29673656	3.79e-12	63.5	181	38374851	67
AEB33868.1	SUPER_6_HAP2	53.333	30	10	2	99	125	29673754	29673840	3.79e-12	28.1	181	38374851	67
AEB33868.1	H_9	41.837	98	37	2	5	102	175413	175646	4.37e-12	63.5	181	183077	67
AEB33868.1	H_9	53.333	30	10	2	99	125	175744	175830	4.37e-12	28.1	181	183077	67
AEB33868.1	SUPER_11_HAP2	41.837	98	37	2	5	102	24674751	24674984	2.15e-11	61.2	181	33837715	67
AEB33868.1	SUPER_11_HAP2	53.333	30	10	2	99	125	24675068	24675154	2.15e-11	28.1	181	33837715	67
AEA72244.1	H_9	47.721	373	165	2	326	668	179060	180178	1.15e-99	339	668	183077	51
AEA72244.1	SUPER_6_HAP2	47.721	373	165	2	326	668	29677070	29678188	1.17e-99	339	668	38374851	51
AEA72244.1	SUPER_11_HAP2	47.185	373	167	2	326	668	24678371	24679489	1.10e-97	334	668	33837715	51
AEA72244.1	SUPER_15_HAP2	47.619	336	144	5	328	637	24369672	24370661	3.07e-85	297	668	33231407	46
AEA72244.1	HAP2_SCAFFOLD_85	47.734	331	143	4	332	637	122280	121303	1.92e-84	295	668	404000	46
AEA72243.1	H_9	45.210	334	153	2	1	304	179186	180187	4.12e-85	283	321	183077	95
AEA72243.1	SUPER_6_HAP2	45.210	334	153	2	1	304	29677196	29678197	4.13e-85	283	321	38374851	95
AEA72243.1	SUPER_11_HAP2	44.611	334	155	2	1	304	24678497	24679498	3.80e-83	278	321	33837715	95
AEA72243.1	HAP2_SCAFFOLD_85	48.571	280	139	2	25	304	122025	121201	1.48e-74	253	321	404000	87
AEA72243.1	SUPER_15_HAP2	48.399	281	138	3	25	304	24369939	24370763	6.06e-74	251	321	33231407	87
AEA72242.1	H_9	45.210	334	153	2	1	304	179186	180187	2.01e-81	282	559	183077	100
AEA72242.1	H_9	63.830	94	34	0	378	471	181809	182090	2.70e-51	130	559	183077	100
AEA72242.1	H_9	56.522	92	40	0	468	559	182174	182449	2.70e-51	96.3	559	183077	100
AEA72242.1	H_9	53.000	100	42	1	300	394	180932	181231	4.46e-23	108	559	183077	100
AEA72242.1	SUPER_6_HAP2	45.210	334	153	2	1	304	29677196	29678197	2.03e-81	282	559	38374851	100
AEA72242.1	SUPER_6_HAP2	63.830	94	34	0	378	471	29679819	29680100	2.59e-51	130	559	38374851	100
AEA72242.1	SUPER_6_HAP2	56.522	92	40	0	468	559	29680184	29680459	2.59e-51	96.3	559	38374851	100
AEA72242.1	SUPER_6_HAP2	53.000	100	42	1	300	394	29678942	29679241	4.49e-23	108	559	38374851	100
AEA72242.1	SUPER_11_HAP2	44.611	334	155	2	1	304	24678497	24679498	1.81e-79	277	559	33837715	100
AEA72242.1	SUPER_11_HAP2	63.830	94	34	0	378	471	24681120	24681401	5.82e-49	131	559	33837715	100
AEA72242.1	SUPER_11_HAP2	54.348	92	42	0	468	559	24681485	24681760	5.82e-49	87.4	559	33837715	100
AEA72242.1	SUPER_11_HAP2	53.000	100	42	1	300	394	24680243	24680542	3.44e-23	109	559	33837715	100
AEA72242.1	HAP2_SCAFFOLD_85	48.571	280	139	2	25	304	122025	121201	3.07e-71	253	559	404000	96
AEA72242.1	HAP2_SCAFFOLD_85	61.702	94	36	0	378	471	119578	119297	7.16e-48	123	559	404000	96
AEA72242.1	HAP2_SCAFFOLD_85	56.522	92	40	0	468	559	119213	118938	7.16e-48	92.0	559	404000	96
AEA72242.1	HAP2_SCAFFOLD_85	53.333	90	42	0	300	389	120455	120186	4.38e-21	102	559	404000	96
AEA72242.1	SUPER_15_HAP2	48.399	281	138	3	25	304	24369939	24370763	9.18e-71	251	559	33231407	96
AEA72242.1	SUPER_15_HAP2	61.702	94	36	0	378	471	24385213	24385494	3.15e-49	123	559	33231407	96
AEA72242.1	SUPER_15_HAP2	57.609	92	39	0	468	559	24385578	24385853	3.15e-49	96.3	559	33231407	96
AEA72242.1	SUPER_15_HAP2	53.333	90	42	0	300	389	24371509	24371778	4.39e-21	102	559	33231407	96
AEA72241.1	H_9	45.210	334	153	2	1	304	179186	180187	9.40e-82	283	557	183077	100
AEA72241.1	H_9	64.894	94	33	0	376	469	181809	182090	2.62e-52	134	557	183077	100
AEA72241.1	H_9	56.522	92	40	0	466	557	182174	182449	2.62e-52	95.5	557	183077	100
AEA72241.1	H_9	56.842	95	36	1	303	392	180947	181231	1.84e-23	110	557	183077	100
AEA72241.1	SUPER_6_HAP2	45.210	334	153	2	1	304	29677196	29678197	9.47e-82	283	557	38374851	100
AEA72241.1	SUPER_6_HAP2	64.894	94	33	0	376	469	29679819	29680100	2.52e-52	134	557	38374851	100
AEA72241.1	SUPER_6_HAP2	56.522	92	40	0	466	557	29680184	29680459	2.52e-52	95.5	557	38374851	100
AEA72241.1	SUPER_6_HAP2	56.842	95	36	1	303	392	29678957	29679241	1.85e-23	110	557	38374851	100
AEA72241.1	SUPER_11_HAP2	44.611	334	155	2	1	304	24678497	24679498	8.38e-80	278	557	33837715	100
AEA72241.1	SUPER_11_HAP2	64.894	94	33	0	376	469	24681120	24681401	5.38e-50	135	557	33837715	100
AEA72241.1	SUPER_11_HAP2	54.348	92	42	0	466	557	24681485	24681760	5.38e-50	87.0	557	33837715	100
AEA72241.1	SUPER_11_HAP2	56.842	95	36	1	303	392	24680258	24680542	1.61e-23	110	557	33837715	100
AEA72241.1	HAP2_SCAFFOLD_85	48.276	290	129	4	25	314	122025	121219	1.31e-71	254	557	404000	96
AEA72241.1	HAP2_SCAFFOLD_85	62.766	94	35	0	376	469	119578	119297	8.50e-49	126	557	404000	96
AEA72241.1	HAP2_SCAFFOLD_85	56.522	92	40	0	466	557	119213	118938	8.50e-49	91.3	557	404000	96
AEA72241.1	HAP2_SCAFFOLD_85	57.647	85	36	0	303	387	120440	120186	1.87e-21	103	557	404000	96
AEA72241.1	SUPER_15_HAP2	48.110	291	128	5	25	314	24369939	24370745	5.16e-71	252	557	33231407	96
AEA72241.1	SUPER_15_HAP2	62.766	94	35	0	376	469	24385213	24385494	3.59e-50	126	557	33231407	96
AEA72241.1	SUPER_15_HAP2	57.609	92	39	0	466	557	24385578	24385853	3.59e-50	95.9	557	33231407	96
AEA72241.1	SUPER_15_HAP2	57.647	85	36	0	303	387	24371524	24371778	1.87e-21	103	557	33231407	96
AEA72240.1	H_9	45.509	334	152	2	1	304	179186	180187	3.19e-81	286	673	183077	100
AEA72240.1	H_9	63.830	94	34	0	492	585	181809	182090	8.66e-52	131	673	183077	100
AEA72240.1	H_9	56.522	92	40	0	582	673	182174	182449	8.66e-52	96.7	673	183077	100
AEA72240.1	H_9	54.338	219	90	3	300	508	180575	181231	2.04e-50	194	673	183077	100
AEA72240.1	SUPER_6_HAP2	45.509	334	152	2	1	304	29677196	29678197	3.23e-81	286	673	38374851	100
AEA72240.1	SUPER_6_HAP2	63.830	94	34	0	492	585	29679819	29680100	8.31e-52	131	673	38374851	100
AEA72240.1	SUPER_6_HAP2	56.522	92	40	0	582	673	29680184	29680459	8.31e-52	96.7	673	38374851	100
AEA72240.1	SUPER_6_HAP2	54.338	219	90	3	300	508	29678585	29679241	2.06e-50	194	673	38374851	100
AEA72240.1	SUPER_11_HAP2	44.910	334	154	2	1	304	24678497	24679498	2.34e-79	280	673	33837715	100
AEA72240.1	SUPER_11_HAP2	63.830	94	34	0	492	585	24681120	24681401	1.57e-49	132	673	33837715	100
AEA72240.1	SUPER_11_HAP2	54.348	92	42	0	582	673	24681485	24681760	1.57e-49	88.2	673	33837715	100
AEA72240.1	SUPER_11_HAP2	53.881	219	91	3	300	508	24679886	24680542	1.30e-48	189	673	33837715	100
AEA72240.1	HAP2_SCAFFOLD_85	48.571	280	139	2	25	304	122025	121201	5.23e-71	256	673	404000	96
AEA72240.1	HAP2_SCAFFOLD_85	61.702	94	36	0	492	585	119578	119297	2.21e-48	124	673	404000	96
AEA72240.1	HAP2_SCAFFOLD_85	56.522	92	40	0	582	673	119213	118938	2.21e-48	92.4	673	404000	96
AEA72240.1	HAP2_SCAFFOLD_85	54.067	209	91	2	300	503	120812	120186	7.74e-48	186	673	404000	96
AEA72240.1	SUPER_15_HAP2	48.754	281	137	3	25	304	24369939	24370763	7.09e-71	255	673	33231407	96
AEA72240.1	SUPER_15_HAP2	61.702	94	36	0	492	585	24385213	24385494	9.63e-50	124	673	33231407	96
AEA72240.1	SUPER_15_HAP2	57.609	92	39	0	582	673	24385578	24385853	9.63e-50	97.1	673	33231407	96
AEA72240.1	SUPER_15_HAP2	54.067	209	91	2	300	503	24371152	24371778	7.77e-48	186	673	33231407	96
AEA72239.1	H_9	45.808	334	151	2	1	304	179186	180187	4.20e-82	288	673	183077	100
AEA72239.1	H_9	63.830	94	34	0	492	585	181809	182090	3.13e-51	129	673	183077	100
AEA72239.1	H_9	55.435	92	41	0	582	673	182174	182449	3.13e-51	97.4	673	183077	100
AEA72239.1	H_9	52.968	219	93	3	300	508	180575	181231	1.21e-50	195	673	183077	100
AEA72239.1	SUPER_6_HAP2	45.808	334	151	2	1	304	29677196	29678197	4.24e-82	288	673	38374851	100
AEA72239.1	SUPER_6_HAP2	63.830	94	34	0	492	585	29679819	29680100	3.00e-51	129	673	38374851	100
AEA72239.1	SUPER_6_HAP2	55.435	92	41	0	582	673	29680184	29680459	3.00e-51	97.4	673	38374851	100
AEA72239.1	SUPER_6_HAP2	52.968	219	93	3	300	508	29678585	29679241	1.22e-50	195	673	38374851	100
AEA72239.1	SUPER_11_HAP2	45.210	334	153	2	1	304	24678497	24679498	3.17e-80	283	673	33837715	100
AEA72239.1	SUPER_11_HAP2	63.830	94	34	0	492	585	24681120	24681401	6.79e-49	129	673	33837715	100
AEA72239.1	SUPER_11_HAP2	53.261	92	43	0	582	673	24681485	24681760	6.79e-49	89.0	673	33837715	100
AEA72239.1	SUPER_11_HAP2	52.511	219	94	3	300	508	24679886	24680542	7.72e-49	189	673	33837715	100
AEA72239.1	HAP2_SCAFFOLD_85	53.252	246	110	2	25	270	122025	121303	3.89e-72	259	673	404000	92
AEA72239.1	HAP2_SCAFFOLD_85	53.110	209	93	3	300	503	120812	120186	4.19e-48	187	673	404000	92
AEA72239.1	HAP2_SCAFFOLD_85	61.702	94	36	0	492	585	119578	119297	1.26e-47	121	673	404000	92
AEA72239.1	HAP2_SCAFFOLD_85	55.435	92	41	0	582	673	119213	118938	1.26e-47	92.8	673	404000	92
AEA72239.1	SUPER_15_HAP2	53.036	247	109	3	25	270	24369939	24370661	1.54e-71	257	673	33231407	92
AEA72239.1	SUPER_15_HAP2	61.702	94	36	0	492	585	24385213	24385494	4.84e-49	121	673	33231407	92
AEA72239.1	SUPER_15_HAP2	56.522	92	40	0	582	673	24385578	24385853	4.84e-49	97.4	673	33231407	92
AEA72239.1	SUPER_15_HAP2	53.110	209	93	3	300	503	24371152	24371778	4.21e-48	187	673	33231407	92
AEA72235.1	H_9	46.407	334	149	2	1	304	179186	180187	1.35e-83	293	673	183077	100
AEA72235.1	H_9	64.894	94	33	0	492	585	181809	182090	3.40e-53	134	673	183077	100
AEA72235.1	H_9	55.435	92	41	0	582	673	182174	182449	3.40e-53	99.0	673	183077	100
AEA72235.1	H_9	50.685	219	98	2	300	508	180575	181231	1.52e-49	192	673	183077	100
AEA72235.1	SUPER_6_HAP2	46.407	334	149	2	1	304	29677196	29678197	1.36e-83	293	673	38374851	100
AEA72235.1	SUPER_6_HAP2	64.894	94	33	0	492	585	29679819	29680100	3.27e-53	134	673	38374851	100
AEA72235.1	SUPER_6_HAP2	55.435	92	41	0	582	673	29680184	29680459	3.27e-53	99.0	673	38374851	100
AEA72235.1	SUPER_6_HAP2	50.685	219	98	2	300	508	29678585	29679241	1.54e-49	192	673	38374851	100
AEA72235.1	SUPER_11_HAP2	45.808	334	151	2	1	304	24678497	24679498	8.76e-82	287	673	33837715	100
AEA72235.1	SUPER_11_HAP2	64.894	94	33	0	492	585	24681120	24681401	7.65e-51	134	673	33837715	100
AEA72235.1	SUPER_11_HAP2	53.261	92	43	0	582	673	24681485	24681760	7.65e-51	90.5	673	33837715	100
AEA72235.1	SUPER_11_HAP2	50.228	219	99	2	300	508	24679886	24680542	1.04e-47	186	673	33837715	100
AEA72235.1	HAP2_SCAFFOLD_85	54.065	246	108	2	25	270	122025	121303	2.05e-73	263	673	404000	92
AEA72235.1	HAP2_SCAFFOLD_85	62.766	94	35	0	492	585	119578	119297	1.28e-49	126	673	404000	92
AEA72235.1	HAP2_SCAFFOLD_85	55.435	92	41	0	582	673	119213	118938	1.28e-49	94.7	673	404000	92
AEA72235.1	HAP2_SCAFFOLD_85	52.153	209	95	3	300	503	120812	120186	5.43e-47	184	673	404000	92
AEA72235.1	SUPER_15_HAP2	53.846	247	107	3	25	270	24369939	24370661	7.06e-73	261	673	33231407	92
AEA72235.1	SUPER_15_HAP2	62.766	94	35	0	492	585	24385213	24385494	5.06e-51	126	673	33231407	92
AEA72235.1	SUPER_15_HAP2	56.522	92	40	0	582	673	24385578	24385853	5.06e-51	99.4	673	33231407	92
AEA72235.1	SUPER_15_HAP2	52.153	209	95	3	300	503	24371152	24371778	5.45e-47	184	673	33231407	92
AEA72234.1	SUPER_6_HAP2	41.837	98	37	2	5	102	29673423	29673656	7.24e-12	63.2	213	38374851	83
AEA72234.1	SUPER_6_HAP2	53.333	30	10	2	99	125	29673754	29673840	7.24e-12	28.1	213	38374851	83
AEA72234.1	SUPER_6_HAP2	44.643	56	31	0	145	200	29674273	29674440	8.82e-05	47.0	213	38374851	83
AEA72234.1	H_9	41.837	98	37	2	5	102	175413	175646	8.38e-12	63.2	213	183077	83
AEA72234.1	H_9	53.333	30	10	2	99	125	175744	175830	8.38e-12	28.1	213	183077	83
AEA72234.1	H_9	44.643	56	31	0	145	200	176263	176430	8.80e-05	47.0	213	183077	83
AEA72234.1	SUPER_11_HAP2	41.837	98	37	2	5	102	24674751	24674984	4.14e-11	60.8	213	33837715	57
AEA72234.1	SUPER_11_HAP2	53.333	30	10	2	99	125	24675068	24675154	4.14e-11	28.1	213	33837715	57
AAX21528.1	H_9	35.244	349	182	5	510	817	179066	180103	1.04e-47	192	1188	183077	55
AAX21528.1	H_9	55.319	94	40	2	1009	1100	181809	182090	5.24e-41	105	1188	183077	55
AAX21528.1	H_9	47.826	92	48	0	1097	1188	182174	182449	5.24e-41	88.2	1188	183077	55
AAX21528.1	H_9	44.724	199	86	4	838	1012	180581	181177	1.18e-30	136	1188	183077	55
AAX21528.1	SUPER_6_HAP2	35.244	349	182	5	510	817	29677076	29678113	1.05e-47	192	1188	38374851	55
AAX21528.1	SUPER_6_HAP2	55.319	94	40	2	1009	1100	29679819	29680100	4.98e-41	105	1188	38374851	55
AAX21528.1	SUPER_6_HAP2	47.826	92	48	0	1097	1188	29680184	29680459	4.98e-41	88.2	1188	38374851	55
AAX21528.1	SUPER_6_HAP2	44.724	199	86	4	838	1012	29678591	29679187	1.20e-30	136	1188	38374851	55
AAX21528.1	SUPER_11_HAP2	34.957	349	183	5	510	817	24678377	24679414	4.65e-46	187	1188	33837715	55
AAX21528.1	SUPER_11_HAP2	50.926	108	51	2	995	1100	24681078	24681401	1.61e-40	106	1188	33837715	55
AAX21528.1	SUPER_11_HAP2	46.739	92	49	0	1097	1188	24681485	24681760	1.61e-40	85.5	1188	33837715	55
AAX21528.1	SUPER_11_HAP2	44.221	199	87	4	838	1012	24679892	24680488	7.44e-29	130	1188	33837715	55
AAX21528.1	SUPER_15_HAP2	53.191	94	42	2	1009	1100	24385213	24385494	3.00e-39	100	1188	33231407	55
AAX21528.1	SUPER_15_HAP2	47.826	92	48	0	1097	1188	24385578	24385853	3.00e-39	87.4	1188	33231407	55
AAX21528.1	SUPER_15_HAP2	32.335	334	170	7	512	802	24369678	24370640	2.79e-35	151	1188	33231407	55
AAX21528.1	SUPER_15_HAP2	41.860	215	101	4	831	1021	24371137	24371781	6.37e-30	134	1188	33231407	55
AAX21528.1	HAP2_SCAFFOLD_85	53.191	94	42	2	1009	1100	119578	119297	8.61e-38	100	1188	404000	54
AAX21528.1	HAP2_SCAFFOLD_85	46.739	92	49	0	1097	1188	119213	118938	8.61e-38	82.4	1188	404000	54
AAX21528.1	HAP2_SCAFFOLD_85	32.326	331	168	7	515	802	122277	121324	8.86e-35	150	1188	404000	54
AAX21528.1	HAP2_SCAFFOLD_85	42.308	208	96	4	838	1021	120806	120183	8.38e-30	134	1188	404000	54
AAX21527.1	H_9	35.244	349	182	5	510	817	179066	180103	1.02e-47	192	1188	183077	55
AAX21527.1	H_9	55.319	94	40	2	1009	1100	181809	182090	3.47e-41	105	1188	183077	55
AAX21527.1	H_9	47.826	92	48	0	1097	1188	182174	182449	3.47e-41	88.6	1188	183077	55
AAX21527.1	H_9	44.221	199	87	4	838	1012	180581	181177	2.67e-36	155	1188	183077	55
AAX21527.1	SUPER_6_HAP2	35.244	349	182	5	510	817	29677076	29678113	1.03e-47	192	1188	38374851	55
AAX21527.1	SUPER_6_HAP2	55.319	94	40	2	1009	1100	29679819	29680100	3.30e-41	105	1188	38374851	55
AAX21527.1	SUPER_6_HAP2	47.826	92	48	0	1097	1188	29680184	29680459	3.30e-41	88.6	1188	38374851	55
AAX21527.1	SUPER_6_HAP2	44.221	199	87	4	838	1012	29678591	29679187	2.70e-36	155	1188	38374851	55
AAX21527.1	SUPER_11_HAP2	34.957	349	183	5	510	817	24678377	24679414	3.45e-46	187	1188	33837715	55
AAX21527.1	SUPER_11_HAP2	50.926	108	51	2	995	1100	24681078	24681401	1.39e-40	106	1188	33837715	55
AAX21527.1	SUPER_11_HAP2	46.739	92	49	0	1097	1188	24681485	24681760	1.39e-40	85.5	1188	33837715	55
AAX21527.1	SUPER_11_HAP2	43.719	199	88	4	838	1012	24679892	24680488	1.67e-34	149	1188	33837715	55
AAX21527.1	SUPER_15_HAP2	53.191	94	42	2	1009	1100	24385213	24385494	2.38e-39	100	1188	33231407	55
AAX21527.1	SUPER_15_HAP2	47.826	92	48	0	1097	1188	24385578	24385853	2.38e-39	87.4	1188	33231407	55
AAX21527.1	SUPER_15_HAP2	41.395	215	102	4	831	1021	24371137	24371781	1.53e-35	152	1188	33231407	55
AAX21527.1	SUPER_15_HAP2	32.335	334	170	7	512	802	24369678	24370640	3.01e-35	151	1188	33231407	55
AAX21527.1	HAP2_SCAFFOLD_85	53.191	94	42	2	1009	1100	119578	119297	6.95e-38	100	1188	404000	54
AAX21527.1	HAP2_SCAFFOLD_85	46.739	92	49	0	1097	1188	119213	118938	6.95e-38	82.8	1188	404000	54
AAX21527.1	HAP2_SCAFFOLD_85	41.827	208	97	4	838	1021	120806	120183	2.02e-35	152	1188	404000	54
AAX21527.1	HAP2_SCAFFOLD_85	32.326	331	168	7	515	802	122277	121324	8.72e-35	150	1188	404000	54
AAM21641.1	H_9	32.997	397	220	6	581	933	179066	180250	3.14e-47	191	1261	183077	52
AAM21641.1	H_9	47.895	190	75	3	918	1083	180608	181177	1.88e-33	145	1261	183077	52
AAM21641.1	H_9	45.652	92	50	0	1170	1261	182174	182449	2.40e-33	90.1	1261	183077	52
AAM21641.1	H_9	54.286	70	30	2	1105	1173	181884	182090	2.40e-33	77.8	1261	183077	52
AAM21641.1	SUPER_6_HAP2	32.997	397	220	6	581	933	29677076	29678260	3.18e-47	191	1261	38374851	52
AAM21641.1	SUPER_6_HAP2	47.895	190	75	3	918	1083	29678618	29679187	1.90e-33	145	1261	38374851	52
AAM21641.1	SUPER_6_HAP2	45.652	92	50	0	1170	1261	29680184	29680459	2.26e-33	90.1	1261	38374851	52
AAM21641.1	SUPER_6_HAP2	54.286	70	30	2	1105	1173	29679894	29680100	2.26e-33	77.8	1261	38374851	52
AAM21641.1	SUPER_11_HAP2	34.421	337	177	5	581	875	24678377	24679381	5.76e-44	180	1261	33837715	49
AAM21641.1	SUPER_11_HAP2	44.565	92	51	0	1170	1261	24681485	24681760	1.08e-32	87.0	1261	33837715	49
AAM21641.1	SUPER_11_HAP2	54.286	70	30	2	1105	1173	24681195	24681401	1.08e-32	78.2	1261	33837715	49
AAM21641.1	SUPER_11_HAP2	47.368	190	76	3	918	1083	24679919	24680488	1.11e-31	140	1261	33837715	49
AAM21641.1	SUPER_15_HAP2	30.711	394	219	10	583	933	24369678	24370826	5.68e-34	147	1261	33231407	52
AAM21641.1	SUPER_15_HAP2	46.739	92	49	0	1170	1261	24385578	24385853	2.80e-33	90.5	1261	33231407	52
AAM21641.1	SUPER_15_HAP2	53.846	65	29	1	1110	1173	24385300	24385494	2.80e-33	77.0	1261	33231407	52
AAM21641.1	SUPER_15_HAP2	46.809	188	76	3	918	1081	24371185	24371748	2.31e-32	142	1261	33231407	52
AAM21641.1	HAP2_SCAFFOLD_85	30.909	385	224	9	586	933	122277	121138	6.22e-33	144	1261	404000	51
AAM21641.1	HAP2_SCAFFOLD_85	46.809	188	76	3	918	1081	120779	120216	2.30e-32	142	1261	404000	51
AAM21641.1	HAP2_SCAFFOLD_85	45.652	92	50	0	1170	1261	119213	118938	9.66e-32	85.5	1261	404000	51
AAM21641.1	HAP2_SCAFFOLD_85	53.846	65	29	1	1110	1173	119491	119297	9.66e-32	77.0	1261	404000	51
AAD54777.1	H_9	38.667	375	174	7	445	765	179069	180187	5.78e-59	228	1123	183077	68
AAD54777.1	H_9	45.192	208	94	2	771	958	180608	181231	3.50e-48	193	1123	183077	68
AAD54777.1	H_9	54.737	95	43	0	942	1036	181809	182093	2.47e-39	114	1123	183077	68
AAD54777.1	H_9	50.000	92	46	0	1032	1123	182174	182449	2.47e-39	73.6	1123	183077	68
AAD54777.1	H_9	35.955	89	39	1	6	94	175413	175625	4.54e-07	58.9	1123	183077	68
AAD54777.1	SUPER_6_HAP2	38.667	375	174	7	445	765	29677079	29678197	5.87e-59	228	1123	38374851	68
AAD54777.1	SUPER_6_HAP2	45.192	208	94	2	771	958	29678618	29679241	3.55e-48	193	1123	38374851	68
AAD54777.1	SUPER_6_HAP2	54.737	95	43	0	942	1036	29679819	29680103	2.35e-39	114	1123	38374851	68
AAD54777.1	SUPER_6_HAP2	50.000	92	46	0	1032	1123	29680184	29680459	2.35e-39	73.6	1123	38374851	68
AAD54777.1	SUPER_6_HAP2	35.955	89	39	1	6	94	29673423	29673635	4.56e-07	58.9	1123	38374851	68
AAD54777.1	SUPER_11_HAP2	38.133	375	176	7	445	765	24678380	24679498	5.99e-57	221	1123	33837715	68
AAD54777.1	SUPER_11_HAP2	44.231	208	96	2	771	958	24679919	24680542	1.13e-45	185	1123	33837715	68
AAD54777.1	SUPER_11_HAP2	54.737	95	43	0	942	1036	24681120	24681404	3.36e-38	115	1123	33837715	68
AAD54777.1	SUPER_11_HAP2	48.913	92	47	0	1032	1123	24681485	24681760	3.36e-38	68.6	1123	33837715	68
AAD54777.1	SUPER_11_HAP2	35.106	94	43	1	1	94	24674736	24674963	3.40e-07	59.3	1123	33837715	68
AAD54777.1	SUPER_15_HAP2	36.813	364	182	9	447	765	24369681	24370763	5.35e-49	196	1123	33231407	60
AAD54777.1	SUPER_15_HAP2	46.277	188	86	1	771	943	24371185	24371748	3.72e-46	187	1123	33231407	60
AAD54777.1	SUPER_15_HAP2	52.632	95	45	0	942	1036	24385213	24385497	2.97e-37	107	1123	33231407	60
AAD54777.1	SUPER_15_HAP2	51.087	92	45	0	1032	1123	24385578	24385853	2.97e-37	73.6	1123	33231407	60
AAD54777.1	HAP2_SCAFFOLD_85	36.639	363	182	9	448	765	122280	121201	2.50e-48	194	1123	404000	60
AAD54777.1	HAP2_SCAFFOLD_85	46.277	188	86	1	771	943	120779	120216	3.69e-46	187	1123	404000	60
AAD54777.1	HAP2_SCAFFOLD_85	52.632	95	45	0	942	1036	119578	119294	1.27e-35	107	1123	404000	60
AAD54777.1	HAP2_SCAFFOLD_85	50.000	92	46	0	1032	1123	119213	118938	1.27e-35	68.2	1123	404000	60
CAC01849.1	H_9	38.667	375	174	7	445	765	179069	180187	5.78e-59	228	1123	183077	68
CAC01849.1	H_9	45.192	208	94	2	771	958	180608	181231	3.50e-48	193	1123	183077	68
CAC01849.1	H_9	54.737	95	43	0	942	1036	181809	182093	2.47e-39	114	1123	183077	68
CAC01849.1	H_9	50.000	92	46	0	1032	1123	182174	182449	2.47e-39	73.6	1123	183077	68
CAC01849.1	H_9	35.955	89	39	1	6	94	175413	175625	4.54e-07	58.9	1123	183077	68
CAC01849.1	SUPER_6_HAP2	38.667	375	174	7	445	765	29677079	29678197	5.87e-59	228	1123	38374851	68
CAC01849.1	SUPER_6_HAP2	45.192	208	94	2	771	958	29678618	29679241	3.55e-48	193	1123	38374851	68
CAC01849.1	SUPER_6_HAP2	54.737	95	43	0	942	1036	29679819	29680103	2.35e-39	114	1123	38374851	68
CAC01849.1	SUPER_6_HAP2	50.000	92	46	0	1032	1123	29680184	29680459	2.35e-39	73.6	1123	38374851	68
CAC01849.1	SUPER_6_HAP2	35.955	89	39	1	6	94	29673423	29673635	4.56e-07	58.9	1123	38374851	68
CAC01849.1	SUPER_11_HAP2	38.133	375	176	7	445	765	24678380	24679498	5.99e-57	221	1123	33837715	68
CAC01849.1	SUPER_11_HAP2	44.231	208	96	2	771	958	24679919	24680542	1.13e-45	185	1123	33837715	68
CAC01849.1	SUPER_11_HAP2	54.737	95	43	0	942	1036	24681120	24681404	3.36e-38	115	1123	33837715	68
CAC01849.1	SUPER_11_HAP2	48.913	92	47	0	1032	1123	24681485	24681760	3.36e-38	68.6	1123	33837715	68
CAC01849.1	SUPER_11_HAP2	35.106	94	43	1	1	94	24674736	24674963	3.40e-07	59.3	1123	33837715	68
CAC01849.1	SUPER_15_HAP2	36.813	364	182	9	447	765	24369681	24370763	5.35e-49	196	1123	33231407	60
CAC01849.1	SUPER_15_HAP2	46.277	188	86	1	771	943	24371185	24371748	3.72e-46	187	1123	33231407	60
CAC01849.1	SUPER_15_HAP2	52.632	95	45	0	942	1036	24385213	24385497	2.97e-37	107	1123	33231407	60
CAC01849.1	SUPER_15_HAP2	51.087	92	45	0	1032	1123	24385578	24385853	2.97e-37	73.6	1123	33231407	60
CAC01849.1	HAP2_SCAFFOLD_85	36.639	363	182	9	448	765	122280	121201	2.50e-48	194	1123	404000	60
CAC01849.1	HAP2_SCAFFOLD_85	46.277	188	86	1	771	943	120779	120216	3.69e-46	187	1123	404000	60
CAC01849.1	HAP2_SCAFFOLD_85	52.632	95	45	0	942	1036	119578	119294	1.27e-35	107	1123	404000	60
CAC01849.1	HAP2_SCAFFOLD_85	50.000	92	46	0	1032	1123	119213	118938	1.27e-35	68.2	1123	404000	60
TERT_Arceuthobium_sichuanense_exon9	SUPER_11_HAP2	49.612	129	63	1	2	130	24678599	24678979	5.68e-37	136	130	33837715	99
TERT_Arceuthobium_sichuanense_exon9	H_9	49.612	129	63	1	2	130	179288	179668	8.52e-37	136	130	183077	99
TERT_Arceuthobium_sichuanense_exon9	SUPER_6_HAP2	49.612	129	63	1	2	130	29677298	29677678	8.53e-37	136	130	38374851	99
TERT_Arceuthobium_sichuanense_exon9	HAP2_SCAFFOLD_85	56.604	106	46	0	25	130	122013	121696	4.35e-36	134	130	404000	82
TERT_Arceuthobium_sichuanense_exon9	SUPER_15_HAP2	56.604	106	46	0	25	130	24369951	24370268	4.84e-36	134	130	33231407	82
TERT_Santalum_album_chr1locus	H_9	50.794	378	176	5	26	399	179072	180187	1.87e-111	363	399	183077	94
TERT_Santalum_album_chr1locus	SUPER_6_HAP2	50.794	378	176	5	26	399	29677082	29678197	1.88e-111	363	399	38374851	94
TERT_Santalum_album_chr1locus	SUPER_11_HAP2	50.794	378	176	5	26	399	24678383	24679498	2.64e-111	362	399	33837715	94
TERT_Santalum_album_chr1locus	SUPER_15_HAP2	44.094	381	193	8	23	399	24369669	24370763	9.00e-88	295	399	33231407	94
TERT_Santalum_album_chr1locus	HAP2_SCAFFOLD_85	44.094	381	193	8	23	399	122295	121201	1.78e-87	293	399	404000	94
