NP_001105870.1	SUPER_7	69.613	362	105	5	481	841	7856898	7857971	1.60e-149	505	1188	301009787	96
NP_001105870.1	SUPER_7	72.093	172	48	0	840	1011	7859304	7859819	3.21e-61	238	1188	301009787	96
NP_001105870.1	SUPER_7	72.277	101	28	0	999	1099	7861601	7861903	4.58e-33	147	1188	301009787	96
NP_001105870.1	SUPER_7	68.132	91	29	0	1098	1188	7862055	7862327	1.51e-29	135	1188	301009787	96
NP_001105870.1	SUPER_7	67.241	58	18	1	158	214	7851081	7851254	2.44e-16	72.8	1188	301009787	96
NP_001105870.1	SUPER_7	27.907	129	49	4	72	159	7850626	7851003	2.44e-16	39.7	1188	301009787	96
NP_001105870.1	SUPER_7	59.322	59	24	0	353	411	7854343	7854519	2.39e-09	68.9	1188	301009787	96
NP_001105870.1	SUPER_7	58.763	97	38	2	15	110	7850316	7850603	4.46e-08	64.7	1188	301009787	96
NP_001105870.1	SUPER_7	28.788	198	82	6	217	358	7852338	7852922	2.82e-05	55.5	1188	301009787	96
NP_001105870.1	SUPER_7	54.717	53	20	1	396	444	7855187	7855345	2.96e-05	55.5	1188	301009787	96
NP_001105870.1	SUPER_2	68.785	362	108	5	481	841	136774675	136775748	1.49e-148	502	1188	387587997	93
NP_001105870.1	SUPER_2	72.449	98	27	0	1009	1106	136778336	136778629	1.11e-67	147	1188	387587997	93
NP_001105870.1	SUPER_2	71.111	90	26	0	1098	1187	136778748	136779017	1.11e-67	137	1188	387587997	93
NP_001105870.1	SUPER_2	72.515	171	47	0	840	1010	136777294	136777806	1.62e-60	236	1188	387587997	93
NP_001105870.1	SUPER_2	60.656	61	23	1	155	214	136769373	136769555	4.79e-13	72.0	1188	387587997	93
NP_001105870.1	SUPER_2	85.714	14	2	0	146	159	136769263	136769304	4.79e-13	29.3	1188	387587997	93
NP_001105870.1	SUPER_2	59.615	52	21	0	353	404	136772128	136772283	3.41e-07	62.0	1188	387587997	93
NP_001105870.1	SUPER_2	48.571	105	36	3	15	110	136768610	136768897	7.15e-07	60.8	1188	387587997	93
NP_001105870.1	SUPER_2	29.146	199	82	7	217	359	136770643	136771230	1.66e-06	59.7	1188	387587997	93
NP_001105870.1	SUPER_2	44.048	84	39	4	363	446	136773167	136773394	8.12e-06	57.4	1188	387587997	93
NP_001105870.1	SUPER_4	68.485	165	50	2	481	645	6784817	6785305	4.54e-62	240	1188	345687076	32
NP_001105870.1	SUPER_4	64.286	84	28	2	645	727	6785439	6785687	1.65e-21	108	1188	345687076	32
NP_001105870.1	SUPER_4	61.404	57	19	1	155	208	6773043	6773213	2.98e-13	67.4	1188	345687076	32
NP_001105870.1	SUPER_4	26.119	134	49	5	72	159	6772589	6772978	2.98e-13	34.3	1188	345687076	32
NP_001105870.1	SUPER_9	60.938	64	25	0	510	573	283812116	283811925	1.43e-13	82.8	1188	300602362	5
sp|Q8LKW0.2|TERT_ORYSJ	SUPER_2	68.715	358	110	2	555	912	136774681	136775748	8.57e-151	511	1259	387587997	88
sp|Q8LKW0.2|TERT_ORYSJ	SUPER_2	74.854	171	43	0	911	1081	136777294	136777806	4.43e-66	254	1259	387587997	88
sp|Q8LKW0.2|TERT_ORYSJ	SUPER_2	79.121	91	19	0	1080	1170	136778336	136778608	5.49e-35	153	1259	387587997	88
sp|Q8LKW0.2|TERT_ORYSJ	SUPER_2	71.111	90	26	0	1169	1258	136778748	136779017	2.63e-30	138	1259	387587997	88
sp|Q8LKW0.2|TERT_ORYSJ	SUPER_2	44.076	211	101	5	223	431	136770643	136771230	1.74e-29	135	1259	387587997	88
sp|Q8LKW0.2|TERT_ORYSJ	SUPER_2	69.231	104	29	2	11	114	136768595	136768897	1.24e-20	106	1259	387587997	88
sp|Q8LKW0.2|TERT_ORYSJ	SUPER_2	59.016	61	25	0	162	222	136769382	136769564	6.49e-12	77.4	1259	387587997	88
sp|Q8LKW0.2|TERT_ORYSJ	SUPER_2	74.286	35	9	0	521	555	136773956	136774060	9.33e-06	57.4	1259	387587997	88
sp|Q8LKW0.2|TERT_ORYSJ	SUPER_7	68.715	358	110	2	555	912	7856904	7857971	2.06e-149	507	1259	301009787	92
sp|Q8LKW0.2|TERT_ORYSJ	SUPER_7	68.649	185	58	0	911	1095	7859304	7859858	6.91e-66	253	1259	301009787	92
sp|Q8LKW0.2|TERT_ORYSJ	SUPER_7	73.267	101	27	0	1070	1170	7861601	7861903	1.18e-34	152	1259	301009787	92
sp|Q8LKW0.2|TERT_ORYSJ	SUPER_7	44.495	218	102	6	223	436	7852338	7852946	5.02e-31	140	1259	301009787	92
sp|Q8LKW0.2|TERT_ORYSJ	SUPER_7	69.231	91	28	0	1169	1259	7862055	7862327	5.66e-30	137	1259	301009787	92
sp|Q8LKW0.2|TERT_ORYSJ	SUPER_7	73.196	97	25	1	18	114	7850316	7850603	6.59e-23	113	1259	301009787	92
sp|Q8LKW0.2|TERT_ORYSJ	SUPER_7	62.295	61	23	0	162	222	7851081	7851263	5.90e-13	80.9	1259	301009787	92
sp|Q8LKW0.2|TERT_ORYSJ	SUPER_7	70.270	37	11	0	519	555	7855918	7856028	1.43e-05	56.6	1259	301009787	92
sp|Q8LKW0.2|TERT_ORYSJ	SUPER_7	55.102	49	22	0	429	477	7854355	7854501	5.82e-05	54.7	1259	301009787	92
sp|Q8LKW0.2|TERT_ORYSJ	SUPER_4	67.901	162	51	1	555	716	6784823	6785305	1.74e-60	236	1259	345687076	42
sp|Q8LKW0.2|TERT_ORYSJ	SUPER_4	41.584	202	101	5	223	420	6775523	6776089	1.95e-25	122	1259	345687076	42
sp|Q8LKW0.2|TERT_ORYSJ	SUPER_4	63.095	84	31	0	716	799	6785439	6785690	4.95e-23	114	1259	345687076	42
sp|Q8LKW0.2|TERT_ORYSJ	SUPER_4	66.667	48	16	0	162	209	6773052	6773195	2.43e-09	68.9	1259	345687076	42
sp|Q8LKW0.2|TERT_ORYSJ	SUPER_4	74.286	35	9	0	521	555	6784103	6784207	9.64e-06	57.4	1259	345687076	42
sp|Q8LKW0.2|TERT_ORYSJ	SUPER_9	60.938	64	25	0	581	644	283812116	283811925	2.97e-15	84.7	1259	300602362	7
sp|Q8LKW0.2|TERT_ORYSJ	SUPER_9	40.909	22	13	0	552	573	283812192	283812127	2.97e-15	24.3	1259	300602362	7
sp|Q9SPU7.1|TERT_ARATH	SUPER_7	34.421	337	190	10	431	753	7856937	7857896	4.07e-38	163	1123	301009787	61
sp|Q9SPU7.1|TERT_ARATH	SUPER_7	39.362	188	105	3	758	945	7859286	7859822	1.75e-34	151	1123	301009787	61
sp|Q9SPU7.1|TERT_ARATH	SUPER_7	45.161	93	49	2	942	1034	7861631	7861903	9.05e-13	80.1	1123	301009787	61
sp|Q9SPU7.1|TERT_ARATH	SUPER_7	48.352	91	47	0	1033	1123	7862055	7862327	2.61e-10	72.0	1123	301009787	61
sp|Q9SPU7.1|TERT_ARATH	SUPER_2	31.854	383	232	11	402	769	136774654	136775760	3.94e-37	160	1123	387587997	64
sp|Q9SPU7.1|TERT_ARATH	SUPER_2	38.830	188	106	3	758	945	136777276	136777812	1.07e-33	149	1123	387587997	64
sp|Q9SPU7.1|TERT_ARATH	SUPER_2	44.000	100	54	2	942	1041	136778336	136778629	2.60e-27	83.6	1123	387587997	64
sp|Q9SPU7.1|TERT_ARATH	SUPER_2	46.067	89	48	0	1033	1121	136778748	136779014	2.60e-27	66.2	1123	387587997	64
sp|Q9SPU7.1|TERT_ARATH	SUPER_4	34.286	140	86	2	440	573	6784886	6785305	8.11e-11	73.9	1123	345687076	12
XP_016496114.1	SUPER_7	34.341	364	184	6	517	859	7856982	7857971	8.66e-45	185	1228	301009787	56
XP_016496114.1	SUPER_7	47.423	194	83	3	866	1059	7859325	7859849	2.97e-33	147	1228	301009787	56
XP_016496114.1	SUPER_7	68.116	69	21	1	1047	1115	7861631	7861834	2.38e-18	98.6	1228	301009787	56
XP_016496114.1	SUPER_7	43.956	91	51	0	1138	1228	7862055	7862327	1.63e-13	82.8	1228	301009787	56
XP_016496114.1	SUPER_2	33.791	364	186	6	517	859	136774759	136775748	3.02e-42	177	1228	387587997	56
XP_016496114.1	SUPER_2	46.465	198	87	3	866	1063	136777315	136777851	2.68e-32	144	1228	387587997	56
XP_016496114.1	SUPER_2	68.116	69	21	1	1047	1115	136778336	136778539	1.45e-18	99.4	1228	387587997	56
XP_016496114.1	SUPER_2	42.222	90	52	0	1138	1227	136778748	136779017	2.78e-11	75.5	1228	387587997	56
XP_016496114.1	SUPER_4	38.519	135	62	1	517	630	6784901	6785305	6.36e-16	90.9	1228	345687076	9
XP_070031847.1	SUPER_7	34.066	364	185	6	469	811	7856982	7857971	6.39e-44	182	1180	301009787	58
XP_070031847.1	SUPER_7	48.454	194	81	4	818	1011	7859325	7859849	2.05e-33	148	1180	301009787	58
XP_070031847.1	SUPER_7	68.116	69	21	1	999	1067	7861631	7861834	3.49e-18	98.2	1180	301009787	58
XP_070031847.1	SUPER_7	43.956	91	51	0	1090	1180	7862055	7862327	1.20e-12	79.7	1180	301009787	58
XP_070031847.1	SUPER_2	34.341	364	184	7	469	811	136774759	136775748	8.91e-42	175	1180	387587997	58
XP_070031847.1	SUPER_2	47.475	198	85	4	818	1015	136777315	136777851	1.49e-32	145	1180	387587997	58
XP_070031847.1	SUPER_2	68.116	69	21	1	999	1067	136778336	136778539	1.81e-18	99.0	1180	387587997	58
XP_070031847.1	SUPER_2	42.222	90	52	0	1090	1179	136778748	136779017	1.24e-10	73.2	1180	387587997	58
XP_070031847.1	SUPER_4	40.000	135	60	2	469	582	6784901	6785305	6.58e-16	90.5	1180	345687076	10
XP_033514372.1	SUPER_7	34.066	364	185	6	305	647	7856982	7857971	2.63e-44	182	1016	301009787	67
XP_033514372.1	SUPER_7	48.454	194	81	4	654	847	7859325	7859849	1.58e-33	147	1016	301009787	67
XP_033514372.1	SUPER_7	68.116	69	21	1	835	903	7861631	7861834	1.74e-18	98.6	1016	301009787	67
XP_033514372.1	SUPER_7	43.956	91	51	0	926	1016	7862055	7862327	5.71e-13	80.5	1016	301009787	67
XP_033514372.1	SUPER_2	34.341	364	184	7	305	647	136774759	136775748	3.33e-42	176	1016	387587997	67
XP_033514372.1	SUPER_2	47.475	198	85	4	654	851	136777315	136777851	1.54e-32	144	1016	387587997	67
XP_033514372.1	SUPER_2	68.116	69	21	1	835	903	136778336	136778539	1.01e-18	99.4	1016	387587997	67
XP_033514372.1	SUPER_2	42.222	90	52	0	926	1015	136778748	136779017	5.75e-11	73.9	1016	387587997	67
XP_033514372.1	SUPER_4	40.000	135	60	2	305	418	6784901	6785305	5.16e-16	90.5	1016	345687076	11
XP_009765715.1	SUPER_7	34.341	364	184	6	329	671	7856982	7857971	4.44e-45	185	1040	301009787	66
XP_009765715.1	SUPER_7	47.423	194	83	3	678	871	7859325	7859849	3.23e-33	147	1040	301009787	66
XP_009765715.1	SUPER_7	68.116	69	21	1	859	927	7861631	7861834	1.01e-18	99.8	1040	301009787	66
XP_009765715.1	SUPER_7	43.956	91	51	0	950	1040	7862055	7862327	8.66e-14	83.2	1040	301009787	66
XP_009765715.1	SUPER_2	33.791	364	186	6	329	671	136774759	136775748	1.55e-42	177	1040	387587997	66
XP_009765715.1	SUPER_2	46.465	198	87	3	678	875	136777315	136777851	2.97e-32	144	1040	387587997	66
XP_009765715.1	SUPER_2	68.116	69	21	1	859	927	136778336	136778539	7.17e-19	100	1040	387587997	66
XP_009765715.1	SUPER_2	42.222	90	52	0	950	1039	136778748	136779017	1.47e-11	75.9	1040	387587997	66
XP_009765715.1	SUPER_4	38.519	135	62	1	329	442	6784901	6785305	5.40e-16	90.5	1040	345687076	11
XP_009765713.1	SUPER_7	34.341	364	184	6	360	702	7856982	7857971	4.29e-45	185	1071	301009787	64
XP_009765713.1	SUPER_7	47.423	194	83	3	709	902	7859325	7859849	2.45e-33	147	1071	301009787	64
XP_009765713.1	SUPER_7	68.116	69	21	1	890	958	7861631	7861834	1.07e-18	99.8	1071	301009787	64
XP_009765713.1	SUPER_7	43.956	91	51	0	981	1071	7862055	7862327	6.97e-14	83.6	1071	301009787	64
XP_009765713.1	SUPER_2	33.791	364	186	6	360	702	136774759	136775748	1.48e-42	177	1071	387587997	64
XP_009765713.1	SUPER_2	46.465	198	87	3	709	906	136777315	136777851	2.45e-32	144	1071	387587997	64
XP_009765713.1	SUPER_2	68.116	69	21	1	890	958	136778336	136778539	7.54e-19	100	1071	387587997	64
XP_009765713.1	SUPER_2	42.222	90	52	0	981	1070	136778748	136779017	1.29e-11	76.3	1071	387587997	64
XP_009765713.1	SUPER_4	38.519	135	62	1	360	473	6784901	6785305	5.38e-16	90.5	1071	345687076	11
XP_009765710.1	SUPER_7	34.341	364	184	6	548	890	7856982	7857971	8.93e-45	185	1259	301009787	54
XP_009765710.1	SUPER_7	47.423	194	83	3	897	1090	7859325	7859849	3.42e-33	147	1259	301009787	54
XP_009765710.1	SUPER_7	68.116	69	21	1	1078	1146	7861631	7861834	2.45e-18	98.6	1259	301009787	54
XP_009765710.1	SUPER_7	43.956	91	51	0	1169	1259	7862055	7862327	1.45e-13	83.2	1259	301009787	54
XP_009765710.1	SUPER_2	33.791	364	186	6	548	890	136774759	136775748	3.25e-42	177	1259	387587997	54
XP_009765710.1	SUPER_2	46.465	198	87	3	897	1094	136777315	136777851	2.05e-32	145	1259	387587997	54
XP_009765710.1	SUPER_2	68.116	69	21	1	1078	1146	136778336	136778539	1.44e-18	99.4	1259	387587997	54
XP_009765710.1	SUPER_2	42.222	90	52	0	1169	1258	136778748	136779017	2.64e-11	75.5	1259	387587997	54
XP_009765710.1	SUPER_4	38.519	135	62	1	548	661	6784901	6785305	6.60e-16	90.9	1259	345687076	9
XP_009612033.1	SUPER_7	34.066	364	185	6	274	616	7856982	7857971	3.04e-44	182	985	301009787	69
XP_009612033.1	SUPER_7	48.454	194	81	4	623	816	7859325	7859849	2.07e-33	147	985	301009787	69
XP_009612033.1	SUPER_7	68.116	69	21	1	804	872	7861631	7861834	1.68e-18	98.6	985	301009787	69
XP_009612033.1	SUPER_7	43.956	91	51	0	895	985	7862055	7862327	6.24e-13	80.5	985	301009787	69
XP_009612033.1	SUPER_2	34.341	364	184	7	274	616	136774759	136775748	4.30e-42	175	985	387587997	69
XP_009612033.1	SUPER_2	47.475	198	85	4	623	820	136777315	136777851	1.78e-32	144	985	387587997	69
XP_009612033.1	SUPER_2	68.116	69	21	1	804	872	136778336	136778539	9.76e-19	99.4	985	387587997	69
XP_009612033.1	SUPER_2	42.222	90	52	0	895	984	136778748	136779017	5.93e-11	73.9	985	387587997	69
XP_009612033.1	SUPER_4	40.000	135	60	2	274	387	6784901	6785305	5.33e-16	90.5	985	345687076	12
XP_009612032.1	SUPER_7	34.066	364	185	6	279	621	7856982	7857971	3.62e-44	182	990	301009787	69
XP_009612032.1	SUPER_7	48.454	194	81	4	628	821	7859325	7859849	2.14e-33	147	990	301009787	69
XP_009612032.1	SUPER_7	68.116	69	21	1	809	877	7861631	7861834	2.05e-18	98.6	990	301009787	69
XP_009612032.1	SUPER_7	43.956	91	51	0	900	990	7862055	7862327	6.23e-13	80.5	990	301009787	69
XP_009612032.1	SUPER_2	34.341	364	184	7	279	621	136774759	136775748	4.93e-42	175	990	387587997	69
XP_009612032.1	SUPER_2	47.475	198	85	4	628	825	136777315	136777851	1.81e-32	144	990	387587997	69
XP_009612032.1	SUPER_2	68.116	69	21	1	809	877	136778336	136778539	1.15e-18	99.4	990	387587997	69
XP_009612032.1	SUPER_2	42.222	90	52	0	900	989	136778748	136779017	6.07e-11	73.9	990	387587997	69
XP_009612032.1	SUPER_4	40.000	135	60	2	279	392	6784901	6785305	5.51e-16	90.5	990	345687076	12
XP_009612029.1	SUPER_7	34.066	364	185	6	493	835	7856982	7857971	6.85e-44	182	1204	301009787	57
XP_009612029.1	SUPER_7	48.454	194	81	4	842	1035	7859325	7859849	2.13e-33	148	1204	301009787	57
XP_009612029.1	SUPER_7	68.116	69	21	1	1023	1091	7861631	7861834	3.46e-18	98.2	1204	301009787	57
XP_009612029.1	SUPER_7	43.956	91	51	0	1114	1204	7862055	7862327	1.01e-12	80.1	1204	301009787	57
XP_009612029.1	SUPER_2	34.341	364	184	7	493	835	136774759	136775748	9.50e-42	175	1204	387587997	57
XP_009612029.1	SUPER_2	47.475	198	85	4	842	1039	136777315	136777851	1.53e-32	145	1204	387587997	57
XP_009612029.1	SUPER_2	68.116	69	21	1	1023	1091	136778336	136778539	1.87e-18	99.0	1204	387587997	57
XP_009612029.1	SUPER_2	42.222	90	52	0	1114	1203	136778748	136779017	1.11e-10	73.6	1204	387587997	57
XP_009612029.1	SUPER_4	40.000	135	60	2	493	606	6784901	6785305	6.67e-16	90.5	1204	345687076	9
XP_066162081.1	SUPER_2	65.707	382	125	3	412	793	136774621	136775748	1.27e-153	516	1140	387587997	95
XP_066162081.1	SUPER_2	74.854	171	43	0	792	962	136777294	136777806	9.42e-67	254	1140	387587997	95
XP_066162081.1	SUPER_2	79.121	91	19	0	961	1051	136778336	136778608	1.08e-35	155	1140	387587997	95
XP_066162081.1	SUPER_2	71.111	90	26	0	1050	1139	136778748	136779017	1.80e-30	138	1140	387587997	95
XP_066162081.1	SUPER_2	44.076	211	101	5	223	431	136770643	136771230	6.03e-30	136	1140	387587997	95
XP_066162081.1	SUPER_2	69.231	104	29	2	11	114	136768595	136768897	9.43e-21	106	1140	387587997	95
XP_066162081.1	SUPER_2	59.016	61	25	0	162	222	136769382	136769564	4.00e-12	78.2	1140	387587997	95
XP_066162081.1	SUPER_7	68.715	358	110	2	436	793	7856904	7857971	1.78e-151	509	1140	301009787	94
XP_066162081.1	SUPER_7	68.649	185	58	0	792	976	7859304	7859858	1.55e-66	254	1140	301009787	94
XP_066162081.1	SUPER_7	73.267	101	27	0	951	1051	7861601	7861903	2.28e-35	154	1140	301009787	94
XP_066162081.1	SUPER_7	44.286	210	100	5	223	430	7852338	7852922	1.44e-30	138	1140	301009787	94
XP_066162081.1	SUPER_7	69.231	91	28	0	1050	1140	7862055	7862327	3.95e-30	137	1140	301009787	94
XP_066162081.1	SUPER_7	73.196	97	25	1	18	114	7850316	7850603	5.31e-23	114	1140	301009787	94
XP_066162081.1	SUPER_7	62.295	61	23	0	162	222	7851081	7851263	3.89e-13	81.3	1140	301009787	94
XP_066162081.1	SUPER_4	61.828	186	66	2	412	597	6784763	6785305	1.78e-61	238	1140	345687076	44
XP_066162081.1	SUPER_4	41.584	202	101	5	223	420	6775523	6776089	6.86e-26	123	1140	345687076	44
XP_066162081.1	SUPER_4	63.095	84	31	0	597	680	6785439	6785690	2.92e-23	114	1140	345687076	44
XP_066162081.1	SUPER_4	66.667	48	16	0	162	209	6773052	6773195	1.31e-09	69.7	1140	345687076	44
XP_066162081.1	SUPER_9	60.938	64	25	0	462	525	283812116	283811925	2.73e-15	84.7	1140	300602362	8
XP_066162081.1	SUPER_9	40.909	22	13	0	433	454	283812192	283812127	2.73e-15	24.3	1140	300602362	8
XP_015620288.1	SUPER_2	68.715	358	110	2	555	912	136774681	136775748	5.40e-152	512	1170	387587997	87
XP_015620288.1	SUPER_2	74.854	171	43	0	911	1081	136777294	136777806	7.55e-66	252	1170	387587997	87
XP_015620288.1	SUPER_2	70.652	92	27	0	1078	1169	136778742	136779017	2.57e-31	141	1170	387587997	87
XP_015620288.1	SUPER_2	44.076	211	101	5	223	431	136770643	136771230	2.34e-29	134	1170	387587997	87
XP_015620288.1	SUPER_2	69.231	104	29	2	11	114	136768595	136768897	1.40e-20	105	1170	387587997	87
XP_015620288.1	SUPER_2	59.016	61	25	0	162	222	136769382	136769564	5.12e-12	77.8	1170	387587997	87
XP_015620288.1	SUPER_2	74.286	35	9	0	521	555	136773956	136774060	6.84e-06	57.8	1170	387587997	87
XP_015620288.1	SUPER_7	68.715	358	110	2	555	912	7856904	7857971	1.14e-150	508	1170	301009787	91
XP_015620288.1	SUPER_7	71.751	177	50	0	911	1087	7859304	7859834	2.85e-65	250	1170	301009787	91
XP_015620288.1	SUPER_7	44.495	218	102	6	223	436	7852338	7852946	9.05e-31	139	1170	301009787	91
XP_015620288.1	SUPER_7	67.742	93	30	0	1078	1170	7862049	7862327	2.18e-30	138	1170	301009787	91
XP_015620288.1	SUPER_7	73.196	97	25	1	18	114	7850316	7850603	6.59e-23	113	1170	301009787	91
XP_015620288.1	SUPER_7	62.295	61	23	0	162	222	7851081	7851263	3.53e-13	81.6	1170	301009787	91
XP_015620288.1	SUPER_7	70.270	37	11	0	519	555	7855918	7856028	1.30e-05	56.6	1170	301009787	91
XP_015620288.1	SUPER_7	55.102	49	22	0	429	477	7854355	7854501	4.50e-05	55.1	1170	301009787	91
XP_015620288.1	SUPER_4	67.901	162	51	1	555	716	6784823	6785305	9.48e-61	236	1170	345687076	45
XP_015620288.1	SUPER_4	41.584	202	101	5	223	420	6775523	6776089	3.03e-25	121	1170	345687076	45
XP_015620288.1	SUPER_4	63.095	84	31	0	716	799	6785439	6785690	4.78e-23	114	1170	345687076	45
XP_015620288.1	SUPER_4	66.667	48	16	0	162	209	6773052	6773195	1.64e-09	69.7	1170	345687076	45
XP_015620288.1	SUPER_4	74.286	35	9	0	521	555	6784103	6784207	7.14e-06	57.4	1170	345687076	45
XP_015620288.1	SUPER_9	60.938	64	25	0	581	644	283812116	283811925	2.90e-15	84.7	1170	300602362	7
XP_015620288.1	SUPER_9	40.909	22	13	0	552	573	283812192	283812127	2.90e-15	23.9	1170	300602362	7
BAT16799.1	SUPER_7	44.286	210	100	5	223	430	7852338	7852922	1.51e-29	128	440	301009787	83
BAT16799.1	SUPER_7	73.196	97	25	1	18	114	7850316	7850603	1.62e-22	107	440	301009787	83
BAT16799.1	SUPER_7	62.295	61	23	0	162	222	7851081	7851263	1.44e-14	83.2	440	301009787	83
BAT16799.1	SUPER_2	43.458	214	104	5	223	434	136770643	136771239	3.83e-29	127	440	387587997	84
BAT16799.1	SUPER_2	71.134	97	27	1	18	114	136768610	136768897	4.47e-21	103	440	387587997	84
BAT16799.1	SUPER_2	59.016	61	25	0	162	222	136769382	136769564	1.54e-12	76.6	440	387587997	84
BAT16799.1	SUPER_4	41.414	198	101	4	223	418	6775523	6776077	9.45e-25	114	440	345687076	55
BAT16799.1	SUPER_4	66.667	48	16	0	162	209	6773052	6773195	1.07e-10	70.9	440	345687076	55
NP_001410391.1	SUPER_2	68.715	358	110	2	555	912	136774681	136775748	8.57e-151	511	1259	387587997	88
NP_001410391.1	SUPER_2	74.854	171	43	0	911	1081	136777294	136777806	4.43e-66	254	1259	387587997	88
NP_001410391.1	SUPER_2	79.121	91	19	0	1080	1170	136778336	136778608	5.49e-35	153	1259	387587997	88
NP_001410391.1	SUPER_2	71.111	90	26	0	1169	1258	136778748	136779017	2.63e-30	138	1259	387587997	88
NP_001410391.1	SUPER_2	44.076	211	101	5	223	431	136770643	136771230	1.74e-29	135	1259	387587997	88
NP_001410391.1	SUPER_2	69.231	104	29	2	11	114	136768595	136768897	1.24e-20	106	1259	387587997	88
NP_001410391.1	SUPER_2	59.016	61	25	0	162	222	136769382	136769564	6.49e-12	77.4	1259	387587997	88
NP_001410391.1	SUPER_2	74.286	35	9	0	521	555	136773956	136774060	9.33e-06	57.4	1259	387587997	88
NP_001410391.1	SUPER_7	68.715	358	110	2	555	912	7856904	7857971	2.06e-149	507	1259	301009787	92
NP_001410391.1	SUPER_7	68.649	185	58	0	911	1095	7859304	7859858	6.91e-66	253	1259	301009787	92
NP_001410391.1	SUPER_7	73.267	101	27	0	1070	1170	7861601	7861903	1.18e-34	152	1259	301009787	92
NP_001410391.1	SUPER_7	44.495	218	102	6	223	436	7852338	7852946	5.02e-31	140	1259	301009787	92
NP_001410391.1	SUPER_7	69.231	91	28	0	1169	1259	7862055	7862327	5.66e-30	137	1259	301009787	92
NP_001410391.1	SUPER_7	73.196	97	25	1	18	114	7850316	7850603	6.59e-23	113	1259	301009787	92
NP_001410391.1	SUPER_7	62.295	61	23	0	162	222	7851081	7851263	5.90e-13	80.9	1259	301009787	92
NP_001410391.1	SUPER_7	70.270	37	11	0	519	555	7855918	7856028	1.43e-05	56.6	1259	301009787	92
NP_001410391.1	SUPER_7	55.102	49	22	0	429	477	7854355	7854501	5.82e-05	54.7	1259	301009787	92
NP_001410391.1	SUPER_4	67.901	162	51	1	555	716	6784823	6785305	1.74e-60	236	1259	345687076	42
NP_001410391.1	SUPER_4	41.584	202	101	5	223	420	6775523	6776089	1.95e-25	122	1259	345687076	42
NP_001410391.1	SUPER_4	63.095	84	31	0	716	799	6785439	6785690	4.95e-23	114	1259	345687076	42
NP_001410391.1	SUPER_4	66.667	48	16	0	162	209	6773052	6773195	2.43e-09	68.9	1259	345687076	42
NP_001410391.1	SUPER_4	74.286	35	9	0	521	555	6784103	6784207	9.64e-06	57.4	1259	345687076	42
NP_001410391.1	SUPER_9	60.938	64	25	0	581	644	283812116	283811925	2.97e-15	84.7	1259	300602362	7
NP_001410391.1	SUPER_9	40.909	22	13	0	552	573	283812192	283812127	2.97e-15	24.3	1259	300602362	7
ANM68364.1	SUPER_7	34.421	337	190	10	431	753	7856937	7857896	1.43e-38	164	966	301009787	53
ANM68364.1	SUPER_7	38.830	188	106	3	758	945	7859286	7859822	5.87e-34	149	966	301009787	53
ANM68364.1	SUPER_2	31.854	383	232	11	402	769	136774654	136775760	1.89e-37	160	966	387587997	56
ANM68364.1	SUPER_2	38.830	188	106	3	758	945	136777276	136777812	6.13e-34	149	966	387587997	56
ANM68364.1	SUPER_4	34.286	140	86	2	440	573	6784886	6785305	4.99e-11	74.3	966	345687076	14
AED92349.1	SUPER_7	34.421	337	190	10	431	753	7856937	7857896	4.07e-38	163	1123	301009787	61
AED92349.1	SUPER_7	39.362	188	105	3	758	945	7859286	7859822	1.75e-34	151	1123	301009787	61
AED92349.1	SUPER_7	45.161	93	49	2	942	1034	7861631	7861903	9.05e-13	80.1	1123	301009787	61
AED92349.1	SUPER_7	48.352	91	47	0	1033	1123	7862055	7862327	2.61e-10	72.0	1123	301009787	61
AED92349.1	SUPER_2	31.854	383	232	11	402	769	136774654	136775760	3.94e-37	160	1123	387587997	64
AED92349.1	SUPER_2	38.830	188	106	3	758	945	136777276	136777812	1.07e-33	149	1123	387587997	64
AED92349.1	SUPER_2	44.000	100	54	2	942	1041	136778336	136778629	2.60e-27	83.6	1123	387587997	64
AED92349.1	SUPER_2	46.067	89	48	0	1033	1121	136778748	136779014	2.60e-27	66.2	1123	387587997	64
AED92349.1	SUPER_4	34.286	140	86	2	440	573	6784886	6785305	8.11e-11	73.9	1123	345687076	12
XP_024452488.2	SUPER_7	32.951	349	182	5	276	621	7856961	7857860	3.32e-47	192	1023	301009787	70
XP_024452488.2	SUPER_7	45.263	190	84	3	659	845	7859304	7859822	1.37e-33	148	1023	301009787	70
XP_024452488.2	SUPER_7	49.462	93	45	2	842	934	7861631	7861903	8.51e-15	86.7	1023	301009787	70
XP_024452488.2	SUPER_7	47.253	91	48	0	933	1023	7862055	7862327	5.31e-09	67.8	1023	301009787	70
XP_024452488.2	SUPER_2	31.283	374	192	6	251	621	136774702	136775637	1.24e-45	187	1023	387587997	74
XP_024452488.2	SUPER_2	43.810	210	93	4	637	843	136777243	136777806	7.62e-34	149	1023	387587997	74
XP_024452488.2	SUPER_2	43.333	120	65	3	842	960	136778336	136778689	9.97e-17	92.8	1023	387587997	74
XP_024452488.2	SUPER_2	45.556	90	49	0	933	1022	136778748	136779017	2.28e-08	65.5	1023	387587997	74
XP_024452488.2	SUPER_4	33.974	156	87	2	275	427	6784877	6785305	4.73e-18	97.4	1023	345687076	15
XP_024452486.2	SUPER_7	32.951	349	182	5	472	817	7856961	7857860	6.04e-47	192	1219	301009787	58
XP_024452486.2	SUPER_7	45.263	190	84	3	855	1041	7859304	7859822	8.44e-34	149	1219	301009787	58
XP_024452486.2	SUPER_7	49.462	93	45	2	1038	1130	7861631	7861903	1.00e-14	86.7	1219	301009787	58
XP_024452486.2	SUPER_7	47.253	91	48	0	1129	1219	7862055	7862327	4.84e-09	68.2	1219	301009787	58
XP_024452486.2	SUPER_2	31.283	374	192	6	447	817	136774702	136775637	2.30e-45	187	1219	387587997	62
XP_024452486.2	SUPER_2	43.810	210	93	4	833	1039	136777243	136777806	4.33e-34	150	1219	387587997	62
XP_024452486.2	SUPER_2	43.333	120	65	3	1038	1156	136778336	136778689	1.12e-16	93.2	1219	387587997	62
XP_024452486.2	SUPER_2	45.556	90	49	0	1129	1218	136778748	136779017	2.43e-08	65.9	1219	387587997	62
XP_024452486.2	SUPER_4	33.974	156	87	2	471	623	6784877	6785305	6.35e-18	97.4	1219	345687076	13
XP_024452485.2	SUPER_7	32.951	349	182	5	474	819	7856961	7857860	5.92e-47	192	1221	301009787	58
XP_024452485.2	SUPER_7	45.263	190	84	3	857	1043	7859304	7859822	9.07e-34	149	1221	301009787	58
XP_024452485.2	SUPER_7	49.462	93	45	2	1040	1132	7861631	7861903	9.97e-15	86.7	1221	301009787	58
XP_024452485.2	SUPER_7	47.253	91	48	0	1131	1221	7862055	7862327	5.02e-09	68.2	1221	301009787	58
XP_024452485.2	SUPER_2	31.283	374	192	6	449	819	136774702	136775637	2.14e-45	187	1221	387587997	62
XP_024452485.2	SUPER_2	43.810	210	93	4	835	1041	136777243	136777806	4.35e-34	150	1221	387587997	62
XP_024452485.2	SUPER_2	43.333	120	65	3	1040	1158	136778336	136778689	1.11e-16	93.2	1221	387587997	62
XP_024452485.2	SUPER_2	45.556	90	49	0	1131	1220	136778748	136779017	2.40e-08	65.9	1221	387587997	62
XP_024452485.2	SUPER_4	33.974	156	87	2	473	625	6784877	6785305	6.37e-18	97.4	1221	345687076	13
XP_052138369.1	SUPER_7	73.196	97	25	1	17	113	7850316	7850603	1.63e-22	106	387	301009787	82
XP_052138369.1	SUPER_7	41.509	159	79	3	222	379	7852338	7852775	5.17e-19	95.9	387	301009787	82
XP_052138369.1	SUPER_7	62.295	61	23	0	161	221	7851081	7851263	8.16e-15	83.2	387	301009787	82
XP_052138369.1	SUPER_2	71.134	97	27	1	17	113	136768610	136768897	4.22e-21	102	387	387587997	82
XP_052138369.1	SUPER_2	40.881	159	80	3	222	379	136770643	136771080	4.42e-18	92.8	387	387587997	82
XP_052138369.1	SUPER_2	59.016	61	25	0	161	221	136769382	136769564	6.10e-13	77.4	387	387587997	82
XP_052138369.1	SUPER_4	41.509	159	79	3	222	379	6775523	6775960	8.24e-19	95.1	387	345687076	53
XP_052138369.1	SUPER_4	66.667	48	16	0	161	208	6773052	6773195	5.56e-11	71.2	387	345687076	53
XP_052138368.1	SUPER_7	45.714	210	97	5	222	429	7852338	7852922	1.48e-31	134	439	301009787	83
XP_052138368.1	SUPER_7	73.196	97	25	1	17	113	7850316	7850603	2.12e-22	107	439	301009787	83
XP_052138368.1	SUPER_7	62.295	61	23	0	161	221	7851081	7851263	1.43e-14	83.2	439	301009787	83
XP_052138368.1	SUPER_2	44.860	214	101	5	222	433	136770643	136771239	4.48e-31	133	439	387587997	84
XP_052138368.1	SUPER_2	71.134	97	27	1	17	113	136768610	136768897	4.66e-21	103	439	387587997	84
XP_052138368.1	SUPER_2	59.016	61	25	0	161	221	136769382	136769564	1.56e-12	76.6	439	387587997	84
XP_052138368.1	SUPER_4	42.929	198	98	4	222	417	6775523	6776077	1.53e-26	119	439	345687076	56
XP_052138368.1	SUPER_4	66.667	48	16	0	161	208	6773052	6773195	1.01e-10	70.9	439	345687076	56
XP_052138367.1	SUPER_7	45.872	218	99	6	222	435	7852338	7852946	1.79e-31	135	469	301009787	79
XP_052138367.1	SUPER_7	73.196	97	25	1	17	113	7850316	7850603	2.29e-22	107	469	301009787	79
XP_052138367.1	SUPER_7	62.295	61	23	0	161	221	7851081	7851263	1.85e-14	83.2	469	301009787	79
XP_052138367.1	SUPER_2	45.498	211	98	5	222	430	136770643	136771230	6.35e-30	130	469	387587997	78
XP_052138367.1	SUPER_2	71.134	97	27	1	17	113	136768610	136768897	6.15e-21	103	469	387587997	78
XP_052138367.1	SUPER_2	59.016	61	25	0	161	221	136769382	136769564	2.57e-12	76.3	469	387587997	78
XP_052138367.1	SUPER_4	42.929	198	98	4	222	417	6775523	6776077	6.86e-26	118	469	345687076	52
XP_052138367.1	SUPER_4	66.667	48	16	0	161	208	6773052	6773195	1.56e-10	70.5	469	345687076	52
XP_052138366.1	SUPER_7	45.872	218	99	6	222	435	7852338	7852946	1.53e-31	136	517	301009787	80
XP_052138366.1	SUPER_7	73.196	97	25	1	17	113	7850316	7850603	2.28e-22	108	517	301009787	80
XP_052138366.1	SUPER_7	62.295	61	23	0	161	221	7851081	7851263	3.40e-14	82.8	517	301009787	80
XP_052138366.1	SUPER_7	55.102	49	22	0	428	476	7854355	7854501	1.75e-05	54.7	517	301009787	80
XP_052138366.1	SUPER_2	45.498	211	98	5	222	430	136770643	136771230	6.03e-30	131	517	387587997	71
XP_052138366.1	SUPER_2	71.134	97	27	1	17	113	136768610	136768897	1.03e-20	103	517	387587997	71
XP_052138366.1	SUPER_2	59.016	61	25	0	161	221	136769382	136769564	3.84e-12	76.3	517	387587997	71
XP_052138366.1	SUPER_4	42.929	198	98	4	222	417	6775523	6776077	8.24e-26	119	517	345687076	47
XP_052138366.1	SUPER_4	66.667	48	16	0	161	208	6773052	6773195	3.10e-10	70.1	517	345687076	47
XP_052138365.1	SUPER_2	69.274	358	108	2	38	395	136774681	136775748	4.09e-157	511	742	387587997	99
XP_052138365.1	SUPER_2	74.854	171	43	0	394	564	136777294	136777806	2.69e-67	249	742	387587997	99
XP_052138365.1	SUPER_2	79.121	91	19	0	563	653	136778336	136778608	1.70e-35	152	742	387587997	99
XP_052138365.1	SUPER_2	71.111	90	26	0	652	741	136778748	136779017	2.60e-30	135	742	387587997	99
XP_052138365.1	SUPER_2	74.286	35	9	0	4	38	136773956	136774060	1.58e-05	55.5	742	387587997	99
XP_052138365.1	SUPER_7	69.274	358	108	2	38	395	7856904	7857971	1.34e-155	507	742	301009787	99
XP_052138365.1	SUPER_7	68.649	185	58	0	394	578	7859304	7859858	3.98e-67	248	742	301009787	99
XP_052138365.1	SUPER_7	73.267	101	27	0	553	653	7861601	7861903	2.40e-35	151	742	301009787	99
XP_052138365.1	SUPER_7	69.231	91	28	0	652	742	7862055	7862327	6.48e-30	134	742	301009787	99
XP_052138365.1	SUPER_7	70.270	37	11	0	2	38	7855918	7856028	1.04e-05	56.2	742	301009787	99
XP_052138365.1	SUPER_4	67.901	162	51	1	38	199	6784823	6785305	1.64e-62	234	742	345687076	38
XP_052138365.1	SUPER_4	64.286	84	30	0	199	282	6785439	6785690	2.63e-24	116	742	345687076	38
XP_052138365.1	SUPER_4	74.286	35	9	0	4	38	6784103	6784207	1.31e-05	55.8	742	345687076	38
XP_052138365.1	SUPER_9	60.938	64	25	0	64	127	283812116	283811925	1.33e-15	84.3	742	300602362	12
XP_052138365.1	SUPER_9	40.909	22	13	0	35	56	283812192	283812127	1.33e-15	25.0	742	300602362	12
XP_052138362.1	SUPER_2	69.274	358	108	2	46	403	136774681	136775748	5.41e-157	511	750	387587997	98
XP_052138362.1	SUPER_2	74.854	171	43	0	402	572	136777294	136777806	2.73e-67	249	750	387587997	98
XP_052138362.1	SUPER_2	79.121	91	19	0	571	661	136778336	136778608	2.08e-35	152	750	387587997	98
XP_052138362.1	SUPER_2	71.111	90	26	0	660	749	136778748	136779017	3.31e-30	135	750	387587997	98
XP_052138362.1	SUPER_2	74.286	35	9	0	12	46	136773956	136774060	1.71e-05	55.5	750	387587997	98
XP_052138362.1	SUPER_7	69.274	358	108	2	46	403	7856904	7857971	1.78e-155	507	750	301009787	99
XP_052138362.1	SUPER_7	68.649	185	58	0	402	586	7859304	7859858	4.06e-67	248	750	301009787	99
XP_052138362.1	SUPER_7	73.267	101	27	0	561	661	7861601	7861903	2.73e-35	151	750	301009787	99
XP_052138362.1	SUPER_7	69.231	91	28	0	660	750	7862055	7862327	7.77e-30	134	750	301009787	99
XP_052138362.1	SUPER_7	66.667	39	13	0	8	46	7855912	7856028	4.78e-06	57.4	750	301009787	99
XP_052138362.1	SUPER_4	67.901	162	51	1	46	207	6784823	6785305	1.91e-62	234	750	345687076	37
XP_052138362.1	SUPER_4	64.286	84	30	0	207	290	6785439	6785690	2.77e-24	116	750	345687076	37
XP_052138362.1	SUPER_4	74.286	35	9	0	12	46	6784103	6784207	1.48e-05	55.8	750	345687076	37
XP_052138362.1	SUPER_9	60.938	64	25	0	72	135	283812116	283811925	1.45e-15	84.3	750	300602362	11
XP_052138362.1	SUPER_9	40.909	22	13	0	43	64	283812192	283812127	1.45e-15	25.0	750	300602362	11
XP_052138361.1	SUPER_2	69.274	358	108	2	225	582	136774681	136775748	3.79e-157	518	929	387587997	94
XP_052138361.1	SUPER_2	74.854	171	43	0	581	751	136777294	136777806	7.74e-68	254	929	387587997	94
XP_052138361.1	SUPER_2	79.121	91	19	0	750	840	136778336	136778608	6.78e-36	155	929	387587997	94
XP_052138361.1	SUPER_2	71.111	90	26	0	839	928	136778748	136779017	4.15e-30	136	929	387587997	94
XP_052138361.1	SUPER_2	69.231	104	29	2	10	113	136768595	136768897	1.28e-20	105	929	387587997	94
XP_052138361.1	SUPER_2	58.730	63	26	0	161	223	136769382	136769570	5.69e-13	80.5	929	387587997	94
XP_052138361.1	SUPER_7	69.274	358	108	2	225	582	7856904	7857971	6.05e-156	515	929	301009787	93
XP_052138361.1	SUPER_7	68.649	185	58	0	581	765	7859304	7859858	1.79e-67	253	929	301009787	93
XP_052138361.1	SUPER_7	73.267	101	27	0	740	840	7861601	7861903	1.14e-35	154	929	301009787	93
XP_052138361.1	SUPER_7	69.231	91	28	0	839	929	7862055	7862327	7.81e-30	135	929	301009787	93
XP_052138361.1	SUPER_7	73.196	97	25	1	17	113	7850316	7850603	3.38e-23	114	929	301009787	93
XP_052138361.1	SUPER_7	61.905	63	24	0	161	223	7851081	7851269	1.42e-13	82.4	929	301009787	93
XP_052138361.1	SUPER_4	67.901	162	51	1	225	386	6784823	6785305	2.97e-62	238	929	345687076	32
XP_052138361.1	SUPER_4	64.286	84	30	0	386	469	6785439	6785690	6.46e-24	116	929	345687076	32
XP_052138361.1	SUPER_4	66.667	48	16	0	161	208	6773052	6773195	1.64e-09	68.9	929	345687076	32
XP_052138361.1	SUPER_9	60.938	64	25	0	251	314	283812116	283811925	1.16e-15	84.7	929	300602362	9
XP_052138361.1	SUPER_9	40.909	22	13	0	222	243	283812192	283812127	1.16e-15	25.0	929	300602362	9
XP_052138360.1	SUPER_2	69.274	358	108	2	388	745	136774681	136775748	9.49e-152	508	1092	387587997	92
XP_052138360.1	SUPER_2	74.854	171	43	0	744	914	136777294	136777806	2.03e-65	250	1092	387587997	92
XP_052138360.1	SUPER_2	79.121	91	19	0	913	1003	136778336	136778608	1.25e-34	151	1092	387587997	92
XP_052138360.1	SUPER_2	45.498	211	98	5	56	264	136770643	136771230	4.49e-31	140	1092	387587997	92
XP_052138360.1	SUPER_2	71.111	90	26	0	1002	1091	136778748	136779017	2.85e-30	137	1092	387587997	92
XP_052138360.1	SUPER_2	56.364	55	24	0	1	55	136769400	136769564	1.06e-08	66.6	1092	387587997	92
XP_052138360.1	SUPER_2	74.286	35	9	0	354	388	136773956	136774060	2.43e-05	55.8	1092	387587997	92
XP_052138360.1	SUPER_7	69.274	358	108	2	388	745	7856904	7857971	3.11e-150	504	1092	301009787	96
XP_052138360.1	SUPER_7	68.649	185	58	0	744	928	7859304	7859858	3.03e-65	249	1092	301009787	96
XP_052138360.1	SUPER_7	73.267	101	27	0	903	1003	7861601	7861903	2.09e-34	150	1092	301009787	96
XP_052138360.1	SUPER_7	45.872	218	99	6	56	269	7852338	7852946	1.50e-32	145	1092	301009787	96
XP_052138360.1	SUPER_7	69.231	91	28	0	1002	1092	7862055	7862327	6.47e-30	136	1092	301009787	96
XP_052138360.1	SUPER_7	60.000	55	22	0	1	55	7851099	7851263	1.31e-09	69.7	1092	301009787	96
XP_052138360.1	SUPER_7	70.270	37	11	0	352	388	7855918	7856028	2.67e-05	55.5	1092	301009787	96
XP_052138360.1	SUPER_7	55.102	49	22	0	262	310	7854355	7854501	9.26e-05	53.9	1092	301009787	96
XP_052138360.1	SUPER_4	67.901	162	51	1	388	549	6784823	6785305	2.55e-60	234	1092	345687076	48
XP_052138360.1	SUPER_4	43.069	202	98	5	56	253	6775523	6776089	6.20e-27	126	1092	345687076	48
XP_052138360.1	SUPER_4	64.286	84	30	0	549	632	6785439	6785690	1.39e-23	115	1092	345687076	48
XP_052138360.1	SUPER_4	64.286	42	15	0	1	42	6773070	6773195	5.17e-06	57.8	1092	345687076	48
XP_052138360.1	SUPER_4	74.286	35	9	0	354	388	6784103	6784207	2.39e-05	55.8	1092	345687076	48
XP_052138360.1	SUPER_9	60.938	64	25	0	414	477	283812116	283811925	1.77e-15	84.7	1092	300602362	8
XP_052138360.1	SUPER_9	40.909	22	13	0	385	406	283812192	283812127	1.77e-15	24.6	1092	300602362	8
XP_052138359.1	SUPER_2	66.230	382	123	3	411	792	136774621	136775748	2.26e-154	518	1139	387587997	95
XP_052138359.1	SUPER_2	74.854	171	43	0	791	961	136777294	136777806	1.21e-66	254	1139	387587997	95
XP_052138359.1	SUPER_2	79.121	91	19	0	960	1050	136778336	136778608	8.79e-36	155	1139	387587997	95
XP_052138359.1	SUPER_2	45.498	211	98	5	222	430	136770643	136771230	1.32e-31	142	1139	387587997	95
XP_052138359.1	SUPER_2	71.111	90	26	0	1049	1138	136778748	136779017	3.01e-30	137	1139	387587997	95
XP_052138359.1	SUPER_2	69.231	104	29	2	10	113	136768595	136768897	8.37e-21	106	1139	387587997	95
XP_052138359.1	SUPER_2	59.016	61	25	0	161	221	136769382	136769564	4.13e-12	78.2	1139	387587997	95
XP_052138359.1	SUPER_7	69.274	358	108	2	435	792	7856904	7857971	2.26e-152	512	1139	301009787	94
XP_052138359.1	SUPER_7	68.649	185	58	0	791	975	7859304	7859858	1.98e-66	254	1139	301009787	94
XP_052138359.1	SUPER_7	73.267	101	27	0	950	1050	7861601	7861903	1.81e-35	154	1139	301009787	94
XP_052138359.1	SUPER_7	45.714	210	97	5	222	429	7852338	7852922	2.79e-32	144	1139	301009787	94
XP_052138359.1	SUPER_7	69.231	91	28	0	1049	1139	7862055	7862327	6.33e-30	136	1139	301009787	94
XP_052138359.1	SUPER_7	73.196	97	25	1	17	113	7850316	7850603	4.33e-23	114	1139	301009787	94
XP_052138359.1	SUPER_7	62.295	61	23	0	161	221	7851081	7851263	4.37e-13	81.3	1139	301009787	94
XP_052138359.1	SUPER_4	61.828	186	66	2	411	596	6784763	6785305	1.80e-61	238	1139	345687076	44
XP_052138359.1	SUPER_4	43.069	202	98	5	222	419	6775523	6776089	1.64e-27	128	1139	345687076	44
XP_052138359.1	SUPER_4	64.286	84	30	0	596	679	6785439	6785690	1.31e-23	115	1139	345687076	44
XP_052138359.1	SUPER_4	66.667	48	16	0	161	208	6773052	6773195	1.31e-09	69.7	1139	345687076	44
XP_052138359.1	SUPER_9	60.938	64	25	0	461	524	283812116	283811925	1.70e-15	84.7	1139	300602362	8
XP_052138359.1	SUPER_9	40.909	22	13	0	432	453	283812192	283812127	1.70e-15	24.6	1139	300602362	8
XP_052138358.1	SUPER_2	69.274	358	108	2	554	911	136774681	136775748	6.49e-153	514	1169	387587997	88
XP_052138358.1	SUPER_2	74.854	171	43	0	910	1080	136777294	136777806	9.01e-66	252	1169	387587997	88
XP_052138358.1	SUPER_2	70.652	92	27	0	1077	1168	136778742	136779017	4.15e-31	140	1169	387587997	88
XP_052138358.1	SUPER_2	45.498	211	98	5	222	430	136770643	136771230	5.08e-31	140	1169	387587997	88
XP_052138358.1	SUPER_2	69.231	104	29	2	10	113	136768595	136768897	1.21e-20	106	1169	387587997	88
XP_052138358.1	SUPER_2	59.016	61	25	0	161	221	136769382	136769564	5.07e-12	77.8	1169	387587997	88
XP_052138358.1	SUPER_2	74.286	35	9	0	520	554	136773956	136774060	8.30e-06	57.4	1169	387587997	88
XP_052138358.1	SUPER_7	69.274	358	108	2	554	911	7856904	7857971	3.16e-151	509	1169	301009787	91
XP_052138358.1	SUPER_7	71.751	177	50	0	910	1086	7859304	7859834	3.17e-65	250	1169	301009787	91
XP_052138358.1	SUPER_7	45.872	218	99	6	222	435	7852338	7852946	1.83e-32	144	1169	301009787	91
XP_052138358.1	SUPER_7	67.742	93	30	0	1077	1169	7862049	7862327	3.49e-30	137	1169	301009787	91
XP_052138358.1	SUPER_7	73.196	97	25	1	17	113	7850316	7850603	5.75e-23	114	1169	301009787	91
XP_052138358.1	SUPER_7	62.295	61	23	0	161	221	7851081	7851263	3.77e-13	81.6	1169	301009787	91
XP_052138358.1	SUPER_7	70.270	37	11	0	518	554	7855918	7856028	1.53e-05	56.6	1169	301009787	91
XP_052138358.1	SUPER_7	55.102	49	22	0	428	476	7854355	7854501	4.69e-05	54.7	1169	301009787	91
XP_052138358.1	SUPER_4	67.901	162	51	1	554	715	6784823	6785305	1.15e-60	236	1169	345687076	45
XP_052138358.1	SUPER_4	43.069	202	98	5	222	419	6775523	6776089	7.75e-27	126	1169	345687076	45
XP_052138358.1	SUPER_4	64.286	84	30	0	715	798	6785439	6785690	2.20e-23	115	1169	345687076	45
XP_052138358.1	SUPER_4	66.667	48	16	0	161	208	6773052	6773195	1.64e-09	69.7	1169	345687076	45
XP_052138358.1	SUPER_4	74.286	35	9	0	520	554	6784103	6784207	8.58e-06	57.4	1169	345687076	45
XP_052138358.1	SUPER_9	60.938	64	25	0	580	643	283812116	283811925	1.87e-15	84.7	1169	300602362	7
XP_052138358.1	SUPER_9	40.909	22	13	0	551	572	283812192	283812127	1.87e-15	24.6	1169	300602362	7
XP_052138357.1	SUPER_2	69.274	358	108	2	554	911	136774681	136775748	9.39e-152	514	1258	387587997	88
XP_052138357.1	SUPER_2	74.854	171	43	0	910	1080	136777294	136777806	5.72e-66	253	1258	387587997	88
XP_052138357.1	SUPER_2	79.121	91	19	0	1079	1169	136778336	136778608	4.59e-35	153	1258	387587997	88
XP_052138357.1	SUPER_2	45.498	211	98	5	222	430	136770643	136771230	4.24e-31	140	1258	387587997	88
XP_052138357.1	SUPER_2	71.111	90	26	0	1168	1257	136778748	136779017	4.43e-30	137	1258	387587997	88
XP_052138357.1	SUPER_2	69.231	104	29	2	10	113	136768595	136768897	1.19e-20	106	1258	387587997	88
XP_052138357.1	SUPER_2	59.016	61	25	0	161	221	136769382	136769564	6.87e-12	77.4	1258	387587997	88
XP_052138357.1	SUPER_2	74.286	35	9	0	520	554	136773956	136774060	1.00e-05	57.0	1258	387587997	88
XP_052138357.1	SUPER_7	69.274	358	108	2	554	911	7856904	7857971	3.65e-150	509	1258	301009787	92
XP_052138357.1	SUPER_7	68.649	185	58	0	910	1094	7859304	7859858	1.33e-65	252	1258	301009787	92
XP_052138357.1	SUPER_7	73.267	101	27	0	1069	1169	7861601	7861903	9.26e-35	152	1258	301009787	92
XP_052138357.1	SUPER_7	45.872	218	99	6	222	435	7852338	7852946	1.14e-32	145	1258	301009787	92
XP_052138357.1	SUPER_7	69.231	91	28	0	1168	1258	7862055	7862327	8.26e-30	136	1258	301009787	92
XP_052138357.1	SUPER_7	73.196	97	25	1	17	113	7850316	7850603	5.66e-23	114	1258	301009787	92
XP_052138357.1	SUPER_7	62.295	61	23	0	161	221	7851081	7851263	6.15e-13	80.9	1258	301009787	92
XP_052138357.1	SUPER_7	70.270	37	11	0	518	554	7855918	7856028	1.68e-05	56.6	1258	301009787	92
XP_052138357.1	SUPER_7	55.102	49	22	0	428	476	7854355	7854501	6.12e-05	54.7	1258	301009787	92
XP_052138357.1	SUPER_4	67.901	162	51	1	554	715	6784823	6785305	1.96e-60	236	1258	345687076	42
XP_052138357.1	SUPER_4	43.069	202	98	5	222	419	6775523	6776089	4.90e-27	127	1258	345687076	42
XP_052138357.1	SUPER_4	64.286	84	30	0	715	798	6785439	6785690	2.30e-23	115	1258	345687076	42
XP_052138357.1	SUPER_4	66.667	48	16	0	161	208	6773052	6773195	2.43e-09	68.9	1258	345687076	42
XP_052138357.1	SUPER_4	74.286	35	9	0	520	554	6784103	6784207	1.16e-05	57.0	1258	345687076	42
XP_052138357.1	SUPER_9	60.938	64	25	0	580	643	283812116	283811925	1.85e-15	84.7	1258	300602362	7
XP_052138357.1	SUPER_9	40.909	22	13	0	551	572	283812192	283812127	1.85e-15	24.6	1258	300602362	7
KAI9397292.1	SUPER_7	32.951	349	182	5	472	817	7856961	7857860	6.04e-47	192	1219	301009787	58
KAI9397292.1	SUPER_7	45.263	190	84	3	855	1041	7859304	7859822	8.44e-34	149	1219	301009787	58
KAI9397292.1	SUPER_7	49.462	93	45	2	1038	1130	7861631	7861903	1.00e-14	86.7	1219	301009787	58
KAI9397292.1	SUPER_7	47.253	91	48	0	1129	1219	7862055	7862327	4.84e-09	68.2	1219	301009787	58
KAI9397292.1	SUPER_2	31.283	374	192	6	447	817	136774702	136775637	2.30e-45	187	1219	387587997	62
KAI9397292.1	SUPER_2	43.810	210	93	4	833	1039	136777243	136777806	4.33e-34	150	1219	387587997	62
KAI9397292.1	SUPER_2	43.333	120	65	3	1038	1156	136778336	136778689	1.12e-16	93.2	1219	387587997	62
KAI9397292.1	SUPER_2	45.556	90	49	0	1129	1218	136778748	136779017	2.43e-08	65.9	1219	387587997	62
KAI9397292.1	SUPER_4	33.974	156	87	2	471	623	6784877	6785305	6.35e-18	97.4	1219	345687076	13
KAI9397291.1	SUPER_7	32.951	349	182	5	474	819	7856961	7857860	5.92e-47	192	1221	301009787	58
KAI9397291.1	SUPER_7	45.263	190	84	3	857	1043	7859304	7859822	9.07e-34	149	1221	301009787	58
KAI9397291.1	SUPER_7	49.462	93	45	2	1040	1132	7861631	7861903	9.97e-15	86.7	1221	301009787	58
KAI9397291.1	SUPER_7	47.253	91	48	0	1131	1221	7862055	7862327	5.02e-09	68.2	1221	301009787	58
KAI9397291.1	SUPER_2	31.283	374	192	6	449	819	136774702	136775637	2.14e-45	187	1221	387587997	62
KAI9397291.1	SUPER_2	43.810	210	93	4	835	1041	136777243	136777806	4.35e-34	150	1221	387587997	62
KAI9397291.1	SUPER_2	43.333	120	65	3	1040	1158	136778336	136778689	1.11e-16	93.2	1221	387587997	62
KAI9397291.1	SUPER_2	45.556	90	49	0	1131	1220	136778748	136779017	2.40e-08	65.9	1221	387587997	62
KAI9397291.1	SUPER_4	33.974	156	87	2	473	625	6784877	6785305	6.37e-18	97.4	1221	345687076	13
NP_001330126.1	SUPER_7	34.421	337	190	10	431	753	7856937	7857896	1.43e-38	164	966	301009787	53
NP_001330126.1	SUPER_7	38.830	188	106	3	758	945	7859286	7859822	5.87e-34	149	966	301009787	53
NP_001330126.1	SUPER_2	31.854	383	232	11	402	769	136774654	136775760	1.89e-37	160	966	387587997	56
NP_001330126.1	SUPER_2	38.830	188	106	3	758	945	136777276	136777812	6.13e-34	149	966	387587997	56
NP_001330126.1	SUPER_4	34.286	140	86	2	440	573	6784886	6785305	4.99e-11	74.3	966	345687076	14
NP_197187.1	SUPER_7	34.421	337	190	10	431	753	7856937	7857896	4.07e-38	163	1123	301009787	61
NP_197187.1	SUPER_7	39.362	188	105	3	758	945	7859286	7859822	1.75e-34	151	1123	301009787	61
NP_197187.1	SUPER_7	45.161	93	49	2	942	1034	7861631	7861903	9.05e-13	80.1	1123	301009787	61
NP_197187.1	SUPER_7	48.352	91	47	0	1033	1123	7862055	7862327	2.61e-10	72.0	1123	301009787	61
NP_197187.1	SUPER_2	31.854	383	232	11	402	769	136774654	136775760	3.94e-37	160	1123	387587997	64
NP_197187.1	SUPER_2	38.830	188	106	3	758	945	136777276	136777812	1.07e-33	149	1123	387587997	64
NP_197187.1	SUPER_2	44.000	100	54	2	942	1041	136778336	136778629	2.60e-27	83.6	1123	387587997	64
NP_197187.1	SUPER_2	46.067	89	48	0	1033	1121	136778748	136779014	2.60e-27	66.2	1123	387587997	64
NP_197187.1	SUPER_4	34.286	140	86	2	440	573	6784886	6785305	8.11e-11	73.9	1123	345687076	12
XP_020399449.1	SUPER_7	69.613	362	105	5	459	819	7856898	7857971	9.12e-150	505	1166	301009787	93
XP_020399449.1	SUPER_7	72.093	172	48	0	818	989	7859304	7859819	3.75e-61	237	1166	301009787	93
XP_020399449.1	SUPER_7	72.277	101	28	0	977	1077	7861601	7861903	5.19e-33	146	1166	301009787	93
XP_020399449.1	SUPER_7	68.132	91	29	0	1076	1166	7862055	7862327	1.21e-29	135	1166	301009787	93
XP_020399449.1	SUPER_7	68.421	57	17	1	137	192	7851084	7851254	2.05e-10	72.4	1166	301009787	93
XP_020399449.1	SUPER_7	59.322	59	24	0	331	389	7854343	7854519	2.47e-09	68.9	1166	301009787	93
XP_020399449.1	SUPER_7	58.763	97	38	2	15	110	7850316	7850603	4.39e-08	64.7	1166	301009787	93
XP_020399449.1	SUPER_7	28.788	198	82	6	195	336	7852338	7852922	2.73e-05	55.5	1166	301009787	93
XP_020399449.1	SUPER_7	54.717	53	20	1	374	422	7855187	7855345	2.89e-05	55.5	1166	301009787	93
XP_020399449.1	SUPER_2	68.785	362	108	5	459	819	136774675	136775748	8.67e-149	502	1166	387587997	93
XP_020399449.1	SUPER_2	72.449	98	27	0	987	1084	136778336	136778629	9.79e-68	147	1166	387587997	93
XP_020399449.1	SUPER_2	71.111	90	26	0	1076	1165	136778748	136779017	9.79e-68	137	1166	387587997	93
XP_020399449.1	SUPER_2	72.515	171	47	0	818	988	136777294	136777806	1.61e-60	235	1166	387587997	93
XP_020399449.1	SUPER_2	64.912	57	19	1	137	192	136769385	136769555	6.07e-10	70.9	1166	387587997	93
XP_020399449.1	SUPER_2	59.615	52	21	0	331	382	136772128	136772283	3.44e-07	62.0	1166	387587997	93
XP_020399449.1	SUPER_2	48.571	105	36	3	15	110	136768610	136768897	7.28e-07	60.8	1166	387587997	93
XP_020399449.1	SUPER_2	29.146	199	82	7	195	337	136770643	136771230	1.67e-06	59.7	1166	387587997	93
XP_020399449.1	SUPER_2	44.048	84	39	4	341	424	136773167	136773394	7.93e-06	57.4	1166	387587997	93
XP_020399449.1	SUPER_4	68.485	165	50	2	459	623	6784817	6785305	3.29e-62	241	1166	345687076	25
XP_020399449.1	SUPER_4	64.286	84	28	2	623	705	6785439	6785687	2.01e-21	108	1166	345687076	25
XP_020399449.1	SUPER_4	66.038	53	15	1	137	186	6773055	6773213	1.29e-08	66.6	1166	345687076	25
XP_020399449.1	SUPER_9	60.938	64	25	0	488	551	283812116	283811925	1.32e-13	83.2	1166	300602362	5
VYS67061.1	SUPER_7	34.421	337	190	10	431	753	7856937	7857896	4.07e-38	163	1123	301009787	61
VYS67061.1	SUPER_7	39.362	188	105	3	758	945	7859286	7859822	1.75e-34	151	1123	301009787	61
VYS67061.1	SUPER_7	45.161	93	49	2	942	1034	7861631	7861903	9.05e-13	80.1	1123	301009787	61
VYS67061.1	SUPER_7	48.352	91	47	0	1033	1123	7862055	7862327	2.61e-10	72.0	1123	301009787	61
VYS67061.1	SUPER_2	31.854	383	232	11	402	769	136774654	136775760	3.94e-37	160	1123	387587997	64
VYS67061.1	SUPER_2	38.830	188	106	3	758	945	136777276	136777812	1.07e-33	149	1123	387587997	64
VYS67061.1	SUPER_2	44.000	100	54	2	942	1041	136778336	136778629	2.60e-27	83.6	1123	387587997	64
VYS67061.1	SUPER_2	46.067	89	48	0	1033	1121	136778748	136779014	2.60e-27	66.2	1123	387587997	64
VYS67061.1	SUPER_4	34.286	140	86	2	440	573	6784886	6785305	8.11e-11	73.9	1123	345687076	12
XP_028550950.1	SUPER_7	35.606	396	198	7	293	686	7856949	7857971	6.20e-62	239	1105	301009787	62
XP_028550950.1	SUPER_7	47.368	133	51	2	811	926	7859424	7859816	6.72e-26	123	1105	301009787	62
XP_028550950.1	SUPER_7	49.451	91	45	1	1016	1105	7862055	7862327	3.35e-16	91.3	1105	301009787	62
XP_028550950.1	SUPER_7	47.573	103	52	2	915	1017	7861601	7861903	1.96e-13	82.4	1105	301009787	62
XP_028550950.1	SUPER_2	34.673	398	199	8	293	686	136774726	136775748	1.15e-56	223	1105	387587997	62
XP_028550950.1	SUPER_2	47.778	90	46	1	1016	1104	136778748	136779017	1.30e-33	86.7	1105	387587997	62
XP_028550950.1	SUPER_2	47.000	100	51	2	925	1024	136778336	136778629	1.30e-33	84.0	1105	387587997	62
XP_028550950.1	SUPER_2	48.120	133	50	2	811	926	136777414	136777806	1.56e-26	125	1105	387587997	62
XP_028550950.1	SUPER_4	41.139	158	81	2	293	450	6784868	6785305	7.40e-27	126	1105	345687076	14
XP_028550949.1	SUPER_7	35.606	396	198	7	388	781	7856949	7857971	7.55e-62	240	1200	301009787	57
XP_028550949.1	SUPER_7	47.368	133	51	2	906	1021	7859424	7859816	7.83e-26	123	1200	301009787	57
XP_028550949.1	SUPER_7	49.451	91	45	1	1111	1200	7862055	7862327	2.34e-16	92.0	1200	301009787	57
XP_028550949.1	SUPER_7	47.573	103	52	2	1010	1112	7861601	7861903	1.74e-13	82.8	1200	301009787	57
XP_028550949.1	SUPER_2	34.673	398	199	8	388	781	136774726	136775748	1.14e-56	223	1200	387587997	57
XP_028550949.1	SUPER_2	47.778	90	46	1	1111	1199	136778748	136779017	6.76e-34	87.8	1200	387587997	57
XP_028550949.1	SUPER_2	47.000	100	51	2	1020	1119	136778336	136778629	6.76e-34	84.0	1200	387587997	57
XP_028550949.1	SUPER_2	48.120	133	50	2	906	1021	136777414	136777806	1.83e-26	125	1200	387587997	57
XP_028550949.1	SUPER_4	41.139	158	81	2	388	545	6784868	6785305	8.73e-27	126	1200	345687076	13
XP_020672270.2	SUPER_7	35.606	396	198	7	406	799	7856949	7857971	8.39e-62	240	1218	301009787	57
XP_020672270.2	SUPER_7	47.368	133	51	2	924	1039	7859424	7859816	7.58e-26	123	1218	301009787	57
XP_020672270.2	SUPER_7	49.451	91	45	1	1129	1218	7862055	7862327	2.39e-16	92.0	1218	301009787	57
XP_020672270.2	SUPER_7	47.573	103	52	2	1028	1130	7861601	7861903	1.74e-13	82.8	1218	301009787	57
XP_020672270.2	SUPER_2	34.673	398	199	8	406	799	136774726	136775748	1.25e-56	223	1218	387587997	56
XP_020672270.2	SUPER_2	47.778	90	46	1	1129	1217	136778748	136779017	6.44e-34	87.8	1218	387587997	56
XP_020672270.2	SUPER_2	47.000	100	51	2	1038	1137	136778336	136778629	6.44e-34	84.3	1218	387587997	56
XP_020672270.2	SUPER_2	48.120	133	50	2	924	1039	136777414	136777806	1.79e-26	125	1218	387587997	56
XP_020672270.2	SUPER_4	41.139	158	81	2	406	563	6784868	6785305	8.25e-27	126	1218	345687076	13
XP_024531885.1	SUPER_7	28.409	352	182	7	287	619	7856979	7857881	6.75e-33	145	1000	301009787	59
XP_024531885.1	SUPER_7	42.197	173	97	2	653	824	7859304	7859816	3.82e-27	127	1000	301009787	59
XP_024531885.1	SUPER_7	52.381	84	39	1	832	915	7861655	7861903	2.34e-17	95.1	1000	301009787	59
XP_024531885.1	SUPER_2	26.667	390	216	9	287	659	136774756	136775766	1.19e-31	141	1000	387587997	64
XP_024531885.1	SUPER_2	43.353	173	95	2	653	824	136777294	136777806	2.38e-28	130	1000	387587997	64
XP_024531885.1	SUPER_2	49.000	100	49	2	823	922	136778336	136778629	1.60e-17	95.5	1000	387587997	64
XP_024531885.1	SUPER_4	34.559	136	76	2	287	409	6784898	6785305	1.02e-15	89.7	1000	345687076	12
XP_024531884.1	SUPER_7	28.409	352	182	7	303	635	7856979	7857881	7.20e-33	145	1016	301009787	58
XP_024531884.1	SUPER_7	42.197	173	97	2	669	840	7859304	7859816	4.35e-27	127	1016	301009787	58
XP_024531884.1	SUPER_7	52.381	84	39	1	848	931	7861655	7861903	2.35e-17	95.1	1016	301009787	58
XP_024531884.1	SUPER_2	26.667	390	216	9	303	675	136774756	136775766	1.25e-31	141	1016	387587997	63
XP_024531884.1	SUPER_2	43.353	173	95	2	669	840	136777294	136777806	2.91e-28	130	1016	387587997	63
XP_024531884.1	SUPER_2	49.000	100	49	2	839	938	136778336	136778629	1.65e-17	95.5	1016	387587997	63
XP_024531884.1	SUPER_4	34.559	136	76	2	303	425	6784898	6785305	9.87e-16	89.7	1016	345687076	12
XP_024531883.1	SUPER_7	28.409	352	182	7	303	635	7856979	7857881	7.20e-33	145	1016	301009787	58
XP_024531883.1	SUPER_7	42.197	173	97	2	669	840	7859304	7859816	4.35e-27	127	1016	301009787	58
XP_024531883.1	SUPER_7	52.381	84	39	1	848	931	7861655	7861903	2.35e-17	95.1	1016	301009787	58
XP_024531883.1	SUPER_2	26.667	390	216	9	303	675	136774756	136775766	1.25e-31	141	1016	387587997	63
XP_024531883.1	SUPER_2	43.353	173	95	2	669	840	136777294	136777806	2.91e-28	130	1016	387587997	63
XP_024531883.1	SUPER_2	49.000	100	49	2	839	938	136778336	136778629	1.65e-17	95.5	1016	387587997	63
XP_024531883.1	SUPER_4	34.559	136	76	2	303	425	6784898	6785305	9.87e-16	89.7	1016	345687076	12
XP_024376607.1	SUPER_7	24.796	367	206	7	527	893	7856991	7857881	1.74e-28	132	1301	301009787	49
XP_024376607.1	SUPER_7	35.468	203	100	4	923	1125	7859304	7859819	7.40e-26	123	1301	301009787	49
XP_024376607.1	SUPER_7	57.353	68	28	1	1148	1215	7861703	7861903	3.21e-12	78.6	1301	301009787	49
XP_024376607.1	SUPER_2	36.634	202	97	4	923	1124	136777294	136777806	1.77e-26	125	1301	387587997	50
XP_024376607.1	SUPER_2	24.786	351	195	6	527	877	136774768	136775613	9.50e-25	119	1301	387587997	50
XP_024376607.1	SUPER_2	47.000	100	51	2	1123	1222	136778336	136778629	1.72e-13	82.8	1301	387587997	50
XP_024376607.1	SUPER_4	32.624	141	85	2	528	668	6784913	6785305	5.67e-14	84.3	1301	345687076	11
XP_024376598.1	SUPER_7	25.068	367	205	7	528	894	7856991	7857881	1.01e-28	132	1302	301009787	49
XP_024376598.1	SUPER_7	35.468	203	100	4	924	1126	7859304	7859819	7.35e-26	123	1302	301009787	49
XP_024376598.1	SUPER_7	57.353	68	28	1	1149	1216	7861703	7861903	3.16e-12	78.6	1302	301009787	49
XP_024376598.1	SUPER_2	36.634	202	97	4	924	1125	136777294	136777806	1.77e-26	125	1302	387587997	50
XP_024376598.1	SUPER_2	24.786	351	195	6	528	878	136774768	136775613	8.82e-25	120	1302	387587997	50
XP_024376598.1	SUPER_2	47.000	100	51	2	1124	1223	136778336	136778629	1.64e-13	82.8	1302	387587997	50
XP_024376598.1	SUPER_4	32.624	141	85	2	529	669	6784913	6785305	5.68e-14	84.3	1302	345687076	11
XP_024376588.1	SUPER_7	24.796	367	206	7	532	898	7856991	7857881	1.62e-28	132	1306	301009787	49
XP_024376588.1	SUPER_7	35.468	203	100	4	928	1130	7859304	7859819	7.90e-26	123	1306	301009787	49
XP_024376588.1	SUPER_7	57.353	68	28	1	1153	1220	7861703	7861903	3.23e-12	78.6	1306	301009787	49
XP_024376588.1	SUPER_2	36.634	202	97	4	928	1129	136777294	136777806	1.86e-26	125	1306	387587997	50
XP_024376588.1	SUPER_2	24.786	351	195	6	532	882	136774768	136775613	9.17e-25	120	1306	387587997	50
XP_024376588.1	SUPER_2	47.000	100	51	2	1128	1227	136778336	136778629	1.85e-13	82.8	1306	387587997	50
XP_024376588.1	SUPER_4	32.624	141	85	2	533	673	6784913	6785305	5.61e-14	84.3	1306	345687076	11
XP_024376582.1	SUPER_7	25.068	367	205	7	533	899	7856991	7857881	9.92e-29	132	1307	301009787	49
XP_024376582.1	SUPER_7	35.468	203	100	4	929	1131	7859304	7859819	7.46e-26	123	1307	301009787	49
XP_024376582.1	SUPER_7	57.353	68	28	1	1154	1221	7861703	7861903	3.17e-12	78.6	1307	301009787	49
XP_024376582.1	SUPER_2	36.634	202	97	4	929	1130	136777294	136777806	1.78e-26	125	1307	387587997	50
XP_024376582.1	SUPER_2	24.786	351	195	6	533	883	136774768	136775613	8.73e-25	120	1307	387587997	50
XP_024376582.1	SUPER_2	47.000	100	51	2	1129	1228	136778336	136778629	1.62e-13	82.8	1307	387587997	50
XP_024376582.1	SUPER_4	32.624	141	85	2	534	674	6784913	6785305	5.57e-14	84.3	1307	345687076	11
XP_024376576.1	SUPER_7	24.796	367	206	7	548	914	7856991	7857881	1.91e-28	132	1322	301009787	48
XP_024376576.1	SUPER_7	35.468	203	100	4	944	1146	7859304	7859819	7.61e-26	123	1322	301009787	48
XP_024376576.1	SUPER_7	57.353	68	28	1	1169	1236	7861703	7861903	3.28e-12	78.6	1322	301009787	48
XP_024376576.1	SUPER_2	36.634	202	97	4	944	1145	136777294	136777806	1.90e-26	125	1322	387587997	49
XP_024376576.1	SUPER_2	24.786	351	195	6	548	898	136774768	136775613	9.76e-25	119	1322	387587997	49
XP_024376576.1	SUPER_2	47.000	100	51	2	1144	1243	136778336	136778629	1.69e-13	82.8	1322	387587997	49
XP_024376576.1	SUPER_4	32.624	141	85	2	549	689	6784913	6785305	5.85e-14	84.3	1322	345687076	11
XP_024376567.1	SUPER_7	24.796	367	206	7	554	920	7856991	7857881	2.06e-28	132	1328	301009787	48
XP_024376567.1	SUPER_7	35.468	203	100	4	950	1152	7859304	7859819	6.99e-26	123	1328	301009787	48
XP_024376567.1	SUPER_7	57.353	68	28	1	1175	1242	7861703	7861903	3.24e-12	78.6	1328	301009787	48
XP_024376567.1	SUPER_2	36.634	202	97	4	950	1151	136777294	136777806	1.83e-26	125	1328	387587997	49
XP_024376567.1	SUPER_2	25.071	351	194	6	554	904	136774768	136775613	7.33e-25	120	1328	387587997	49
XP_024376567.1	SUPER_2	47.000	100	51	2	1150	1249	136778336	136778629	1.68e-13	82.8	1328	387587997	49
XP_024376567.1	SUPER_4	32.624	141	85	2	555	695	6784913	6785305	5.89e-14	84.3	1328	345687076	11
XP_024376557.1	SUPER_7	24.796	367	206	7	558	924	7856991	7857881	2.09e-28	132	1332	301009787	48
XP_024376557.1	SUPER_7	35.468	203	100	4	954	1156	7859304	7859819	7.65e-26	123	1332	301009787	48
XP_024376557.1	SUPER_7	57.353	68	28	1	1179	1246	7861703	7861903	3.31e-12	78.6	1332	301009787	48
XP_024376557.1	SUPER_2	36.634	202	97	4	954	1155	136777294	136777806	1.83e-26	125	1332	387587997	49
XP_024376557.1	SUPER_2	25.071	351	194	6	558	908	136774768	136775613	7.36e-25	120	1332	387587997	49
XP_024376557.1	SUPER_2	47.000	100	51	2	1154	1253	136778336	136778629	1.70e-13	82.8	1332	387587997	49
XP_024376557.1	SUPER_4	32.624	141	85	2	559	699	6784913	6785305	5.91e-14	84.3	1332	345687076	11
XP_024376548.1	SUPER_7	24.796	367	206	7	559	925	7856991	7857881	2.09e-28	132	1333	301009787	48
XP_024376548.1	SUPER_7	35.468	203	100	4	955	1157	7859304	7859819	7.04e-26	123	1333	301009787	48
XP_024376548.1	SUPER_7	57.353	68	28	1	1180	1247	7861703	7861903	3.32e-12	78.6	1333	301009787	48
XP_024376548.1	SUPER_2	36.634	202	97	4	955	1156	136777294	136777806	1.83e-26	125	1333	387587997	49
XP_024376548.1	SUPER_2	24.786	351	195	6	559	909	136774768	136775613	1.02e-24	119	1333	387587997	49
XP_024376548.1	SUPER_2	47.000	100	51	2	1155	1254	136778336	136778629	1.68e-13	82.8	1333	387587997	49
XP_024376548.1	SUPER_4	32.624	141	85	2	560	700	6784913	6785305	5.87e-14	84.3	1333	345687076	11
PKU78836.1	SUPER_7	33.333	324	162	6	3	324	7857156	7857971	1.07e-44	171	363	301009787	89
PKU78836.1	SUPER_2	32.209	326	163	7	3	324	136774933	136775748	1.91e-40	158	363	387587997	89
PKU78836.1	SUPER_4	38.372	86	44	1	3	88	6785075	6785305	1.40e-08	63.5	363	345687076	24
XP_021912651.1	SUPER_7	33.871	372	199	5	174	542	7856988	7857971	3.05e-47	191	932	301009787	74
XP_021912651.1	SUPER_7	47.150	193	82	3	541	733	7859304	7859822	7.30e-36	155	932	301009787	74
XP_021912651.1	SUPER_7	42.735	117	64	3	729	844	7861628	7861972	1.53e-15	89.0	932	301009787	74
XP_021912651.1	SUPER_7	51.064	47	23	0	821	867	7862055	7862195	2.16e-05	55.5	932	301009787	74
XP_021912651.1	SUPER_2	32.727	385	210	6	174	555	136774765	136775781	2.86e-45	185	932	387587997	74
XP_021912651.1	SUPER_2	47.644	191	80	3	541	731	136777294	136777806	1.16e-35	154	932	387587997	74
XP_021912651.1	SUPER_2	48.000	100	41	2	730	819	136778336	136778632	1.42e-25	88.2	932	387587997	74
XP_021912651.1	SUPER_2	48.936	47	24	0	821	867	136778748	136778888	1.42e-25	55.1	932	387587997	74
XP_021912651.1	SUPER_4	39.716	141	76	2	174	313	6784907	6785305	9.11e-20	102	932	345687076	15
XP_021912650.1	SUPER_7	33.871	372	199	5	395	763	7856988	7857971	8.85e-47	191	1153	301009787	58
XP_021912650.1	SUPER_7	47.150	193	82	3	762	954	7859304	7859822	5.51e-36	156	1153	301009787	58
XP_021912650.1	SUPER_7	42.735	117	64	3	950	1065	7861628	7861972	2.68e-15	88.6	1153	301009787	58
XP_021912650.1	SUPER_2	32.727	385	210	6	395	776	136774765	136775781	7.50e-45	185	1153	387587997	60
XP_021912650.1	SUPER_2	47.644	191	80	3	762	952	136777294	136777806	6.10e-36	156	1153	387587997	60
XP_021912650.1	SUPER_2	48.000	100	41	2	951	1040	136778336	136778632	3.22e-25	87.8	1153	387587997	60
XP_021912650.1	SUPER_2	48.936	47	24	0	1042	1088	136778748	136778888	3.22e-25	54.7	1153	387587997	60
XP_021912650.1	SUPER_4	39.716	141	76	2	395	534	6784907	6785305	8.40e-20	103	1153	345687076	12
AQL06529.1	SUPER_7	69.613	362	105	5	28	388	7856898	7857971	8.08e-153	498	735	301009787	96
AQL06529.1	SUPER_7	72.093	172	48	0	387	558	7859304	7859819	3.04e-62	233	735	301009787	96
AQL06529.1	SUPER_7	72.277	101	28	0	546	646	7861601	7861903	1.34e-33	146	735	301009787	96
AQL06529.1	SUPER_7	68.132	91	29	0	645	735	7862055	7862327	2.77e-29	132	735	301009787	96
AQL06529.1	SUPER_2	68.785	362	108	5	28	388	136774675	136775748	2.55e-152	497	735	387587997	96
AQL06529.1	SUPER_2	72.449	98	27	0	556	653	136778336	136778629	6.33e-67	146	735	387587997	96
AQL06529.1	SUPER_2	71.111	90	26	0	645	734	136778748	136779017	6.33e-67	135	735	387587997	96
AQL06529.1	SUPER_2	72.515	171	47	0	387	557	136777294	136777806	1.93e-61	231	735	387587997	96
AQL06529.1	SUPER_4	68.485	165	50	2	28	192	6784817	6785305	9.08e-64	238	735	345687076	34
AQL06529.1	SUPER_4	64.286	84	28	2	192	274	6785439	6785687	7.73e-22	108	735	345687076	34
AQL06529.1	SUPER_9	60.938	64	25	0	57	120	283812116	283811925	5.94e-14	83.2	735	300602362	9
AQL06528.1	SUPER_2	64.820	361	104	5	59	399	136774675	136775748	4.21e-142	464	657	387587997	91
AQL06528.1	SUPER_2	72.515	171	47	0	398	568	136777294	136777806	8.45e-62	230	657	387587997	91
AQL06528.1	SUPER_2	70.652	92	27	0	565	656	136778742	136779017	2.65e-31	137	657	387587997	91
AQL06528.1	SUPER_7	65.374	361	102	5	59	399	7856898	7857971	1.27e-141	463	657	301009787	91
AQL06528.1	SUPER_7	72.093	172	48	0	398	569	7859304	7859819	1.13e-62	233	657	301009787	91
AQL06528.1	SUPER_7	66.667	93	31	0	565	657	7862049	7862327	9.94e-30	133	657	301009787	91
AQL06528.1	SUPER_4	68.485	165	50	2	59	223	6784817	6785305	2.19e-64	238	657	345687076	38
AQL06528.1	SUPER_4	64.286	84	28	2	223	305	6785439	6785687	3.76e-22	108	657	345687076	38
AQL06528.1	SUPER_9	60.938	64	25	0	88	151	283812116	283811925	6.13e-14	82.8	657	300602362	10
AQL06527.1	SUPER_7	67.241	58	18	1	131	187	7851081	7851254	9.43e-15	72.8	227	301009787	72
AQL06527.1	SUPER_7	85.714	14	2	0	119	132	7850962	7851003	9.43e-15	30.8	227	301009787	72
AQL06527.1	SUPER_7	59.375	96	37	2	15	109	7850316	7850600	1.10e-07	58.2	227	301009787	72
AQL06527.1	SUPER_2	60.656	61	23	1	128	187	136769373	136769555	4.57e-14	70.5	227	387587997	72
AQL06527.1	SUPER_2	85.714	14	2	0	119	132	136769263	136769304	4.57e-14	30.8	227	387587997	72
AQL06527.1	SUPER_2	57.292	96	39	2	15	109	136768610	136768894	3.36e-07	56.6	227	387587997	72
AQL06527.1	SUPER_4	61.404	57	19	1	128	181	6773043	6773213	5.08e-13	68.6	227	345687076	28
AQL06527.1	SUPER_4	78.571	14	3	0	119	132	6772937	6772978	5.08e-13	29.3	227	345687076	28
AQL06526.1	SUPER_7	69.613	362	105	5	459	819	7856898	7857971	9.12e-150	505	1166	301009787	93
AQL06526.1	SUPER_7	72.093	172	48	0	818	989	7859304	7859819	3.75e-61	237	1166	301009787	93
AQL06526.1	SUPER_7	72.277	101	28	0	977	1077	7861601	7861903	5.19e-33	146	1166	301009787	93
AQL06526.1	SUPER_7	68.132	91	29	0	1076	1166	7862055	7862327	1.21e-29	135	1166	301009787	93
AQL06526.1	SUPER_7	68.421	57	17	1	137	192	7851084	7851254	2.05e-10	72.4	1166	301009787	93
AQL06526.1	SUPER_7	59.322	59	24	0	331	389	7854343	7854519	2.47e-09	68.9	1166	301009787	93
AQL06526.1	SUPER_7	58.763	97	38	2	15	110	7850316	7850603	4.39e-08	64.7	1166	301009787	93
AQL06526.1	SUPER_7	28.788	198	82	6	195	336	7852338	7852922	2.73e-05	55.5	1166	301009787	93
AQL06526.1	SUPER_7	54.717	53	20	1	374	422	7855187	7855345	2.89e-05	55.5	1166	301009787	93
AQL06526.1	SUPER_2	68.785	362	108	5	459	819	136774675	136775748	8.67e-149	502	1166	387587997	93
AQL06526.1	SUPER_2	72.449	98	27	0	987	1084	136778336	136778629	9.79e-68	147	1166	387587997	93
AQL06526.1	SUPER_2	71.111	90	26	0	1076	1165	136778748	136779017	9.79e-68	137	1166	387587997	93
AQL06526.1	SUPER_2	72.515	171	47	0	818	988	136777294	136777806	1.61e-60	235	1166	387587997	93
AQL06526.1	SUPER_2	64.912	57	19	1	137	192	136769385	136769555	6.07e-10	70.9	1166	387587997	93
AQL06526.1	SUPER_2	59.615	52	21	0	331	382	136772128	136772283	3.44e-07	62.0	1166	387587997	93
AQL06526.1	SUPER_2	48.571	105	36	3	15	110	136768610	136768897	7.28e-07	60.8	1166	387587997	93
AQL06526.1	SUPER_2	29.146	199	82	7	195	337	136770643	136771230	1.67e-06	59.7	1166	387587997	93
AQL06526.1	SUPER_2	44.048	84	39	4	341	424	136773167	136773394	7.93e-06	57.4	1166	387587997	93
AQL06526.1	SUPER_4	68.485	165	50	2	459	623	6784817	6785305	3.29e-62	241	1166	345687076	25
AQL06526.1	SUPER_4	64.286	84	28	2	623	705	6785439	6785687	2.01e-21	108	1166	345687076	25
AQL06526.1	SUPER_4	66.038	53	15	1	137	186	6773055	6773213	1.29e-08	66.6	1166	345687076	25
AQL06526.1	SUPER_9	60.938	64	25	0	488	551	283812116	283811925	1.32e-13	83.2	1166	300602362	5
AQL06525.1	SUPER_7	69.613	362	105	5	318	678	7856898	7857971	2.21e-149	499	1025	301009787	96
AQL06525.1	SUPER_7	72.093	172	48	0	677	848	7859304	7859819	1.63e-60	234	1025	301009787	96
AQL06525.1	SUPER_7	72.277	101	28	0	836	936	7861601	7861903	8.11e-33	145	1025	301009787	96
AQL06525.1	SUPER_7	68.132	91	29	0	935	1025	7862055	7862327	1.66e-29	134	1025	301009787	96
AQL06525.1	SUPER_7	59.322	59	24	0	190	248	7854343	7854519	4.28e-09	67.8	1025	301009787	96
AQL06525.1	SUPER_7	65.385	52	17	1	1	51	7851099	7851254	2.63e-07	62.0	1025	301009787	96
AQL06525.1	SUPER_7	29.798	198	80	7	54	195	7852338	7852922	3.30e-05	55.1	1025	301009787	96
AQL06525.1	SUPER_7	54.717	53	20	1	233	281	7855187	7855345	4.18e-05	54.7	1025	301009787	96
AQL06525.1	SUPER_2	68.785	362	108	5	318	678	136774675	136775748	8.66e-149	498	1025	387587997	96
AQL06525.1	SUPER_2	72.449	98	27	0	846	943	136778336	136778629	3.52e-67	145	1025	387587997	96
AQL06525.1	SUPER_2	71.111	90	26	0	935	1024	136778748	136779017	3.52e-67	137	1025	387587997	96
AQL06525.1	SUPER_2	72.515	171	47	0	677	847	136777294	136777806	6.40e-60	232	1025	387587997	96
AQL06525.1	SUPER_2	61.538	52	19	1	1	51	136769400	136769555	6.16e-07	60.8	1025	387587997	96
AQL06525.1	SUPER_2	59.615	52	21	0	190	241	136772128	136772283	6.21e-07	60.8	1025	387587997	96
AQL06525.1	SUPER_2	29.146	199	82	7	54	196	136770643	136771230	1.61e-06	59.3	1025	387587997	96
AQL06525.1	SUPER_2	44.304	79	38	3	205	283	136773176	136773394	1.63e-05	56.2	1025	387587997	96
AQL06525.1	SUPER_4	68.485	165	50	2	318	482	6784817	6785305	2.91e-62	239	1025	345687076	28
AQL06525.1	SUPER_4	64.286	84	28	2	482	564	6785439	6785687	2.47e-21	108	1025	345687076	28
AQL06525.1	SUPER_4	62.500	48	15	1	1	45	6773070	6773213	1.64e-05	56.2	1025	345687076	28
AQL06525.1	SUPER_9	60.938	64	25	0	347	410	283812116	283811925	1.11e-13	82.8	1025	300602362	6
AQL06524.1	SUPER_2	64.820	361	104	5	59	399	136774675	136775748	4.21e-142	464	657	387587997	91
AQL06524.1	SUPER_2	72.515	171	47	0	398	568	136777294	136777806	8.45e-62	230	657	387587997	91
AQL06524.1	SUPER_2	70.652	92	27	0	565	656	136778742	136779017	2.65e-31	137	657	387587997	91
AQL06524.1	SUPER_7	65.374	361	102	5	59	399	7856898	7857971	1.27e-141	463	657	301009787	91
AQL06524.1	SUPER_7	72.093	172	48	0	398	569	7859304	7859819	1.13e-62	233	657	301009787	91
AQL06524.1	SUPER_7	66.667	93	31	0	565	657	7862049	7862327	9.94e-30	133	657	301009787	91
AQL06524.1	SUPER_4	68.485	165	50	2	59	223	6784817	6785305	2.19e-64	238	657	345687076	38
AQL06524.1	SUPER_4	64.286	84	28	2	223	305	6785439	6785687	3.76e-22	108	657	345687076	38
AQL06524.1	SUPER_9	60.938	64	25	0	88	151	283812116	283811925	6.13e-14	82.8	657	300602362	10
AQL06523.1	SUPER_7	69.613	362	105	5	454	814	7856898	7857971	1.01e-149	505	1161	301009787	95
AQL06523.1	SUPER_7	72.093	172	48	0	813	984	7859304	7859819	3.85e-61	237	1161	301009787	95
AQL06523.1	SUPER_7	72.277	101	28	0	972	1072	7861601	7861903	4.27e-33	147	1161	301009787	95
AQL06523.1	SUPER_7	68.132	91	29	0	1071	1161	7862055	7862327	1.50e-29	135	1161	301009787	95
AQL06523.1	SUPER_7	67.241	58	18	1	131	187	7851081	7851254	2.40e-13	72.8	1161	301009787	95
AQL06523.1	SUPER_7	85.714	14	2	0	119	132	7850962	7851003	2.40e-13	29.3	1161	301009787	95
AQL06523.1	SUPER_7	59.322	59	24	0	326	384	7854343	7854519	2.40e-09	68.9	1161	301009787	95
AQL06523.1	SUPER_7	59.375	96	37	2	15	109	7850316	7850600	5.76e-08	64.3	1161	301009787	95
AQL06523.1	SUPER_7	54.717	53	20	1	369	417	7855187	7855345	2.71e-05	55.5	1161	301009787	95
AQL06523.1	SUPER_7	28.788	198	82	6	190	331	7852338	7852922	3.29e-05	55.5	1161	301009787	95
AQL06523.1	SUPER_2	68.785	362	108	5	454	814	136774675	136775748	1.15e-148	502	1161	387587997	95
AQL06523.1	SUPER_2	72.449	98	27	0	982	1079	136778336	136778629	1.18e-67	147	1161	387587997	95
AQL06523.1	SUPER_2	71.111	90	26	0	1071	1160	136778748	136779017	1.18e-67	137	1161	387587997	95
AQL06523.1	SUPER_2	72.515	171	47	0	813	983	136777294	136777806	1.66e-60	235	1161	387587997	95
AQL06523.1	SUPER_2	60.656	61	23	1	128	187	136769373	136769555	4.99e-13	72.0	1161	387587997	95
AQL06523.1	SUPER_2	85.714	14	2	0	119	132	136769263	136769304	4.99e-13	29.3	1161	387587997	95
AQL06523.1	SUPER_2	59.615	52	21	0	326	377	136772128	136772283	3.43e-07	62.0	1161	387587997	95
AQL06523.1	SUPER_2	49.038	104	35	3	15	109	136768610	136768894	8.71e-07	60.5	1161	387587997	95
AQL06523.1	SUPER_2	29.146	199	82	7	190	332	136770643	136771230	1.68e-06	59.7	1161	387587997	95
AQL06523.1	SUPER_2	44.048	84	39	4	336	419	136773167	136773394	7.25e-06	57.4	1161	387587997	95
AQL06523.1	SUPER_4	68.485	165	50	2	454	618	6784817	6785305	3.88e-62	240	1161	345687076	27
AQL06523.1	SUPER_4	64.286	84	28	2	618	700	6785439	6785687	1.99e-21	108	1161	345687076	27
AQL06523.1	SUPER_4	61.404	57	19	1	128	181	6773043	6773213	2.18e-11	67.8	1161	345687076	27
AQL06523.1	SUPER_4	78.571	14	3	0	119	132	6772937	6772978	2.18e-11	28.1	1161	345687076	27
AQL06523.1	SUPER_9	60.938	64	25	0	483	546	283812116	283811925	1.52e-13	82.8	1161	300602362	6
AQL06522.1	SUPER_7	69.613	362	105	5	481	841	7856898	7857971	1.60e-149	505	1188	301009787	96
AQL06522.1	SUPER_7	72.093	172	48	0	840	1011	7859304	7859819	3.21e-61	238	1188	301009787	96
AQL06522.1	SUPER_7	72.277	101	28	0	999	1099	7861601	7861903	4.58e-33	147	1188	301009787	96
AQL06522.1	SUPER_7	68.132	91	29	0	1098	1188	7862055	7862327	1.51e-29	135	1188	301009787	96
AQL06522.1	SUPER_7	67.241	58	18	1	158	214	7851081	7851254	2.44e-16	72.8	1188	301009787	96
AQL06522.1	SUPER_7	27.907	129	49	4	72	159	7850626	7851003	2.44e-16	39.7	1188	301009787	96
AQL06522.1	SUPER_7	59.322	59	24	0	353	411	7854343	7854519	2.39e-09	68.9	1188	301009787	96
AQL06522.1	SUPER_7	58.763	97	38	2	15	110	7850316	7850603	4.46e-08	64.7	1188	301009787	96
AQL06522.1	SUPER_7	28.788	198	82	6	217	358	7852338	7852922	2.82e-05	55.5	1188	301009787	96
AQL06522.1	SUPER_7	54.717	53	20	1	396	444	7855187	7855345	2.96e-05	55.5	1188	301009787	96
AQL06522.1	SUPER_2	68.785	362	108	5	481	841	136774675	136775748	1.49e-148	502	1188	387587997	93
AQL06522.1	SUPER_2	72.449	98	27	0	1009	1106	136778336	136778629	1.11e-67	147	1188	387587997	93
AQL06522.1	SUPER_2	71.111	90	26	0	1098	1187	136778748	136779017	1.11e-67	137	1188	387587997	93
AQL06522.1	SUPER_2	72.515	171	47	0	840	1010	136777294	136777806	1.62e-60	236	1188	387587997	93
AQL06522.1	SUPER_2	60.656	61	23	1	155	214	136769373	136769555	4.79e-13	72.0	1188	387587997	93
AQL06522.1	SUPER_2	85.714	14	2	0	146	159	136769263	136769304	4.79e-13	29.3	1188	387587997	93
AQL06522.1	SUPER_2	59.615	52	21	0	353	404	136772128	136772283	3.41e-07	62.0	1188	387587997	93
AQL06522.1	SUPER_2	48.571	105	36	3	15	110	136768610	136768897	7.15e-07	60.8	1188	387587997	93
AQL06522.1	SUPER_2	29.146	199	82	7	217	359	136770643	136771230	1.66e-06	59.7	1188	387587997	93
AQL06522.1	SUPER_2	44.048	84	39	4	363	446	136773167	136773394	8.12e-06	57.4	1188	387587997	93
AQL06522.1	SUPER_4	68.485	165	50	2	481	645	6784817	6785305	4.54e-62	240	1188	345687076	32
AQL06522.1	SUPER_4	64.286	84	28	2	645	727	6785439	6785687	1.65e-21	108	1188	345687076	32
AQL06522.1	SUPER_4	61.404	57	19	1	155	208	6773043	6773213	2.98e-13	67.4	1188	345687076	32
AQL06522.1	SUPER_4	26.119	134	49	5	72	159	6772589	6772978	2.98e-13	34.3	1188	345687076	32
AQL06522.1	SUPER_9	60.938	64	25	0	510	573	283812116	283811925	1.43e-13	82.8	1188	300602362	5
AQL06521.1	SUPER_2	64.820	361	104	5	59	399	136774675	136775748	4.21e-142	464	657	387587997	91
AQL06521.1	SUPER_2	72.515	171	47	0	398	568	136777294	136777806	8.45e-62	230	657	387587997	91
AQL06521.1	SUPER_2	70.652	92	27	0	565	656	136778742	136779017	2.65e-31	137	657	387587997	91
AQL06521.1	SUPER_7	65.374	361	102	5	59	399	7856898	7857971	1.27e-141	463	657	301009787	91
AQL06521.1	SUPER_7	72.093	172	48	0	398	569	7859304	7859819	1.13e-62	233	657	301009787	91
AQL06521.1	SUPER_7	66.667	93	31	0	565	657	7862049	7862327	9.94e-30	133	657	301009787	91
AQL06521.1	SUPER_4	68.485	165	50	2	59	223	6784817	6785305	2.19e-64	238	657	345687076	38
AQL06521.1	SUPER_4	64.286	84	28	2	223	305	6785439	6785687	3.76e-22	108	657	345687076	38
AQL06521.1	SUPER_9	60.938	64	25	0	88	151	283812116	283811925	6.13e-14	82.8	657	300602362	10
AQL06520.1	SUPER_7	69.613	362	105	5	476	836	7856898	7857971	1.42e-149	505	1183	301009787	93
AQL06520.1	SUPER_7	72.093	172	48	0	835	1006	7859304	7859819	2.92e-61	238	1183	301009787	93
AQL06520.1	SUPER_7	72.277	101	28	0	994	1094	7861601	7861903	4.31e-33	147	1183	301009787	93
AQL06520.1	SUPER_7	68.132	91	29	0	1093	1183	7862055	7862327	1.55e-29	135	1183	301009787	93
AQL06520.1	SUPER_7	67.241	58	18	1	158	214	7851081	7851254	2.68e-16	72.8	1183	301009787	93
AQL06520.1	SUPER_7	27.907	129	49	4	72	159	7850626	7851003	2.68e-16	39.7	1183	301009787	93
AQL06520.1	SUPER_7	59.322	59	24	0	348	406	7854343	7854519	2.20e-09	69.3	1183	301009787	93
AQL06520.1	SUPER_7	58.763	97	38	2	15	110	7850316	7850603	4.36e-08	64.7	1183	301009787	93
AQL06520.1	SUPER_7	54.717	53	20	1	391	439	7855187	7855345	2.78e-05	55.5	1183	301009787	93
AQL06520.1	SUPER_7	34.058	138	56	4	248	353	7852518	7852922	4.92e-05	54.7	1183	301009787	93
AQL06520.1	SUPER_2	68.785	362	108	5	476	836	136774675	136775748	1.34e-148	502	1183	387587997	93
AQL06520.1	SUPER_2	72.449	98	27	0	1004	1101	136778336	136778629	8.87e-68	147	1183	387587997	93
AQL06520.1	SUPER_2	71.111	90	26	0	1093	1182	136778748	136779017	8.87e-68	137	1183	387587997	93
AQL06520.1	SUPER_2	72.515	171	47	0	835	1005	136777294	136777806	1.41e-60	236	1183	387587997	93
AQL06520.1	SUPER_2	60.656	61	23	1	155	214	136769373	136769555	5.17e-13	72.0	1183	387587997	93
AQL06520.1	SUPER_2	85.714	14	2	0	146	159	136769263	136769304	5.17e-13	29.3	1183	387587997	93
AQL06520.1	SUPER_2	59.615	52	21	0	348	399	136772128	136772283	3.12e-07	62.0	1183	387587997	93
AQL06520.1	SUPER_2	48.571	105	36	3	15	110	136768610	136768897	7.05e-07	60.8	1183	387587997	93
AQL06520.1	SUPER_2	29.319	191	98	5	198	354	136770667	136771230	3.82e-06	58.5	1183	387587997	93
AQL06520.1	SUPER_2	44.048	84	39	4	358	441	136773167	136773394	6.65e-06	57.8	1183	387587997	93
AQL06520.1	SUPER_4	68.485	165	50	2	476	640	6784817	6785305	3.75e-62	241	1183	345687076	32
AQL06520.1	SUPER_4	64.286	84	28	2	640	722	6785439	6785687	1.94e-21	108	1183	345687076	32
AQL06520.1	SUPER_4	61.404	57	19	1	155	208	6773043	6773213	3.11e-13	67.8	1183	345687076	32
AQL06520.1	SUPER_4	26.119	134	49	5	72	159	6772589	6772978	3.11e-13	34.3	1183	345687076	32
AQL06520.1	SUPER_9	60.938	64	25	0	505	568	283812116	283811925	1.42e-13	82.8	1183	300602362	5
AQL06519.1	SUPER_7	69.613	362	105	5	28	388	7856898	7857971	8.08e-153	498	735	301009787	96
AQL06519.1	SUPER_7	72.093	172	48	0	387	558	7859304	7859819	3.04e-62	233	735	301009787	96
AQL06519.1	SUPER_7	72.277	101	28	0	546	646	7861601	7861903	1.34e-33	146	735	301009787	96
AQL06519.1	SUPER_7	68.132	91	29	0	645	735	7862055	7862327	2.77e-29	132	735	301009787	96
AQL06519.1	SUPER_2	68.785	362	108	5	28	388	136774675	136775748	2.55e-152	497	735	387587997	96
AQL06519.1	SUPER_2	72.449	98	27	0	556	653	136778336	136778629	6.33e-67	146	735	387587997	96
AQL06519.1	SUPER_2	71.111	90	26	0	645	734	136778748	136779017	6.33e-67	135	735	387587997	96
AQL06519.1	SUPER_2	72.515	171	47	0	387	557	136777294	136777806	1.93e-61	231	735	387587997	96
AQL06519.1	SUPER_4	68.485	165	50	2	28	192	6784817	6785305	9.08e-64	238	735	345687076	34
AQL06519.1	SUPER_4	64.286	84	28	2	192	274	6785439	6785687	7.73e-22	108	735	345687076	34
AQL06519.1	SUPER_9	60.938	64	25	0	57	120	283812116	283811925	5.94e-14	83.2	735	300602362	9
AQL06518.1	SUPER_2	64.820	361	104	5	59	399	136774675	136775748	4.21e-142	464	657	387587997	91
AQL06518.1	SUPER_2	72.515	171	47	0	398	568	136777294	136777806	8.45e-62	230	657	387587997	91
AQL06518.1	SUPER_2	70.652	92	27	0	565	656	136778742	136779017	2.65e-31	137	657	387587997	91
AQL06518.1	SUPER_7	65.374	361	102	5	59	399	7856898	7857971	1.27e-141	463	657	301009787	91
AQL06518.1	SUPER_7	72.093	172	48	0	398	569	7859304	7859819	1.13e-62	233	657	301009787	91
AQL06518.1	SUPER_7	66.667	93	31	0	565	657	7862049	7862327	9.94e-30	133	657	301009787	91
AQL06518.1	SUPER_4	68.485	165	50	2	59	223	6784817	6785305	2.19e-64	238	657	345687076	38
AQL06518.1	SUPER_4	64.286	84	28	2	223	305	6785439	6785687	3.76e-22	108	657	345687076	38
AQL06518.1	SUPER_9	60.938	64	25	0	88	151	283812116	283811925	6.13e-14	82.8	657	300602362	10
AAX21526.1	SUPER_7	72.093	172	48	0	12	183	7859304	7859819	1.08e-66	233	334	301009787	97
AAX21526.1	SUPER_7	72.277	101	28	0	171	271	7861601	7861903	5.57e-36	144	334	301009787	97
AAX21526.1	SUPER_7	67.692	65	21	0	270	334	7862055	7862249	9.31e-18	90.9	334	301009787	97
AAX21526.1	SUPER_2	72.515	171	47	0	12	182	136777294	136777806	2.79e-66	232	334	387587997	97
AAX21526.1	SUPER_2	72.449	98	27	0	181	278	136778336	136778629	1.99e-52	145	334	387587997	97
AAX21526.1	SUPER_2	66.154	65	22	0	270	334	136778748	136778942	1.99e-52	86.3	334	387587997	97
AAX21525.1	SUPER_7	68.421	57	17	1	68	123	7851084	7851254	4.85e-12	72.8	288	301009787	56
AAX21525.1	SUPER_7	34.058	138	56	4	162	267	7852518	7852922	9.81e-05	50.4	288	301009787	56
AAX21525.1	SUPER_2	64.912	57	19	1	68	123	136769385	136769555	6.45e-11	69.3	288	387587997	69
AAX21525.1	SUPER_2	29.146	199	82	7	126	268	136770643	136771230	1.21e-05	53.1	288	387587997	69
AAX21525.1	SUPER_4	66.038	53	15	1	68	117	6773055	6773213	2.34e-10	67.8	288	345687076	17
AAX21524.1	SUPER_7	68.421	57	17	1	68	123	7851084	7851254	4.85e-12	72.8	288	301009787	56
AAX21524.1	SUPER_7	34.058	138	56	4	162	267	7852518	7852922	9.81e-05	50.4	288	301009787	56
AAX21524.1	SUPER_2	64.912	57	19	1	68	123	136769385	136769555	6.45e-11	69.3	288	387587997	69
AAX21524.1	SUPER_2	29.146	199	82	7	126	268	136770643	136771230	1.21e-05	53.1	288	387587997	69
AAX21524.1	SUPER_4	66.038	53	15	1	68	117	6773055	6773213	2.34e-10	67.8	288	345687076	17
AAX21523.1	SUPER_7	68.421	57	17	1	68	123	7851084	7851254	5.77e-12	72.4	288	301009787	56
AAX21523.1	SUPER_7	34.783	138	55	4	162	267	7852518	7852922	1.70e-05	52.8	288	301009787	56
AAX21523.1	SUPER_2	63.158	57	20	1	68	123	136769385	136769555	2.59e-09	64.3	288	387587997	69
AAX21523.1	SUPER_2	30.151	199	80	7	126	268	136770643	136771230	9.66e-06	53.5	288	387587997	69
AAX21523.1	SUPER_4	64.151	53	16	1	68	117	6773055	6773213	7.61e-09	63.2	288	345687076	17
AAX21522.1	SUPER_7	68.421	57	17	1	68	123	7851084	7851254	4.85e-12	72.8	288	301009787	56
AAX21522.1	SUPER_7	34.058	138	56	4	162	267	7852518	7852922	9.81e-05	50.4	288	301009787	56
AAX21522.1	SUPER_2	64.912	57	19	1	68	123	136769385	136769555	6.45e-11	69.3	288	387587997	69
AAX21522.1	SUPER_2	29.146	199	82	7	126	268	136770643	136771230	1.21e-05	53.1	288	387587997	69
AAX21522.1	SUPER_4	66.038	53	15	1	68	117	6773055	6773213	2.34e-10	67.8	288	345687076	17
AAX21521.1	SUPER_7	68.421	57	17	1	68	123	7851084	7851254	4.85e-12	72.8	288	301009787	56
AAX21521.1	SUPER_7	34.058	138	56	4	162	267	7852518	7852922	9.81e-05	50.4	288	301009787	56
AAX21521.1	SUPER_2	64.912	57	19	1	68	123	136769385	136769555	6.45e-11	69.3	288	387587997	69
AAX21521.1	SUPER_2	29.146	199	82	7	126	268	136770643	136771230	1.21e-05	53.1	288	387587997	69
AAX21521.1	SUPER_4	66.038	53	15	1	68	117	6773055	6773213	2.34e-10	67.8	288	345687076	17
AAS91212.1	SUPER_7	69.337	362	106	5	164	524	7856898	7857971	1.06e-150	498	871	301009787	90
AAS91212.1	SUPER_7	74.359	156	40	0	539	694	7859352	7859819	2.31e-64	243	871	301009787	90
AAS91212.1	SUPER_7	72.277	101	28	0	682	782	7861601	7861903	4.77e-33	145	871	301009787	90
AAS91212.1	SUPER_7	68.132	91	29	0	781	871	7862055	7862327	1.49e-29	134	871	301009787	90
AAS91212.1	SUPER_7	59.322	59	24	0	36	94	7854343	7854519	4.15e-09	67.8	871	301009787	90
AAS91212.1	SUPER_7	54.717	53	20	1	79	127	7855187	7855345	4.25e-05	54.3	871	301009787	90
AAS91212.1	SUPER_2	68.508	362	109	5	164	524	136774675	136775748	4.43e-150	496	871	387587997	90
AAS91212.1	SUPER_2	72.449	98	27	0	692	789	136778336	136778629	4.41e-67	145	871	387587997	90
AAS91212.1	SUPER_2	71.111	90	26	0	781	870	136778748	136779017	4.41e-67	136	871	387587997	90
AAS91212.1	SUPER_2	75.484	155	38	0	539	693	136777342	136777806	2.13e-64	243	871	387587997	90
AAS91212.1	SUPER_2	59.615	52	21	0	36	87	136772128	136772283	5.23e-07	60.8	871	387587997	90
AAS91212.1	SUPER_2	44.304	79	38	3	51	129	136773176	136773394	1.84e-05	55.5	871	387587997	90
AAS91212.1	SUPER_4	68.485	165	50	2	164	328	6784817	6785305	3.84e-63	239	871	345687076	28
AAS91212.1	SUPER_4	64.286	84	28	2	328	410	6785439	6785687	8.88e-22	108	871	345687076	28
AAS91212.1	SUPER_9	60.938	64	25	0	193	256	283812116	283811925	5.97e-14	83.6	871	300602362	7
OAO93725.1	SUPER_7	34.421	337	190	10	431	753	7856937	7857896	4.07e-38	163	1123	301009787	61
OAO93725.1	SUPER_7	39.362	188	105	3	758	945	7859286	7859822	1.75e-34	151	1123	301009787	61
OAO93725.1	SUPER_7	45.161	93	49	2	942	1034	7861631	7861903	9.05e-13	80.1	1123	301009787	61
OAO93725.1	SUPER_7	48.352	91	47	0	1033	1123	7862055	7862327	2.61e-10	72.0	1123	301009787	61
OAO93725.1	SUPER_2	31.854	383	232	11	402	769	136774654	136775760	3.94e-37	160	1123	387587997	64
OAO93725.1	SUPER_2	38.830	188	106	3	758	945	136777276	136777812	1.07e-33	149	1123	387587997	64
OAO93725.1	SUPER_2	44.000	100	54	2	942	1041	136778336	136778629	2.60e-27	83.6	1123	387587997	64
OAO93725.1	SUPER_2	46.067	89	48	0	1033	1121	136778748	136779014	2.60e-27	66.2	1123	387587997	64
OAO93725.1	SUPER_4	34.286	140	86	2	440	573	6784886	6785305	8.11e-11	73.9	1123	345687076	12
AJN91133.1	SUPER_2	36.634	202	97	4	317	518	136777294	136777806	2.80e-27	125	676	387587997	81
AJN91133.1	SUPER_2	23.887	247	129	4	25	271	136775050	136775613	2.11e-15	87.4	676	387587997	81
AJN91133.1	SUPER_2	47.000	100	51	2	517	616	136778336	136778629	2.25e-13	80.9	676	387587997	81
AJN91133.1	SUPER_7	35.468	203	100	4	317	519	7859304	7859819	1.23e-26	123	676	301009787	79
AJN91133.1	SUPER_7	24.904	261	136	5	27	287	7857279	7857881	9.29e-19	98.2	676	301009787	79
AJN91133.1	SUPER_7	57.353	68	28	1	542	609	7861703	7861903	3.64e-12	77.0	676	301009787	79
ACH81295.1	SUPER_7	28.409	352	182	7	394	726	7856979	7857881	6.98e-33	146	1122	301009787	52
ACH81295.1	SUPER_7	42.857	168	93	2	745	911	7859319	7859816	9.76e-27	125	1122	301009787	52
ACH81295.1	SUPER_7	52.381	84	39	1	919	1002	7861655	7861903	9.97e-18	96.7	1122	301009787	52
ACH81295.1	SUPER_2	28.152	341	178	7	394	718	136774756	136775625	3.35e-31	140	1122	387587997	53
ACH81295.1	SUPER_2	44.048	168	91	2	745	911	136777309	136777806	6.15e-28	130	1122	387587997	53
ACH81295.1	SUPER_2	49.000	100	49	2	910	1009	136778336	136778629	7.12e-18	97.1	1122	387587997	53
ACH81295.1	SUPER_4	34.559	136	76	2	394	516	6784898	6785305	1.11e-15	89.7	1122	345687076	11
ACG63772.1	SUPER_7	33.871	372	199	5	467	835	7856988	7857971	3.25e-47	193	1204	301009787	61
ACG63772.1	SUPER_7	47.150	193	82	3	834	1026	7859304	7859822	2.17e-36	157	1204	301009787	61
ACG63772.1	SUPER_7	42.735	117	64	3	1022	1137	7861628	7861972	4.86e-15	87.8	1204	301009787	61
ACG63772.1	SUPER_7	49.451	91	46	0	1114	1204	7862055	7862327	1.48e-10	73.2	1204	301009787	61
ACG63772.1	SUPER_2	32.727	385	210	6	467	848	136774765	136775781	3.20e-45	186	1204	387587997	61
ACG63772.1	SUPER_2	47.644	191	80	3	834	1024	136777294	136777806	3.65e-36	157	1204	387587997	61
ACG63772.1	SUPER_2	44.340	106	57	2	1023	1128	136778336	136778647	7.66e-15	87.0	1204	387587997	61
ACG63772.1	SUPER_2	46.667	90	48	0	1114	1203	136778748	136779017	1.84e-09	69.3	1204	387587997	61
ACG63772.1	SUPER_4	39.716	141	76	2	467	606	6784907	6785305	8.94e-20	103	1204	345687076	12
ACH81294.1	SUPER_7	34.758	351	192	7	381	726	7856904	7857860	1.38e-51	206	1128	301009787	63
ACH81294.1	SUPER_7	45.789	190	83	3	764	950	7859304	7859822	8.15e-34	149	1128	301009787	63
ACH81294.1	SUPER_7	49.462	93	45	2	947	1039	7861631	7861903	9.57e-15	86.7	1128	301009787	63
ACH81294.1	SUPER_7	47.253	91	48	0	1038	1128	7862055	7862327	4.16e-09	68.2	1128	301009787	63
ACH81294.1	SUPER_2	33.903	351	195	7	381	726	136774681	136775637	8.60e-49	197	1128	387587997	63
ACH81294.1	SUPER_2	46.809	188	80	3	764	948	136777294	136777806	4.39e-34	150	1128	387587997	63
ACH81294.1	SUPER_2	43.333	120	65	3	947	1065	136778336	136778689	1.23e-16	92.8	1128	387587997	63
ACH81294.1	SUPER_2	45.556	90	49	0	1038	1127	136778748	136779017	1.78e-08	66.2	1128	387587997	63
ACH81294.1	SUPER_4	34.615	156	86	2	410	562	6784877	6785305	8.09e-19	100	1128	345687076	14
AFJ00034.1	SUPER_7	34.884	258	134	5	2	259	7857300	7857971	1.64e-32	135	381	301009787	83
AFJ00034.1	SUPER_7	55.932	59	26	0	266	324	7859325	7859501	2.60e-11	72.0	381	301009787	83
AFJ00034.1	SUPER_2	33.333	258	138	5	2	259	136775077	136775748	1.12e-29	127	381	387587997	83
AFJ00034.1	SUPER_2	54.237	59	27	0	266	324	136777315	136777491	8.71e-11	70.5	381	387587997	83
AFJ00032.1	SUPER_7	37.186	199	102	2	327	504	7856982	7857572	7.19e-28	125	511	301009787	35
AFJ00032.1	SUPER_2	38.693	199	99	3	327	504	136774759	136775349	5.01e-27	122	511	387587997	35
AFJ00032.1	SUPER_4	40.000	135	60	2	327	440	6784901	6785305	2.98e-16	89.0	511	345687076	22
AFG16841.1	SUPER_7	49.057	53	27	0	262	314	7856982	7857140	2.20e-06	55.8	315	301009787	17
AFG16841.1	SUPER_2	50.943	53	26	0	262	314	136774759	136774917	2.32e-06	55.8	315	387587997	17
AFG16841.1	SUPER_4	50.943	53	26	0	262	314	6784901	6785059	3.69e-06	55.1	315	345687076	17
AFG16840.1	SUPER_7	32.407	324	164	6	2	304	7857102	7857971	4.79e-34	146	673	301009787	96
AFG16840.1	SUPER_7	48.454	194	81	4	311	504	7859325	7859849	1.31e-33	145	673	301009787	96
AFG16840.1	SUPER_7	68.116	69	21	1	492	560	7861631	7861834	1.81e-19	100	673	301009787	96
AFG16840.1	SUPER_7	43.956	91	51	0	583	673	7862055	7862327	6.57e-13	79.3	673	301009787	96
AFG16840.1	SUPER_2	47.475	198	85	4	311	508	136777315	136777851	1.19e-32	142	673	387587997	96
AFG16840.1	SUPER_2	32.407	324	164	7	2	304	136774879	136775748	5.67e-32	140	673	387587997	96
AFG16840.1	SUPER_2	68.116	69	21	1	492	560	136778336	136778539	2.02e-19	100	673	387587997	96
AFG16840.1	SUPER_2	42.222	90	52	0	583	672	136778748	136779017	6.10e-11	73.2	673	387587997	96
AFG16840.1	SUPER_4	35.789	95	40	2	2	75	6785021	6785305	1.08e-05	55.8	673	345687076	11
AFG16839.1	SUPER_7	48.315	178	73	3	1	178	7859373	7859849	1.81e-31	131	347	301009787	94
AFG16839.1	SUPER_7	68.116	69	21	1	166	234	7861631	7861834	3.30e-20	98.6	347	301009787	94
AFG16839.1	SUPER_7	43.956	91	51	0	257	347	7862055	7862327	3.15e-15	83.6	347	301009787	94
AFG16839.1	SUPER_2	47.802	182	76	3	1	182	136777363	136777851	3.82e-31	130	347	387587997	93
AFG16839.1	SUPER_2	68.116	69	21	1	166	234	136778336	136778539	2.43e-20	99.0	347	387587997	93
AFG16839.1	SUPER_2	42.222	90	52	0	257	346	136778748	136779017	5.68e-13	76.6	347	387587997	93
AEB33870.1	SUPER_7	32.716	324	163	6	2	304	7857102	7857971	6.85e-35	149	673	301009787	96
AEB33870.1	SUPER_7	47.423	194	83	3	311	504	7859325	7859849	2.20e-33	144	673	301009787	96
AEB33870.1	SUPER_7	68.116	69	21	1	492	560	7861631	7861834	1.20e-19	101	673	301009787	96
AEB33870.1	SUPER_7	43.956	91	51	0	583	673	7862055	7862327	9.98e-14	82.0	673	301009787	96
AEB33870.1	SUPER_2	46.465	198	87	3	311	508	136777315	136777851	1.84e-32	141	673	387587997	96
AEB33870.1	SUPER_2	31.790	324	166	6	2	304	136774879	136775748	2.44e-32	141	673	387587997	96
AEB33870.1	SUPER_2	68.116	69	21	1	492	560	136778336	136778539	1.79e-19	100	673	387587997	96
AEB33870.1	SUPER_2	42.222	90	52	0	583	672	136778748	136779017	1.47e-11	75.1	673	387587997	96
AEB33870.1	SUPER_4	33.684	95	42	1	2	75	6785021	6785305	2.14e-05	55.1	673	345687076	11
AEB33869.1	SUPER_7	37.688	199	101	2	353	530	7856982	7857572	1.02e-28	128	537	301009787	33
AEB33869.1	SUPER_2	37.688	199	101	2	353	530	136774759	136775349	2.00e-27	124	537	387587997	33
AEB33869.1	SUPER_4	38.519	135	62	1	353	466	6784901	6785305	2.96e-16	89.4	537	345687076	21
AEA72244.1	SUPER_7	34.462	325	160	4	329	632	7856982	7857860	6.75e-45	180	668	301009787	46
AEA72244.1	SUPER_2	34.769	325	159	5	329	632	136774759	136775637	3.33e-42	171	668	387587997	46
AEA72244.1	SUPER_4	40.000	135	60	2	329	442	6784901	6785305	3.09e-16	90.1	668	345687076	17
AEA72243.1	SUPER_7	32.407	324	164	6	2	304	7857102	7857971	7.84e-37	146	321	301009787	94
AEA72243.1	SUPER_2	31.657	338	174	8	2	318	136774879	136775784	1.75e-34	139	321	387587997	99
AEA72243.1	SUPER_4	35.789	95	40	2	2	75	6785021	6785305	3.10e-06	55.5	321	345687076	23
AEA72242.1	SUPER_7	32.407	324	164	6	2	304	7857102	7857971	2.89e-34	145	559	301009787	96
AEA72242.1	SUPER_7	66.667	69	22	1	378	446	7861631	7861834	8.81e-19	97.4	559	301009787	96
AEA72242.1	SUPER_7	48.837	86	43	1	305	390	7859595	7859849	1.12e-15	87.8	559	301009787	96
AEA72242.1	SUPER_7	43.956	91	51	0	469	559	7862055	7862327	2.32e-13	80.1	559	301009787	96
AEA72242.1	SUPER_2	32.326	331	169	7	2	311	136774879	136775769	1.78e-32	140	559	387587997	96
AEA72242.1	SUPER_2	66.667	69	22	1	378	446	136778336	136778539	1.25e-18	97.1	559	387587997	96
AEA72242.1	SUPER_2	46.667	90	47	1	305	394	136777585	136777851	1.91e-15	87.0	559	387587997	96
AEA72242.1	SUPER_2	42.222	90	52	0	469	558	136778748	136779017	2.56e-11	73.6	559	387587997	96
AEA72242.1	SUPER_4	35.789	95	40	2	2	75	6785021	6785305	9.85e-06	55.5	559	345687076	13
AEA72241.1	SUPER_7	32.407	324	164	6	2	304	7857102	7857971	1.65e-34	146	557	301009787	96
AEA72241.1	SUPER_7	68.116	69	21	1	376	444	7861631	7861834	6.11e-20	101	557	301009787	96
AEA72241.1	SUPER_7	48.837	86	43	1	303	388	7859595	7859849	1.16e-15	87.8	557	301009787	96
AEA72241.1	SUPER_7	43.956	91	51	0	467	557	7862055	7862327	4.50e-13	79.3	557	301009787	96
AEA72241.1	SUPER_2	32.407	324	164	7	2	304	136774879	136775748	2.96e-32	139	557	387587997	96
AEA72241.1	SUPER_2	68.116	69	21	1	376	444	136778336	136778539	9.06e-20	100	557	387587997	96
AEA72241.1	SUPER_2	46.667	90	47	1	303	392	136777585	136777851	2.12e-15	86.7	557	387587997	96
AEA72241.1	SUPER_2	42.222	90	52	0	467	556	136778748	136779017	4.11e-11	73.2	557	387587997	96
AEA72241.1	SUPER_4	35.789	95	40	2	2	75	6785021	6785305	9.79e-06	55.5	557	345687076	13
AEA72240.1	SUPER_7	32.407	324	164	6	2	304	7857102	7857971	4.01e-34	147	673	301009787	96
AEA72240.1	SUPER_7	47.423	194	83	4	311	504	7859325	7859849	5.28e-32	140	673	301009787	96
AEA72240.1	SUPER_7	66.667	69	22	1	492	560	7861631	7861834	9.26e-19	98.2	673	301009787	96
AEA72240.1	SUPER_7	43.956	91	51	0	583	673	7862055	7862327	3.10e-13	80.5	673	301009787	96
AEA72240.1	SUPER_2	32.407	324	164	7	2	304	136774879	136775748	5.67e-32	140	673	387587997	96
AEA72240.1	SUPER_2	46.465	198	87	4	311	508	136777315	136777851	4.88e-31	137	673	387587997	96
AEA72240.1	SUPER_2	66.667	69	22	1	492	560	136778336	136778539	1.05e-18	98.2	673	387587997	96
AEA72240.1	SUPER_2	42.222	90	52	0	583	672	136778748	136779017	2.79e-11	73.9	673	387587997	96
AEA72240.1	SUPER_4	35.789	95	40	2	2	75	6785021	6785305	1.27e-05	55.8	673	345687076	11
AEA72239.1	SUPER_7	32.099	324	165	6	2	304	7857102	7857971	1.09e-33	145	673	301009787	96
AEA72239.1	SUPER_7	47.423	194	83	3	311	504	7859325	7859849	2.26e-33	144	673	301009787	96
AEA72239.1	SUPER_7	66.667	69	22	1	492	560	7861631	7861834	4.82e-19	99.4	673	301009787	96
AEA72239.1	SUPER_7	43.956	91	51	0	583	673	7862055	7862327	9.09e-14	82.0	673	301009787	96
AEA72239.1	SUPER_2	46.465	198	87	3	311	508	136777315	136777851	2.06e-32	141	673	387587997	96
AEA72239.1	SUPER_2	31.173	324	168	6	2	304	136774879	136775748	3.39e-31	137	673	387587997	96
AEA72239.1	SUPER_2	66.667	69	22	1	492	560	136778336	136778539	6.97e-19	98.6	673	387587997	96
AEA72239.1	SUPER_2	42.222	90	52	0	583	672	136778748	136779017	1.41e-11	75.1	673	387587997	96
AEA72239.1	SUPER_4	33.684	95	42	1	2	75	6785021	6785305	1.08e-05	55.8	673	345687076	11
AEA72235.1	SUPER_7	32.716	324	163	6	2	304	7857102	7857971	4.08e-35	150	673	301009787	96
AEA72235.1	SUPER_7	46.907	194	84	3	311	504	7859325	7859849	5.54e-33	143	673	301009787	96
AEA72235.1	SUPER_7	68.116	69	21	1	492	560	7861631	7861834	1.20e-19	101	673	301009787	96
AEA72235.1	SUPER_7	43.956	91	51	0	583	673	7862055	7862327	4.59e-14	83.2	673	301009787	96
AEA72235.1	SUPER_2	31.790	324	166	6	2	304	136774879	136775748	1.42e-32	142	673	387587997	96
AEA72235.1	SUPER_2	45.960	198	88	3	311	508	136777315	136777851	4.79e-32	140	673	387587997	96
AEA72235.1	SUPER_2	68.116	69	21	1	492	560	136778336	136778539	1.82e-19	100	673	387587997	96
AEA72235.1	SUPER_2	42.222	90	52	0	583	672	136778748	136779017	6.78e-12	76.3	673	387587997	96
AEA72235.1	SUPER_4	33.684	95	42	1	2	75	6785021	6785305	1.16e-05	55.8	673	345687076	11
AAX21528.1	SUPER_7	69.613	362	105	5	481	841	7856898	7857971	1.60e-149	505	1188	301009787	96
AAX21528.1	SUPER_7	72.093	172	48	0	840	1011	7859304	7859819	3.21e-61	238	1188	301009787	96
AAX21528.1	SUPER_7	72.277	101	28	0	999	1099	7861601	7861903	4.58e-33	147	1188	301009787	96
AAX21528.1	SUPER_7	68.132	91	29	0	1098	1188	7862055	7862327	1.51e-29	135	1188	301009787	96
AAX21528.1	SUPER_7	67.241	58	18	1	158	214	7851081	7851254	2.44e-16	72.8	1188	301009787	96
AAX21528.1	SUPER_7	27.907	129	49	4	72	159	7850626	7851003	2.44e-16	39.7	1188	301009787	96
AAX21528.1	SUPER_7	59.322	59	24	0	353	411	7854343	7854519	2.39e-09	68.9	1188	301009787	96
AAX21528.1	SUPER_7	58.763	97	38	2	15	110	7850316	7850603	4.46e-08	64.7	1188	301009787	96
AAX21528.1	SUPER_7	28.788	198	82	6	217	358	7852338	7852922	2.82e-05	55.5	1188	301009787	96
AAX21528.1	SUPER_7	54.717	53	20	1	396	444	7855187	7855345	2.96e-05	55.5	1188	301009787	96
AAX21528.1	SUPER_2	68.785	362	108	5	481	841	136774675	136775748	1.49e-148	502	1188	387587997	93
AAX21528.1	SUPER_2	72.449	98	27	0	1009	1106	136778336	136778629	1.11e-67	147	1188	387587997	93
AAX21528.1	SUPER_2	71.111	90	26	0	1098	1187	136778748	136779017	1.11e-67	137	1188	387587997	93
AAX21528.1	SUPER_2	72.515	171	47	0	840	1010	136777294	136777806	1.62e-60	236	1188	387587997	93
AAX21528.1	SUPER_2	60.656	61	23	1	155	214	136769373	136769555	4.79e-13	72.0	1188	387587997	93
AAX21528.1	SUPER_2	85.714	14	2	0	146	159	136769263	136769304	4.79e-13	29.3	1188	387587997	93
AAX21528.1	SUPER_2	59.615	52	21	0	353	404	136772128	136772283	3.41e-07	62.0	1188	387587997	93
AAX21528.1	SUPER_2	48.571	105	36	3	15	110	136768610	136768897	7.15e-07	60.8	1188	387587997	93
AAX21528.1	SUPER_2	29.146	199	82	7	217	359	136770643	136771230	1.66e-06	59.7	1188	387587997	93
AAX21528.1	SUPER_2	44.048	84	39	4	363	446	136773167	136773394	8.12e-06	57.4	1188	387587997	93
AAX21528.1	SUPER_4	68.485	165	50	2	481	645	6784817	6785305	4.54e-62	240	1188	345687076	32
AAX21528.1	SUPER_4	64.286	84	28	2	645	727	6785439	6785687	1.65e-21	108	1188	345687076	32
AAX21528.1	SUPER_4	61.404	57	19	1	155	208	6773043	6773213	2.98e-13	67.4	1188	345687076	32
AAX21528.1	SUPER_4	26.119	134	49	5	72	159	6772589	6772978	2.98e-13	34.3	1188	345687076	32
AAX21528.1	SUPER_9	60.938	64	25	0	510	573	283812116	283811925	1.43e-13	82.8	1188	300602362	5
AAX21527.1	SUPER_7	69.613	362	105	5	481	841	7856898	7857971	1.91e-149	505	1188	301009787	96
AAX21527.1	SUPER_7	72.093	172	48	0	840	1011	7859304	7859819	7.95e-69	262	1188	301009787	96
AAX21527.1	SUPER_7	72.277	101	28	0	999	1099	7861601	7861903	5.03e-33	146	1188	301009787	96
AAX21527.1	SUPER_7	68.132	91	29	0	1098	1188	7862055	7862327	9.88e-30	135	1188	301009787	96
AAX21527.1	SUPER_7	67.241	58	18	1	158	214	7851081	7851254	2.30e-16	72.8	1188	301009787	96
AAX21527.1	SUPER_7	27.907	129	49	4	72	159	7850626	7851003	2.30e-16	39.7	1188	301009787	96
AAX21527.1	SUPER_7	59.322	59	24	0	353	411	7854343	7854519	2.53e-09	68.9	1188	301009787	96
AAX21527.1	SUPER_7	50.476	105	34	3	15	110	7850316	7850603	3.93e-08	65.1	1188	301009787	96
AAX21527.1	SUPER_7	28.788	198	82	6	217	358	7852338	7852922	2.63e-05	55.8	1188	301009787	96
AAX21527.1	SUPER_7	54.717	53	20	1	396	444	7855187	7855345	3.04e-05	55.5	1188	301009787	96
AAX21527.1	SUPER_2	68.785	362	108	5	481	841	136774675	136775748	1.75e-148	502	1188	387587997	93
AAX21527.1	SUPER_2	71.930	171	48	0	840	1010	136777294	136777806	3.82e-68	259	1188	387587997	93
AAX21527.1	SUPER_2	72.449	98	27	0	1009	1106	136778336	136778629	8.00e-68	147	1188	387587997	93
AAX21527.1	SUPER_2	71.111	90	26	0	1098	1187	136778748	136779017	8.00e-68	138	1188	387587997	93
AAX21527.1	SUPER_2	60.656	61	23	1	155	214	136769373	136769555	4.49e-13	72.0	1188	387587997	93
AAX21527.1	SUPER_2	85.714	14	2	0	146	159	136769263	136769304	4.49e-13	29.3	1188	387587997	93
AAX21527.1	SUPER_2	59.615	52	21	0	353	404	136772128	136772283	3.50e-07	62.0	1188	387587997	93
AAX21527.1	SUPER_2	48.571	105	36	3	15	110	136768610	136768897	7.09e-07	60.8	1188	387587997	93
AAX21527.1	SUPER_2	29.146	199	82	7	217	359	136770643	136771230	1.29e-06	60.1	1188	387587997	93
AAX21527.1	SUPER_2	44.048	84	39	4	363	446	136773167	136773394	8.53e-06	57.4	1188	387587997	93
AAX21527.1	SUPER_4	68.485	165	50	2	481	645	6784817	6785305	4.54e-62	240	1188	345687076	42
AAX21527.1	SUPER_4	64.286	84	28	2	645	727	6785439	6785687	1.44e-21	109	1188	345687076	42
AAX21527.1	SUPER_4	61.404	57	19	1	155	208	6773043	6773213	2.75e-13	67.8	1188	345687076	42
AAX21527.1	SUPER_4	26.119	134	49	5	72	159	6772589	6772978	2.75e-13	34.7	1188	345687076	42
AAX21527.1	SUPER_4	31.429	140	69	5	217	332	6775523	6775933	9.53e-05	53.9	1188	345687076	42
AAX21527.1	SUPER_9	60.938	64	25	0	510	573	283812116	283811925	1.43e-13	82.8	1188	300602362	5
AAM21641.1	SUPER_2	68.715	358	110	2	555	912	136774681	136775748	5.62e-151	511	1261	387587997	88
AAM21641.1	SUPER_2	74.854	171	43	0	911	1081	136777294	136777806	1.60e-65	252	1261	387587997	88
AAM21641.1	SUPER_2	71.111	90	26	0	1171	1260	136778748	136779017	2.75e-30	137	1261	387587997	88
AAM21641.1	SUPER_2	44.076	211	101	5	223	431	136770643	136771230	1.87e-29	135	1261	387587997	88
AAM21641.1	SUPER_2	69.231	104	29	2	11	114	136768595	136768897	1.63e-20	105	1261	387587997	88
AAM21641.1	SUPER_2	58.947	95	33	3	1080	1172	136778336	136778608	4.29e-20	104	1261	387587997	88
AAM21641.1	SUPER_2	59.016	61	25	0	162	222	136769382	136769564	6.50e-12	77.4	1261	387587997	88
AAM21641.1	SUPER_2	74.286	35	9	0	521	555	136773956	136774060	7.96e-06	57.4	1261	387587997	88
AAM21641.1	SUPER_7	68.715	358	110	2	555	912	7856904	7857971	9.73e-150	508	1261	301009787	92
AAM21641.1	SUPER_7	71.038	183	53	0	911	1093	7859304	7859852	2.43e-65	251	1261	301009787	92
AAM21641.1	SUPER_7	44.495	218	102	6	223	436	7852338	7852946	5.92e-31	140	1261	301009787	92
AAM21641.1	SUPER_7	69.231	91	28	0	1171	1261	7862055	7862327	6.39e-30	136	1261	301009787	92
AAM21641.1	SUPER_7	73.196	97	25	1	18	114	7850316	7850603	7.50e-23	113	1261	301009787	92
AAM21641.1	SUPER_7	59.048	105	37	3	1070	1172	7861601	7861903	1.17e-21	109	1261	301009787	92
AAM21641.1	SUPER_7	62.295	61	23	0	162	222	7851081	7851263	5.77e-13	80.9	1261	301009787	92
AAM21641.1	SUPER_7	70.270	37	11	0	519	555	7855918	7856028	1.42e-05	56.6	1261	301009787	92
AAM21641.1	SUPER_7	55.102	49	22	0	429	477	7854355	7854501	5.74e-05	54.7	1261	301009787	92
AAM21641.1	SUPER_4	67.901	162	51	1	555	716	6784823	6785305	1.63e-60	236	1261	345687076	42
AAM21641.1	SUPER_4	41.584	202	101	5	223	420	6775523	6776089	1.94e-25	122	1261	345687076	42
AAM21641.1	SUPER_4	63.095	84	31	0	716	799	6785439	6785690	4.64e-23	114	1261	345687076	42
AAM21641.1	SUPER_4	66.667	48	16	0	162	209	6773052	6773195	2.50e-09	68.9	1261	345687076	42
AAM21641.1	SUPER_4	74.286	35	9	0	521	555	6784103	6784207	9.27e-06	57.4	1261	345687076	42
AAM21641.1	SUPER_9	60.938	64	25	0	581	644	283812116	283811925	3.07e-15	84.7	1261	300602362	7
AAM21641.1	SUPER_9	40.909	22	13	0	552	573	283812192	283812127	3.07e-15	24.3	1261	300602362	7
AAD54777.1	SUPER_7	34.421	337	190	10	431	753	7856937	7857896	4.07e-38	163	1123	301009787	61
AAD54777.1	SUPER_7	39.362	188	105	3	758	945	7859286	7859822	1.75e-34	151	1123	301009787	61
AAD54777.1	SUPER_7	45.161	93	49	2	942	1034	7861631	7861903	9.05e-13	80.1	1123	301009787	61
AAD54777.1	SUPER_7	48.352	91	47	0	1033	1123	7862055	7862327	2.61e-10	72.0	1123	301009787	61
AAD54777.1	SUPER_2	31.854	383	232	11	402	769	136774654	136775760	3.94e-37	160	1123	387587997	64
AAD54777.1	SUPER_2	38.830	188	106	3	758	945	136777276	136777812	1.07e-33	149	1123	387587997	64
AAD54777.1	SUPER_2	44.000	100	54	2	942	1041	136778336	136778629	2.60e-27	83.6	1123	387587997	64
AAD54777.1	SUPER_2	46.067	89	48	0	1033	1121	136778748	136779014	2.60e-27	66.2	1123	387587997	64
AAD54777.1	SUPER_4	34.286	140	86	2	440	573	6784886	6785305	8.11e-11	73.9	1123	345687076	12
CAC01849.1	SUPER_7	34.421	337	190	10	431	753	7856937	7857896	4.07e-38	163	1123	301009787	61
CAC01849.1	SUPER_7	39.362	188	105	3	758	945	7859286	7859822	1.75e-34	151	1123	301009787	61
CAC01849.1	SUPER_7	45.161	93	49	2	942	1034	7861631	7861903	9.05e-13	80.1	1123	301009787	61
CAC01849.1	SUPER_7	48.352	91	47	0	1033	1123	7862055	7862327	2.61e-10	72.0	1123	301009787	61
CAC01849.1	SUPER_2	31.854	383	232	11	402	769	136774654	136775760	3.94e-37	160	1123	387587997	64
CAC01849.1	SUPER_2	38.830	188	106	3	758	945	136777276	136777812	1.07e-33	149	1123	387587997	64
CAC01849.1	SUPER_2	44.000	100	54	2	942	1041	136778336	136778629	2.60e-27	83.6	1123	387587997	64
CAC01849.1	SUPER_2	46.067	89	48	0	1033	1121	136778748	136779014	2.60e-27	66.2	1123	387587997	64
CAC01849.1	SUPER_4	34.286	140	86	2	440	573	6784886	6785305	8.11e-11	73.9	1123	345687076	12
TERT_Arceuthobium_sichuanense_exon9	SUPER_7	37.755	98	59	1	33	130	7857270	7857557	2.11e-12	68.6	130	301009787	75
TERT_Arceuthobium_sichuanense_exon9	SUPER_2	35.714	98	61	1	33	130	136775047	136775334	6.23e-12	67.4	130	387587997	75
TERT_Santalum_album_chr1locus	SUPER_7	34.211	380	193	7	26	399	7856985	7857971	4.13e-52	193	399	301009787	94
TERT_Santalum_album_chr1locus	SUPER_2	33.684	380	195	7	26	399	136774762	136775748	2.92e-50	188	399	387587997	94
TERT_Santalum_album_chr1locus	SUPER_4	39.161	143	78	2	26	168	6784904	6785305	2.42e-20	100	399	345687076	36
TERT_Santalum_album_chr1locus	SUPER_9	40.678	59	35	0	29	87	283812101	283811925	7.02e-06	55.1	399	300602362	15
