NP_001105870.1	SUPER_3	31.831	355	186	6	510	810	3286418	3285360	2.24e-41	171	1188	59372272	52
NP_001105870.1	SUPER_3	31.831	355	186	6	510	810	9598755	9599813	3.92e-41	170	1188	59372272	52
NP_001105870.1	SUPER_3	50.595	168	71	4	856	1011	9600186	9600689	4.47e-28	127	1188	59372272	52
NP_001105870.1	SUPER_3	61.111	72	27	1	1009	1079	9601331	9601546	1.36e-16	90.1	1188	59372272	52
NP_001105870.1	SUPER_3	47.826	138	61	3	856	982	3284987	3284574	8.46e-16	87.8	1188	59372272	52
NP_001105870.1	SUPER_3	40.860	93	55	0	1096	1188	9601740	9602018	8.44e-14	80.9	1188	59372272	52
NP_001105870.1	SUPER_3	35.385	130	74	2	548	667	2358938	2358549	8.14e-13	69.7	1188	59372272	52
NP_001105870.1	SUPER_3	59.091	22	9	0	515	536	2359027	2358962	8.14e-13	28.1	1188	59372272	52
NP_001105870.1	SUPER_15	31.667	360	185	7	509	810	22991450	22990380	5.93e-40	166	1188	31434786	53
NP_001105870.1	SUPER_15	51.786	168	69	4	856	1011	22990005	22989502	1.14e-29	133	1188	31434786	53
NP_001105870.1	SUPER_15	59.722	72	28	1	1009	1079	22988865	22988650	2.52e-16	89.4	1188	31434786	53
NP_001105870.1	SUPER_15	33.636	110	63	2	561	660	29218739	29219068	5.36e-15	59.7	1188	31434786	53
NP_001105870.1	SUPER_15	49.091	55	24	2	509	560	29218578	29218739	5.36e-15	45.8	1188	31434786	53
NP_001105870.1	SUPER_15	34.074	135	84	2	1057	1188	22988575	22988177	5.68e-14	81.6	1188	31434786	53
sp|Q8LKW0.2|TERT_ORYSJ	SUPER_15	29.917	361	192	7	579	881	22991453	22990380	8.65e-39	163	1259	31434786	51
sp|Q8LKW0.2|TERT_ORYSJ	SUPER_15	51.176	170	67	4	927	1082	22990005	22989502	2.08e-29	132	1259	31434786	51
sp|Q8LKW0.2|TERT_ORYSJ	SUPER_15	49.474	95	42	3	1080	1170	22988865	22988587	2.72e-15	86.3	1259	31434786	51
sp|Q8LKW0.2|TERT_ORYSJ	SUPER_15	36.296	135	81	2	1128	1259	22988575	22988177	5.16e-15	85.1	1259	31434786	51
sp|Q8LKW0.2|TERT_ORYSJ	SUPER_15	30.000	110	67	2	632	731	29218739	29219068	2.22e-12	56.6	1259	31434786	51
sp|Q8LKW0.2|TERT_ORYSJ	SUPER_15	43.636	55	27	2	579	630	29218575	29218736	2.22e-12	40.0	1259	31434786	51
sp|Q8LKW0.2|TERT_ORYSJ	SUPER_3	29.078	423	216	11	581	928	9598755	9599996	2.60e-38	161	1259	59372272	53
sp|Q8LKW0.2|TERT_ORYSJ	SUPER_3	29.078	423	216	11	581	928	3286418	3285177	3.55e-38	161	1259	59372272	53
sp|Q8LKW0.2|TERT_ORYSJ	SUPER_3	51.765	170	66	4	927	1082	9600186	9600689	8.49e-30	133	1259	59372272	53
sp|Q8LKW0.2|TERT_ORYSJ	SUPER_3	49.286	140	56	3	927	1053	3284987	3284574	2.83e-17	92.4	1259	59372272	53
sp|Q8LKW0.2|TERT_ORYSJ	SUPER_3	57.534	73	30	1	1080	1151	9601331	9601549	1.87e-15	86.7	1259	59372272	53
sp|Q8LKW0.2|TERT_ORYSJ	SUPER_3	44.086	93	52	0	1167	1259	9601740	9602018	5.03e-15	85.1	1259	59372272	53
sp|Q8LKW0.2|TERT_ORYSJ	SUPER_3	33.077	130	77	2	619	738	2358938	2358549	1.24e-11	68.6	1259	59372272	53
sp|Q8LKW0.2|TERT_ORYSJ	SUPER_3	36.364	33	21	0	575	607	2359060	2358962	1.24e-11	25.4	1259	59372272	53
sp|Q9SPU7.1|TERT_ARATH	SUPER_3	32.464	422	213	10	401	755	9598638	9599888	1.21e-48	194	1123	59372272	72
sp|Q9SPU7.1|TERT_ARATH	SUPER_3	32.464	422	213	10	401	755	3286535	3285285	1.24e-48	194	1123	59372272	72
sp|Q9SPU7.1|TERT_ARATH	SUPER_3	60.215	93	37	0	942	1034	9601331	9601609	4.70e-41	117	1123	59372272	72
sp|Q9SPU7.1|TERT_ARATH	SUPER_3	51.020	98	47	1	1027	1123	9601725	9602018	4.70e-41	75.5	1123	59372272	72
sp|Q9SPU7.1|TERT_ARATH	SUPER_3	44.382	178	96	2	771	945	9600159	9600692	2.44e-36	154	1123	59372272	72
sp|Q9SPU7.1|TERT_ARATH	SUPER_3	43.537	147	81	1	771	915	3285014	3284574	3.08e-27	125	1123	59372272	72
sp|Q9SPU7.1|TERT_ARATH	SUPER_3	35.461	141	72	5	478	600	2358950	2358531	9.52e-13	63.2	1123	59372272	72
sp|Q9SPU7.1|TERT_ARATH	SUPER_3	30.556	72	45	2	399	470	2359162	2358962	9.52e-13	34.3	1123	59372272	72
sp|Q9SPU7.1|TERT_ARATH	SUPER_3	49.462	93	47	0	9	101	9593030	9593308	3.08e-10	69.3	1123	59372272	72
sp|Q9SPU7.1|TERT_ARATH	SUPER_3	49.462	93	47	0	9	101	3292144	3291866	4.94e-10	68.6	1123	59372272	72
sp|Q9SPU7.1|TERT_ARATH	SUPER_15	34.383	381	182	9	442	755	22991444	22990305	1.43e-46	187	1123	31434786	72
sp|Q9SPU7.1|TERT_ARATH	SUPER_15	44.382	178	96	2	771	945	22990032	22989499	1.95e-35	151	1123	31434786	72
sp|Q9SPU7.1|TERT_ARATH	SUPER_15	60.215	93	37	0	942	1034	22988865	22988587	5.90e-25	117	1123	31434786	72
sp|Q9SPU7.1|TERT_ARATH	SUPER_15	37.500	104	49	3	501	588	29218757	29219068	9.06e-15	62.0	1123	31434786	72
sp|Q9SPU7.1|TERT_ARATH	SUPER_15	31.183	93	59	3	401	493	29218473	29218736	9.06e-15	42.7	1123	31434786	72
sp|Q9SPU7.1|TERT_ARATH	SUPER_15	41.045	134	77	2	991	1123	22988575	22988177	5.29e-12	75.1	1123	31434786	72
sp|Q9SPU7.1|TERT_ARATH	SUPER_15	47.664	107	54	1	1	105	22997819	22997499	2.51e-11	72.8	1123	31434786	72
XP_016496114.1	SUPER_3	42.054	409	189	4	483	845	9598656	9599876	9.28e-84	306	1228	59372272	66
XP_016496114.1	SUPER_3	41.809	409	190	4	483	845	3286517	3285297	3.53e-83	305	1228	59372272	66
XP_016496114.1	SUPER_3	51.323	189	83	3	864	1051	9600153	9600695	3.28e-38	161	1228	59372272	66
XP_016496114.1	SUPER_3	50.000	156	70	2	864	1019	3285020	3284577	7.57e-27	124	1228	59372272	66
XP_016496114.1	SUPER_3	37.419	155	65	2	544	667	2358965	2358504	9.31e-27	105	1228	59372272	66
XP_016496114.1	SUPER_3	46.809	47	25	0	496	542	2359102	2358962	9.31e-27	40.0	1228	59372272	66
XP_016496114.1	SUPER_3	65.591	93	32	0	1047	1139	9601331	9601609	9.51e-27	123	1228	59372272	66
XP_016496114.1	SUPER_3	51.613	93	45	0	1136	1228	9601740	9602018	1.87e-16	89.7	1228	59372272	66
XP_016496114.1	SUPER_3	52.222	90	37	3	8	93	3292144	3291881	5.24e-15	85.1	1228	59372272	66
XP_016496114.1	SUPER_3	53.333	90	36	3	8	93	9593030	9593293	6.20e-15	84.7	1228	59372272	66
XP_016496114.1	SUPER_15	43.000	400	180	4	492	845	22991510	22990317	3.72e-82	301	1228	31434786	66
XP_016496114.1	SUPER_15	51.042	192	79	4	864	1051	22990038	22989496	7.79e-38	160	1228	31434786	66
XP_016496114.1	SUPER_15	67.742	93	30	0	1047	1139	22988865	22988587	3.05e-28	128	1228	31434786	66
XP_016496114.1	SUPER_15	39.091	110	36	1	566	644	29218736	29219065	3.12e-28	82.4	1228	31434786	66
XP_016496114.1	SUPER_15	50.000	70	34	1	496	565	29218530	29218736	3.12e-28	67.8	1228	31434786	66
XP_016496114.1	SUPER_15	52.688	93	44	0	1136	1228	22988455	22988177	7.84e-18	94.4	1228	31434786	66
XP_016496114.1	SUPER_15	52.128	94	39	3	4	93	22997801	22997526	3.19e-15	85.9	1228	31434786	66
XP_070031847.1	SUPER_3	41.076	409	193	4	435	797	9598656	9599876	7.44e-81	296	1180	59372272	74
XP_070031847.1	SUPER_3	40.831	409	194	4	435	797	3286517	3285297	2.99e-80	295	1180	59372272	74
XP_070031847.1	SUPER_3	52.381	189	81	3	816	1003	9600153	9600695	8.64e-39	162	1180	59372272	74
XP_070031847.1	SUPER_3	51.282	156	68	2	816	971	3285020	3284577	2.37e-27	125	1180	59372272	74
XP_070031847.1	SUPER_3	65.591	93	32	0	999	1091	9601331	9601609	1.40e-26	123	1180	59372272	74
XP_070031847.1	SUPER_3	36.129	155	67	2	496	619	2358965	2358504	5.25e-25	98.6	1180	59372272	74
XP_070031847.1	SUPER_3	46.809	47	25	0	448	494	2359102	2358962	5.25e-25	40.8	1180	59372272	74
XP_070031847.1	SUPER_3	38.356	146	72	5	8	147	3292144	3291743	9.50e-16	87.4	1180	59372272	74
XP_070031847.1	SUPER_3	51.613	93	45	0	1088	1180	9601740	9602018	1.23e-15	87.0	1180	59372272	74
XP_070031847.1	SUPER_3	47.170	106	50	3	8	109	9593030	9593341	1.33e-15	87.0	1180	59372272	74
XP_070031847.1	SUPER_15	42.500	400	182	4	444	797	22991510	22990317	4.48e-80	294	1180	31434786	69
XP_070031847.1	SUPER_15	51.852	189	82	3	816	1003	22990038	22989496	2.02e-38	161	1180	31434786	69
XP_070031847.1	SUPER_15	38.393	112	38	1	518	598	29218736	29219071	6.51e-29	83.6	1180	31434786	69
XP_070031847.1	SUPER_15	50.000	70	34	1	448	517	29218530	29218736	6.51e-29	68.9	1180	31434786	69
XP_070031847.1	SUPER_15	67.742	93	30	0	999	1091	22988865	22988587	4.52e-28	127	1180	31434786	69
XP_070031847.1	SUPER_15	52.688	93	44	0	1088	1180	22988455	22988177	5.61e-17	91.7	1180	31434786	69
XP_070031847.1	SUPER_15	52.128	94	39	3	4	93	22997801	22997526	7.63e-16	87.8	1180	31434786	69
XP_033514372.1	SUPER_3	41.076	409	193	4	271	633	9598656	9599876	7.34e-82	296	1016	59372272	72
XP_033514372.1	SUPER_3	40.831	409	194	4	271	633	3286517	3285297	2.79e-81	295	1016	59372272	72
XP_033514372.1	SUPER_3	52.381	189	81	3	652	839	9600153	9600695	7.63e-39	162	1016	59372272	72
XP_033514372.1	SUPER_3	51.282	156	68	2	652	807	3285020	3284577	2.03e-27	125	1016	59372272	72
XP_033514372.1	SUPER_3	65.591	93	32	0	835	927	9601331	9601609	5.66e-27	124	1016	59372272	72
XP_033514372.1	SUPER_3	36.129	155	67	2	332	455	2358965	2358504	3.71e-25	99.0	1016	59372272	72
XP_033514372.1	SUPER_3	46.809	47	25	0	284	330	2359102	2358962	3.71e-25	40.4	1016	59372272	72
XP_033514372.1	SUPER_3	51.613	93	45	0	924	1016	9601740	9602018	7.55e-16	87.4	1016	59372272	72
XP_033514372.1	SUPER_15	42.500	400	182	4	280	633	22991510	22990317	4.53e-81	294	1016	31434786	71
XP_033514372.1	SUPER_15	51.852	189	82	3	652	839	22990038	22989496	1.65e-38	161	1016	31434786	71
XP_033514372.1	SUPER_15	38.393	112	38	1	354	434	29218736	29219071	6.24e-29	83.2	1016	31434786	71
XP_033514372.1	SUPER_15	50.000	70	34	1	284	353	29218530	29218736	6.24e-29	68.9	1016	31434786	71
XP_033514372.1	SUPER_15	67.742	93	30	0	835	927	22988865	22988587	1.74e-28	129	1016	31434786	71
XP_033514372.1	SUPER_15	52.688	93	44	0	924	1016	22988455	22988177	3.47e-17	91.7	1016	31434786	71
XP_009765715.1	SUPER_3	42.054	409	189	4	295	657	9598656	9599876	9.62e-85	306	1040	59372272	70
XP_009765715.1	SUPER_3	41.809	409	190	4	295	657	3286517	3285297	3.83e-84	304	1040	59372272	70
XP_009765715.1	SUPER_3	50.794	189	84	3	676	863	9600153	9600695	4.22e-38	160	1040	59372272	70
XP_009765715.1	SUPER_3	65.591	93	32	0	859	951	9601331	9601609	8.09e-27	123	1040	59372272	70
XP_009765715.1	SUPER_3	37.419	155	65	2	356	479	2358965	2358504	8.20e-27	105	1040	59372272	70
XP_009765715.1	SUPER_3	46.809	47	25	0	308	354	2359102	2358962	8.20e-27	39.7	1040	59372272	70
XP_009765715.1	SUPER_3	49.359	156	71	2	676	831	3285020	3284577	1.05e-26	123	1040	59372272	70
XP_009765715.1	SUPER_3	51.613	93	45	0	948	1040	9601740	9602018	9.67e-17	90.5	1040	59372272	70
XP_009765715.1	SUPER_15	43.000	400	180	4	304	657	22991510	22990317	6.77e-83	300	1040	31434786	69
XP_009765715.1	SUPER_15	51.042	192	79	4	676	863	22990038	22989496	9.25e-38	159	1040	31434786	69
XP_009765715.1	SUPER_15	67.742	93	30	0	859	951	22988865	22988587	2.17e-28	128	1040	31434786	69
XP_009765715.1	SUPER_15	39.091	110	36	1	378	456	29218736	29219065	3.11e-28	82.0	1040	31434786	69
XP_009765715.1	SUPER_15	50.000	70	34	1	308	377	29218530	29218736	3.11e-28	67.8	1040	31434786	69
XP_009765715.1	SUPER_15	52.688	93	44	0	948	1040	22988455	22988177	4.96e-18	94.7	1040	31434786	69
XP_009765713.1	SUPER_3	42.054	409	189	4	326	688	9598656	9599876	9.83e-85	306	1071	59372272	68
XP_009765713.1	SUPER_3	41.809	409	190	4	326	688	3286517	3285297	4.23e-84	305	1071	59372272	68
XP_009765713.1	SUPER_3	50.794	189	84	3	707	894	9600153	9600695	3.63e-38	160	1071	59372272	68
XP_009765713.1	SUPER_3	37.419	155	65	2	387	510	2358965	2358504	5.67e-27	106	1071	59372272	68
XP_009765713.1	SUPER_3	46.809	47	25	0	339	385	2359102	2358962	5.67e-27	39.7	1071	59372272	68
XP_009765713.1	SUPER_3	65.591	93	32	0	890	982	9601331	9601609	7.40e-27	123	1071	59372272	68
XP_009765713.1	SUPER_3	49.359	156	71	2	707	862	3285020	3284577	9.45e-27	123	1071	59372272	68
XP_009765713.1	SUPER_3	51.613	93	45	0	979	1071	9601740	9602018	8.78e-17	90.5	1071	59372272	68
XP_009765713.1	SUPER_15	43.000	400	180	4	335	688	22991510	22990317	4.74e-83	301	1071	31434786	67
XP_009765713.1	SUPER_15	51.042	192	79	4	707	894	22990038	22989496	8.81e-38	159	1071	31434786	67
XP_009765713.1	SUPER_15	40.566	106	32	1	409	483	29218736	29219053	1.98e-28	82.8	1071	31434786	67
XP_009765713.1	SUPER_15	50.000	70	34	1	339	408	29218530	29218736	1.98e-28	67.8	1071	31434786	67
XP_009765713.1	SUPER_15	67.742	93	30	0	890	982	22988865	22988587	1.99e-28	129	1071	31434786	67
XP_009765713.1	SUPER_15	52.688	93	44	0	979	1071	22988455	22988177	4.47e-18	94.7	1071	31434786	67
XP_009765710.1	SUPER_3	42.054	409	189	4	514	876	9598656	9599876	1.15e-83	306	1259	59372272	65
XP_009765710.1	SUPER_3	41.809	409	190	4	514	876	3286517	3285297	4.35e-83	305	1259	59372272	65
XP_009765710.1	SUPER_3	50.794	189	84	3	895	1082	9600153	9600695	4.43e-38	160	1259	59372272	65
XP_009765710.1	SUPER_3	37.419	155	65	2	575	698	2358965	2358504	9.26e-27	105	1259	59372272	65
XP_009765710.1	SUPER_3	46.809	47	25	0	527	573	2359102	2358962	9.26e-27	39.7	1259	59372272	65
XP_009765710.1	SUPER_3	49.359	156	71	2	895	1050	3285020	3284577	1.01e-26	123	1259	59372272	65
XP_009765710.1	SUPER_3	65.591	93	32	0	1078	1170	9601331	9601609	1.72e-26	122	1259	59372272	65
XP_009765710.1	SUPER_3	51.613	93	45	0	1167	1259	9601740	9602018	1.60e-16	90.1	1259	59372272	65
XP_009765710.1	SUPER_3	52.222	90	37	3	8	93	3292144	3291881	6.75e-15	84.7	1259	59372272	65
XP_009765710.1	SUPER_3	53.333	90	36	3	8	93	9593030	9593293	8.27e-15	84.3	1259	59372272	65
XP_009765710.1	SUPER_15	43.000	400	180	4	523	876	22991510	22990317	4.88e-82	301	1259	31434786	64
XP_009765710.1	SUPER_15	51.042	192	79	4	895	1082	22990038	22989496	9.40e-38	159	1259	31434786	64
XP_009765710.1	SUPER_15	40.566	106	32	1	597	671	29218736	29219053	2.32e-28	82.8	1259	31434786	64
XP_009765710.1	SUPER_15	50.000	70	34	1	527	596	29218530	29218736	2.32e-28	67.8	1259	31434786	64
XP_009765710.1	SUPER_15	67.742	93	30	0	1078	1170	22988865	22988587	4.91e-28	127	1259	31434786	64
XP_009765710.1	SUPER_15	52.688	93	44	0	1167	1259	22988455	22988177	6.88e-18	94.7	1259	31434786	64
XP_009765710.1	SUPER_15	52.128	94	39	3	4	93	22997801	22997526	3.30e-15	85.9	1259	31434786	64
XP_009612033.1	SUPER_3	41.076	409	193	4	240	602	9598656	9599876	7.73e-82	296	985	59372272	74
XP_009612033.1	SUPER_3	40.831	409	194	4	240	602	3286517	3285297	3.36e-81	294	985	59372272	74
XP_009612033.1	SUPER_3	52.381	189	81	3	621	808	9600153	9600695	9.37e-39	162	985	59372272	74
XP_009612033.1	SUPER_3	51.923	156	67	2	621	776	3285020	3284577	2.50e-27	125	985	59372272	74
XP_009612033.1	SUPER_3	65.591	93	32	0	804	896	9601331	9601609	6.10e-27	123	985	59372272	74
XP_009612033.1	SUPER_3	36.129	155	67	2	301	424	2358965	2358504	5.14e-25	98.6	985	59372272	74
XP_009612033.1	SUPER_3	46.809	47	25	0	253	299	2359102	2358962	5.14e-25	40.4	985	59372272	74
XP_009612033.1	SUPER_3	51.613	93	45	0	893	985	9601740	9602018	7.74e-16	87.4	985	59372272	74
XP_009612033.1	SUPER_15	42.500	400	182	4	249	602	22991510	22990317	7.06e-81	293	985	31434786	73
XP_009612033.1	SUPER_15	51.852	189	82	3	621	808	22990038	22989496	2.17e-38	160	985	31434786	73
XP_009612033.1	SUPER_15	38.393	112	38	1	323	403	29218736	29219071	1.23e-28	82.4	985	31434786	73
XP_009612033.1	SUPER_15	50.000	70	34	1	253	322	29218530	29218736	1.23e-28	68.6	985	31434786	73
XP_009612033.1	SUPER_15	67.742	93	30	0	804	896	22988865	22988587	2.03e-28	128	985	31434786	73
XP_009612033.1	SUPER_15	52.688	93	44	0	893	985	22988455	22988177	3.61e-17	91.7	985	31434786	73
XP_009612032.1	SUPER_3	41.076	409	193	4	245	607	9598656	9599876	1.03e-81	295	990	59372272	74
XP_009612032.1	SUPER_3	40.831	409	194	4	245	607	3286517	3285297	3.62e-81	294	990	59372272	74
XP_009612032.1	SUPER_3	52.381	189	81	3	626	813	9600153	9600695	1.02e-38	162	990	59372272	74
XP_009612032.1	SUPER_3	51.923	156	67	2	626	781	3285020	3284577	2.47e-27	125	990	59372272	74
XP_009612032.1	SUPER_3	65.591	93	32	0	809	901	9601331	9601609	7.63e-27	123	990	59372272	74
XP_009612032.1	SUPER_3	36.129	155	67	2	306	429	2358965	2358504	5.21e-25	98.6	990	59372272	74
XP_009612032.1	SUPER_3	46.809	47	25	0	258	304	2359102	2358962	5.21e-25	40.4	990	59372272	74
XP_009612032.1	SUPER_3	51.613	93	45	0	898	990	9601740	9602018	8.86e-16	87.0	990	59372272	74
XP_009612032.1	SUPER_15	42.500	400	182	4	254	607	22991510	22990317	8.11e-81	293	990	31434786	73
XP_009612032.1	SUPER_15	51.852	189	82	3	626	813	22990038	22989496	2.33e-38	160	990	31434786	73
XP_009612032.1	SUPER_15	38.393	112	38	1	328	408	29218736	29219071	1.26e-28	82.4	990	31434786	73
XP_009612032.1	SUPER_15	50.000	70	34	1	258	327	29218530	29218736	1.26e-28	68.6	990	31434786	73
XP_009612032.1	SUPER_15	67.742	93	30	0	809	901	22988865	22988587	2.31e-28	128	990	31434786	73
XP_009612032.1	SUPER_15	52.688	93	44	0	898	990	22988455	22988177	3.87e-17	91.7	990	31434786	73
XP_009612029.1	SUPER_3	41.076	409	193	4	459	821	9598656	9599876	8.26e-81	297	1204	59372272	68
XP_009612029.1	SUPER_3	40.831	409	194	4	459	821	3286517	3285297	3.08e-80	295	1204	59372272	68
XP_009612029.1	SUPER_3	52.381	189	81	3	840	1027	9600153	9600695	9.53e-39	162	1204	59372272	68
XP_009612029.1	SUPER_3	51.282	156	68	2	840	995	3285020	3284577	2.40e-27	125	1204	59372272	68
XP_009612029.1	SUPER_3	65.591	93	32	0	1023	1115	9601331	9601609	1.34e-26	123	1204	59372272	68
XP_009612029.1	SUPER_3	36.129	155	67	2	520	643	2358965	2358504	5.07e-25	98.6	1204	59372272	68
XP_009612029.1	SUPER_3	46.809	47	25	0	472	518	2359102	2358962	5.07e-25	40.8	1204	59372272	68
XP_009612029.1	SUPER_3	51.613	93	45	0	1112	1204	9601740	9602018	1.20e-15	87.0	1204	59372272	68
XP_009612029.1	SUPER_3	53.333	90	36	3	8	93	9593030	9593293	3.02e-15	85.9	1204	59372272	68
XP_009612029.1	SUPER_3	51.111	90	38	3	8	93	3292144	3291881	8.95e-15	84.3	1204	59372272	68
XP_009612029.1	SUPER_15	42.500	400	182	4	468	821	22991510	22990317	4.25e-80	295	1204	31434786	67
XP_009612029.1	SUPER_15	51.852	189	82	3	840	1027	22990038	22989496	1.99e-38	162	1204	31434786	67
XP_009612029.1	SUPER_15	38.393	112	38	1	542	622	29218736	29219071	5.79e-29	83.6	1204	31434786	67
XP_009612029.1	SUPER_15	50.000	70	34	1	472	541	29218530	29218736	5.79e-29	68.9	1204	31434786	67
XP_009612029.1	SUPER_15	67.742	93	30	0	1023	1115	22988865	22988587	3.87e-28	128	1204	31434786	67
XP_009612029.1	SUPER_15	52.688	93	44	0	1112	1204	22988455	22988177	4.93e-17	91.7	1204	31434786	67
XP_009612029.1	SUPER_15	52.128	94	39	3	4	93	22997801	22997526	7.47e-16	87.8	1204	31434786	67
XP_066162081.1	SUPER_15	29.371	429	214	12	460	809	22991453	22990197	2.59e-39	164	1140	31434786	60
XP_066162081.1	SUPER_15	51.176	170	67	4	808	963	22990005	22989502	5.86e-30	134	1140	31434786	60
XP_066162081.1	SUPER_15	49.474	95	42	3	961	1051	22988865	22988587	7.69e-16	87.8	1140	31434786	60
XP_066162081.1	SUPER_15	36.296	135	81	2	1009	1140	22988575	22988177	2.77e-15	85.9	1140	31434786	60
XP_066162081.1	SUPER_15	30.000	110	67	2	513	612	29218739	29219068	1.44e-12	56.6	1140	31434786	60
XP_066162081.1	SUPER_15	43.636	55	27	2	460	511	29218575	29218736	1.44e-12	40.4	1140	31434786	60
XP_066162081.1	SUPER_3	29.108	426	212	11	462	809	9598755	9599996	1.33e-38	162	1140	59372272	59
XP_066162081.1	SUPER_3	29.108	426	212	11	462	809	3286418	3285177	1.86e-38	161	1140	59372272	59
XP_066162081.1	SUPER_3	51.765	170	66	4	808	963	9600186	9600689	2.98e-30	135	1140	59372272	59
XP_066162081.1	SUPER_3	49.286	140	56	3	808	934	3284987	3284574	1.11e-17	93.6	1140	59372272	59
XP_066162081.1	SUPER_3	57.534	73	30	1	961	1032	9601331	9601549	5.40e-16	88.2	1140	59372272	59
XP_066162081.1	SUPER_3	44.086	93	52	0	1048	1140	9601740	9602018	3.71e-15	85.5	1140	59372272	59
XP_066162081.1	SUPER_3	33.077	130	77	2	500	619	2358938	2358549	6.24e-12	69.3	1140	59372272	59
XP_066162081.1	SUPER_3	36.364	33	21	0	456	488	2359060	2358962	6.24e-12	25.8	1140	59372272	59
XP_015620288.1	SUPER_15	29.917	361	192	7	579	881	22991453	22990380	4.99e-39	163	1170	31434786	47
XP_015620288.1	SUPER_15	51.176	170	67	4	927	1082	22990005	22989502	2.22e-29	132	1170	31434786	47
XP_015620288.1	SUPER_15	33.784	148	83	3	1023	1170	22988575	22988177	3.43e-15	85.5	1170	31434786	47
XP_015620288.1	SUPER_15	30.000	110	67	2	632	731	29218739	29219068	1.85e-12	56.6	1170	31434786	47
XP_015620288.1	SUPER_15	43.636	55	27	2	579	630	29218575	29218736	1.85e-12	40.0	1170	31434786	47
XP_015620288.1	SUPER_3	29.108	426	212	11	581	928	9598755	9599996	1.89e-38	161	1170	59372272	51
XP_015620288.1	SUPER_3	29.078	423	216	11	581	928	3286418	3285177	2.26e-38	161	1170	59372272	51
XP_015620288.1	SUPER_3	51.765	170	66	4	927	1082	9600186	9600689	1.18e-29	133	1170	59372272	51
XP_015620288.1	SUPER_3	49.286	140	56	3	927	1053	3284987	3284574	2.43e-17	92.8	1170	59372272	51
XP_015620288.1	SUPER_3	44.444	90	50	0	1081	1170	9601749	9602018	1.14e-14	84.0	1170	59372272	51
XP_015620288.1	SUPER_3	33.077	130	77	2	619	738	2358938	2358549	9.09e-12	68.9	1170	59372272	51
XP_015620288.1	SUPER_3	36.364	33	21	0	575	607	2359060	2358962	9.09e-12	25.4	1170	59372272	51
NP_001410391.1	SUPER_15	29.917	361	192	7	579	881	22991453	22990380	8.65e-39	163	1259	31434786	51
NP_001410391.1	SUPER_15	51.176	170	67	4	927	1082	22990005	22989502	2.08e-29	132	1259	31434786	51
NP_001410391.1	SUPER_15	49.474	95	42	3	1080	1170	22988865	22988587	2.72e-15	86.3	1259	31434786	51
NP_001410391.1	SUPER_15	36.296	135	81	2	1128	1259	22988575	22988177	5.16e-15	85.1	1259	31434786	51
NP_001410391.1	SUPER_15	30.000	110	67	2	632	731	29218739	29219068	2.22e-12	56.6	1259	31434786	51
NP_001410391.1	SUPER_15	43.636	55	27	2	579	630	29218575	29218736	2.22e-12	40.0	1259	31434786	51
NP_001410391.1	SUPER_3	29.078	423	216	11	581	928	9598755	9599996	2.60e-38	161	1259	59372272	53
NP_001410391.1	SUPER_3	29.078	423	216	11	581	928	3286418	3285177	3.55e-38	161	1259	59372272	53
NP_001410391.1	SUPER_3	51.765	170	66	4	927	1082	9600186	9600689	8.49e-30	133	1259	59372272	53
NP_001410391.1	SUPER_3	49.286	140	56	3	927	1053	3284987	3284574	2.83e-17	92.4	1259	59372272	53
NP_001410391.1	SUPER_3	57.534	73	30	1	1080	1151	9601331	9601549	1.87e-15	86.7	1259	59372272	53
NP_001410391.1	SUPER_3	44.086	93	52	0	1167	1259	9601740	9602018	5.03e-15	85.1	1259	59372272	53
NP_001410391.1	SUPER_3	33.077	130	77	2	619	738	2358938	2358549	1.24e-11	68.6	1259	59372272	53
NP_001410391.1	SUPER_3	36.364	33	21	0	575	607	2359060	2358962	1.24e-11	25.4	1259	59372272	53
ANM68364.1	SUPER_3	32.938	422	211	10	401	755	9598638	9599888	2.60e-49	195	966	59372272	65
ANM68364.1	SUPER_3	32.938	422	211	10	401	755	3286535	3285285	2.62e-49	195	966	59372272	65
ANM68364.1	SUPER_3	44.382	178	96	2	771	945	9600159	9600692	4.88e-36	153	966	59372272	65
ANM68364.1	SUPER_3	43.537	147	81	1	771	915	3285014	3284574	1.80e-27	125	966	59372272	65
ANM68364.1	SUPER_3	35.461	141	72	5	478	600	2358950	2358531	5.24e-13	64.3	966	59372272	65
ANM68364.1	SUPER_3	30.556	72	45	2	399	470	2359162	2358962	5.24e-13	33.9	966	59372272	65
ANM68364.1	SUPER_3	49.462	93	47	0	9	101	9593030	9593308	3.84e-10	68.6	966	59372272	65
ANM68364.1	SUPER_3	49.462	93	47	0	9	101	3292144	3291866	7.29e-10	67.8	966	59372272	65
ANM68364.1	SUPER_15	34.383	381	182	9	442	755	22991444	22990305	2.42e-47	189	966	31434786	66
ANM68364.1	SUPER_15	44.382	178	96	2	771	945	22990032	22989499	3.32e-35	150	966	31434786	66
ANM68364.1	SUPER_15	37.500	104	49	3	501	588	29218757	29219068	3.03e-15	63.2	966	31434786	66
ANM68364.1	SUPER_15	31.183	93	59	3	401	493	29218473	29218736	3.03e-15	42.7	966	31434786	66
ANM68364.1	SUPER_15	47.664	107	54	1	1	105	22997819	22997499	2.84e-11	72.4	966	31434786	66
AED92349.1	SUPER_3	32.464	422	213	10	401	755	9598638	9599888	1.21e-48	194	1123	59372272	72
AED92349.1	SUPER_3	32.464	422	213	10	401	755	3286535	3285285	1.24e-48	194	1123	59372272	72
AED92349.1	SUPER_3	60.215	93	37	0	942	1034	9601331	9601609	4.70e-41	117	1123	59372272	72
AED92349.1	SUPER_3	51.020	98	47	1	1027	1123	9601725	9602018	4.70e-41	75.5	1123	59372272	72
AED92349.1	SUPER_3	44.382	178	96	2	771	945	9600159	9600692	2.44e-36	154	1123	59372272	72
AED92349.1	SUPER_3	43.537	147	81	1	771	915	3285014	3284574	3.08e-27	125	1123	59372272	72
AED92349.1	SUPER_3	35.461	141	72	5	478	600	2358950	2358531	9.52e-13	63.2	1123	59372272	72
AED92349.1	SUPER_3	30.556	72	45	2	399	470	2359162	2358962	9.52e-13	34.3	1123	59372272	72
AED92349.1	SUPER_3	49.462	93	47	0	9	101	9593030	9593308	3.08e-10	69.3	1123	59372272	72
AED92349.1	SUPER_3	49.462	93	47	0	9	101	3292144	3291866	4.94e-10	68.6	1123	59372272	72
AED92349.1	SUPER_15	34.383	381	182	9	442	755	22991444	22990305	1.43e-46	187	1123	31434786	72
AED92349.1	SUPER_15	44.382	178	96	2	771	945	22990032	22989499	1.95e-35	151	1123	31434786	72
AED92349.1	SUPER_15	60.215	93	37	0	942	1034	22988865	22988587	5.90e-25	117	1123	31434786	72
AED92349.1	SUPER_15	37.500	104	49	3	501	588	29218757	29219068	9.06e-15	62.0	1123	31434786	72
AED92349.1	SUPER_15	31.183	93	59	3	401	493	29218473	29218736	9.06e-15	42.7	1123	31434786	72
AED92349.1	SUPER_15	41.045	134	77	2	991	1123	22988575	22988177	5.29e-12	75.1	1123	31434786	72
AED92349.1	SUPER_15	47.664	107	54	1	1	105	22997819	22997499	2.51e-11	72.8	1123	31434786	72
XP_024452488.2	SUPER_3	48.250	400	194	3	271	660	9598722	9599912	7.57e-106	369	1023	59372272	73
XP_024452488.2	SUPER_3	48.250	400	194	3	271	660	3286451	3285261	1.73e-105	367	1023	59372272	73
XP_024452488.2	SUPER_3	55.191	183	78	2	664	845	9600153	9600692	1.03e-44	181	1023	59372272	73
XP_024452488.2	SUPER_3	46.897	145	77	0	316	460	2358950	2358516	7.70e-39	137	1023	59372272	73
XP_024452488.2	SUPER_3	63.158	38	14	0	271	308	2359075	2358962	7.70e-39	47.8	1023	59372272	73
XP_024452488.2	SUPER_3	56.209	153	64	1	664	816	3285020	3284571	1.06e-35	152	1023	59372272	73
XP_024452488.2	SUPER_3	70.968	93	27	0	842	934	9601331	9601609	6.47e-32	140	1023	59372272	73
XP_024452488.2	SUPER_3	62.366	93	35	0	931	1023	9601740	9602018	1.37e-17	93.2	1023	59372272	73
XP_024452488.2	SUPER_15	47.000	400	199	3	271	660	22991471	22990281	6.34e-101	354	1023	31434786	74
XP_024452488.2	SUPER_15	57.609	184	72	4	664	845	22990038	22989499	5.79e-46	185	1023	31434786	74
XP_024452488.2	SUPER_15	47.414	116	61	0	327	442	29218721	29219068	5.36e-36	114	1023	31434786	74
XP_024452488.2	SUPER_15	50.685	73	35	1	259	331	29218521	29218736	5.36e-36	61.2	1023	31434786	74
XP_024452488.2	SUPER_15	68.817	93	29	0	842	934	22988865	22988587	1.61e-31	138	1023	31434786	74
XP_024452488.2	SUPER_15	48.872	133	68	0	891	1023	22988575	22988177	1.78e-18	96.3	1023	31434786	74
XP_024452486.2	SUPER_3	48.250	400	194	3	467	856	9598722	9599912	1.57e-104	370	1219	59372272	68
XP_024452486.2	SUPER_3	48.250	400	194	3	467	856	3286451	3285261	2.35e-104	369	1219	59372272	68
XP_024452486.2	SUPER_3	55.191	183	78	2	860	1041	9600153	9600692	9.11e-45	182	1219	59372272	68
XP_024452486.2	SUPER_3	46.897	145	77	0	512	656	2358950	2358516	5.13e-39	138	1219	59372272	68
XP_024452486.2	SUPER_3	63.158	38	14	0	467	504	2359075	2358962	5.13e-39	47.8	1219	59372272	68
XP_024452486.2	SUPER_3	56.209	153	64	1	860	1012	3285020	3284571	7.38e-36	153	1219	59372272	68
XP_024452486.2	SUPER_3	70.968	93	27	0	1038	1130	9601331	9601609	4.43e-32	141	1219	59372272	68
XP_024452486.2	SUPER_3	62.366	93	35	0	1127	1219	9601740	9602018	1.70e-17	93.2	1219	59372272	68
XP_024452486.2	SUPER_3	38.235	102	42	2	10	91	3292144	3291842	1.12e-08	64.3	1219	59372272	68
XP_024452486.2	SUPER_3	39.216	102	41	2	10	91	9593030	9593332	1.33e-08	63.9	1219	59372272	68
XP_024452486.2	SUPER_15	47.000	400	199	3	467	856	22991471	22990281	1.10e-99	355	1219	31434786	70
XP_024452486.2	SUPER_15	57.609	184	72	4	860	1041	22990038	22989499	5.68e-46	186	1219	31434786	70
XP_024452486.2	SUPER_15	47.414	116	61	0	523	638	29218721	29219068	5.21e-36	115	1219	31434786	70
XP_024452486.2	SUPER_15	50.685	73	35	1	455	527	29218521	29218736	5.21e-36	61.2	1219	31434786	70
XP_024452486.2	SUPER_15	68.817	93	29	0	1038	1130	22988865	22988587	9.31e-32	140	1219	31434786	70
XP_024452486.2	SUPER_15	48.872	133	68	0	1087	1219	22988575	22988177	2.07e-18	96.3	1219	31434786	70
XP_024452486.2	SUPER_15	34.259	108	52	1	4	92	22997807	22997484	3.59e-09	65.9	1219	31434786	70
XP_024452485.2	SUPER_3	48.250	400	194	3	469	858	9598722	9599912	1.85e-104	369	1221	59372272	68
XP_024452485.2	SUPER_3	48.250	400	194	3	469	858	3286451	3285261	2.43e-104	369	1221	59372272	68
XP_024452485.2	SUPER_3	55.191	183	78	2	862	1043	9600153	9600692	9.16e-45	182	1221	59372272	68
XP_024452485.2	SUPER_3	46.897	145	77	0	514	658	2358950	2358516	5.14e-39	138	1221	59372272	68
XP_024452485.2	SUPER_3	63.158	38	14	0	469	506	2359075	2358962	5.14e-39	47.8	1221	59372272	68
XP_024452485.2	SUPER_3	56.209	153	64	1	862	1014	3285020	3284571	7.05e-36	153	1221	59372272	68
XP_024452485.2	SUPER_3	70.968	93	27	0	1040	1132	9601331	9601609	4.44e-32	141	1221	59372272	68
XP_024452485.2	SUPER_3	62.366	93	35	0	1129	1221	9601740	9602018	1.69e-17	93.2	1221	59372272	68
XP_024452485.2	SUPER_3	38.235	102	42	2	10	91	3292144	3291842	1.11e-08	64.3	1221	59372272	68
XP_024452485.2	SUPER_3	39.216	102	41	2	10	91	9593030	9593332	1.33e-08	63.9	1221	59372272	68
XP_024452485.2	SUPER_15	47.000	400	199	3	469	858	22991471	22990281	1.14e-99	355	1221	31434786	70
XP_024452485.2	SUPER_15	57.609	184	72	4	862	1043	22990038	22989499	5.25e-46	186	1221	31434786	70
XP_024452485.2	SUPER_15	47.414	116	61	0	525	640	29218721	29219068	5.58e-36	114	1221	31434786	70
XP_024452485.2	SUPER_15	50.685	73	35	1	457	529	29218521	29218736	5.58e-36	61.2	1221	31434786	70
XP_024452485.2	SUPER_15	68.817	93	29	0	1040	1132	22988865	22988587	9.34e-32	140	1221	31434786	70
XP_024452485.2	SUPER_15	48.872	133	68	0	1089	1221	22988575	22988177	2.14e-18	96.3	1221	31434786	70
XP_024452485.2	SUPER_15	34.259	108	52	1	4	92	22997807	22997484	3.60e-09	65.9	1221	31434786	70
XP_052138365.1	SUPER_15	30.194	361	191	7	62	364	22991453	22990380	1.92e-39	162	742	31434786	86
XP_052138365.1	SUPER_15	51.176	170	67	4	410	565	22990005	22989502	4.01e-30	132	742	31434786	86
XP_052138365.1	SUPER_15	49.474	95	42	3	563	653	22988865	22988587	1.84e-15	85.5	742	31434786	86
XP_052138365.1	SUPER_15	37.037	135	80	2	611	742	22988575	22988177	1.97e-14	82.0	742	31434786	86
XP_052138365.1	SUPER_15	30.000	110	67	2	115	214	29218739	29219068	1.22e-11	53.5	742	31434786	86
XP_052138365.1	SUPER_15	43.636	55	27	2	62	113	29218575	29218736	1.22e-11	39.7	742	31434786	86
XP_052138365.1	SUPER_3	29.859	355	193	6	64	364	9598755	9599813	1.47e-38	159	742	59372272	84
XP_052138365.1	SUPER_3	29.859	355	193	6	64	364	3286418	3285360	1.76e-38	159	742	59372272	84
XP_052138365.1	SUPER_3	51.765	170	66	4	410	565	9600186	9600689	2.36e-30	133	742	59372272	84
XP_052138365.1	SUPER_3	49.286	140	56	3	410	536	3284987	3284574	1.27e-17	92.4	742	59372272	84
XP_052138365.1	SUPER_3	57.534	73	30	1	563	634	9601331	9601549	6.67e-16	86.7	742	59372272	84
XP_052138365.1	SUPER_3	44.086	93	52	0	650	742	9601740	9602018	1.72e-14	82.4	742	59372272	84
XP_052138365.1	SUPER_3	33.077	130	77	2	102	221	2358938	2358549	3.71e-11	65.5	742	59372272	84
XP_052138365.1	SUPER_3	36.364	33	21	0	58	90	2359060	2358962	3.71e-11	25.8	742	59372272	84
XP_052138362.1	SUPER_15	30.194	361	191	7	70	372	22991453	22990380	2.34e-39	161	750	31434786	85
XP_052138362.1	SUPER_15	51.176	170	67	4	418	573	22990005	22989502	4.10e-30	132	750	31434786	85
XP_052138362.1	SUPER_15	49.474	95	42	3	571	661	22988865	22988587	1.96e-15	85.5	750	31434786	85
XP_052138362.1	SUPER_15	37.037	135	80	2	619	750	22988575	22988177	2.08e-14	82.0	750	31434786	85
XP_052138362.1	SUPER_15	30.000	110	67	2	123	222	29218739	29219068	1.30e-11	53.5	750	31434786	85
XP_052138362.1	SUPER_15	43.636	55	27	2	70	121	29218575	29218736	1.30e-11	39.3	750	31434786	85
XP_052138362.1	SUPER_3	29.859	355	193	6	72	372	9598755	9599813	1.65e-38	159	750	59372272	83
XP_052138362.1	SUPER_3	29.859	355	193	6	72	372	3286418	3285360	2.07e-38	159	750	59372272	83
XP_052138362.1	SUPER_3	51.765	170	66	4	418	573	9600186	9600689	2.41e-30	133	750	59372272	83
XP_052138362.1	SUPER_3	49.286	140	56	3	418	544	3284987	3284574	1.26e-17	92.4	750	59372272	83
XP_052138362.1	SUPER_3	57.534	73	30	1	571	642	9601331	9601549	6.64e-16	87.0	750	59372272	83
XP_052138362.1	SUPER_3	44.086	93	52	0	658	750	9601740	9602018	2.04e-14	82.0	750	59372272	83
XP_052138362.1	SUPER_3	33.077	130	77	2	110	229	2358938	2358549	3.79e-11	65.5	750	59372272	83
XP_052138362.1	SUPER_3	36.364	33	21	0	66	98	2359060	2358962	3.79e-11	25.8	750	59372272	83
XP_052138361.1	SUPER_15	29.604	429	213	12	249	598	22991453	22990197	3.88e-40	166	929	31434786	73
XP_052138361.1	SUPER_15	51.176	170	67	4	597	752	22990005	22989502	1.11e-30	135	929	31434786	73
XP_052138361.1	SUPER_15	49.474	95	42	3	750	840	22988865	22988587	6.91e-16	87.4	929	31434786	73
XP_052138361.1	SUPER_15	37.037	135	80	2	798	929	22988575	22988177	4.25e-15	84.7	929	31434786	73
XP_052138361.1	SUPER_15	30.000	110	67	2	302	401	29218739	29219068	1.59e-12	55.8	929	31434786	73
XP_052138361.1	SUPER_15	43.636	55	27	2	249	300	29218575	29218736	1.59e-12	40.8	929	31434786	73
XP_052138361.1	SUPER_3	29.343	426	211	11	251	598	9598755	9599996	1.89e-39	164	929	59372272	72
XP_052138361.1	SUPER_3	29.343	426	211	11	251	598	3286418	3285177	2.37e-39	163	929	59372272	72
XP_052138361.1	SUPER_3	51.765	170	66	4	597	752	9600186	9600689	6.78e-31	136	929	59372272	72
XP_052138361.1	SUPER_3	49.286	140	56	3	597	723	3284987	3284574	4.04e-18	94.7	929	59372272	72
XP_052138361.1	SUPER_3	57.534	73	30	1	750	821	9601331	9601549	3.86e-16	88.2	929	59372272	72
XP_052138361.1	SUPER_3	44.086	93	52	0	837	929	9601740	9602018	6.77e-15	84.0	929	59372272	72
XP_052138361.1	SUPER_3	33.077	130	77	2	289	408	2358938	2358549	4.82e-12	68.6	929	59372272	72
XP_052138361.1	SUPER_3	36.364	33	21	0	245	277	2359060	2358962	4.82e-12	26.6	929	59372272	72
XP_052138360.1	SUPER_15	30.194	361	191	7	412	714	22991453	22990380	1.10e-38	162	1092	31434786	58
XP_052138360.1	SUPER_15	51.176	170	67	4	760	915	22990005	22989502	4.17e-29	130	1092	31434786	58
XP_052138360.1	SUPER_15	49.474	95	42	3	913	1003	22988865	22988587	3.88e-15	85.1	1092	31434786	58
XP_052138360.1	SUPER_15	37.037	135	80	2	961	1092	22988575	22988177	7.01e-15	84.3	1092	31434786	58
XP_052138360.1	SUPER_15	30.000	110	67	2	465	564	29218739	29219068	8.73e-12	55.1	1092	31434786	58
XP_052138360.1	SUPER_15	43.636	55	27	2	412	463	29218575	29218736	8.73e-12	39.3	1092	31434786	58
XP_052138360.1	SUPER_3	29.859	355	193	6	414	714	9598755	9599813	4.43e-38	160	1092	59372272	57
XP_052138360.1	SUPER_3	29.859	355	193	6	414	714	3286418	3285360	6.38e-38	159	1092	59372272	57
XP_052138360.1	SUPER_3	51.765	170	66	4	760	915	9600186	9600689	1.90e-29	132	1092	59372272	57
XP_052138360.1	SUPER_3	49.286	140	56	3	760	886	3284987	3284574	4.85e-17	91.7	1092	59372272	57
XP_052138360.1	SUPER_3	57.534	73	30	1	913	984	9601331	9601549	2.10e-15	86.3	1092	59372272	57
XP_052138360.1	SUPER_3	44.086	93	52	0	1000	1092	9601740	9602018	8.72e-15	84.0	1092	59372272	57
XP_052138360.1	SUPER_3	33.077	130	77	2	452	571	2358938	2358549	4.18e-11	67.0	1092	59372272	57
XP_052138360.1	SUPER_3	36.364	33	21	0	408	440	2359060	2358962	4.18e-11	25.0	1092	59372272	57
XP_052138359.1	SUPER_15	29.604	429	213	12	459	808	22991453	22990197	9.17e-40	166	1139	31434786	60
XP_052138359.1	SUPER_15	51.176	170	67	4	807	962	22990005	22989502	5.19e-30	134	1139	31434786	60
XP_052138359.1	SUPER_15	49.474	95	42	3	960	1050	22988865	22988587	7.49e-16	87.8	1139	31434786	60
XP_052138359.1	SUPER_15	37.037	135	80	2	1008	1139	22988575	22988177	2.07e-15	86.3	1139	31434786	60
XP_052138359.1	SUPER_15	30.000	110	67	2	512	611	29218739	29219068	1.82e-12	56.6	1139	31434786	60
XP_052138359.1	SUPER_15	43.636	55	27	2	459	510	29218575	29218736	1.82e-12	40.0	1139	31434786	60
XP_052138359.1	SUPER_3	29.343	426	211	11	461	808	9598755	9599996	4.34e-39	164	1139	59372272	59
XP_052138359.1	SUPER_3	29.343	426	211	11	461	808	3286418	3285177	4.98e-39	163	1139	59372272	59
XP_052138359.1	SUPER_3	51.765	170	66	4	807	962	9600186	9600689	2.53e-30	135	1139	59372272	59
XP_052138359.1	SUPER_3	49.286	140	56	3	807	933	3284987	3284574	1.02e-17	94.0	1139	59372272	59
XP_052138359.1	SUPER_3	57.534	73	30	1	960	1031	9601331	9601549	4.67e-16	88.6	1139	59372272	59
XP_052138359.1	SUPER_3	44.086	93	52	0	1047	1139	9601740	9602018	4.54e-15	85.1	1139	59372272	59
XP_052138359.1	SUPER_3	33.077	130	77	2	499	618	2358938	2358549	6.76e-12	68.9	1139	59372272	59
XP_052138359.1	SUPER_3	36.364	33	21	0	455	487	2359060	2358962	6.76e-12	25.8	1139	59372272	59
XP_052138358.1	SUPER_15	30.194	361	191	7	578	880	22991453	22990380	2.04e-39	165	1169	31434786	47
XP_052138358.1	SUPER_15	51.176	170	67	4	926	1081	22990005	22989502	2.00e-29	132	1169	31434786	47
XP_052138358.1	SUPER_15	33.784	148	83	3	1022	1169	22988575	22988177	3.66e-15	85.5	1169	31434786	47
XP_052138358.1	SUPER_15	30.000	110	67	2	631	730	29218739	29219068	2.19e-12	56.6	1169	31434786	47
XP_052138358.1	SUPER_15	43.636	55	27	2	578	629	29218575	29218736	2.19e-12	40.0	1169	31434786	47
XP_052138358.1	SUPER_3	29.314	423	215	11	580	927	9598755	9599996	6.20e-39	163	1169	59372272	51
XP_052138358.1	SUPER_3	29.314	423	215	11	580	927	3286418	3285177	8.42e-39	162	1169	59372272	51
XP_052138358.1	SUPER_3	51.765	170	66	4	926	1081	9600186	9600689	1.00e-29	133	1169	59372272	51
XP_052138358.1	SUPER_3	49.286	140	56	3	926	1052	3284987	3284574	2.25e-17	92.8	1169	59372272	51
XP_052138358.1	SUPER_3	44.444	90	50	0	1080	1169	9601749	9602018	1.34e-14	83.6	1169	59372272	51
XP_052138358.1	SUPER_3	33.077	130	77	2	618	737	2358938	2358549	9.85e-12	68.9	1169	59372272	51
XP_052138358.1	SUPER_3	36.364	33	21	0	574	606	2359060	2358962	9.85e-12	25.4	1169	59372272	51
XP_052138357.1	SUPER_15	30.194	361	191	7	578	880	22991453	22990380	3.40e-39	164	1258	31434786	51
XP_052138357.1	SUPER_15	51.176	170	67	4	926	1081	22990005	22989502	1.49e-29	132	1258	31434786	51
XP_052138357.1	SUPER_15	49.474	95	42	3	1079	1169	22988865	22988587	2.38e-15	86.3	1258	31434786	51
XP_052138357.1	SUPER_15	37.037	135	80	2	1127	1258	22988575	22988177	3.74e-15	85.5	1258	31434786	51
XP_052138357.1	SUPER_15	30.000	110	67	2	631	730	29218739	29219068	2.67e-12	56.2	1258	31434786	51
XP_052138357.1	SUPER_15	43.636	55	27	2	578	629	29218575	29218736	2.67e-12	40.0	1258	31434786	51
XP_052138357.1	SUPER_3	29.314	423	215	11	580	927	9598755	9599996	1.12e-38	162	1258	59372272	53
XP_052138357.1	SUPER_3	29.314	423	215	11	580	927	3286418	3285177	1.52e-38	162	1258	59372272	53
XP_052138357.1	SUPER_3	51.765	170	66	4	926	1081	9600186	9600689	7.54e-30	134	1258	59372272	53
XP_052138357.1	SUPER_3	49.286	140	56	3	926	1052	3284987	3284574	2.49e-17	92.8	1258	59372272	53
XP_052138357.1	SUPER_3	57.534	73	30	1	1079	1150	9601331	9601549	1.52e-15	87.0	1258	59372272	53
XP_052138357.1	SUPER_3	44.086	93	52	0	1166	1258	9601740	9602018	6.98e-15	84.7	1258	59372272	53
XP_052138357.1	SUPER_3	33.077	130	77	2	618	737	2358938	2358549	1.36e-11	68.6	1258	59372272	53
XP_052138357.1	SUPER_3	36.364	33	21	0	574	606	2359060	2358962	1.36e-11	25.4	1258	59372272	53
KAI9397292.1	SUPER_3	48.250	400	194	3	467	856	9598722	9599912	1.57e-104	370	1219	59372272	68
KAI9397292.1	SUPER_3	48.250	400	194	3	467	856	3286451	3285261	2.35e-104	369	1219	59372272	68
KAI9397292.1	SUPER_3	55.191	183	78	2	860	1041	9600153	9600692	9.11e-45	182	1219	59372272	68
KAI9397292.1	SUPER_3	46.897	145	77	0	512	656	2358950	2358516	5.13e-39	138	1219	59372272	68
KAI9397292.1	SUPER_3	63.158	38	14	0	467	504	2359075	2358962	5.13e-39	47.8	1219	59372272	68
KAI9397292.1	SUPER_3	56.209	153	64	1	860	1012	3285020	3284571	7.38e-36	153	1219	59372272	68
KAI9397292.1	SUPER_3	70.968	93	27	0	1038	1130	9601331	9601609	4.43e-32	141	1219	59372272	68
KAI9397292.1	SUPER_3	62.366	93	35	0	1127	1219	9601740	9602018	1.70e-17	93.2	1219	59372272	68
KAI9397292.1	SUPER_3	38.235	102	42	2	10	91	3292144	3291842	1.12e-08	64.3	1219	59372272	68
KAI9397292.1	SUPER_3	39.216	102	41	2	10	91	9593030	9593332	1.33e-08	63.9	1219	59372272	68
KAI9397292.1	SUPER_15	47.000	400	199	3	467	856	22991471	22990281	1.10e-99	355	1219	31434786	70
KAI9397292.1	SUPER_15	57.609	184	72	4	860	1041	22990038	22989499	5.68e-46	186	1219	31434786	70
KAI9397292.1	SUPER_15	47.414	116	61	0	523	638	29218721	29219068	5.21e-36	115	1219	31434786	70
KAI9397292.1	SUPER_15	50.685	73	35	1	455	527	29218521	29218736	5.21e-36	61.2	1219	31434786	70
KAI9397292.1	SUPER_15	68.817	93	29	0	1038	1130	22988865	22988587	9.31e-32	140	1219	31434786	70
KAI9397292.1	SUPER_15	48.872	133	68	0	1087	1219	22988575	22988177	2.07e-18	96.3	1219	31434786	70
KAI9397292.1	SUPER_15	34.259	108	52	1	4	92	22997807	22997484	3.59e-09	65.9	1219	31434786	70
KAI9397291.1	SUPER_3	48.250	400	194	3	469	858	9598722	9599912	1.85e-104	369	1221	59372272	68
KAI9397291.1	SUPER_3	48.250	400	194	3	469	858	3286451	3285261	2.43e-104	369	1221	59372272	68
KAI9397291.1	SUPER_3	55.191	183	78	2	862	1043	9600153	9600692	9.16e-45	182	1221	59372272	68
KAI9397291.1	SUPER_3	46.897	145	77	0	514	658	2358950	2358516	5.14e-39	138	1221	59372272	68
KAI9397291.1	SUPER_3	63.158	38	14	0	469	506	2359075	2358962	5.14e-39	47.8	1221	59372272	68
KAI9397291.1	SUPER_3	56.209	153	64	1	862	1014	3285020	3284571	7.05e-36	153	1221	59372272	68
KAI9397291.1	SUPER_3	70.968	93	27	0	1040	1132	9601331	9601609	4.44e-32	141	1221	59372272	68
KAI9397291.1	SUPER_3	62.366	93	35	0	1129	1221	9601740	9602018	1.69e-17	93.2	1221	59372272	68
KAI9397291.1	SUPER_3	38.235	102	42	2	10	91	3292144	3291842	1.11e-08	64.3	1221	59372272	68
KAI9397291.1	SUPER_3	39.216	102	41	2	10	91	9593030	9593332	1.33e-08	63.9	1221	59372272	68
KAI9397291.1	SUPER_15	47.000	400	199	3	469	858	22991471	22990281	1.14e-99	355	1221	31434786	70
KAI9397291.1	SUPER_15	57.609	184	72	4	862	1043	22990038	22989499	5.25e-46	186	1221	31434786	70
KAI9397291.1	SUPER_15	47.414	116	61	0	525	640	29218721	29219068	5.58e-36	114	1221	31434786	70
KAI9397291.1	SUPER_15	50.685	73	35	1	457	529	29218521	29218736	5.58e-36	61.2	1221	31434786	70
KAI9397291.1	SUPER_15	68.817	93	29	0	1040	1132	22988865	22988587	9.34e-32	140	1221	31434786	70
KAI9397291.1	SUPER_15	48.872	133	68	0	1089	1221	22988575	22988177	2.14e-18	96.3	1221	31434786	70
KAI9397291.1	SUPER_15	34.259	108	52	1	4	92	22997807	22997484	3.60e-09	65.9	1221	31434786	70
NP_001330126.1	SUPER_3	32.938	422	211	10	401	755	9598638	9599888	2.60e-49	195	966	59372272	65
NP_001330126.1	SUPER_3	32.938	422	211	10	401	755	3286535	3285285	2.62e-49	195	966	59372272	65
NP_001330126.1	SUPER_3	44.382	178	96	2	771	945	9600159	9600692	4.88e-36	153	966	59372272	65
NP_001330126.1	SUPER_3	43.537	147	81	1	771	915	3285014	3284574	1.80e-27	125	966	59372272	65
NP_001330126.1	SUPER_3	35.461	141	72	5	478	600	2358950	2358531	5.24e-13	64.3	966	59372272	65
NP_001330126.1	SUPER_3	30.556	72	45	2	399	470	2359162	2358962	5.24e-13	33.9	966	59372272	65
NP_001330126.1	SUPER_3	49.462	93	47	0	9	101	9593030	9593308	3.84e-10	68.6	966	59372272	65
NP_001330126.1	SUPER_3	49.462	93	47	0	9	101	3292144	3291866	7.29e-10	67.8	966	59372272	65
NP_001330126.1	SUPER_15	34.383	381	182	9	442	755	22991444	22990305	2.42e-47	189	966	31434786	66
NP_001330126.1	SUPER_15	44.382	178	96	2	771	945	22990032	22989499	3.32e-35	150	966	31434786	66
NP_001330126.1	SUPER_15	37.500	104	49	3	501	588	29218757	29219068	3.03e-15	63.2	966	31434786	66
NP_001330126.1	SUPER_15	31.183	93	59	3	401	493	29218473	29218736	3.03e-15	42.7	966	31434786	66
NP_001330126.1	SUPER_15	47.664	107	54	1	1	105	22997819	22997499	2.84e-11	72.4	966	31434786	66
NP_197187.1	SUPER_3	32.464	422	213	10	401	755	9598638	9599888	1.21e-48	194	1123	59372272	72
NP_197187.1	SUPER_3	32.464	422	213	10	401	755	3286535	3285285	1.24e-48	194	1123	59372272	72
NP_197187.1	SUPER_3	60.215	93	37	0	942	1034	9601331	9601609	4.70e-41	117	1123	59372272	72
NP_197187.1	SUPER_3	51.020	98	47	1	1027	1123	9601725	9602018	4.70e-41	75.5	1123	59372272	72
NP_197187.1	SUPER_3	44.382	178	96	2	771	945	9600159	9600692	2.44e-36	154	1123	59372272	72
NP_197187.1	SUPER_3	43.537	147	81	1	771	915	3285014	3284574	3.08e-27	125	1123	59372272	72
NP_197187.1	SUPER_3	35.461	141	72	5	478	600	2358950	2358531	9.52e-13	63.2	1123	59372272	72
NP_197187.1	SUPER_3	30.556	72	45	2	399	470	2359162	2358962	9.52e-13	34.3	1123	59372272	72
NP_197187.1	SUPER_3	49.462	93	47	0	9	101	9593030	9593308	3.08e-10	69.3	1123	59372272	72
NP_197187.1	SUPER_3	49.462	93	47	0	9	101	3292144	3291866	4.94e-10	68.6	1123	59372272	72
NP_197187.1	SUPER_15	34.383	381	182	9	442	755	22991444	22990305	1.43e-46	187	1123	31434786	72
NP_197187.1	SUPER_15	44.382	178	96	2	771	945	22990032	22989499	1.95e-35	151	1123	31434786	72
NP_197187.1	SUPER_15	60.215	93	37	0	942	1034	22988865	22988587	5.90e-25	117	1123	31434786	72
NP_197187.1	SUPER_15	37.500	104	49	3	501	588	29218757	29219068	9.06e-15	62.0	1123	31434786	72
NP_197187.1	SUPER_15	31.183	93	59	3	401	493	29218473	29218736	9.06e-15	42.7	1123	31434786	72
NP_197187.1	SUPER_15	41.045	134	77	2	991	1123	22988575	22988177	5.29e-12	75.1	1123	31434786	72
NP_197187.1	SUPER_15	47.664	107	54	1	1	105	22997819	22997499	2.51e-11	72.8	1123	31434786	72
XP_020399449.1	SUPER_3	31.831	355	186	6	488	788	3286418	3285360	2.46e-41	171	1166	59372272	53
XP_020399449.1	SUPER_3	31.831	355	186	6	488	788	9598755	9599813	4.00e-41	170	1166	59372272	53
XP_020399449.1	SUPER_3	50.595	168	71	4	834	989	9600186	9600689	4.42e-28	127	1166	59372272	53
XP_020399449.1	SUPER_3	61.111	72	27	1	987	1057	9601331	9601546	1.39e-16	90.1	1166	59372272	53
XP_020399449.1	SUPER_3	47.826	138	61	3	834	960	3284987	3284574	8.36e-16	87.4	1166	59372272	53
XP_020399449.1	SUPER_3	40.860	93	55	0	1074	1166	9601740	9602018	8.22e-14	80.9	1166	59372272	53
XP_020399449.1	SUPER_3	35.385	130	74	2	526	645	2358938	2358549	7.53e-13	69.7	1166	59372272	53
XP_020399449.1	SUPER_3	59.091	22	9	0	493	514	2359027	2358962	7.53e-13	28.1	1166	59372272	53
XP_020399449.1	SUPER_15	31.667	360	185	7	487	788	22991450	22990380	7.12e-40	166	1166	31434786	54
XP_020399449.1	SUPER_15	51.786	168	69	4	834	989	22990005	22989502	1.26e-29	132	1166	31434786	54
XP_020399449.1	SUPER_15	59.722	72	28	1	987	1057	22988865	22988650	2.66e-16	89.4	1166	31434786	54
XP_020399449.1	SUPER_15	33.636	110	63	2	539	638	29218739	29219068	5.34e-15	59.7	1166	31434786	54
XP_020399449.1	SUPER_15	49.091	55	24	2	487	538	29218578	29218739	5.34e-15	45.8	1166	31434786	54
XP_020399449.1	SUPER_15	34.074	135	84	2	1035	1166	22988575	22988177	5.58e-14	81.6	1166	31434786	54
VYS67061.1	SUPER_3	32.464	422	213	10	401	755	9598638	9599888	1.21e-48	194	1123	59372272	72
VYS67061.1	SUPER_3	32.464	422	213	10	401	755	3286535	3285285	1.24e-48	194	1123	59372272	72
VYS67061.1	SUPER_3	60.215	93	37	0	942	1034	9601331	9601609	4.70e-41	117	1123	59372272	72
VYS67061.1	SUPER_3	51.020	98	47	1	1027	1123	9601725	9602018	4.70e-41	75.5	1123	59372272	72
VYS67061.1	SUPER_3	44.382	178	96	2	771	945	9600159	9600692	2.44e-36	154	1123	59372272	72
VYS67061.1	SUPER_3	43.537	147	81	1	771	915	3285014	3284574	3.08e-27	125	1123	59372272	72
VYS67061.1	SUPER_3	35.461	141	72	5	478	600	2358950	2358531	9.52e-13	63.2	1123	59372272	72
VYS67061.1	SUPER_3	30.556	72	45	2	399	470	2359162	2358962	9.52e-13	34.3	1123	59372272	72
VYS67061.1	SUPER_3	49.462	93	47	0	9	101	9593030	9593308	3.08e-10	69.3	1123	59372272	72
VYS67061.1	SUPER_3	49.462	93	47	0	9	101	3292144	3291866	4.94e-10	68.6	1123	59372272	72
VYS67061.1	SUPER_15	34.383	381	182	9	442	755	22991444	22990305	1.43e-46	187	1123	31434786	72
VYS67061.1	SUPER_15	44.382	178	96	2	771	945	22990032	22989499	1.95e-35	151	1123	31434786	72
VYS67061.1	SUPER_15	60.215	93	37	0	942	1034	22988865	22988587	5.90e-25	117	1123	31434786	72
VYS67061.1	SUPER_15	37.500	104	49	3	501	588	29218757	29219068	9.06e-15	62.0	1123	31434786	72
VYS67061.1	SUPER_15	31.183	93	59	3	401	493	29218473	29218736	9.06e-15	42.7	1123	31434786	72
VYS67061.1	SUPER_15	41.045	134	77	2	991	1123	22988575	22988177	5.29e-12	75.1	1123	31434786	72
VYS67061.1	SUPER_15	47.664	107	54	1	1	105	22997819	22997499	2.51e-11	72.8	1123	31434786	72
XP_028550950.1	SUPER_3	41.436	362	198	5	298	649	3286436	3285363	5.91e-77	283	1105	59372272	69
XP_028550950.1	SUPER_3	41.436	362	198	5	298	649	9598737	9599810	1.10e-76	283	1105	59372272	69
XP_028550950.1	SUPER_3	42.128	235	75	5	692	925	9600159	9600683	3.12e-28	128	1105	59372272	69
XP_028550950.1	SUPER_3	42.000	150	86	1	341	489	2358947	2358498	2.73e-26	111	1105	59372272	69
XP_028550950.1	SUPER_3	52.000	25	12	0	308	332	2359036	2358962	2.73e-26	32.0	1105	59372272	69
XP_028550950.1	SUPER_3	39.423	208	66	4	692	899	3285014	3284571	6.99e-17	90.9	1105	59372272	69
XP_028550950.1	SUPER_3	48.421	95	48	1	1012	1105	9601734	9602018	1.16e-16	90.5	1105	59372272	69
XP_028550950.1	SUPER_3	48.387	93	48	0	925	1017	9601331	9601609	5.23e-16	88.2	1105	59372272	69
XP_028550950.1	SUPER_15	41.761	352	193	4	308	649	22991432	22990383	3.41e-74	275	1105	31434786	56
XP_028550950.1	SUPER_15	59.574	94	36	2	833	925	22989786	22989508	2.95e-24	115	1105	31434786	56
XP_028550950.1	SUPER_15	38.739	111	67	1	356	465	29218736	29219068	8.78e-22	80.1	1105	31434786	56
XP_028550950.1	SUPER_15	47.917	48	24	1	308	355	29218596	29218736	8.78e-22	48.1	1105	31434786	56
XP_028550950.1	SUPER_15	48.421	95	48	1	1012	1105	22988461	22988177	6.16e-17	91.3	1105	31434786	56
XP_028550950.1	SUPER_15	48.387	93	48	0	925	1017	22988865	22988587	1.06e-15	87.0	1105	31434786	56
XP_028550949.1	SUPER_3	41.436	362	198	5	393	744	3286436	3285363	6.50e-77	285	1200	59372272	64
XP_028550949.1	SUPER_3	41.436	362	198	5	393	744	9598737	9599810	1.28e-76	284	1200	59372272	64
XP_028550949.1	SUPER_3	42.128	235	75	5	787	1020	9600159	9600683	6.23e-28	127	1200	59372272	64
XP_028550949.1	SUPER_3	42.000	150	86	1	436	584	2358947	2358498	1.71e-26	112	1200	59372272	64
XP_028550949.1	SUPER_3	52.000	25	12	0	403	427	2359036	2358962	1.71e-26	32.0	1200	59372272	64
XP_028550949.1	SUPER_3	48.421	95	48	1	1107	1200	9601734	9602018	5.38e-17	91.7	1200	59372272	64
XP_028550949.1	SUPER_3	39.423	208	66	4	787	994	3285014	3284571	9.54e-17	90.9	1200	59372272	64
XP_028550949.1	SUPER_3	48.387	93	48	0	1020	1112	9601331	9601609	5.40e-16	88.2	1200	59372272	64
XP_028550949.1	SUPER_15	41.761	352	193	4	403	744	22991432	22990383	5.66e-74	275	1200	31434786	51
XP_028550949.1	SUPER_15	59.574	94	36	2	928	1020	22989786	22989508	3.63e-24	115	1200	31434786	51
XP_028550949.1	SUPER_15	38.739	111	67	1	451	560	29218736	29219068	4.17e-22	80.9	1200	31434786	51
XP_028550949.1	SUPER_15	47.917	48	24	1	403	450	29218596	29218736	4.17e-22	48.5	1200	31434786	51
XP_028550949.1	SUPER_15	48.421	95	48	1	1107	1200	22988461	22988177	2.89e-17	92.4	1200	31434786	51
XP_028550949.1	SUPER_15	48.387	93	48	0	1020	1112	22988865	22988587	9.66e-16	87.4	1200	31434786	51
XP_020672270.2	SUPER_3	41.436	362	198	5	411	762	3286436	3285363	8.20e-77	285	1218	59372272	63
XP_020672270.2	SUPER_3	41.436	362	198	5	411	762	9598737	9599810	1.34e-76	284	1218	59372272	63
XP_020672270.2	SUPER_3	42.128	235	75	5	805	1038	9600159	9600683	6.04e-28	127	1218	59372272	63
XP_020672270.2	SUPER_3	42.000	150	86	1	454	602	2358947	2358498	1.67e-26	112	1218	59372272	63
XP_020672270.2	SUPER_3	52.000	25	12	0	421	445	2359036	2358962	1.67e-26	32.0	1218	59372272	63
XP_020672270.2	SUPER_3	48.421	95	48	1	1125	1218	9601734	9602018	5.89e-17	91.7	1218	59372272	63
XP_020672270.2	SUPER_3	39.423	208	66	4	805	1012	3285014	3284571	8.52e-17	90.9	1218	59372272	63
XP_020672270.2	SUPER_3	48.387	93	48	0	1038	1130	9601331	9601609	5.25e-16	88.2	1218	59372272	63
XP_020672270.2	SUPER_15	41.761	352	193	4	421	762	22991432	22990383	5.38e-74	276	1218	31434786	50
XP_020672270.2	SUPER_15	59.574	94	36	2	946	1038	22989786	22989508	3.76e-24	115	1218	31434786	50
XP_020672270.2	SUPER_15	38.739	111	67	1	469	578	29218736	29219068	4.03e-22	80.9	1218	31434786	50
XP_020672270.2	SUPER_15	47.917	48	24	1	421	468	29218596	29218736	4.03e-22	48.5	1218	31434786	50
XP_020672270.2	SUPER_15	48.421	95	48	1	1125	1218	22988461	22988177	3.18e-17	92.4	1218	31434786	50
XP_020672270.2	SUPER_15	48.387	93	48	0	1038	1130	22988865	22988587	9.78e-16	87.4	1218	31434786	50
XP_024531885.1	SUPER_3	31.507	365	180	8	292	611	9598770	9599789	2.57e-43	176	1000	59372272	56
XP_024531885.1	SUPER_3	31.233	365	181	8	292	611	3286403	3285384	8.61e-43	175	1000	59372272	56
XP_024531885.1	SUPER_3	37.714	175	98	3	660	823	9600159	9600683	6.62e-24	114	1000	59372272	56
XP_024531885.1	SUPER_3	55.556	72	32	0	823	894	9601331	9601546	9.64e-16	87.0	1000	59372272	56
XP_024531885.1	SUPER_3	35.659	129	74	1	665	784	3284999	3284613	3.69e-14	82.0	1000	59372272	56
XP_024531885.1	SUPER_3	26.490	151	86	4	315	442	2358965	2358519	1.39e-11	65.5	1000	59372272	56
XP_024531885.1	SUPER_3	37.931	29	18	0	285	313	2359048	2358962	1.39e-11	27.7	1000	59372272	56
XP_024531885.1	SUPER_15	31.579	361	185	9	292	611	22991423	22990404	4.10e-42	172	1000	31434786	61
XP_024531885.1	SUPER_15	37.714	175	98	3	660	823	22990032	22989508	1.00e-23	113	1000	31434786	61
XP_024531885.1	SUPER_15	27.083	96	64	1	334	423	29218778	29219065	6.44e-17	58.5	1000	31434786	61
XP_024531885.1	SUPER_15	30.769	104	49	2	233	336	29218494	29218736	6.44e-17	53.1	1000	31434786	61
XP_024531885.1	SUPER_15	55.556	72	32	0	823	894	22988865	22988650	1.02e-15	87.0	1000	31434786	61
XP_024531884.1	SUPER_3	31.421	366	179	9	308	627	9598770	9599789	2.90e-43	176	1016	59372272	55
XP_024531884.1	SUPER_3	31.148	366	180	9	308	627	3286403	3285384	9.28e-43	175	1016	59372272	55
XP_024531884.1	SUPER_3	37.714	175	98	3	676	839	9600159	9600683	8.24e-24	113	1016	59372272	55
XP_024531884.1	SUPER_3	55.556	72	32	0	839	910	9601331	9601546	9.48e-16	87.0	1016	59372272	55
XP_024531884.1	SUPER_3	35.659	129	74	1	681	800	3284999	3284613	3.91e-14	81.6	1016	59372272	55
XP_024531884.1	SUPER_3	26.490	151	86	4	331	458	2358965	2358519	1.44e-11	65.5	1016	59372272	55
XP_024531884.1	SUPER_3	37.931	29	18	0	301	329	2359048	2358962	1.44e-11	27.7	1016	59372272	55
XP_024531884.1	SUPER_15	31.579	361	185	9	308	627	22991423	22990404	4.64e-42	172	1016	31434786	60
XP_024531884.1	SUPER_15	37.714	175	98	3	676	839	22990032	22989508	1.10e-23	113	1016	31434786	60
XP_024531884.1	SUPER_15	27.083	96	64	1	350	439	29218778	29219065	7.00e-17	58.5	1016	31434786	60
XP_024531884.1	SUPER_15	30.769	104	49	2	249	352	29218494	29218736	7.00e-17	53.1	1016	31434786	60
XP_024531884.1	SUPER_15	55.556	72	32	0	839	910	22988865	22988650	1.06e-15	87.0	1016	31434786	60
XP_024531883.1	SUPER_3	31.421	366	179	9	308	627	9598770	9599789	2.90e-43	176	1016	59372272	55
XP_024531883.1	SUPER_3	31.148	366	180	9	308	627	3286403	3285384	9.28e-43	175	1016	59372272	55
XP_024531883.1	SUPER_3	37.714	175	98	3	676	839	9600159	9600683	8.24e-24	113	1016	59372272	55
XP_024531883.1	SUPER_3	55.556	72	32	0	839	910	9601331	9601546	9.48e-16	87.0	1016	59372272	55
XP_024531883.1	SUPER_3	35.659	129	74	1	681	800	3284999	3284613	3.91e-14	81.6	1016	59372272	55
XP_024531883.1	SUPER_3	26.490	151	86	4	331	458	2358965	2358519	1.44e-11	65.5	1016	59372272	55
XP_024531883.1	SUPER_3	37.931	29	18	0	301	329	2359048	2358962	1.44e-11	27.7	1016	59372272	55
XP_024531883.1	SUPER_15	31.579	361	185	9	308	627	22991423	22990404	4.64e-42	172	1016	31434786	60
XP_024531883.1	SUPER_15	37.714	175	98	3	676	839	22990032	22989508	1.10e-23	113	1016	31434786	60
XP_024531883.1	SUPER_15	27.083	96	64	1	350	439	29218778	29219065	7.00e-17	58.5	1016	31434786	60
XP_024531883.1	SUPER_15	30.769	104	49	2	249	352	29218494	29218736	7.00e-17	53.1	1016	31434786	60
XP_024531883.1	SUPER_15	55.556	72	32	0	839	910	22988865	22988650	1.06e-15	87.0	1016	31434786	60
XP_024376607.1	SUPER_15	28.065	367	224	6	528	881	22991423	22990404	8.21e-40	166	1301	31434786	49
XP_024376607.1	SUPER_15	37.306	193	98	5	935	1125	22990017	22989502	9.80e-25	117	1301	31434786	49
XP_024376607.1	SUPER_15	40.860	93	55	0	1123	1215	22988865	22988587	1.61e-13	80.5	1301	31434786	49
XP_024376607.1	SUPER_15	34.043	47	31	0	631	677	29218910	29219050	1.48e-06	57.4	1301	31434786	49
XP_024376607.1	SUPER_3	26.790	433	271	8	528	947	9598770	9599969	3.23e-39	164	1301	59372272	53
XP_024376607.1	SUPER_3	26.790	433	271	8	528	947	3286403	3285204	3.93e-39	164	1301	59372272	53
XP_024376607.1	SUPER_3	36.979	192	100	5	935	1125	9600174	9600689	9.08e-25	117	1301	59372272	53
XP_024376607.1	SUPER_3	35.172	145	76	3	935	1079	3284999	3284619	2.49e-15	86.3	1301	59372272	53
XP_024376607.1	SUPER_3	41.935	93	54	0	1123	1215	9601331	9601609	4.31e-14	82.0	1301	59372272	53
XP_024376607.1	SUPER_3	30.137	73	51	0	633	705	2358722	2358504	6.03e-07	58.5	1301	59372272	53
XP_024376598.1	SUPER_15	28.065	367	224	6	529	882	22991423	22990404	7.63e-40	166	1302	31434786	49
XP_024376598.1	SUPER_15	37.306	193	98	5	936	1126	22990017	22989502	9.81e-25	117	1302	31434786	49
XP_024376598.1	SUPER_15	40.860	93	55	0	1124	1216	22988865	22988587	1.62e-13	80.5	1302	31434786	49
XP_024376598.1	SUPER_15	34.043	47	31	0	632	678	29218910	29219050	1.48e-06	57.4	1302	31434786	49
XP_024376598.1	SUPER_3	26.790	433	271	8	529	948	9598770	9599969	3.05e-39	164	1302	59372272	53
XP_024376598.1	SUPER_3	26.790	433	271	8	529	948	3286403	3285204	3.68e-39	164	1302	59372272	53
XP_024376598.1	SUPER_3	36.979	192	100	5	936	1126	9600174	9600689	9.09e-25	117	1302	59372272	53
XP_024376598.1	SUPER_3	35.172	145	76	3	936	1080	3284999	3284619	2.50e-15	86.3	1302	59372272	53
XP_024376598.1	SUPER_3	41.935	93	54	0	1124	1216	9601331	9601609	4.14e-14	82.4	1302	59372272	53
XP_024376598.1	SUPER_3	30.137	73	51	0	634	706	2358722	2358504	5.83e-07	58.5	1302	59372272	53
XP_024376588.1	SUPER_15	28.065	367	224	6	533	886	22991423	22990404	8.58e-40	166	1306	31434786	49
XP_024376588.1	SUPER_15	37.306	193	98	5	940	1130	22990017	22989502	9.86e-25	117	1306	31434786	49
XP_024376588.1	SUPER_15	40.860	93	55	0	1128	1220	22988865	22988587	1.71e-13	80.1	1306	31434786	49
XP_024376588.1	SUPER_15	34.043	47	31	0	636	682	29218910	29219050	1.49e-06	57.4	1306	31434786	49
XP_024376588.1	SUPER_3	26.790	433	271	8	533	952	9598770	9599969	3.37e-39	164	1306	59372272	53
XP_024376588.1	SUPER_3	26.790	433	271	8	533	952	3286403	3285204	3.96e-39	164	1306	59372272	53
XP_024376588.1	SUPER_3	36.979	192	100	5	940	1130	9600174	9600689	8.76e-25	117	1306	59372272	53
XP_024376588.1	SUPER_3	35.172	145	76	3	940	1084	3284999	3284619	2.51e-15	86.3	1306	59372272	53
XP_024376588.1	SUPER_3	41.935	93	54	0	1128	1220	9601331	9601609	4.41e-14	82.0	1306	59372272	53
XP_024376588.1	SUPER_3	30.137	73	51	0	638	710	2358722	2358504	6.11e-07	58.5	1306	59372272	53
XP_024376582.1	SUPER_15	28.065	367	224	6	534	887	22991423	22990404	8.17e-40	166	1307	31434786	49
XP_024376582.1	SUPER_15	37.306	193	98	5	941	1131	22990017	22989502	9.87e-25	117	1307	31434786	49
XP_024376582.1	SUPER_15	40.860	93	55	0	1129	1221	22988865	22988587	1.62e-13	80.5	1307	31434786	49
XP_024376582.1	SUPER_15	34.043	47	31	0	637	683	29218910	29219050	1.49e-06	57.4	1307	31434786	49
XP_024376582.1	SUPER_3	26.790	433	271	8	534	953	9598770	9599969	3.16e-39	164	1307	59372272	53
XP_024376582.1	SUPER_3	26.790	433	271	8	534	953	3286403	3285204	3.65e-39	164	1307	59372272	53
XP_024376582.1	SUPER_3	36.979	192	100	5	941	1131	9600174	9600689	9.15e-25	117	1307	59372272	53
XP_024376582.1	SUPER_3	35.172	145	76	3	941	1085	3284999	3284619	2.51e-15	86.3	1307	59372272	53
XP_024376582.1	SUPER_3	41.935	93	54	0	1129	1221	9601331	9601609	4.16e-14	82.4	1307	59372272	53
XP_024376582.1	SUPER_3	30.137	73	51	0	639	711	2358722	2358504	5.86e-07	58.5	1307	59372272	53
XP_024376576.1	SUPER_15	28.065	367	224	6	549	902	22991423	22990404	7.72e-40	166	1322	31434786	48
XP_024376576.1	SUPER_15	37.306	193	98	5	956	1146	22990017	22989502	1.12e-24	117	1322	31434786	48
XP_024376576.1	SUPER_15	40.860	93	55	0	1144	1236	22988865	22988587	1.65e-13	80.5	1322	31434786	48
XP_024376576.1	SUPER_15	34.043	47	31	0	652	698	29218910	29219050	1.30e-06	57.4	1322	31434786	48
XP_024376576.1	SUPER_3	26.790	433	271	8	549	968	9598770	9599969	3.14e-39	164	1322	59372272	52
XP_024376576.1	SUPER_3	26.790	433	271	8	549	968	3286403	3285204	3.56e-39	164	1322	59372272	52
XP_024376576.1	SUPER_3	36.979	192	100	5	956	1146	9600174	9600689	9.65e-25	117	1322	59372272	52
XP_024376576.1	SUPER_3	35.172	145	76	3	956	1100	3284999	3284619	2.87e-15	86.3	1322	59372272	52
XP_024376576.1	SUPER_3	41.935	93	54	0	1144	1236	9601331	9601609	4.23e-14	82.4	1322	59372272	52
XP_024376576.1	SUPER_3	30.137	73	51	0	654	726	2358722	2358504	5.56e-07	58.9	1322	59372272	52
XP_024376567.1	SUPER_15	28.065	367	224	6	555	908	22991423	22990404	7.87e-40	166	1328	31434786	48
XP_024376567.1	SUPER_15	37.306	193	98	5	962	1152	22990017	22989502	1.06e-24	117	1328	31434786	48
XP_024376567.1	SUPER_15	40.860	93	55	0	1150	1242	22988865	22988587	1.63e-13	80.5	1328	31434786	48
XP_024376567.1	SUPER_15	34.043	47	31	0	658	704	29218910	29219050	1.33e-06	57.4	1328	31434786	48
XP_024376567.1	SUPER_3	26.790	433	271	8	555	974	9598770	9599969	2.94e-39	165	1328	59372272	52
XP_024376567.1	SUPER_3	26.790	433	271	8	555	974	3286403	3285204	3.76e-39	164	1328	59372272	52
XP_024376567.1	SUPER_3	36.979	192	100	5	962	1152	9600174	9600689	9.72e-25	117	1328	59372272	52
XP_024376567.1	SUPER_3	35.172	145	76	3	962	1106	3284999	3284619	2.75e-15	86.3	1328	59372272	52
XP_024376567.1	SUPER_3	41.935	93	54	0	1150	1242	9601331	9601609	4.22e-14	82.4	1328	59372272	52
XP_024376567.1	SUPER_3	30.137	73	51	0	660	732	2358722	2358504	5.59e-07	58.9	1328	59372272	52
XP_024376557.1	SUPER_15	28.065	367	224	6	559	912	22991423	22990404	7.99e-40	166	1332	31434786	48
XP_024376557.1	SUPER_15	37.306	193	98	5	966	1156	22990017	22989502	1.06e-24	117	1332	31434786	48
XP_024376557.1	SUPER_15	40.860	93	55	0	1154	1246	22988865	22988587	1.67e-13	80.5	1332	31434786	48
XP_024376557.1	SUPER_15	34.043	47	31	0	662	708	29218910	29219050	1.33e-06	57.4	1332	31434786	48
XP_024376557.1	SUPER_3	26.790	433	271	8	559	978	9598770	9599969	3.17e-39	164	1332	59372272	52
XP_024376557.1	SUPER_3	26.790	433	271	8	559	978	3286403	3285204	3.82e-39	164	1332	59372272	52
XP_024376557.1	SUPER_3	36.979	192	100	5	966	1156	9600174	9600689	9.77e-25	117	1332	59372272	52
XP_024376557.1	SUPER_3	35.172	145	76	3	966	1110	3284999	3284619	2.78e-15	86.3	1332	59372272	52
XP_024376557.1	SUPER_3	41.935	93	54	0	1154	1246	9601331	9601609	4.27e-14	82.4	1332	59372272	52
XP_024376557.1	SUPER_3	30.137	73	51	0	664	736	2358722	2358504	5.85e-07	58.5	1332	59372272	52
XP_024376548.1	SUPER_15	28.065	367	224	6	560	913	22991423	22990404	8.14e-40	166	1333	31434786	48
XP_024376548.1	SUPER_15	37.306	193	98	5	967	1157	22990017	22989502	1.06e-24	117	1333	31434786	48
XP_024376548.1	SUPER_15	40.860	93	55	0	1155	1247	22988865	22988587	1.67e-13	80.5	1333	31434786	48
XP_024376548.1	SUPER_15	34.043	47	31	0	663	709	29218910	29219050	1.33e-06	57.4	1333	31434786	48
XP_024376548.1	SUPER_3	26.790	433	271	8	560	979	9598770	9599969	3.20e-39	164	1333	59372272	52
XP_024376548.1	SUPER_3	26.790	433	271	8	560	979	3286403	3285204	3.76e-39	164	1333	59372272	52
XP_024376548.1	SUPER_3	36.979	192	100	5	967	1157	9600174	9600689	9.62e-25	117	1333	59372272	52
XP_024376548.1	SUPER_3	35.172	145	76	3	967	1111	3284999	3284619	2.76e-15	86.3	1333	59372272	52
XP_024376548.1	SUPER_3	41.935	93	54	0	1155	1247	9601331	9601609	4.27e-14	82.4	1333	59372272	52
XP_024376548.1	SUPER_3	30.137	73	51	0	665	737	2358722	2358504	5.61e-07	58.9	1333	59372272	52
PKU78836.1	SUPER_3	38.047	297	172	4	1	287	3286247	3285363	1.45e-58	208	363	59372272	79
PKU78836.1	SUPER_3	38.047	297	172	4	1	287	9598926	9599810	1.99e-58	208	363	59372272	79
PKU78836.1	SUPER_3	39.844	128	76	1	1	127	2358881	2358498	1.43e-16	85.5	363	59372272	79
PKU78836.1	SUPER_15	38.384	297	171	4	1	287	22991267	22990383	4.60e-57	204	363	31434786	79
PKU78836.1	SUPER_15	37.500	104	64	1	1	103	29218757	29219068	1.02e-11	70.5	363	31434786	79
XP_021912651.1	SUPER_3	50.718	418	162	8	154	542	3286469	3285261	2.11e-105	365	932	59372272	79
XP_021912651.1	SUPER_3	50.718	418	162	8	154	542	9598704	9599912	2.55e-105	364	932	59372272	79
XP_021912651.1	SUPER_3	50.323	155	73	2	199	350	2358965	2358504	3.71e-38	137	932	59372272	79
XP_021912651.1	SUPER_3	47.727	44	23	0	154	197	2359093	2358962	3.71e-38	45.4	932	59372272	79
XP_021912651.1	SUPER_3	48.677	189	87	3	546	733	9600153	9600692	1.33e-36	154	932	59372272	79
XP_021912651.1	SUPER_3	65.591	93	32	0	730	822	9601331	9601609	3.37e-31	137	932	59372272	79
XP_021912651.1	SUPER_3	48.101	158	73	2	546	703	3285020	3284574	6.77e-26	120	932	59372272	79
XP_021912651.1	SUPER_3	61.039	77	29	1	819	895	9601740	9601967	7.54e-09	64.3	932	59372272	79
XP_021912651.1	SUPER_15	49.292	424	171	8	148	542	22991507	22990281	4.72e-102	355	932	31434786	80
XP_021912651.1	SUPER_15	48.677	189	87	3	546	733	22990038	22989499	3.39e-37	156	932	31434786	80
XP_021912651.1	SUPER_15	51.351	111	51	1	221	328	29218736	29219068	7.74e-37	106	932	31434786	80
XP_021912651.1	SUPER_15	55.224	67	29	1	154	220	29218539	29218736	7.74e-37	72.4	932	31434786	80
XP_021912651.1	SUPER_15	38.889	18	11	0	333	350	29219070	29219123	7.74e-37	20.4	932	31434786	80
XP_021912651.1	SUPER_15	66.667	93	31	0	730	822	22988865	22988587	2.51e-32	140	932	31434786	80
XP_021912651.1	SUPER_15	47.458	118	59	3	779	895	22988575	22988228	9.46e-09	63.9	932	31434786	80
XP_021912650.1	SUPER_3	50.718	418	162	8	375	763	3286469	3285261	4.33e-104	367	1153	59372272	80
XP_021912650.1	SUPER_3	50.718	418	162	8	375	763	9598704	9599912	4.37e-104	367	1153	59372272	80
XP_021912650.1	SUPER_3	50.323	155	73	2	420	571	2358965	2358504	3.74e-38	138	1153	59372272	80
XP_021912650.1	SUPER_3	47.727	44	23	0	375	418	2359093	2358962	3.74e-38	45.4	1153	59372272	80
XP_021912650.1	SUPER_3	48.677	189	87	3	767	954	9600153	9600692	1.60e-36	155	1153	59372272	80
XP_021912650.1	SUPER_3	65.591	93	32	0	951	1043	9601331	9601609	8.16e-31	136	1153	59372272	80
XP_021912650.1	SUPER_3	48.101	158	73	2	767	924	3285020	3284574	7.45e-26	120	1153	59372272	80
XP_021912650.1	SUPER_3	52.632	95	43	2	7	101	3292144	3291866	3.47e-15	85.5	1153	59372272	80
XP_021912650.1	SUPER_3	53.684	95	42	2	7	101	9593030	9593308	3.53e-15	85.5	1153	59372272	80
XP_021912650.1	SUPER_3	61.039	77	29	1	1040	1116	9601740	9601967	8.35e-09	64.7	1153	59372272	80
XP_021912650.1	SUPER_3	32.824	131	51	2	109	202	9595204	9595596	4.23e-08	62.4	1153	59372272	80
XP_021912650.1	SUPER_3	32.824	131	51	2	109	202	3289969	3289577	4.23e-08	62.4	1153	59372272	80
XP_021912650.1	SUPER_15	49.292	424	171	8	369	763	22991507	22990281	6.01e-101	357	1153	31434786	79
XP_021912650.1	SUPER_15	48.677	189	87	3	767	954	22990038	22989499	4.09e-37	157	1153	31434786	79
XP_021912650.1	SUPER_15	51.351	111	51	1	442	549	29218736	29219068	5.50e-37	107	1153	31434786	79
XP_021912650.1	SUPER_15	55.224	67	29	1	375	441	29218539	29218736	5.50e-37	72.4	1153	31434786	79
XP_021912650.1	SUPER_15	66.667	93	31	0	951	1043	22988865	22988587	5.78e-32	140	1153	31434786	79
XP_021912650.1	SUPER_15	50.000	108	52	2	3	110	22997801	22997484	4.28e-15	85.1	1153	31434786	79
XP_021912650.1	SUPER_15	47.458	118	59	3	1000	1116	22988575	22988228	9.47e-09	64.3	1153	31434786	79
XP_021912650.1	SUPER_15	50.794	63	28	1	143	202	22994792	22994604	4.84e-08	62.0	1153	31434786	79
AQL06529.1	SUPER_3	31.831	355	186	6	57	357	3286418	3285360	2.04e-41	167	735	59372272	84
AQL06529.1	SUPER_3	31.831	355	186	6	57	357	9598755	9599813	4.00e-41	167	735	59372272	84
AQL06529.1	SUPER_3	50.595	168	71	4	403	558	9600186	9600689	1.84e-28	127	735	59372272	84
AQL06529.1	SUPER_3	61.111	72	27	1	556	626	9601331	9601546	1.02e-16	89.4	735	59372272	84
AQL06529.1	SUPER_3	47.826	138	61	3	403	529	3284987	3284574	6.16e-16	87.0	735	59372272	84
AQL06529.1	SUPER_3	40.860	93	55	0	643	735	9601740	9602018	1.95e-13	79.0	735	59372272	84
AQL06529.1	SUPER_3	35.385	130	74	2	95	214	2358938	2358549	2.73e-12	67.4	735	59372272	84
AQL06529.1	SUPER_3	59.091	22	9	0	62	83	2359027	2358962	2.73e-12	28.1	735	59372272	84
AQL06529.1	SUPER_15	32.102	352	180	6	56	349	22991450	22990398	5.67e-40	163	735	31434786	85
AQL06529.1	SUPER_15	51.786	168	69	4	403	558	22990005	22989502	4.61e-30	132	735	31434786	85
AQL06529.1	SUPER_15	59.722	72	28	1	556	626	22988865	22988650	2.07e-16	88.6	735	31434786	85
AQL06529.1	SUPER_15	33.636	110	63	2	108	207	29218739	29219068	2.66e-14	57.4	735	31434786	85
AQL06529.1	SUPER_15	49.091	55	24	2	56	107	29218578	29218739	2.66e-14	44.7	735	31434786	85
AQL06529.1	SUPER_15	33.835	133	87	1	604	735	22988575	22988177	1.25e-13	79.3	735	31434786	85
AQL06528.1	SUPER_3	30.141	355	172	7	88	368	3286418	3285360	2.38e-35	148	657	59372272	80
AQL06528.1	SUPER_3	30.141	355	172	7	88	368	9598755	9599813	3.86e-35	147	657	59372272	80
AQL06528.1	SUPER_3	50.595	168	71	4	414	569	9600186	9600689	1.62e-28	126	657	59372272	80
AQL06528.1	SUPER_3	47.826	138	61	3	414	540	3284987	3284574	5.52e-16	86.7	657	59372272	80
AQL06528.1	SUPER_3	41.111	90	53	0	568	657	9601749	9602018	2.96e-13	77.8	657	59372272	80
AQL06528.1	SUPER_3	35.385	130	74	2	126	245	2358938	2358549	2.25e-12	67.8	657	59372272	80
AQL06528.1	SUPER_3	59.091	22	9	0	93	114	2359027	2358962	2.25e-12	27.7	657	59372272	80
AQL06528.1	SUPER_15	30.398	352	166	7	87	360	22991450	22990398	3.97e-34	144	657	31434786	79
AQL06528.1	SUPER_15	51.786	168	69	4	414	569	22990005	22989502	4.49e-30	131	657	31434786	79
AQL06528.1	SUPER_15	33.636	110	63	2	139	238	29218739	29219068	2.20e-14	57.8	657	31434786	79
AQL06528.1	SUPER_15	49.091	55	24	2	87	138	29218578	29218739	2.20e-14	44.3	657	31434786	79
AQL06528.1	SUPER_15	32.414	145	83	3	513	657	22988566	22988177	1.23e-13	79.0	657	31434786	79
AQL06526.1	SUPER_3	31.831	355	186	6	488	788	3286418	3285360	2.46e-41	171	1166	59372272	53
AQL06526.1	SUPER_3	31.831	355	186	6	488	788	9598755	9599813	4.00e-41	170	1166	59372272	53
AQL06526.1	SUPER_3	50.595	168	71	4	834	989	9600186	9600689	4.42e-28	127	1166	59372272	53
AQL06526.1	SUPER_3	61.111	72	27	1	987	1057	9601331	9601546	1.39e-16	90.1	1166	59372272	53
AQL06526.1	SUPER_3	47.826	138	61	3	834	960	3284987	3284574	8.36e-16	87.4	1166	59372272	53
AQL06526.1	SUPER_3	40.860	93	55	0	1074	1166	9601740	9602018	8.22e-14	80.9	1166	59372272	53
AQL06526.1	SUPER_3	35.385	130	74	2	526	645	2358938	2358549	7.53e-13	69.7	1166	59372272	53
AQL06526.1	SUPER_3	59.091	22	9	0	493	514	2359027	2358962	7.53e-13	28.1	1166	59372272	53
AQL06526.1	SUPER_15	31.667	360	185	7	487	788	22991450	22990380	7.12e-40	166	1166	31434786	54
AQL06526.1	SUPER_15	51.786	168	69	4	834	989	22990005	22989502	1.26e-29	132	1166	31434786	54
AQL06526.1	SUPER_15	59.722	72	28	1	987	1057	22988865	22988650	2.66e-16	89.4	1166	31434786	54
AQL06526.1	SUPER_15	33.636	110	63	2	539	638	29218739	29219068	5.34e-15	59.7	1166	31434786	54
AQL06526.1	SUPER_15	49.091	55	24	2	487	538	29218578	29218739	5.34e-15	45.8	1166	31434786	54
AQL06526.1	SUPER_15	34.074	135	84	2	1035	1166	22988575	22988177	5.58e-14	81.6	1166	31434786	54
AQL06525.1	SUPER_3	31.831	355	186	6	347	647	3286418	3285360	1.31e-40	168	1025	59372272	60
AQL06525.1	SUPER_3	31.831	355	186	6	347	647	9598755	9599813	2.16e-40	167	1025	59372272	60
AQL06525.1	SUPER_3	50.595	168	71	4	693	848	9600186	9600689	1.03e-27	126	1025	59372272	60
AQL06525.1	SUPER_3	61.111	72	27	1	846	916	9601331	9601546	2.23e-16	89.4	1025	59372272	60
AQL06525.1	SUPER_3	47.826	138	61	3	693	819	3284987	3284574	1.90e-15	86.3	1025	59372272	60
AQL06525.1	SUPER_3	40.860	93	55	0	933	1025	9601740	9602018	1.31e-13	80.1	1025	59372272	60
AQL06525.1	SUPER_3	35.385	130	74	2	385	504	2358938	2358549	2.19e-12	68.2	1025	59372272	60
AQL06525.1	SUPER_3	59.091	22	9	0	352	373	2359027	2358962	2.19e-12	28.1	1025	59372272	60
AQL06525.1	SUPER_15	32.102	352	180	6	346	639	22991450	22990398	3.16e-39	163	1025	31434786	61
AQL06525.1	SUPER_15	51.786	168	69	4	693	848	22990005	22989502	2.79e-29	131	1025	31434786	61
AQL06525.1	SUPER_15	59.722	72	28	1	846	916	22988865	22988650	4.69e-16	88.2	1025	31434786	61
AQL06525.1	SUPER_15	33.636	110	63	2	398	497	29218739	29219068	1.76e-14	58.5	1025	31434786	61
AQL06525.1	SUPER_15	49.091	55	24	2	346	397	29218578	29218739	1.76e-14	45.1	1025	31434786	61
AQL06525.1	SUPER_15	34.074	135	84	2	894	1025	22988575	22988177	9.77e-14	80.5	1025	31434786	61
AQL06524.1	SUPER_3	30.141	355	172	7	88	368	3286418	3285360	2.38e-35	148	657	59372272	80
AQL06524.1	SUPER_3	30.141	355	172	7	88	368	9598755	9599813	3.86e-35	147	657	59372272	80
AQL06524.1	SUPER_3	50.595	168	71	4	414	569	9600186	9600689	1.62e-28	126	657	59372272	80
AQL06524.1	SUPER_3	47.826	138	61	3	414	540	3284987	3284574	5.52e-16	86.7	657	59372272	80
AQL06524.1	SUPER_3	41.111	90	53	0	568	657	9601749	9602018	2.96e-13	77.8	657	59372272	80
AQL06524.1	SUPER_3	35.385	130	74	2	126	245	2358938	2358549	2.25e-12	67.8	657	59372272	80
AQL06524.1	SUPER_3	59.091	22	9	0	93	114	2359027	2358962	2.25e-12	27.7	657	59372272	80
AQL06524.1	SUPER_15	30.398	352	166	7	87	360	22991450	22990398	3.97e-34	144	657	31434786	79
AQL06524.1	SUPER_15	51.786	168	69	4	414	569	22990005	22989502	4.49e-30	131	657	31434786	79
AQL06524.1	SUPER_15	33.636	110	63	2	139	238	29218739	29219068	2.20e-14	57.8	657	31434786	79
AQL06524.1	SUPER_15	49.091	55	24	2	87	138	29218578	29218739	2.20e-14	44.3	657	31434786	79
AQL06524.1	SUPER_15	32.414	145	83	3	513	657	22988566	22988177	1.23e-13	79.0	657	31434786	79
AQL06523.1	SUPER_3	31.831	355	186	6	483	783	3286418	3285360	3.27e-41	171	1161	59372272	53
AQL06523.1	SUPER_3	31.831	355	186	6	483	783	9598755	9599813	5.59e-41	170	1161	59372272	53
AQL06523.1	SUPER_3	50.595	168	71	4	829	984	9600186	9600689	4.41e-28	127	1161	59372272	53
AQL06523.1	SUPER_3	61.111	72	27	1	982	1052	9601331	9601546	1.35e-16	90.1	1161	59372272	53
AQL06523.1	SUPER_3	47.826	138	61	3	829	955	3284987	3284574	8.10e-16	87.8	1161	59372272	53
AQL06523.1	SUPER_3	40.860	93	55	0	1069	1161	9601740	9602018	8.89e-14	80.9	1161	59372272	53
AQL06523.1	SUPER_3	35.385	130	74	2	521	640	2358938	2358549	9.11e-13	69.3	1161	59372272	53
AQL06523.1	SUPER_3	59.091	22	9	0	488	509	2359027	2358962	9.11e-13	28.1	1161	59372272	53
AQL06523.1	SUPER_15	31.667	360	185	7	482	783	22991450	22990380	1.02e-39	166	1161	31434786	55
AQL06523.1	SUPER_15	51.786	168	69	4	829	984	22990005	22989502	1.19e-29	133	1161	31434786	55
AQL06523.1	SUPER_15	59.722	72	28	1	982	1052	22988865	22988650	2.64e-16	89.4	1161	31434786	55
AQL06523.1	SUPER_15	33.636	110	63	2	534	633	29218739	29219068	7.18e-15	59.3	1161	31434786	55
AQL06523.1	SUPER_15	49.091	55	24	2	482	533	29218578	29218739	7.18e-15	45.8	1161	31434786	55
AQL06523.1	SUPER_15	34.074	135	84	2	1030	1161	22988575	22988177	5.50e-14	81.6	1161	31434786	55
AQL06522.1	SUPER_3	31.831	355	186	6	510	810	3286418	3285360	2.24e-41	171	1188	59372272	52
AQL06522.1	SUPER_3	31.831	355	186	6	510	810	9598755	9599813	3.92e-41	170	1188	59372272	52
AQL06522.1	SUPER_3	50.595	168	71	4	856	1011	9600186	9600689	4.47e-28	127	1188	59372272	52
AQL06522.1	SUPER_3	61.111	72	27	1	1009	1079	9601331	9601546	1.36e-16	90.1	1188	59372272	52
AQL06522.1	SUPER_3	47.826	138	61	3	856	982	3284987	3284574	8.46e-16	87.8	1188	59372272	52
AQL06522.1	SUPER_3	40.860	93	55	0	1096	1188	9601740	9602018	8.44e-14	80.9	1188	59372272	52
AQL06522.1	SUPER_3	35.385	130	74	2	548	667	2358938	2358549	8.14e-13	69.7	1188	59372272	52
AQL06522.1	SUPER_3	59.091	22	9	0	515	536	2359027	2358962	8.14e-13	28.1	1188	59372272	52
AQL06522.1	SUPER_15	31.667	360	185	7	509	810	22991450	22990380	5.93e-40	166	1188	31434786	53
AQL06522.1	SUPER_15	51.786	168	69	4	856	1011	22990005	22989502	1.14e-29	133	1188	31434786	53
AQL06522.1	SUPER_15	59.722	72	28	1	1009	1079	22988865	22988650	2.52e-16	89.4	1188	31434786	53
AQL06522.1	SUPER_15	33.636	110	63	2	561	660	29218739	29219068	5.36e-15	59.7	1188	31434786	53
AQL06522.1	SUPER_15	49.091	55	24	2	509	560	29218578	29218739	5.36e-15	45.8	1188	31434786	53
AQL06522.1	SUPER_15	34.074	135	84	2	1057	1188	22988575	22988177	5.68e-14	81.6	1188	31434786	53
AQL06521.1	SUPER_3	30.141	355	172	7	88	368	3286418	3285360	2.38e-35	148	657	59372272	80
AQL06521.1	SUPER_3	30.141	355	172	7	88	368	9598755	9599813	3.86e-35	147	657	59372272	80
AQL06521.1	SUPER_3	50.595	168	71	4	414	569	9600186	9600689	1.62e-28	126	657	59372272	80
AQL06521.1	SUPER_3	47.826	138	61	3	414	540	3284987	3284574	5.52e-16	86.7	657	59372272	80
AQL06521.1	SUPER_3	41.111	90	53	0	568	657	9601749	9602018	2.96e-13	77.8	657	59372272	80
AQL06521.1	SUPER_3	35.385	130	74	2	126	245	2358938	2358549	2.25e-12	67.8	657	59372272	80
AQL06521.1	SUPER_3	59.091	22	9	0	93	114	2359027	2358962	2.25e-12	27.7	657	59372272	80
AQL06521.1	SUPER_15	30.398	352	166	7	87	360	22991450	22990398	3.97e-34	144	657	31434786	79
AQL06521.1	SUPER_15	51.786	168	69	4	414	569	22990005	22989502	4.49e-30	131	657	31434786	79
AQL06521.1	SUPER_15	33.636	110	63	2	139	238	29218739	29219068	2.20e-14	57.8	657	31434786	79
AQL06521.1	SUPER_15	49.091	55	24	2	87	138	29218578	29218739	2.20e-14	44.3	657	31434786	79
AQL06521.1	SUPER_15	32.414	145	83	3	513	657	22988566	22988177	1.23e-13	79.0	657	31434786	79
AQL06520.1	SUPER_3	31.831	355	186	6	505	805	3286418	3285360	2.21e-41	171	1183	59372272	52
AQL06520.1	SUPER_3	31.831	355	186	6	505	805	9598755	9599813	3.87e-41	170	1183	59372272	52
AQL06520.1	SUPER_3	50.595	168	71	4	851	1006	9600186	9600689	3.65e-28	128	1183	59372272	52
AQL06520.1	SUPER_3	61.111	72	27	1	1004	1074	9601331	9601546	1.10e-16	90.5	1183	59372272	52
AQL06520.1	SUPER_3	47.826	138	61	3	851	977	3284987	3284574	7.79e-16	87.8	1183	59372272	52
AQL06520.1	SUPER_3	40.860	93	55	0	1091	1183	9601740	9602018	9.13e-14	80.9	1183	59372272	52
AQL06520.1	SUPER_3	35.385	130	74	2	543	662	2358938	2358549	7.35e-13	69.7	1183	59372272	52
AQL06520.1	SUPER_3	59.091	22	9	0	510	531	2359027	2358962	7.35e-13	28.1	1183	59372272	52
AQL06520.1	SUPER_15	31.667	360	185	7	504	805	22991450	22990380	5.47e-40	167	1183	31434786	54
AQL06520.1	SUPER_15	51.786	168	69	4	851	1006	22990005	22989502	1.05e-29	133	1183	31434786	54
AQL06520.1	SUPER_15	59.722	72	28	1	1004	1074	22988865	22988650	2.24e-16	89.4	1183	31434786	54
AQL06520.1	SUPER_15	33.636	110	63	2	556	655	29218739	29219068	5.34e-15	59.7	1183	31434786	54
AQL06520.1	SUPER_15	49.091	55	24	2	504	555	29218578	29218739	5.34e-15	45.8	1183	31434786	54
AQL06520.1	SUPER_15	34.074	135	84	2	1052	1183	22988575	22988177	5.70e-14	81.6	1183	31434786	54
AQL06519.1	SUPER_3	31.831	355	186	6	57	357	3286418	3285360	2.04e-41	167	735	59372272	84
AQL06519.1	SUPER_3	31.831	355	186	6	57	357	9598755	9599813	4.00e-41	167	735	59372272	84
AQL06519.1	SUPER_3	50.595	168	71	4	403	558	9600186	9600689	1.84e-28	127	735	59372272	84
AQL06519.1	SUPER_3	61.111	72	27	1	556	626	9601331	9601546	1.02e-16	89.4	735	59372272	84
AQL06519.1	SUPER_3	47.826	138	61	3	403	529	3284987	3284574	6.16e-16	87.0	735	59372272	84
AQL06519.1	SUPER_3	40.860	93	55	0	643	735	9601740	9602018	1.95e-13	79.0	735	59372272	84
AQL06519.1	SUPER_3	35.385	130	74	2	95	214	2358938	2358549	2.73e-12	67.4	735	59372272	84
AQL06519.1	SUPER_3	59.091	22	9	0	62	83	2359027	2358962	2.73e-12	28.1	735	59372272	84
AQL06519.1	SUPER_15	32.102	352	180	6	56	349	22991450	22990398	5.67e-40	163	735	31434786	85
AQL06519.1	SUPER_15	51.786	168	69	4	403	558	22990005	22989502	4.61e-30	132	735	31434786	85
AQL06519.1	SUPER_15	59.722	72	28	1	556	626	22988865	22988650	2.07e-16	88.6	735	31434786	85
AQL06519.1	SUPER_15	33.636	110	63	2	108	207	29218739	29219068	2.66e-14	57.4	735	31434786	85
AQL06519.1	SUPER_15	49.091	55	24	2	56	107	29218578	29218739	2.66e-14	44.7	735	31434786	85
AQL06519.1	SUPER_15	33.835	133	87	1	604	735	22988575	22988177	1.25e-13	79.3	735	31434786	85
AQL06518.1	SUPER_3	30.141	355	172	7	88	368	3286418	3285360	2.38e-35	148	657	59372272	80
AQL06518.1	SUPER_3	30.141	355	172	7	88	368	9598755	9599813	3.86e-35	147	657	59372272	80
AQL06518.1	SUPER_3	50.595	168	71	4	414	569	9600186	9600689	1.62e-28	126	657	59372272	80
AQL06518.1	SUPER_3	47.826	138	61	3	414	540	3284987	3284574	5.52e-16	86.7	657	59372272	80
AQL06518.1	SUPER_3	41.111	90	53	0	568	657	9601749	9602018	2.96e-13	77.8	657	59372272	80
AQL06518.1	SUPER_3	35.385	130	74	2	126	245	2358938	2358549	2.25e-12	67.8	657	59372272	80
AQL06518.1	SUPER_3	59.091	22	9	0	93	114	2359027	2358962	2.25e-12	27.7	657	59372272	80
AQL06518.1	SUPER_15	30.398	352	166	7	87	360	22991450	22990398	3.97e-34	144	657	31434786	79
AQL06518.1	SUPER_15	51.786	168	69	4	414	569	22990005	22989502	4.49e-30	131	657	31434786	79
AQL06518.1	SUPER_15	33.636	110	63	2	139	238	29218739	29219068	2.20e-14	57.8	657	31434786	79
AQL06518.1	SUPER_15	49.091	55	24	2	87	138	29218578	29218739	2.20e-14	44.3	657	31434786	79
AQL06518.1	SUPER_15	32.414	145	83	3	513	657	22988566	22988177	1.23e-13	79.0	657	31434786	79
AAX21526.1	SUPER_15	51.786	168	69	4	28	183	22990005	22989502	1.31e-32	132	334	31434786	91
AAX21526.1	SUPER_15	59.722	72	28	1	181	251	22988865	22988650	1.20e-17	88.2	334	31434786	91
AAX21526.1	SUPER_15	32.039	103	69	1	229	330	22988575	22988267	3.43e-09	62.4	334	31434786	91
AAX21526.1	SUPER_3	50.595	168	71	4	28	183	9600186	9600689	7.87e-31	127	334	59372272	86
AAX21526.1	SUPER_3	61.111	72	27	1	181	251	9601331	9601546	5.07e-18	89.4	334	59372272	86
AAX21526.1	SUPER_3	47.826	138	61	3	28	154	3284987	3284574	3.69e-17	86.7	334	59372272	86
AAX21526.1	SUPER_3	41.270	63	37	0	268	330	9601740	9601928	5.51e-09	61.6	334	59372272	86
AAS91212.1	SUPER_3	32.277	347	181	5	193	485	3286418	3285378	3.40e-41	169	871	59372272	70
AAS91212.1	SUPER_3	32.277	347	181	5	193	485	9598755	9599795	5.13e-41	168	871	59372272	70
AAS91212.1	SUPER_3	50.595	168	71	4	539	694	9600186	9600689	9.03e-35	148	871	59372272	70
AAS91212.1	SUPER_3	47.826	138	61	3	539	665	3284987	3284574	3.63e-22	107	871	59372272	70
AAS91212.1	SUPER_3	61.111	72	27	1	692	762	9601331	9601546	1.69e-16	89.4	871	59372272	70
AAS91212.1	SUPER_3	40.860	93	55	0	779	871	9601740	9602018	1.02e-13	80.1	871	59372272	70
AAS91212.1	SUPER_3	35.385	130	74	2	231	350	2358938	2358549	1.71e-12	68.2	871	59372272	70
AAS91212.1	SUPER_3	59.091	22	9	0	198	219	2359027	2358962	1.71e-12	28.1	871	59372272	70
AAS91212.1	SUPER_15	32.102	352	180	6	192	485	22991450	22990398	1.04e-39	164	871	31434786	72
AAS91212.1	SUPER_15	51.786	168	69	4	539	694	22990005	22989502	3.38e-36	153	871	31434786	72
AAS91212.1	SUPER_15	59.722	72	28	1	692	762	22988865	22988650	4.01e-16	87.8	871	31434786	72
AAS91212.1	SUPER_15	33.636	110	63	2	244	343	29218739	29219068	1.29e-14	58.5	871	31434786	72
AAS91212.1	SUPER_15	49.091	55	24	2	192	243	29218578	29218739	1.29e-14	45.1	871	31434786	72
AAS91212.1	SUPER_15	33.835	133	87	1	740	871	22988575	22988177	9.73e-14	80.1	871	31434786	72
OAO93725.1	SUPER_3	32.464	422	213	10	401	755	9598638	9599888	1.21e-48	194	1123	59372272	72
OAO93725.1	SUPER_3	32.464	422	213	10	401	755	3286535	3285285	1.24e-48	194	1123	59372272	72
OAO93725.1	SUPER_3	60.215	93	37	0	942	1034	9601331	9601609	4.70e-41	117	1123	59372272	72
OAO93725.1	SUPER_3	51.020	98	47	1	1027	1123	9601725	9602018	4.70e-41	75.5	1123	59372272	72
OAO93725.1	SUPER_3	44.382	178	96	2	771	945	9600159	9600692	2.44e-36	154	1123	59372272	72
OAO93725.1	SUPER_3	43.537	147	81	1	771	915	3285014	3284574	3.08e-27	125	1123	59372272	72
OAO93725.1	SUPER_3	35.461	141	72	5	478	600	2358950	2358531	9.52e-13	63.2	1123	59372272	72
OAO93725.1	SUPER_3	30.556	72	45	2	399	470	2359162	2358962	9.52e-13	34.3	1123	59372272	72
OAO93725.1	SUPER_3	49.462	93	47	0	9	101	9593030	9593308	3.08e-10	69.3	1123	59372272	72
OAO93725.1	SUPER_3	49.462	93	47	0	9	101	3292144	3291866	4.94e-10	68.6	1123	59372272	72
OAO93725.1	SUPER_15	34.383	381	182	9	442	755	22991444	22990305	1.43e-46	187	1123	31434786	72
OAO93725.1	SUPER_15	44.382	178	96	2	771	945	22990032	22989499	1.95e-35	151	1123	31434786	72
OAO93725.1	SUPER_15	60.215	93	37	0	942	1034	22988865	22988587	5.90e-25	117	1123	31434786	72
OAO93725.1	SUPER_15	37.500	104	49	3	501	588	29218757	29219068	9.06e-15	62.0	1123	31434786	72
OAO93725.1	SUPER_15	31.183	93	59	3	401	493	29218473	29218736	9.06e-15	42.7	1123	31434786	72
OAO93725.1	SUPER_15	41.045	134	77	2	991	1123	22988575	22988177	5.29e-12	75.1	1123	31434786	72
OAO93725.1	SUPER_15	47.664	107	54	1	1	105	22997819	22997499	2.51e-11	72.8	1123	31434786	72
AJN91133.1	SUPER_15	26.761	284	172	4	3	275	22991180	22990404	2.70e-29	129	676	31434786	82
AJN91133.1	SUPER_15	37.306	193	98	5	329	519	22990017	22989502	2.39e-25	117	676	31434786	82
AJN91133.1	SUPER_15	40.860	93	55	0	517	609	22988865	22988587	1.01e-13	79.3	676	31434786	82
AJN91133.1	SUPER_15	34.043	47	31	0	25	71	29218910	29219050	1.00e-06	56.6	676	31434786	82
AJN91133.1	SUPER_3	26.220	328	200	6	25	341	9599079	9599969	4.57e-29	128	676	59372272	87
AJN91133.1	SUPER_3	26.220	328	200	6	25	341	3286094	3285204	5.74e-29	128	676	59372272	87
AJN91133.1	SUPER_3	36.979	192	100	5	329	519	9600174	9600689	2.08e-25	117	676	59372272	87
AJN91133.1	SUPER_3	35.172	145	76	3	329	473	3284999	3284619	1.04e-15	85.9	676	59372272	87
AJN91133.1	SUPER_3	41.935	93	54	0	517	609	9601331	9601609	2.39e-14	81.6	676	59372272	87
AJN91133.1	SUPER_3	30.137	73	51	0	27	99	2358722	2358504	2.99e-07	58.5	676	59372272	87
ACH81295.1	SUPER_3	31.421	366	179	9	399	718	9598770	9599789	1.70e-43	178	1122	59372272	50
ACH81295.1	SUPER_3	31.148	366	180	9	399	718	3286403	3285384	6.29e-43	176	1122	59372272	50
ACH81295.1	SUPER_3	37.714	175	98	3	747	910	9600159	9600683	3.62e-24	115	1122	59372272	50
ACH81295.1	SUPER_3	55.556	72	32	0	910	981	9601331	9601546	5.50e-16	88.2	1122	59372272	50
ACH81295.1	SUPER_3	35.075	134	78	1	747	871	3285014	3284613	2.16e-14	82.8	1122	59372272	50
ACH81295.1	SUPER_3	26.490	151	86	4	422	549	2358965	2358519	7.44e-12	66.2	1122	59372272	50
ACH81295.1	SUPER_3	37.931	29	18	0	392	420	2359048	2358962	7.44e-12	28.1	1122	59372272	50
ACH81295.1	SUPER_15	31.579	361	185	9	399	718	22991423	22990404	3.98e-42	173	1122	31434786	55
ACH81295.1	SUPER_15	37.714	175	98	3	747	910	22990032	22989508	4.36e-24	114	1122	31434786	55
ACH81295.1	SUPER_15	27.083	96	64	1	441	530	29218778	29219065	4.03e-17	58.9	1122	31434786	55
ACH81295.1	SUPER_15	30.769	104	49	2	340	443	29218494	29218736	4.03e-17	53.5	1122	31434786	55
ACH81295.1	SUPER_15	55.556	72	32	0	910	981	22988865	22988650	6.29e-16	87.8	1122	31434786	55
ACG63772.1	SUPER_3	50.718	418	162	8	447	835	3286469	3285261	7.36e-104	367	1204	59372272	78
ACG63772.1	SUPER_3	50.718	418	162	8	447	835	9598704	9599912	7.43e-104	367	1204	59372272	78
ACG63772.1	SUPER_3	50.323	155	73	2	492	643	2358965	2358504	7.97e-38	137	1204	59372272	78
ACG63772.1	SUPER_3	47.727	44	23	0	447	490	2359093	2358962	7.97e-38	45.1	1204	59372272	78
ACG63772.1	SUPER_3	48.677	189	87	3	839	1026	9600153	9600692	9.72e-37	156	1204	59372272	78
ACG63772.1	SUPER_3	65.591	93	32	0	1023	1115	9601331	9601609	1.91e-30	135	1204	59372272	78
ACG63772.1	SUPER_3	48.101	158	73	2	839	996	3285020	3284574	5.57e-26	121	1204	59372272	78
ACG63772.1	SUPER_3	61.290	93	36	0	1112	1204	9601740	9602018	1.30e-16	90.5	1204	59372272	78
ACG63772.1	SUPER_3	53.684	95	42	2	7	101	9593030	9593308	8.73e-15	84.3	1204	59372272	78
ACG63772.1	SUPER_3	52.632	95	43	2	7	101	3292144	3291866	9.73e-15	84.3	1204	59372272	78
ACG63772.1	SUPER_3	33.333	123	45	2	109	194	9595204	9595572	2.30e-07	59.7	1204	59372272	78
ACG63772.1	SUPER_3	33.333	123	45	2	109	194	3289969	3289601	2.30e-07	59.7	1204	59372272	78
ACG63772.1	SUPER_15	49.292	424	171	8	441	835	22991507	22990281	1.23e-100	357	1204	31434786	76
ACG63772.1	SUPER_15	48.677	189	87	3	839	1026	22990038	22989499	2.47e-37	158	1204	31434786	76
ACG63772.1	SUPER_15	51.351	111	51	1	514	621	29218736	29219068	7.39e-37	106	1204	31434786	76
ACG63772.1	SUPER_15	55.224	67	29	1	447	513	29218539	29218736	7.39e-37	72.4	1204	31434786	76
ACG63772.1	SUPER_15	66.667	93	31	0	1023	1115	22988865	22988587	1.61e-31	139	1204	31434786	76
ACG63772.1	SUPER_15	49.254	134	66	2	1072	1204	22988575	22988177	2.55e-16	89.4	1204	31434786	76
ACG63772.1	SUPER_15	50.000	108	52	2	3	110	22997801	22997484	9.90e-15	84.0	1204	31434786	76
ACG63772.1	SUPER_15	54.545	55	22	1	143	194	22994792	22994628	3.33e-07	59.3	1204	31434786	76
ACH81294.1	SUPER_3	46.099	423	176	5	384	765	9598677	9599912	1.11e-100	356	1128	59372272	73
ACH81294.1	SUPER_3	46.099	423	176	5	384	765	3286496	3285261	1.49e-100	355	1128	59372272	73
ACH81294.1	SUPER_3	55.191	183	78	2	769	950	9600153	9600692	7.88e-45	182	1128	59372272	73
ACH81294.1	SUPER_3	47.586	145	76	0	451	595	2358950	2358516	1.10e-39	139	1128	59372272	73
ACH81294.1	SUPER_3	46.032	63	27	1	381	443	2359129	2358962	1.10e-39	48.9	1128	59372272	73
ACH81294.1	SUPER_3	56.209	153	64	1	769	921	3285020	3284571	6.89e-36	153	1128	59372272	73
ACH81294.1	SUPER_3	70.968	93	27	0	947	1039	9601331	9601609	2.36e-32	141	1128	59372272	73
ACH81294.1	SUPER_3	62.366	93	35	0	1036	1128	9601740	9602018	1.61e-17	93.2	1128	59372272	73
ACH81294.1	SUPER_3	38.235	102	42	2	10	91	3292144	3291842	7.84e-09	64.7	1128	59372272	73
ACH81294.1	SUPER_3	39.216	102	41	2	10	91	9593030	9593332	8.46e-09	64.3	1128	59372272	73
ACH81294.1	SUPER_15	46.135	401	171	4	406	765	22991471	22990281	1.25e-96	343	1128	31434786	73
ACH81294.1	SUPER_15	57.609	184	72	4	769	950	22990038	22989499	4.80e-46	186	1128	31434786	73
ACH81294.1	SUPER_15	48.276	116	60	0	462	577	29218721	29219068	9.72e-37	115	1128	31434786	73
ACH81294.1	SUPER_15	50.685	73	35	1	394	466	29218521	29218736	9.72e-37	62.8	1128	31434786	73
ACH81294.1	SUPER_15	68.817	93	29	0	947	1039	22988865	22988587	6.08e-32	140	1128	31434786	73
ACH81294.1	SUPER_15	48.872	133	68	0	996	1128	22988575	22988177	2.56e-18	95.9	1128	31434786	73
ACH81294.1	SUPER_15	34.259	108	52	1	4	92	22997807	22997484	2.50e-09	66.2	1128	31434786	73
AFJ00034.1	SUPER_3	43.462	260	130	3	1	245	9599103	9599876	1.65e-57	206	381	59372272	95
AFJ00034.1	SUPER_3	43.462	260	130	3	1	245	3286070	3285297	1.78e-57	206	381	59372272	95
AFJ00034.1	SUPER_3	48.305	118	53	2	264	381	9600153	9600482	5.30e-15	80.9	381	59372272	95
AFJ00034.1	SUPER_3	48.305	118	53	2	264	381	3285020	3284691	7.33e-15	80.5	381	59372272	95
AFJ00034.1	SUPER_3	44.776	67	37	0	1	67	2358704	2358504	3.61e-12	72.4	381	59372272	95
AFJ00034.1	SUPER_15	43.846	260	129	3	1	245	22991090	22990317	4.17e-57	205	381	31434786	95
AFJ00034.1	SUPER_15	48.760	121	48	3	264	381	22990038	22989709	3.84e-14	78.6	381	31434786	95
AFJ00034.1	SUPER_15	62.500	40	15	0	1	40	29218934	29219053	1.74e-09	63.9	381	31434786	95
AFJ00033.1	SUPER_15	52.128	94	39	3	4	93	22997801	22997526	4.41e-17	83.2	213	31434786	42
AFJ00033.1	SUPER_3	52.222	90	37	3	8	93	3292144	3291881	1.25e-16	81.6	213	59372272	40
AFJ00033.1	SUPER_3	53.333	90	36	3	8	93	9593030	9593293	2.34e-16	80.9	213	59372272	40
AFJ00032.1	SUPER_3	41.797	256	108	2	293	507	9598656	9599423	1.97e-54	202	511	59372272	42
AFJ00032.1	SUPER_3	41.406	256	109	2	293	507	3286517	3285750	7.15e-54	200	511	59372272	42
AFJ00032.1	SUPER_3	36.129	155	67	2	354	477	2358965	2358504	1.04e-24	97.8	511	59372272	42
AFJ00032.1	SUPER_3	46.809	47	25	0	306	352	2359102	2358962	1.04e-24	38.9	511	59372272	42
AFJ00032.1	SUPER_15	43.725	247	98	2	302	507	22991510	22990770	2.50e-53	198	511	31434786	40
AFJ00032.1	SUPER_15	38.393	112	38	1	376	456	29218736	29219071	9.76e-29	82.8	511	31434786	40
AFJ00032.1	SUPER_15	50.000	70	34	1	306	375	29218530	29218736	9.76e-29	67.4	511	31434786	40
AFG16841.1	SUPER_3	51.136	88	43	0	228	315	9598656	9598919	9.78e-20	94.0	315	59372272	28
AFG16841.1	SUPER_3	51.136	88	43	0	228	315	3286517	3286254	9.78e-20	94.0	315	59372272	28
AFG16841.1	SUPER_3	46.809	47	25	0	241	287	2359102	2358962	5.65e-06	36.2	315	59372272	28
AFG16841.1	SUPER_3	55.556	27	11	1	289	315	2358965	2358888	5.65e-06	35.8	315	59372272	28
AFG16841.1	SUPER_15	54.430	79	36	0	237	315	22991510	22991274	2.06e-17	87.0	315	31434786	25
AFG16841.1	SUPER_15	50.000	70	34	1	241	310	29218530	29218736	2.71e-10	65.5	315	31434786	25
AFG16840.1	SUPER_3	39.583	336	155	4	1	290	9598875	9599876	5.35e-61	226	673	59372272	97
AFG16840.1	SUPER_3	39.286	336	156	4	1	290	3286298	3285297	2.18e-60	224	673	59372272	97
AFG16840.1	SUPER_3	52.381	189	81	3	309	496	9600153	9600695	8.27e-40	162	673	59372272	97
AFG16840.1	SUPER_3	51.282	156	68	2	309	464	3285020	3284577	8.42e-28	124	673	59372272	97
AFG16840.1	SUPER_3	65.591	93	32	0	492	584	9601331	9601609	9.35e-28	124	673	59372272	97
AFG16840.1	SUPER_3	35.461	141	60	1	3	112	2358926	2358504	9.18e-16	86.3	673	59372272	97
AFG16840.1	SUPER_3	51.613	93	45	0	581	673	9601740	9602018	1.26e-15	85.5	673	59372272	97
AFG16840.1	SUPER_15	40.179	336	153	4	1	290	22991318	22990317	6.09e-61	226	673	31434786	97
AFG16840.1	SUPER_15	51.852	189	82	3	309	496	22990038	22989496	1.57e-39	161	673	31434786	97
AFG16840.1	SUPER_15	67.742	93	30	0	492	584	22988865	22988587	3.52e-29	129	673	31434786	97
AFG16840.1	SUPER_15	52.688	93	44	0	581	673	22988455	22988177	8.03e-17	89.4	673	31434786	97
AFG16840.1	SUPER_15	38.393	112	38	1	11	91	29218736	29219071	6.27e-14	80.1	673	31434786	97
AFG16839.1	SUPER_3	51.462	171	74	3	1	170	9600207	9600695	6.38e-36	142	347	59372272	100
AFG16839.1	SUPER_3	65.591	93	32	0	166	258	9601331	9601609	2.53e-29	123	347	59372272	100
AFG16839.1	SUPER_3	50.000	138	61	2	1	138	3284966	3284577	1.92e-23	105	347	59372272	100
AFG16839.1	SUPER_3	51.613	93	45	0	255	347	9601740	9602018	2.48e-18	90.5	347	59372272	100
AFG16839.1	SUPER_15	51.724	174	69	4	1	170	22989984	22989496	1.36e-35	141	347	31434786	100
AFG16839.1	SUPER_15	67.742	93	30	0	166	258	22988865	22988587	5.05e-31	128	347	31434786	100
AFG16839.1	SUPER_15	52.688	93	44	0	255	347	22988455	22988177	4.90e-19	92.4	347	31434786	100
AEB33870.1	SUPER_3	40.774	336	151	4	1	290	9598875	9599876	1.32e-64	236	673	59372272	97
AEB33870.1	SUPER_3	40.476	336	152	4	1	290	3286298	3285297	6.52e-64	234	673	59372272	97
AEB33870.1	SUPER_3	51.323	189	83	3	309	496	9600153	9600695	1.86e-39	160	673	59372272	97
AEB33870.1	SUPER_3	65.591	93	32	0	492	584	9601331	9601609	1.27e-27	124	673	59372272	97
AEB33870.1	SUPER_3	50.000	156	70	2	309	464	3285020	3284577	2.20e-27	123	673	59372272	97
AEB33870.1	SUPER_3	36.879	141	58	1	3	112	2358926	2358504	7.37e-18	92.8	673	59372272	97
AEB33870.1	SUPER_3	51.613	93	45	0	581	673	9601740	9602018	2.48e-16	87.8	673	59372272	97
AEB33870.1	SUPER_15	41.369	336	149	4	1	290	22991318	22990317	1.41e-64	236	673	31434786	97
AEB33870.1	SUPER_15	51.042	192	79	4	309	496	22990038	22989496	4.15e-39	159	673	31434786	97
AEB33870.1	SUPER_15	67.742	93	30	0	492	584	22988865	22988587	4.50e-29	128	673	31434786	97
AEB33870.1	SUPER_15	52.688	93	44	0	581	673	22988455	22988177	1.38e-17	92.0	673	31434786	97
AEB33870.1	SUPER_15	40.566	106	32	1	11	85	29218736	29219053	1.36e-13	79.0	673	31434786	97
AEB33869.1	SUPER_3	42.688	253	104	2	319	530	9598656	9599414	3.12e-55	205	537	59372272	39
AEB33869.1	SUPER_3	42.292	253	105	2	319	530	3286517	3285759	1.19e-54	203	537	59372272	39
AEB33869.1	SUPER_3	37.419	155	65	2	380	503	2358965	2358504	2.06e-26	104	537	59372272	39
AEB33869.1	SUPER_3	46.809	47	25	0	332	378	2359102	2358962	2.06e-26	38.1	537	59372272	39
AEB33869.1	SUPER_15	43.852	244	96	2	328	530	22991510	22990779	4.14e-53	199	537	31434786	38
AEB33869.1	SUPER_15	40.566	106	32	1	402	476	29218736	29219053	5.91e-28	81.6	537	31434786	38
AEB33869.1	SUPER_15	50.000	70	34	1	332	401	29218530	29218736	5.91e-28	66.2	537	31434786	38
AEB33868.1	SUPER_15	52.128	94	39	3	4	93	22997801	22997526	1.24e-17	83.6	181	31434786	50
AEB33868.1	SUPER_3	52.222	90	37	3	8	93	3292144	3291881	2.87e-17	82.4	181	59372272	48
AEB33868.1	SUPER_3	53.333	90	36	3	8	93	9593030	9593293	6.19e-17	81.3	181	59372272	48
AEA72244.1	SUPER_3	41.076	409	193	4	295	657	3286517	3285297	2.70e-84	294	668	59372272	54
AEA72244.1	SUPER_3	40.831	409	194	4	295	657	9598656	9599876	7.79e-84	293	668	59372272	54
AEA72244.1	SUPER_3	35.484	155	68	2	356	479	2358965	2358504	1.95e-24	96.3	668	59372272	54
AEA72244.1	SUPER_3	46.809	47	25	0	308	354	2359102	2358962	1.95e-24	40.0	668	59372272	54
AEA72244.1	SUPER_15	42.250	400	183	4	304	657	22991510	22990317	3.15e-83	291	668	31434786	53
AEA72244.1	SUPER_15	37.500	112	39	1	378	458	29218736	29219071	3.81e-28	80.9	668	31434786	53
AEA72244.1	SUPER_15	50.000	70	34	1	308	377	29218530	29218736	3.81e-28	68.2	668	31434786	53
AEA72243.1	SUPER_15	40.179	336	153	4	1	290	22991318	22990317	1.27e-64	224	321	31434786	90
AEA72243.1	SUPER_15	38.393	112	38	1	11	91	29218736	29219071	9.19e-14	76.3	321	31434786	90
AEA72243.1	SUPER_3	39.583	336	155	4	1	290	9598875	9599876	4.70e-64	223	321	59372272	90
AEA72243.1	SUPER_3	39.286	336	156	4	1	290	3286298	3285297	2.03e-63	221	321	59372272	90
AEA72243.1	SUPER_3	35.461	141	60	1	3	112	2358926	2358504	3.98e-16	83.2	321	59372272	90
AEA72242.1	SUPER_15	39.881	336	154	4	1	290	22991318	22990317	3.69e-61	223	559	31434786	97
AEA72242.1	SUPER_15	66.667	93	31	0	378	470	22988865	22988587	1.72e-28	125	559	31434786	97
AEA72242.1	SUPER_15	55.263	76	33	1	308	382	22989723	22989496	4.93e-18	92.8	559	31434786	97
AEA72242.1	SUPER_15	52.688	93	44	0	467	559	22988455	22988177	4.44e-17	89.7	559	31434786	97
AEA72242.1	SUPER_15	38.393	112	38	1	11	91	29218736	29219071	1.11e-13	78.6	559	31434786	97
AEA72242.1	SUPER_3	39.286	336	156	4	1	290	9598875	9599876	5.13e-61	223	559	59372272	97
AEA72242.1	SUPER_3	38.988	336	157	4	1	290	3286298	3285297	2.19e-60	221	559	59372272	97
AEA72242.1	SUPER_3	64.516	93	33	0	378	470	9601331	9601609	3.79e-27	121	559	59372272	97
AEA72242.1	SUPER_3	55.263	76	33	1	308	382	9600468	9600695	1.95e-17	90.9	559	59372272	97
AEA72242.1	SUPER_3	51.613	93	45	0	467	559	9601740	9602018	8.25e-16	85.5	559	59372272	97
AEA72242.1	SUPER_3	35.461	141	60	1	3	112	2358926	2358504	1.28e-15	85.1	559	59372272	97
AEA72241.1	SUPER_15	40.179	336	153	4	1	290	22991318	22990317	8.15e-62	225	557	31434786	98
AEA72241.1	SUPER_15	67.742	93	30	0	376	468	22988865	22988587	1.05e-29	129	557	31434786	98
AEA72241.1	SUPER_15	54.430	79	35	1	303	380	22989732	22989496	1.87e-18	94.0	557	31434786	98
AEA72241.1	SUPER_15	51.613	93	45	0	465	557	22988455	22988177	1.53e-16	87.8	557	31434786	98
AEA72241.1	SUPER_15	38.393	112	38	1	11	91	29218736	29219071	1.53e-13	78.2	557	31434786	98
AEA72241.1	SUPER_3	38.873	355	166	5	1	309	9598875	9599924	8.38e-62	225	557	59372272	100
AEA72241.1	SUPER_3	38.592	355	167	5	1	309	3286298	3285249	3.58e-61	223	557	59372272	100
AEA72241.1	SUPER_3	65.591	93	32	0	376	468	9601331	9601609	2.61e-28	124	557	59372272	100
AEA72241.1	SUPER_3	54.430	79	35	1	303	380	9600459	9600695	6.77e-18	92.0	557	59372272	100
AEA72241.1	SUPER_3	35.461	141	60	1	3	112	2358926	2358504	1.47e-15	84.7	557	59372272	100
AEA72241.1	SUPER_3	50.538	93	46	0	465	557	9601740	9602018	2.69e-15	84.0	557	59372272	100
AEA72241.1	SUPER_3	52.174	46	22	0	303	348	3284714	3284577	1.90e-06	55.5	557	59372272	100
AEA72240.1	SUPER_3	39.583	336	155	4	1	290	9598875	9599876	3.33e-61	226	673	59372272	97
AEA72240.1	SUPER_3	39.286	336	156	4	1	290	3286298	3285297	1.29e-60	224	673	59372272	97
AEA72240.1	SUPER_3	51.852	189	82	3	309	496	9600153	9600695	2.65e-38	157	673	59372272	97
AEA72240.1	SUPER_3	64.516	93	33	0	492	584	9601331	9601609	5.15e-27	122	673	59372272	97
AEA72240.1	SUPER_3	50.641	156	69	2	309	464	3285020	3284577	2.37e-26	120	673	59372272	97
AEA72240.1	SUPER_3	51.613	93	45	0	581	673	9601740	9602018	7.80e-16	86.3	673	59372272	97
AEA72240.1	SUPER_3	35.461	141	60	1	3	112	2358926	2358504	9.74e-16	85.9	673	59372272	97
AEA72240.1	SUPER_15	40.179	336	153	4	1	290	22991318	22990317	3.75e-61	226	673	31434786	97
AEA72240.1	SUPER_15	50.794	189	84	3	309	496	22990038	22989496	5.10e-38	156	673	31434786	97
AEA72240.1	SUPER_15	66.667	93	31	0	492	584	22988865	22988587	1.87e-28	126	673	31434786	97
AEA72240.1	SUPER_15	52.688	93	44	0	581	673	22988455	22988177	4.41e-17	90.5	673	31434786	97
AEA72240.1	SUPER_15	38.393	112	38	1	11	91	29218736	29219071	7.12e-14	80.1	673	31434786	97
AEA72239.1	SUPER_3	40.179	336	153	4	1	290	9598875	9599876	4.94e-63	232	673	59372272	97
AEA72239.1	SUPER_3	39.881	336	154	4	1	290	3286298	3285297	1.92e-62	230	673	59372272	97
AEA72239.1	SUPER_3	50.794	189	84	3	309	496	9600153	9600695	1.49e-39	161	673	59372272	97
AEA72239.1	SUPER_3	49.359	156	71	2	309	464	3285020	3284577	2.02e-27	123	673	59372272	97
AEA72239.1	SUPER_3	64.516	93	33	0	492	584	9601331	9601609	1.84e-26	120	673	59372272	97
AEA72239.1	SUPER_3	36.879	141	58	1	3	112	2358926	2358504	6.26e-18	93.2	673	59372272	97
AEA72239.1	SUPER_3	51.613	93	45	0	581	673	9601740	9602018	2.18e-16	88.2	673	59372272	97
AEA72239.1	SUPER_15	40.774	336	151	4	1	290	22991318	22990317	5.68e-63	231	673	31434786	97
AEA72239.1	SUPER_15	51.042	192	79	4	309	496	22990038	22989496	2.77e-39	160	673	31434786	97
AEA72239.1	SUPER_15	65.591	93	32	0	492	584	22988865	22988587	5.06e-27	122	673	31434786	97
AEA72239.1	SUPER_15	52.688	93	44	0	581	673	22988455	22988177	1.26e-17	92.0	673	31434786	97
AEA72239.1	SUPER_15	40.566	106	32	1	11	85	29218736	29219053	9.04e-14	79.7	673	31434786	97
AEA72235.1	SUPER_15	41.369	336	149	4	1	290	22991318	22990317	1.70e-64	236	673	31434786	97
AEA72235.1	SUPER_15	50.521	192	80	4	309	496	22990038	22989496	1.20e-38	158	673	31434786	97
AEA72235.1	SUPER_15	67.742	93	30	0	492	584	22988865	22988587	4.50e-29	128	673	31434786	97
AEA72235.1	SUPER_15	52.688	93	44	0	581	673	22988455	22988177	1.91e-17	91.7	673	31434786	97
AEA72235.1	SUPER_15	40.566	106	32	1	11	85	29218736	29219053	1.37e-13	79.0	673	31434786	97
AEA72235.1	SUPER_3	40.774	336	151	4	1	290	9598875	9599876	2.11e-64	236	673	59372272	97
AEA72235.1	SUPER_3	40.476	336	152	4	1	290	3286298	3285297	1.12e-63	234	673	59372272	97
AEA72235.1	SUPER_3	50.794	189	84	3	309	496	9600153	9600695	5.53e-39	159	673	59372272	97
AEA72235.1	SUPER_3	65.591	93	32	0	492	584	9601331	9601609	1.27e-27	124	673	59372272	97
AEA72235.1	SUPER_3	49.359	156	71	2	309	464	3285020	3284577	7.30e-27	121	673	59372272	97
AEA72235.1	SUPER_3	36.879	141	58	1	3	112	2358926	2358504	8.97e-18	92.4	673	59372272	97
AEA72235.1	SUPER_3	51.613	93	45	0	581	673	9601740	9602018	3.41e-16	87.4	673	59372272	97
AEA72234.1	SUPER_15	52.128	94	39	3	4	93	22997801	22997526	4.41e-17	83.2	213	31434786	42
AEA72234.1	SUPER_3	52.222	90	37	3	8	93	3292144	3291881	1.25e-16	81.6	213	59372272	40
AEA72234.1	SUPER_3	53.333	90	36	3	8	93	9593030	9593293	2.34e-16	80.9	213	59372272	40
AAX21528.1	SUPER_3	31.831	355	186	6	510	810	3286418	3285360	2.24e-41	171	1188	59372272	52
AAX21528.1	SUPER_3	31.831	355	186	6	510	810	9598755	9599813	3.92e-41	170	1188	59372272	52
AAX21528.1	SUPER_3	50.595	168	71	4	856	1011	9600186	9600689	4.47e-28	127	1188	59372272	52
AAX21528.1	SUPER_3	61.111	72	27	1	1009	1079	9601331	9601546	1.36e-16	90.1	1188	59372272	52
AAX21528.1	SUPER_3	47.826	138	61	3	856	982	3284987	3284574	8.46e-16	87.8	1188	59372272	52
AAX21528.1	SUPER_3	40.860	93	55	0	1096	1188	9601740	9602018	8.44e-14	80.9	1188	59372272	52
AAX21528.1	SUPER_3	35.385	130	74	2	548	667	2358938	2358549	8.14e-13	69.7	1188	59372272	52
AAX21528.1	SUPER_3	59.091	22	9	0	515	536	2359027	2358962	8.14e-13	28.1	1188	59372272	52
AAX21528.1	SUPER_15	31.667	360	185	7	509	810	22991450	22990380	5.93e-40	166	1188	31434786	53
AAX21528.1	SUPER_15	51.786	168	69	4	856	1011	22990005	22989502	1.14e-29	133	1188	31434786	53
AAX21528.1	SUPER_15	59.722	72	28	1	1009	1079	22988865	22988650	2.52e-16	89.4	1188	31434786	53
AAX21528.1	SUPER_15	33.636	110	63	2	561	660	29218739	29219068	5.36e-15	59.7	1188	31434786	53
AAX21528.1	SUPER_15	49.091	55	24	2	509	560	29218578	29218739	5.36e-15	45.8	1188	31434786	53
AAX21528.1	SUPER_15	34.074	135	84	2	1057	1188	22988575	22988177	5.68e-14	81.6	1188	31434786	53
AAX21527.1	SUPER_3	31.831	355	186	6	510	810	3286418	3285360	2.61e-41	171	1188	59372272	52
AAX21527.1	SUPER_3	31.831	355	186	6	510	810	9598755	9599813	4.93e-41	170	1188	59372272	52
AAX21527.1	SUPER_3	50.000	168	72	4	856	1011	9600186	9600689	3.38e-34	147	1188	59372272	52
AAX21527.1	SUPER_3	47.101	138	62	3	856	982	3284987	3284574	7.05e-22	107	1188	59372272	52
AAX21527.1	SUPER_3	61.111	72	27	1	1009	1079	9601331	9601546	1.22e-16	90.5	1188	59372272	52
AAX21527.1	SUPER_3	40.860	93	55	0	1096	1188	9601740	9602018	7.63e-14	81.3	1188	59372272	52
AAX21527.1	SUPER_3	35.385	130	74	2	548	667	2358938	2358549	8.61e-13	69.7	1188	59372272	52
AAX21527.1	SUPER_3	59.091	22	9	0	515	536	2359027	2358962	8.61e-13	28.1	1188	59372272	52
AAX21527.1	SUPER_15	31.667	360	185	7	509	810	22991450	22990380	7.52e-40	166	1188	31434786	53
AAX21527.1	SUPER_15	51.190	168	70	4	856	1011	22990005	22989502	1.06e-35	152	1188	31434786	53
AAX21527.1	SUPER_15	59.722	72	28	1	1009	1079	22988865	22988650	2.47e-16	89.4	1188	31434786	53
AAX21527.1	SUPER_15	33.636	110	63	2	561	660	29218739	29219068	5.50e-15	59.7	1188	31434786	53
AAX21527.1	SUPER_15	49.091	55	24	2	509	560	29218578	29218739	5.50e-15	45.8	1188	31434786	53
AAX21527.1	SUPER_15	34.074	135	84	2	1057	1188	22988575	22988177	5.73e-14	81.6	1188	31434786	53
AAM21641.1	SUPER_15	29.917	361	192	7	579	881	22991453	22990380	6.80e-39	163	1261	31434786	48
AAM21641.1	SUPER_15	50.000	176	72	4	927	1088	22990005	22989484	8.89e-30	133	1261	31434786	48
AAM21641.1	SUPER_15	36.296	135	81	2	1130	1261	22988575	22988177	4.48e-15	85.5	1261	31434786	48
AAM21641.1	SUPER_15	30.000	110	67	2	632	731	29218739	29219068	2.10e-12	56.6	1261	31434786	48
AAM21641.1	SUPER_15	43.636	55	27	2	579	630	29218575	29218736	2.10e-12	40.0	1261	31434786	48
AAM21641.1	SUPER_15	55.000	60	22	2	1116	1172	22988760	22988587	2.36e-09	66.6	1261	31434786	48
AAM21641.1	SUPER_3	29.078	423	216	11	581	928	9598755	9599996	2.54e-38	161	1261	59372272	51
AAM21641.1	SUPER_3	29.078	423	216	11	581	928	3286418	3285177	3.09e-38	161	1261	59372272	51
AAM21641.1	SUPER_3	50.568	176	71	4	927	1088	9600186	9600707	4.68e-30	134	1261	59372272	51
AAM21641.1	SUPER_3	49.286	140	56	3	927	1053	3284987	3284574	2.88e-17	92.4	1261	59372272	51
AAM21641.1	SUPER_3	44.086	93	52	0	1169	1261	9601740	9602018	4.68e-15	85.5	1261	59372272	51
AAM21641.1	SUPER_3	33.077	130	77	2	619	738	2358938	2358549	1.14e-11	68.9	1261	59372272	51
AAM21641.1	SUPER_3	36.364	33	21	0	575	607	2359060	2358962	1.14e-11	25.4	1261	59372272	51
AAM21641.1	SUPER_3	73.684	38	10	0	1116	1153	9601436	9601549	1.62e-09	67.0	1261	59372272	51
AAD54777.1	SUPER_3	32.464	422	213	10	401	755	9598638	9599888	1.21e-48	194	1123	59372272	72
AAD54777.1	SUPER_3	32.464	422	213	10	401	755	3286535	3285285	1.24e-48	194	1123	59372272	72
AAD54777.1	SUPER_3	60.215	93	37	0	942	1034	9601331	9601609	4.70e-41	117	1123	59372272	72
AAD54777.1	SUPER_3	51.020	98	47	1	1027	1123	9601725	9602018	4.70e-41	75.5	1123	59372272	72
AAD54777.1	SUPER_3	44.382	178	96	2	771	945	9600159	9600692	2.44e-36	154	1123	59372272	72
AAD54777.1	SUPER_3	43.537	147	81	1	771	915	3285014	3284574	3.08e-27	125	1123	59372272	72
AAD54777.1	SUPER_3	35.461	141	72	5	478	600	2358950	2358531	9.52e-13	63.2	1123	59372272	72
AAD54777.1	SUPER_3	30.556	72	45	2	399	470	2359162	2358962	9.52e-13	34.3	1123	59372272	72
AAD54777.1	SUPER_3	49.462	93	47	0	9	101	9593030	9593308	3.08e-10	69.3	1123	59372272	72
AAD54777.1	SUPER_3	49.462	93	47	0	9	101	3292144	3291866	4.94e-10	68.6	1123	59372272	72
AAD54777.1	SUPER_15	34.383	381	182	9	442	755	22991444	22990305	1.43e-46	187	1123	31434786	72
AAD54777.1	SUPER_15	44.382	178	96	2	771	945	22990032	22989499	1.95e-35	151	1123	31434786	72
AAD54777.1	SUPER_15	60.215	93	37	0	942	1034	22988865	22988587	5.90e-25	117	1123	31434786	72
AAD54777.1	SUPER_15	37.500	104	49	3	501	588	29218757	29219068	9.06e-15	62.0	1123	31434786	72
AAD54777.1	SUPER_15	31.183	93	59	3	401	493	29218473	29218736	9.06e-15	42.7	1123	31434786	72
AAD54777.1	SUPER_15	41.045	134	77	2	991	1123	22988575	22988177	5.29e-12	75.1	1123	31434786	72
AAD54777.1	SUPER_15	47.664	107	54	1	1	105	22997819	22997499	2.51e-11	72.8	1123	31434786	72
CAC01849.1	SUPER_3	32.464	422	213	10	401	755	9598638	9599888	1.21e-48	194	1123	59372272	72
CAC01849.1	SUPER_3	32.464	422	213	10	401	755	3286535	3285285	1.24e-48	194	1123	59372272	72
CAC01849.1	SUPER_3	60.215	93	37	0	942	1034	9601331	9601609	4.70e-41	117	1123	59372272	72
CAC01849.1	SUPER_3	51.020	98	47	1	1027	1123	9601725	9602018	4.70e-41	75.5	1123	59372272	72
CAC01849.1	SUPER_3	44.382	178	96	2	771	945	9600159	9600692	2.44e-36	154	1123	59372272	72
CAC01849.1	SUPER_3	43.537	147	81	1	771	915	3285014	3284574	3.08e-27	125	1123	59372272	72
CAC01849.1	SUPER_3	35.461	141	72	5	478	600	2358950	2358531	9.52e-13	63.2	1123	59372272	72
CAC01849.1	SUPER_3	30.556	72	45	2	399	470	2359162	2358962	9.52e-13	34.3	1123	59372272	72
CAC01849.1	SUPER_3	49.462	93	47	0	9	101	9593030	9593308	3.08e-10	69.3	1123	59372272	72
CAC01849.1	SUPER_3	49.462	93	47	0	9	101	3292144	3291866	4.94e-10	68.6	1123	59372272	72
CAC01849.1	SUPER_15	34.383	381	182	9	442	755	22991444	22990305	1.43e-46	187	1123	31434786	72
CAC01849.1	SUPER_15	44.382	178	96	2	771	945	22990032	22989499	1.95e-35	151	1123	31434786	72
CAC01849.1	SUPER_15	60.215	93	37	0	942	1034	22988865	22988587	5.90e-25	117	1123	31434786	72
CAC01849.1	SUPER_15	37.500	104	49	3	501	588	29218757	29219068	9.06e-15	62.0	1123	31434786	72
CAC01849.1	SUPER_15	31.183	93	59	3	401	493	29218473	29218736	9.06e-15	42.7	1123	31434786	72
CAC01849.1	SUPER_15	41.045	134	77	2	991	1123	22988575	22988177	5.29e-12	75.1	1123	31434786	72
CAC01849.1	SUPER_15	47.664	107	54	1	1	105	22997819	22997499	2.51e-11	72.8	1123	31434786	72
