NP_001105870.1	SUPER_6_HAP1	34.036	332	159	4	511	801	34477677	34476739	3.28e-46	186	1188	37678048	59
NP_001105870.1	SUPER_6_HAP1	51.149	174	78	3	847	1013	34476297	34475776	1.52e-31	138	1188	37678048	59
NP_001105870.1	SUPER_6_HAP1	50.000	142	64	3	866	1000	34529464	34529889	3.46e-20	100	1188	37678048	59
NP_001105870.1	SUPER_6_HAP1	49.462	93	45	2	1009	1099	34475251	34474973	1.80e-18	95.1	1188	37678048	59
NP_001105870.1	SUPER_6_HAP1	36.066	122	52	2	551	665	34528669	34528977	2.32e-18	78.6	1188	37678048	59
NP_001105870.1	SUPER_6_HAP1	41.026	39	23	0	511	549	34528550	34528666	2.32e-18	37.4	1188	37678048	59
NP_001105870.1	SUPER_6_HAP1	36.264	91	58	0	1098	1188	34474531	34474259	1.40e-07	59.3	1188	37678048	59
NP_001105870.1	SUPER_6_HAP1	29.167	96	41	2	139	207	34480783	34480496	7.11e-06	53.9	1188	37678048	59
NP_001105870.1	SUPER_6_HAP1	29.167	96	41	2	139	207	34522186	34522473	7.11e-06	53.9	1188	37678048	59
NP_001105870.1	HAP1_SCAFFOLD_2880	50.000	142	64	3	866	1000	27839	28264	2.07e-20	101	1188	30811	24
NP_001105870.1	HAP1_SCAFFOLD_2880	36.066	122	52	2	551	665	27044	27352	4.10e-18	77.8	1188	30811	24
NP_001105870.1	HAP1_SCAFFOLD_2880	41.026	39	23	0	511	549	26925	27041	4.10e-18	37.4	1188	30811	24
sp|Q8LKW0.2|TERT_ORYSJ	SUPER_6_HAP1	34.311	341	174	5	582	887	34477677	34476700	5.95e-44	179	1259	37678048	52
sp|Q8LKW0.2|TERT_ORYSJ	SUPER_6_HAP1	51.366	183	81	4	915	1089	34476309	34475761	6.54e-33	142	1259	37678048	52
sp|Q8LKW0.2|TERT_ORYSJ	SUPER_6_HAP1	49.296	142	65	3	937	1071	34529464	34529889	3.13e-20	97.8	1259	37678048	52
sp|Q8LKW0.2|TERT_ORYSJ	SUPER_6_HAP1	53.333	15	7	0	1067	1081	34529864	34529908	3.13e-20	24.3	1259	37678048	52
sp|Q8LKW0.2|TERT_ORYSJ	SUPER_6_HAP1	49.462	93	45	2	1080	1170	34475251	34474973	1.50e-18	95.5	1259	37678048	52
sp|Q8LKW0.2|TERT_ORYSJ	SUPER_6_HAP1	35.652	115	62	2	622	736	34528669	34528977	6.67e-12	73.9	1259	37678048	52
sp|Q8LKW0.2|TERT_ORYSJ	SUPER_6_HAP1	37.363	91	57	0	1169	1259	34474531	34474259	3.87e-08	61.2	1259	37678048	52
sp|Q8LKW0.2|TERT_ORYSJ	HAP1_SCAFFOLD_2880	48.592	142	66	3	937	1071	27839	28264	2.27e-19	95.1	1259	30811	26
sp|Q8LKW0.2|TERT_ORYSJ	HAP1_SCAFFOLD_2880	53.333	15	7	0	1067	1081	28239	28283	2.27e-19	24.3	1259	30811	26
sp|Q8LKW0.2|TERT_ORYSJ	HAP1_SCAFFOLD_2880	28.169	213	107	5	622	800	27044	27646	9.94e-12	73.2	1259	30811	26
sp|Q9SPU7.1|TERT_ARATH	SUPER_6_HAP1	35.294	323	163	6	447	730	34477671	34476724	1.66e-40	167	1123	37678048	66
sp|Q9SPU7.1|TERT_ARATH	SUPER_6_HAP1	44.509	173	94	1	771	943	34476297	34475785	6.04e-40	165	1123	37678048	66
sp|Q9SPU7.1|TERT_ARATH	SUPER_6_HAP1	46.000	150	76	2	790	936	34529464	34529907	3.87e-32	140	1123	37678048	66
sp|Q9SPU7.1|TERT_ARATH	SUPER_6_HAP1	47.222	108	56	1	927	1034	34475293	34474973	5.20e-21	103	1123	37678048	66
sp|Q9SPU7.1|TERT_ARATH	SUPER_6_HAP1	37.000	100	55	2	4	102	34481619	34481341	5.05e-08	60.8	1123	37678048	66
sp|Q9SPU7.1|TERT_ARATH	SUPER_6_HAP1	37.000	100	55	2	4	102	34521347	34521625	5.05e-08	60.8	1123	37678048	66
sp|Q9SPU7.1|TERT_ARATH	SUPER_6_HAP1	43.956	91	51	0	1033	1123	34474531	34474259	7.25e-08	60.1	1123	37678048	66
sp|Q9SPU7.1|TERT_ARATH	SUPER_6_HAP1	28.105	153	94	5	440	592	34528561	34528971	1.61e-05	52.4	1123	37678048	66
sp|Q9SPU7.1|TERT_ARATH	HAP1_SCAFFOLD_2880	46.000	150	76	2	790	936	27839	28282	9.31e-32	138	1123	30811	27
sp|Q9SPU7.1|TERT_ARATH	HAP1_SCAFFOLD_2880	28.105	153	94	5	440	592	26936	27346	1.13e-05	53.1	1123	30811	27
XP_016496114.1	SUPER_6_HAP1	50.847	354	159	6	519	859	34477671	34476616	1.57e-96	344	1228	37678048	80
XP_016496114.1	SUPER_6_HAP1	50.237	211	89	2	842	1048	34476381	34475785	1.64e-48	193	1228	37678048	80
XP_016496114.1	SUPER_6_HAP1	52.597	154	61	1	885	1038	34529464	34529889	9.10e-36	149	1228	37678048	80
XP_016496114.1	SUPER_6_HAP1	53.333	15	7	0	1034	1048	34529864	34529908	9.10e-36	24.6	1228	37678048	80
XP_016496114.1	SUPER_6_HAP1	34.545	220	92	10	557	744	34528669	34529268	2.17e-29	95.5	1228	37678048	80
XP_016496114.1	SUPER_6_HAP1	62.162	37	14	0	519	555	34528556	34528666	2.17e-29	57.4	1228	37678048	80
XP_016496114.1	SUPER_6_HAP1	64.516	93	33	0	1047	1139	34475251	34474973	2.41e-27	124	1228	37678048	80
XP_016496114.1	SUPER_6_HAP1	46.535	101	48	2	1	101	34481625	34481341	3.94e-18	94.4	1228	37678048	80
XP_016496114.1	SUPER_6_HAP1	46.535	101	48	2	1	101	34521341	34521625	3.94e-18	94.4	1228	37678048	80
XP_016496114.1	SUPER_6_HAP1	49.451	91	46	0	1138	1228	34474531	34474259	3.79e-14	81.3	1228	37678048	80
XP_016496114.1	SUPER_6_HAP1	38.636	88	30	1	125	188	34480786	34480523	1.66e-13	64.3	1228	37678048	80
XP_016496114.1	SUPER_6_HAP1	53.125	32	11	1	98	125	34481001	34480906	1.66e-13	34.7	1228	37678048	80
XP_016496114.1	SUPER_6_HAP1	38.636	88	30	1	125	188	34522183	34522446	4.47e-09	64.3	1228	37678048	80
XP_016496114.1	SUPER_6_HAP1	58.065	31	13	0	1	31	34523969	34524061	1.46e-07	42.0	1228	37678048	80
XP_016496114.1	SUPER_6_HAP1	38.298	47	29	0	55	101	34524121	34524261	1.46e-07	36.6	1228	37678048	80
XP_016496114.1	SUPER_6_HAP1	43.478	46	26	0	143	188	34524966	34525103	9.97e-07	50.8	1228	37678048	80
XP_016496114.1	SUPER_6_HAP1	52.632	19	9	0	128	146	34524848	34524904	9.97e-07	25.0	1228	37678048	80
XP_016496114.1	SUPER_6_HAP1	54.545	33	15	0	428	460	34478311	34478213	2.29e-06	40.4	1228	37678048	80
XP_016496114.1	SUPER_6_HAP1	42.000	50	29	0	378	427	34478556	34478407	2.29e-06	34.3	1228	37678048	80
XP_016496114.1	HAP1_SCAFFOLD_2880	51.948	154	62	1	885	1038	27839	28264	6.51e-35	147	1228	30811	37
XP_016496114.1	HAP1_SCAFFOLD_2880	53.333	15	7	0	1034	1048	28239	28283	6.51e-35	24.6	1228	30811	37
XP_016496114.1	HAP1_SCAFFOLD_2880	35.000	220	91	10	557	744	27044	27643	7.33e-30	97.1	1228	30811	37
XP_016496114.1	HAP1_SCAFFOLD_2880	62.162	37	14	0	519	555	26931	27041	7.33e-30	57.4	1228	30811	37
XP_016496114.1	HAP1_SCAFFOLD_2880	43.478	46	26	0	143	188	23343	23480	1.34e-06	50.8	1228	30811	37
XP_016496114.1	HAP1_SCAFFOLD_2880	52.632	19	9	0	128	146	23225	23281	1.34e-06	25.0	1228	30811	37
XP_016496114.1	SUPER_2_HAP1	40.426	94	45	4	2	95	16961851	16961603	2.00e-09	65.5	1228	42226540	8
XP_070031847.1	SUPER_6_HAP1	50.847	354	159	6	471	811	34477671	34476616	4.17e-97	345	1180	37678048	81
XP_070031847.1	SUPER_6_HAP1	54.595	185	72	1	816	1000	34476303	34475785	5.71e-47	188	1180	37678048	81
XP_070031847.1	SUPER_6_HAP1	53.247	154	60	1	837	990	34529464	34529889	1.54e-34	145	1180	37678048	81
XP_070031847.1	SUPER_6_HAP1	53.333	15	7	0	986	1000	34529864	34529908	1.54e-34	24.6	1180	37678048	81
XP_070031847.1	SUPER_6_HAP1	33.663	202	116	7	509	695	34528669	34529265	3.17e-29	94.7	1180	37678048	81
XP_070031847.1	SUPER_6_HAP1	62.162	37	14	0	471	507	34528556	34528666	3.17e-29	57.4	1180	37678048	81
XP_070031847.1	SUPER_6_HAP1	64.516	93	33	0	999	1091	34475251	34474973	4.18e-27	123	1180	37678048	81
XP_070031847.1	SUPER_6_HAP1	45.000	100	49	2	1	100	34481625	34481344	8.35e-17	89.7	1180	37678048	81
XP_070031847.1	SUPER_6_HAP1	45.000	100	49	2	1	100	34521341	34521622	8.35e-17	89.7	1180	37678048	81
XP_070031847.1	SUPER_6_HAP1	47.253	91	48	0	1090	1180	34474531	34474259	6.58e-13	77.0	1180	37678048	81
XP_070031847.1	SUPER_6_HAP1	37.500	96	33	2	93	164	34480801	34480523	1.28e-09	66.2	1180	37678048	81
XP_070031847.1	SUPER_6_HAP1	37.500	96	33	2	93	164	34522168	34522446	1.28e-09	66.2	1180	37678048	81
XP_070031847.1	SUPER_6_HAP1	43.478	46	26	0	119	164	34524966	34525103	4.75e-07	50.8	1180	37678048	81
XP_070031847.1	SUPER_6_HAP1	43.333	30	14	1	93	122	34524824	34524904	4.75e-07	25.8	1180	37678048	81
XP_070031847.1	SUPER_6_HAP1	53.125	32	15	0	381	412	34478311	34478216	6.41e-05	39.3	1180	37678048	81
XP_070031847.1	SUPER_6_HAP1	38.000	50	31	0	331	380	34478556	34478407	6.41e-05	30.4	1180	37678048	81
XP_070031847.1	HAP1_SCAFFOLD_2880	52.597	154	61	1	837	990	27839	28264	1.07e-33	142	1180	30811	39
XP_070031847.1	HAP1_SCAFFOLD_2880	53.333	15	7	0	986	1000	28239	28283	1.07e-33	24.6	1180	30811	39
XP_070031847.1	HAP1_SCAFFOLD_2880	34.158	202	115	7	509	695	27044	27640	1.07e-29	96.3	1180	30811	39
XP_070031847.1	HAP1_SCAFFOLD_2880	62.162	37	14	0	471	507	26931	27041	1.07e-29	57.4	1180	30811	39
XP_070031847.1	HAP1_SCAFFOLD_2880	43.478	46	26	0	119	164	23343	23480	6.33e-07	50.8	1180	30811	39
XP_070031847.1	HAP1_SCAFFOLD_2880	43.333	30	14	1	93	122	23201	23281	6.33e-07	25.8	1180	30811	39
XP_070031847.1	SUPER_2_HAP1	40.426	94	45	4	2	95	16961851	16961603	1.62e-09	65.9	1180	42226540	8
XP_033514372.1	SUPER_6_HAP1	50.847	354	159	6	307	647	34477671	34476616	3.81e-99	347	1016	37678048	78
XP_033514372.1	SUPER_6_HAP1	54.595	185	72	1	652	836	34476303	34475785	3.34e-47	188	1016	37678048	78
XP_033514372.1	SUPER_6_HAP1	53.247	154	60	1	673	826	34529464	34529889	1.70e-34	145	1016	37678048	78
XP_033514372.1	SUPER_6_HAP1	53.333	15	7	0	822	836	34529864	34529908	1.70e-34	24.6	1016	37678048	78
XP_033514372.1	SUPER_6_HAP1	33.663	202	116	7	345	531	34528669	34529265	2.75e-29	94.7	1016	37678048	78
XP_033514372.1	SUPER_6_HAP1	62.162	37	14	0	307	343	34528556	34528666	2.75e-29	57.4	1016	37678048	78
XP_033514372.1	SUPER_6_HAP1	64.516	93	33	0	835	927	34475251	34474973	2.26e-27	124	1016	37678048	78
XP_033514372.1	SUPER_6_HAP1	47.253	91	48	0	926	1016	34474531	34474259	4.37e-13	77.4	1016	37678048	78
XP_033514372.1	SUPER_6_HAP1	53.125	32	15	0	217	248	34478311	34478216	6.06e-05	38.9	1016	37678048	78
XP_033514372.1	SUPER_6_HAP1	38.000	50	31	0	167	216	34478556	34478407	6.06e-05	30.0	1016	37678048	78
XP_033514372.1	HAP1_SCAFFOLD_2880	52.597	154	61	1	673	826	27839	28264	1.06e-33	142	1016	30811	38
XP_033514372.1	HAP1_SCAFFOLD_2880	53.333	15	7	0	822	836	28239	28283	1.06e-33	24.6	1016	30811	38
XP_033514372.1	HAP1_SCAFFOLD_2880	34.158	202	115	7	345	531	27044	27640	9.05e-30	96.3	1016	30811	38
XP_033514372.1	HAP1_SCAFFOLD_2880	62.162	37	14	0	307	343	26931	27041	9.05e-30	57.4	1016	30811	38
XP_009765715.1	SUPER_6_HAP1	50.847	354	159	6	331	671	34477671	34476616	1.76e-98	346	1040	37678048	76
XP_009765715.1	SUPER_6_HAP1	50.237	211	89	2	654	860	34476381	34475785	2.53e-48	192	1040	37678048	76
XP_009765715.1	SUPER_6_HAP1	52.597	154	61	1	697	850	34529464	34529889	1.77e-35	148	1040	37678048	76
XP_009765715.1	SUPER_6_HAP1	53.333	15	7	0	846	860	34529864	34529908	1.77e-35	24.6	1040	37678048	76
XP_009765715.1	SUPER_6_HAP1	34.545	220	92	10	369	556	34528669	34529268	2.62e-29	94.7	1040	37678048	76
XP_009765715.1	SUPER_6_HAP1	62.162	37	14	0	331	367	34528556	34528666	2.62e-29	57.8	1040	37678048	76
XP_009765715.1	SUPER_6_HAP1	63.441	93	34	0	859	951	34475251	34474973	7.67e-27	122	1040	37678048	76
XP_009765715.1	SUPER_6_HAP1	49.451	91	46	0	950	1040	34474531	34474259	2.45e-14	81.3	1040	37678048	76
XP_009765715.1	SUPER_6_HAP1	54.545	33	15	0	240	272	34478311	34478213	2.17e-06	40.4	1040	37678048	76
XP_009765715.1	SUPER_6_HAP1	42.000	50	29	0	190	239	34478556	34478407	2.17e-06	33.9	1040	37678048	76
XP_009765715.1	HAP1_SCAFFOLD_2880	51.948	154	62	1	697	850	27839	28264	1.19e-34	145	1040	30811	37
XP_009765715.1	HAP1_SCAFFOLD_2880	53.333	15	7	0	846	860	28239	28283	1.19e-34	24.6	1040	30811	37
XP_009765715.1	HAP1_SCAFFOLD_2880	35.000	220	91	10	369	556	27044	27643	8.55e-30	96.7	1040	30811	37
XP_009765715.1	HAP1_SCAFFOLD_2880	62.162	37	14	0	331	367	26931	27041	8.55e-30	57.8	1040	30811	37
XP_009765713.1	SUPER_6_HAP1	50.847	354	159	6	362	702	34477671	34476616	1.71e-98	347	1071	37678048	74
XP_009765713.1	SUPER_6_HAP1	50.237	211	89	2	685	891	34476381	34475785	1.71e-48	192	1071	37678048	74
XP_009765713.1	SUPER_6_HAP1	52.597	154	61	1	728	881	34529464	34529889	1.42e-35	149	1071	37678048	74
XP_009765713.1	SUPER_6_HAP1	53.333	15	7	0	877	891	34529864	34529908	1.42e-35	24.6	1071	37678048	74
XP_009765713.1	SUPER_6_HAP1	34.545	220	92	10	400	587	34528669	34529268	1.93e-29	95.1	1071	37678048	74
XP_009765713.1	SUPER_6_HAP1	62.162	37	14	0	362	398	34528556	34528666	1.93e-29	57.8	1071	37678048	74
XP_009765713.1	SUPER_6_HAP1	63.441	93	34	0	890	982	34475251	34474973	8.16e-27	122	1071	37678048	74
XP_009765713.1	SUPER_6_HAP1	49.451	91	46	0	981	1071	34474531	34474259	1.78e-14	82.0	1071	37678048	74
XP_009765713.1	SUPER_6_HAP1	54.545	33	15	0	271	303	34478311	34478213	2.51e-06	40.0	1071	37678048	74
XP_009765713.1	SUPER_6_HAP1	42.000	50	29	0	221	270	34478556	34478407	2.51e-06	33.9	1071	37678048	74
XP_009765713.1	HAP1_SCAFFOLD_2880	51.948	154	62	1	728	881	27839	28264	9.41e-35	146	1071	30811	36
XP_009765713.1	HAP1_SCAFFOLD_2880	53.333	15	7	0	877	891	28239	28283	9.41e-35	24.6	1071	30811	36
XP_009765713.1	HAP1_SCAFFOLD_2880	35.000	220	91	10	400	587	27044	27643	6.46e-30	97.1	1071	30811	36
XP_009765713.1	HAP1_SCAFFOLD_2880	62.162	37	14	0	362	398	26931	27041	6.46e-30	57.8	1071	30811	36
XP_009765710.1	SUPER_6_HAP1	50.847	354	159	6	550	890	34477671	34476616	1.84e-96	345	1259	37678048	78
XP_009765710.1	SUPER_6_HAP1	50.237	211	89	2	873	1079	34476381	34475785	2.44e-48	193	1259	37678048	78
XP_009765710.1	SUPER_6_HAP1	52.597	154	61	1	916	1069	34529464	34529889	1.28e-35	149	1259	37678048	78
XP_009765710.1	SUPER_6_HAP1	53.333	15	7	0	1065	1079	34529864	34529908	1.28e-35	24.6	1259	37678048	78
XP_009765710.1	SUPER_6_HAP1	34.545	220	92	10	588	775	34528669	34529268	1.74e-29	95.5	1259	37678048	78
XP_009765710.1	SUPER_6_HAP1	62.162	37	14	0	550	586	34528556	34528666	1.74e-29	57.8	1259	37678048	78
XP_009765710.1	SUPER_6_HAP1	63.441	93	34	0	1078	1170	34475251	34474973	1.37e-26	122	1259	37678048	78
XP_009765710.1	SUPER_6_HAP1	46.535	101	48	2	1	101	34481625	34481341	4.02e-18	94.4	1259	37678048	78
XP_009765710.1	SUPER_6_HAP1	46.535	101	48	2	1	101	34521341	34521625	4.02e-18	94.4	1259	37678048	78
XP_009765710.1	SUPER_6_HAP1	49.451	91	46	0	1169	1259	34474531	34474259	3.34e-14	81.3	1259	37678048	78
XP_009765710.1	SUPER_6_HAP1	36.957	92	34	1	121	188	34480798	34480523	1.02e-12	64.7	1259	37678048	78
XP_009765710.1	SUPER_6_HAP1	50.000	32	12	1	98	125	34481001	34480906	1.02e-12	32.0	1259	37678048	78
XP_009765710.1	SUPER_6_HAP1	36.957	92	34	1	121	188	34522171	34522446	3.74e-09	64.7	1259	37678048	78
XP_009765710.1	SUPER_6_HAP1	58.065	31	13	0	1	31	34523969	34524061	1.53e-07	42.0	1259	37678048	78
XP_009765710.1	SUPER_6_HAP1	38.298	47	29	0	55	101	34524121	34524261	1.53e-07	36.6	1259	37678048	78
XP_009765710.1	SUPER_6_HAP1	43.478	46	26	0	143	188	34524966	34525103	9.23e-07	50.8	1259	37678048	78
XP_009765710.1	SUPER_6_HAP1	52.632	19	9	0	128	146	34524848	34524904	9.23e-07	25.0	1259	37678048	78
XP_009765710.1	SUPER_6_HAP1	54.545	33	15	0	459	491	34478311	34478213	2.55e-06	40.4	1259	37678048	78
XP_009765710.1	SUPER_6_HAP1	42.000	50	29	0	409	458	34478556	34478407	2.55e-06	33.9	1259	37678048	78
XP_009765710.1	HAP1_SCAFFOLD_2880	51.948	154	62	1	916	1069	27839	28264	9.16e-35	146	1259	30811	36
XP_009765710.1	HAP1_SCAFFOLD_2880	53.333	15	7	0	1065	1079	28239	28283	9.16e-35	24.6	1259	30811	36
XP_009765710.1	HAP1_SCAFFOLD_2880	35.000	220	91	10	588	775	27044	27643	6.71e-30	97.1	1259	30811	36
XP_009765710.1	HAP1_SCAFFOLD_2880	62.162	37	14	0	550	586	26931	27041	6.71e-30	57.8	1259	30811	36
XP_009765710.1	HAP1_SCAFFOLD_2880	43.478	46	26	0	143	188	23343	23480	1.24e-06	50.8	1259	30811	36
XP_009765710.1	HAP1_SCAFFOLD_2880	52.632	19	9	0	128	146	23225	23281	1.24e-06	25.0	1259	30811	36
XP_009765710.1	SUPER_2_HAP1	40.426	94	45	4	2	95	16961851	16961603	2.06e-09	65.5	1259	42226540	7
XP_009612033.1	SUPER_6_HAP1	50.847	354	159	6	276	616	34477671	34476616	4.58e-99	346	985	37678048	80
XP_009612033.1	SUPER_6_HAP1	54.595	185	72	1	621	805	34476303	34475785	4.76e-47	187	985	37678048	80
XP_009612033.1	SUPER_6_HAP1	53.247	154	60	1	642	795	34529464	34529889	2.35e-34	144	985	37678048	80
XP_009612033.1	SUPER_6_HAP1	53.333	15	7	0	791	805	34529864	34529908	2.35e-34	24.6	985	37678048	80
XP_009612033.1	SUPER_6_HAP1	33.663	202	116	7	314	500	34528669	34529265	3.88e-29	94.0	985	37678048	80
XP_009612033.1	SUPER_6_HAP1	62.162	37	14	0	276	312	34528556	34528666	3.88e-29	57.4	985	37678048	80
XP_009612033.1	SUPER_6_HAP1	64.516	93	33	0	804	896	34475251	34474973	2.11e-27	124	985	37678048	80
XP_009612033.1	SUPER_6_HAP1	47.253	91	48	0	895	985	34474531	34474259	4.54e-13	77.0	985	37678048	80
XP_009612033.1	SUPER_6_HAP1	53.125	32	15	0	186	217	34478311	34478216	5.17e-05	38.9	985	37678048	80
XP_009612033.1	SUPER_6_HAP1	38.000	50	31	0	136	185	34478556	34478407	5.17e-05	30.4	985	37678048	80
XP_009612033.1	HAP1_SCAFFOLD_2880	52.597	154	61	1	642	795	27839	28264	1.47e-33	142	985	30811	39
XP_009612033.1	HAP1_SCAFFOLD_2880	53.333	15	7	0	791	805	28239	28283	1.47e-33	24.6	985	30811	39
XP_009612033.1	HAP1_SCAFFOLD_2880	34.158	202	115	7	314	500	27044	27640	1.28e-29	95.9	985	30811	39
XP_009612033.1	HAP1_SCAFFOLD_2880	62.162	37	14	0	276	312	26931	27041	1.28e-29	57.4	985	30811	39
XP_009612033.1	SUPER_4_HAP1	43.860	57	32	0	103	159	11909894	11909724	2.96e-05	51.2	985	40853388	6
XP_009612032.1	SUPER_6_HAP1	50.847	354	159	6	281	621	34477671	34476616	5.17e-99	346	990	37678048	80
XP_009612032.1	SUPER_6_HAP1	54.595	185	72	1	626	810	34476303	34475785	5.08e-47	187	990	37678048	80
XP_009612032.1	SUPER_6_HAP1	53.247	154	60	1	647	800	34529464	34529889	2.45e-34	144	990	37678048	80
XP_009612032.1	SUPER_6_HAP1	53.333	15	7	0	796	810	34529864	34529908	2.45e-34	24.6	990	37678048	80
XP_009612032.1	SUPER_6_HAP1	33.663	202	116	7	319	505	34528669	34529265	4.52e-29	94.0	990	37678048	80
XP_009612032.1	SUPER_6_HAP1	62.162	37	14	0	281	317	34528556	34528666	4.52e-29	57.4	990	37678048	80
XP_009612032.1	SUPER_6_HAP1	64.516	93	33	0	809	901	34475251	34474973	2.55e-27	124	990	37678048	80
XP_009612032.1	SUPER_6_HAP1	47.253	91	48	0	900	990	34474531	34474259	5.02e-13	77.0	990	37678048	80
XP_009612032.1	SUPER_6_HAP1	53.125	32	15	0	191	222	34478311	34478216	5.71e-05	38.9	990	37678048	80
XP_009612032.1	SUPER_6_HAP1	38.000	50	31	0	141	190	34478556	34478407	5.71e-05	30.4	990	37678048	80
XP_009612032.1	HAP1_SCAFFOLD_2880	52.597	154	61	1	647	800	27839	28264	1.63e-33	142	990	30811	39
XP_009612032.1	HAP1_SCAFFOLD_2880	53.333	15	7	0	796	810	28239	28283	1.63e-33	24.6	990	30811	39
XP_009612032.1	HAP1_SCAFFOLD_2880	34.158	202	115	7	319	505	27044	27640	1.49e-29	95.9	990	30811	39
XP_009612032.1	HAP1_SCAFFOLD_2880	62.162	37	14	0	281	317	26931	27041	1.49e-29	57.4	990	30811	39
XP_009612032.1	SUPER_4_HAP1	43.860	57	32	0	108	164	11909894	11909724	2.98e-05	51.2	990	40853388	6
XP_009612029.1	SUPER_6_HAP1	50.847	354	159	6	495	835	34477671	34476616	4.89e-97	345	1204	37678048	81
XP_009612029.1	SUPER_6_HAP1	54.595	185	72	1	840	1024	34476303	34475785	6.06e-47	188	1204	37678048	81
XP_009612029.1	SUPER_6_HAP1	53.247	154	60	1	861	1014	34529464	34529889	1.38e-34	145	1204	37678048	81
XP_009612029.1	SUPER_6_HAP1	53.333	15	7	0	1010	1024	34529864	34529908	1.38e-34	24.6	1204	37678048	81
XP_009612029.1	SUPER_6_HAP1	33.663	202	116	7	533	719	34528669	34529265	3.10e-29	94.7	1204	37678048	81
XP_009612029.1	SUPER_6_HAP1	62.162	37	14	0	495	531	34528556	34528666	3.10e-29	57.4	1204	37678048	81
XP_009612029.1	SUPER_6_HAP1	64.516	93	33	0	1023	1115	34475251	34474973	4.38e-27	123	1204	37678048	81
XP_009612029.1	SUPER_6_HAP1	45.545	101	49	2	1	101	34481625	34481341	2.98e-17	91.3	1204	37678048	81
XP_009612029.1	SUPER_6_HAP1	45.545	101	49	2	1	101	34521341	34521625	2.98e-17	91.3	1204	37678048	81
XP_009612029.1	SUPER_6_HAP1	38.636	88	30	1	125	188	34480786	34480523	1.49e-13	64.7	1204	37678048	81
XP_009612029.1	SUPER_6_HAP1	53.125	32	11	1	98	125	34481001	34480906	1.49e-13	34.7	1204	37678048	81
XP_009612029.1	SUPER_6_HAP1	47.253	91	48	0	1114	1204	34474531	34474259	6.71e-13	77.0	1204	37678048	81
XP_009612029.1	SUPER_6_HAP1	38.636	88	30	1	125	188	34522183	34522446	3.88e-09	64.7	1204	37678048	81
XP_009612029.1	SUPER_6_HAP1	43.478	46	26	0	143	188	34524966	34525103	1.01e-06	50.8	1204	37678048	81
XP_009612029.1	SUPER_6_HAP1	52.632	19	9	0	128	146	34524848	34524904	1.01e-06	25.0	1204	37678048	81
XP_009612029.1	SUPER_6_HAP1	53.125	32	15	0	405	436	34478311	34478216	6.39e-05	39.3	1204	37678048	81
XP_009612029.1	SUPER_6_HAP1	38.000	50	31	0	355	404	34478556	34478407	6.39e-05	30.4	1204	37678048	81
XP_009612029.1	HAP1_SCAFFOLD_2880	52.597	154	61	1	861	1014	27839	28264	9.16e-34	143	1204	30811	37
XP_009612029.1	HAP1_SCAFFOLD_2880	53.333	15	7	0	1010	1024	28239	28283	9.16e-34	24.6	1204	30811	37
XP_009612029.1	HAP1_SCAFFOLD_2880	34.158	202	115	7	533	719	27044	27640	1.03e-29	96.7	1204	30811	37
XP_009612029.1	HAP1_SCAFFOLD_2880	62.162	37	14	0	495	531	26931	27041	1.03e-29	57.4	1204	30811	37
XP_009612029.1	HAP1_SCAFFOLD_2880	43.478	46	26	0	143	188	23343	23480	1.36e-06	50.8	1204	30811	37
XP_009612029.1	HAP1_SCAFFOLD_2880	52.632	19	9	0	128	146	23225	23281	1.36e-06	25.0	1204	30811	37
XP_009612029.1	SUPER_2_HAP1	40.426	94	45	4	2	95	16961851	16961603	1.66e-09	65.9	1204	42226540	8
XP_066162081.1	SUPER_6_HAP1	34.311	341	174	5	463	768	34477677	34476700	2.71e-44	179	1140	37678048	57
XP_066162081.1	SUPER_6_HAP1	51.366	183	81	4	796	970	34476309	34475761	2.60e-33	144	1140	37678048	57
XP_066162081.1	SUPER_6_HAP1	49.296	142	65	3	818	952	34529464	34529889	1.44e-20	98.6	1140	37678048	57
XP_066162081.1	SUPER_6_HAP1	53.333	15	7	0	948	962	34529864	34529908	1.44e-20	24.3	1140	37678048	57
XP_066162081.1	SUPER_6_HAP1	49.462	93	45	2	961	1051	34475251	34474973	4.77e-19	97.1	1140	37678048	57
XP_066162081.1	SUPER_6_HAP1	35.652	115	62	2	503	617	34528669	34528977	3.70e-12	74.3	1140	37678048	57
XP_066162081.1	SUPER_6_HAP1	37.363	91	57	0	1050	1140	34474531	34474259	2.65e-08	61.6	1140	37678048	57
XP_066162081.1	HAP1_SCAFFOLD_2880	48.592	142	66	3	818	952	27839	28264	1.04e-19	95.9	1140	30811	28
XP_066162081.1	HAP1_SCAFFOLD_2880	53.333	15	7	0	948	962	28239	28283	1.04e-19	24.3	1140	30811	28
XP_066162081.1	HAP1_SCAFFOLD_2880	28.169	213	107	5	503	681	27044	27646	4.82e-12	73.9	1140	30811	28
XP_015620288.1	SUPER_6_HAP1	34.311	341	174	5	582	887	34477677	34476700	4.75e-44	179	1170	37678048	48
XP_015620288.1	SUPER_6_HAP1	52.222	180	78	4	915	1086	34476309	34475770	9.59e-34	145	1170	37678048	48
XP_015620288.1	SUPER_6_HAP1	46.250	160	77	4	937	1087	34529464	34529943	1.97e-19	98.6	1170	37678048	48
XP_015620288.1	SUPER_6_HAP1	35.652	115	62	2	622	736	34528669	34528977	5.42e-12	73.9	1170	37678048	48
XP_015620288.1	SUPER_6_HAP1	36.957	92	58	0	1079	1170	34474534	34474259	1.89e-08	62.4	1170	37678048	48
XP_015620288.1	HAP1_SCAFFOLD_2880	45.625	160	78	4	937	1087	27839	28318	1.32e-18	95.5	1170	30811	28
XP_015620288.1	HAP1_SCAFFOLD_2880	28.169	213	107	5	622	800	27044	27646	8.01e-12	73.2	1170	30811	28
NP_001410391.1	SUPER_6_HAP1	34.311	341	174	5	582	887	34477677	34476700	5.95e-44	179	1259	37678048	52
NP_001410391.1	SUPER_6_HAP1	51.366	183	81	4	915	1089	34476309	34475761	6.54e-33	142	1259	37678048	52
NP_001410391.1	SUPER_6_HAP1	49.296	142	65	3	937	1071	34529464	34529889	3.13e-20	97.8	1259	37678048	52
NP_001410391.1	SUPER_6_HAP1	53.333	15	7	0	1067	1081	34529864	34529908	3.13e-20	24.3	1259	37678048	52
NP_001410391.1	SUPER_6_HAP1	49.462	93	45	2	1080	1170	34475251	34474973	1.50e-18	95.5	1259	37678048	52
NP_001410391.1	SUPER_6_HAP1	35.652	115	62	2	622	736	34528669	34528977	6.67e-12	73.9	1259	37678048	52
NP_001410391.1	SUPER_6_HAP1	37.363	91	57	0	1169	1259	34474531	34474259	3.87e-08	61.2	1259	37678048	52
NP_001410391.1	HAP1_SCAFFOLD_2880	48.592	142	66	3	937	1071	27839	28264	2.27e-19	95.1	1259	30811	26
NP_001410391.1	HAP1_SCAFFOLD_2880	53.333	15	7	0	1067	1081	28239	28283	2.27e-19	24.3	1259	30811	26
NP_001410391.1	HAP1_SCAFFOLD_2880	28.169	213	107	5	622	800	27044	27646	9.94e-12	73.2	1259	30811	26
ANM68364.1	SUPER_6_HAP1	35.294	323	163	6	447	730	34477671	34476724	4.61e-41	168	966	37678048	60
ANM68364.1	SUPER_6_HAP1	44.186	172	94	1	771	942	34476297	34475788	1.36e-39	163	966	37678048	60
ANM68364.1	SUPER_6_HAP1	42.529	174	95	2	790	963	34529464	34529970	2.67e-33	143	966	37678048	60
ANM68364.1	SUPER_6_HAP1	37.000	100	55	2	4	102	34481619	34481341	4.78e-08	60.5	966	37678048	60
ANM68364.1	SUPER_6_HAP1	37.000	100	55	2	4	102	34521347	34521625	4.78e-08	60.5	966	37678048	60
ANM68364.1	SUPER_6_HAP1	28.105	153	94	5	440	592	34528561	34528971	1.13e-05	52.8	966	37678048	60
ANM68364.1	HAP1_SCAFFOLD_2880	42.529	174	95	2	790	963	27839	28345	7.31e-33	141	966	30811	34
ANM68364.1	HAP1_SCAFFOLD_2880	28.105	153	94	5	440	592	26936	27346	8.34e-06	53.1	966	30811	34
AED92349.1	SUPER_6_HAP1	35.294	323	163	6	447	730	34477671	34476724	1.66e-40	167	1123	37678048	66
AED92349.1	SUPER_6_HAP1	44.509	173	94	1	771	943	34476297	34475785	6.04e-40	165	1123	37678048	66
AED92349.1	SUPER_6_HAP1	46.000	150	76	2	790	936	34529464	34529907	3.87e-32	140	1123	37678048	66
AED92349.1	SUPER_6_HAP1	47.222	108	56	1	927	1034	34475293	34474973	5.20e-21	103	1123	37678048	66
AED92349.1	SUPER_6_HAP1	37.000	100	55	2	4	102	34481619	34481341	5.05e-08	60.8	1123	37678048	66
AED92349.1	SUPER_6_HAP1	37.000	100	55	2	4	102	34521347	34521625	5.05e-08	60.8	1123	37678048	66
AED92349.1	SUPER_6_HAP1	43.956	91	51	0	1033	1123	34474531	34474259	7.25e-08	60.1	1123	37678048	66
AED92349.1	SUPER_6_HAP1	28.105	153	94	5	440	592	34528561	34528971	1.61e-05	52.4	1123	37678048	66
AED92349.1	HAP1_SCAFFOLD_2880	46.000	150	76	2	790	936	27839	28282	9.31e-32	138	1123	30811	27
AED92349.1	HAP1_SCAFFOLD_2880	28.105	153	94	5	440	592	26936	27346	1.13e-05	53.1	1123	30811	27
XP_024452488.2	SUPER_6_HAP1	47.507	381	170	4	283	660	34477677	34476616	2.43e-91	324	1023	37678048	72
XP_024452488.2	SUPER_6_HAP1	52.406	187	82	2	657	843	34476324	34475785	1.57e-43	176	1023	37678048	72
XP_024452488.2	SUPER_6_HAP1	52.740	146	62	2	688	833	34529473	34529889	3.63e-31	136	1023	37678048	72
XP_024452488.2	SUPER_6_HAP1	33.333	234	111	5	323	545	34528669	34529268	9.04e-30	105	1023	37678048	72
XP_024452488.2	SUPER_6_HAP1	48.718	39	20	0	283	321	34528550	34528666	9.04e-30	47.8	1023	37678048	72
XP_024452488.2	SUPER_6_HAP1	58.065	93	39	0	842	934	34475251	34474973	5.60e-25	116	1023	37678048	72
XP_024452488.2	SUPER_6_HAP1	50.549	91	45	0	933	1023	34474531	34474259	4.87e-08	60.5	1023	37678048	72
XP_024452488.2	HAP1_SCAFFOLD_2880	52.055	146	63	2	688	833	27848	28264	2.13e-30	134	1023	30811	40
XP_024452488.2	HAP1_SCAFFOLD_2880	33.761	234	110	5	323	545	27044	27643	2.88e-30	107	1023	30811	40
XP_024452488.2	HAP1_SCAFFOLD_2880	48.718	39	20	0	283	321	26925	27041	2.88e-30	47.8	1023	30811	40
XP_024452486.2	SUPER_6_HAP1	47.507	381	170	4	479	856	34477677	34476616	5.56e-90	324	1219	37678048	72
XP_024452486.2	SUPER_6_HAP1	52.406	187	82	2	853	1039	34476324	34475785	9.52e-44	178	1219	37678048	72
XP_024452486.2	SUPER_6_HAP1	52.740	146	62	2	884	1029	34529473	34529889	1.80e-31	137	1219	37678048	72
XP_024452486.2	SUPER_6_HAP1	80.000	10	2	0	1030	1039	34529879	34529908	1.80e-31	21.9	1219	37678048	72
XP_024452486.2	SUPER_6_HAP1	33.333	234	111	5	519	741	34528669	34529268	6.81e-30	107	1219	37678048	72
XP_024452486.2	SUPER_6_HAP1	48.718	39	20	0	479	517	34528550	34528666	6.81e-30	47.8	1219	37678048	72
XP_024452486.2	SUPER_6_HAP1	58.065	93	39	0	1038	1130	34475251	34474973	6.48e-25	116	1219	37678048	72
XP_024452486.2	SUPER_6_HAP1	35.484	93	47	1	5	84	34481619	34481341	3.59e-09	64.7	1219	37678048	72
XP_024452486.2	SUPER_6_HAP1	35.484	93	47	1	5	84	34521347	34521625	3.59e-09	64.7	1219	37678048	72
XP_024452486.2	SUPER_6_HAP1	50.549	91	45	0	1129	1219	34474531	34474259	5.24e-08	60.8	1219	37678048	72
XP_024452486.2	SUPER_6_HAP1	41.176	85	26	1	111	171	34480783	34480529	7.34e-08	60.5	1219	37678048	72
XP_024452486.2	SUPER_6_HAP1	41.176	85	26	1	111	171	34522186	34522440	7.34e-08	60.5	1219	37678048	72
XP_024452486.2	SUPER_6_HAP1	50.000	42	21	0	130	171	34524972	34525097	7.22e-06	48.1	1219	37678048	72
XP_024452486.2	SUPER_6_HAP1	55.000	20	9	0	112	131	34524845	34524904	7.22e-06	24.6	1219	37678048	72
XP_024452486.2	HAP1_SCAFFOLD_2880	52.055	146	63	2	884	1029	27848	28264	1.19e-30	135	1219	30811	38
XP_024452486.2	HAP1_SCAFFOLD_2880	33.761	234	110	5	519	741	27044	27643	2.11e-30	108	1219	30811	38
XP_024452486.2	HAP1_SCAFFOLD_2880	48.718	39	20	0	479	517	26925	27041	2.11e-30	47.8	1219	30811	38
XP_024452486.2	HAP1_SCAFFOLD_2880	50.000	42	21	0	130	171	23349	23474	9.99e-06	48.1	1219	30811	38
XP_024452486.2	HAP1_SCAFFOLD_2880	55.000	20	9	0	112	131	23222	23281	9.99e-06	24.6	1219	30811	38
XP_024452485.2	SUPER_6_HAP1	47.507	381	170	4	481	858	34477677	34476616	5.71e-90	324	1221	37678048	72
XP_024452485.2	SUPER_6_HAP1	52.406	187	82	2	855	1041	34476324	34475785	9.57e-44	178	1221	37678048	72
XP_024452485.2	SUPER_6_HAP1	52.740	146	62	2	886	1031	34529473	34529889	1.80e-31	137	1221	37678048	72
XP_024452485.2	SUPER_6_HAP1	80.000	10	2	0	1032	1041	34529879	34529908	1.80e-31	21.9	1221	37678048	72
XP_024452485.2	SUPER_6_HAP1	33.333	234	111	5	521	743	34528669	34529268	7.05e-30	107	1221	37678048	72
XP_024452485.2	SUPER_6_HAP1	48.718	39	20	0	481	519	34528550	34528666	7.05e-30	47.8	1221	37678048	72
XP_024452485.2	SUPER_6_HAP1	58.065	93	39	0	1040	1132	34475251	34474973	6.34e-25	116	1221	37678048	72
XP_024452485.2	SUPER_6_HAP1	35.484	93	47	1	5	84	34481619	34481341	3.60e-09	64.7	1221	37678048	72
XP_024452485.2	SUPER_6_HAP1	35.484	93	47	1	5	84	34521347	34521625	3.60e-09	64.7	1221	37678048	72
XP_024452485.2	SUPER_6_HAP1	50.549	91	45	0	1131	1221	34474531	34474259	5.21e-08	60.8	1221	37678048	72
XP_024452485.2	SUPER_6_HAP1	41.176	85	26	1	111	171	34480783	34480529	7.54e-08	60.5	1221	37678048	72
XP_024452485.2	SUPER_6_HAP1	41.176	85	26	1	111	171	34522186	34522440	7.54e-08	60.5	1221	37678048	72
XP_024452485.2	SUPER_6_HAP1	50.000	42	21	0	130	171	34524972	34525097	7.40e-06	48.1	1221	37678048	72
XP_024452485.2	SUPER_6_HAP1	55.000	20	9	0	112	131	34524845	34524904	7.40e-06	24.6	1221	37678048	72
XP_024452485.2	HAP1_SCAFFOLD_2880	52.055	146	63	2	886	1031	27848	28264	1.19e-30	135	1221	30811	38
XP_024452485.2	HAP1_SCAFFOLD_2880	33.761	234	110	5	521	743	27044	27643	2.17e-30	108	1221	30811	38
XP_024452485.2	HAP1_SCAFFOLD_2880	48.718	39	20	0	481	519	26925	27041	2.17e-30	47.8	1221	30811	38
XP_024452485.2	HAP1_SCAFFOLD_2880	50.000	42	21	0	130	171	23349	23474	1.02e-05	48.1	1221	30811	38
XP_024452485.2	HAP1_SCAFFOLD_2880	55.000	20	9	0	112	131	23222	23281	1.02e-05	24.6	1221	30811	38
XP_052138365.1	SUPER_6_HAP1	34.604	341	173	5	65	370	34477677	34476700	5.83e-45	177	742	37678048	88
XP_052138365.1	SUPER_6_HAP1	51.366	183	81	4	398	572	34476309	34475761	1.07e-32	139	742	37678048	88
XP_052138365.1	SUPER_6_HAP1	49.296	142	65	3	420	554	34529464	34529889	4.26e-20	96.7	742	37678048	88
XP_052138365.1	SUPER_6_HAP1	53.333	15	7	0	550	564	34529864	34529908	4.26e-20	23.9	742	37678048	88
XP_052138365.1	SUPER_6_HAP1	49.462	93	45	2	563	653	34475251	34474973	9.49e-19	95.1	742	37678048	88
XP_052138365.1	SUPER_6_HAP1	35.652	115	62	2	105	219	34528669	34528977	1.25e-11	71.6	742	37678048	88
XP_052138365.1	SUPER_6_HAP1	37.363	91	57	0	652	742	34474531	34474259	6.31e-08	59.7	742	37678048	88
XP_052138365.1	HAP1_SCAFFOLD_2880	48.592	142	66	3	420	554	27839	28264	2.39e-19	94.4	742	30811	35
XP_052138365.1	HAP1_SCAFFOLD_2880	53.333	15	7	0	550	564	28239	28283	2.39e-19	23.9	742	30811	35
XP_052138365.1	HAP1_SCAFFOLD_2880	35.652	115	62	2	105	219	27044	27352	1.95e-11	71.2	742	30811	35
XP_052138362.1	SUPER_6_HAP1	34.604	341	173	5	73	378	34477677	34476700	7.55e-45	177	750	37678048	87
XP_052138362.1	SUPER_6_HAP1	51.366	183	81	4	406	580	34476309	34475761	9.57e-33	140	750	37678048	87
XP_052138362.1	SUPER_6_HAP1	49.296	142	65	3	428	562	34529464	34529889	4.27e-20	96.7	750	37678048	87
XP_052138362.1	SUPER_6_HAP1	53.333	15	7	0	558	572	34529864	34529908	4.27e-20	24.3	750	37678048	87
XP_052138362.1	SUPER_6_HAP1	49.462	93	45	2	571	661	34475251	34474973	9.16e-19	95.1	750	37678048	87
XP_052138362.1	SUPER_6_HAP1	35.652	115	62	2	113	227	34528669	34528977	1.28e-11	71.6	750	37678048	87
XP_052138362.1	SUPER_6_HAP1	37.363	91	57	0	660	750	34474531	34474259	6.92e-08	59.7	750	37678048	87
XP_052138362.1	HAP1_SCAFFOLD_2880	48.592	142	66	3	428	562	27839	28264	2.27e-19	94.4	750	30811	35
XP_052138362.1	HAP1_SCAFFOLD_2880	53.333	15	7	0	558	572	28239	28283	2.27e-19	24.3	750	30811	35
XP_052138362.1	HAP1_SCAFFOLD_2880	35.652	115	62	2	113	227	27044	27352	1.93e-11	71.2	750	30811	35
XP_052138361.1	SUPER_6_HAP1	34.604	341	173	5	252	557	34477677	34476700	6.18e-45	180	929	37678048	70
XP_052138361.1	SUPER_6_HAP1	51.366	183	81	4	585	759	34476309	34475761	1.63e-33	143	929	37678048	70
XP_052138361.1	SUPER_6_HAP1	49.296	142	65	3	607	741	34529464	34529889	7.53e-21	99.4	929	37678048	70
XP_052138361.1	SUPER_6_HAP1	53.333	15	7	0	737	751	34529864	34529908	7.53e-21	24.3	929	37678048	70
XP_052138361.1	SUPER_6_HAP1	49.462	93	45	2	750	840	34475251	34474973	4.39e-19	96.7	929	37678048	70
XP_052138361.1	SUPER_6_HAP1	35.652	115	62	2	292	406	34528669	34528977	3.31e-12	74.3	929	37678048	70
XP_052138361.1	SUPER_6_HAP1	37.363	91	57	0	839	929	34474531	34474259	4.00e-08	60.8	929	37678048	70
XP_052138361.1	HAP1_SCAFFOLD_2880	48.592	142	66	3	607	741	27839	28264	5.48e-20	96.7	929	30811	35
XP_052138361.1	HAP1_SCAFFOLD_2880	53.333	15	7	0	737	751	28239	28283	5.48e-20	24.3	929	30811	35
XP_052138361.1	HAP1_SCAFFOLD_2880	28.169	213	107	5	292	470	27044	27646	4.01e-12	73.9	929	30811	35
XP_052138360.1	SUPER_6_HAP1	34.604	341	173	5	415	720	34477677	34476700	3.79e-44	179	1092	37678048	60
XP_052138360.1	SUPER_6_HAP1	51.366	183	81	4	748	922	34476309	34475761	2.21e-32	140	1092	37678048	60
XP_052138360.1	SUPER_6_HAP1	49.296	142	65	3	770	904	34529464	34529889	7.33e-20	96.3	1092	37678048	60
XP_052138360.1	SUPER_6_HAP1	53.333	15	7	0	900	914	34529864	34529908	7.33e-20	24.3	1092	37678048	60
XP_052138360.1	SUPER_6_HAP1	49.462	93	45	2	913	1003	34475251	34474973	2.34e-18	94.7	1092	37678048	60
XP_052138360.1	SUPER_6_HAP1	35.652	115	62	2	455	569	34528669	34528977	1.60e-11	72.4	1092	37678048	60
XP_052138360.1	SUPER_6_HAP1	37.363	91	57	0	1002	1092	34474531	34474259	5.17e-08	60.8	1092	37678048	60
XP_052138360.1	HAP1_SCAFFOLD_2880	48.592	142	66	3	770	904	27839	28264	4.94e-19	93.6	1092	30811	24
XP_052138360.1	HAP1_SCAFFOLD_2880	53.333	15	7	0	900	914	28239	28283	4.94e-19	24.3	1092	30811	24
XP_052138360.1	HAP1_SCAFFOLD_2880	35.652	115	62	2	455	569	27044	27352	2.47e-11	71.6	1092	30811	24
XP_052138359.1	SUPER_6_HAP1	34.604	341	173	5	462	767	34477677	34476700	1.48e-44	180	1139	37678048	57
XP_052138359.1	SUPER_6_HAP1	51.366	183	81	4	795	969	34476309	34475761	2.90e-33	143	1139	37678048	57
XP_052138359.1	SUPER_6_HAP1	49.296	142	65	3	817	951	34529464	34529889	1.43e-20	98.6	1139	37678048	57
XP_052138359.1	SUPER_6_HAP1	53.333	15	7	0	947	961	34529864	34529908	1.43e-20	24.3	1139	37678048	57
XP_052138359.1	SUPER_6_HAP1	49.462	93	45	2	960	1050	34475251	34474973	3.85e-19	97.4	1139	37678048	57
XP_052138359.1	SUPER_6_HAP1	35.652	115	62	2	502	616	34528669	34528977	3.79e-12	74.3	1139	37678048	57
XP_052138359.1	SUPER_6_HAP1	37.363	91	57	0	1049	1139	34474531	34474259	3.47e-08	61.2	1139	37678048	57
XP_052138359.1	HAP1_SCAFFOLD_2880	48.592	142	66	3	817	951	27839	28264	1.03e-19	95.9	1139	30811	28
XP_052138359.1	HAP1_SCAFFOLD_2880	53.333	15	7	0	947	961	28239	28283	1.03e-19	24.3	1139	30811	28
XP_052138359.1	HAP1_SCAFFOLD_2880	28.169	213	107	5	502	680	27044	27646	4.46e-12	73.9	1139	30811	28
XP_052138358.1	SUPER_6_HAP1	34.604	341	173	5	581	886	34477677	34476700	2.09e-44	180	1169	37678048	48
XP_052138358.1	SUPER_6_HAP1	52.222	180	78	4	914	1085	34476309	34475770	1.01e-33	145	1169	37678048	48
XP_052138358.1	SUPER_6_HAP1	46.250	160	77	4	936	1086	34529464	34529943	2.01e-19	98.2	1169	37678048	48
XP_052138358.1	SUPER_6_HAP1	35.652	115	62	2	621	735	34528669	34528977	5.89e-12	73.9	1169	37678048	48
XP_052138358.1	SUPER_6_HAP1	36.957	92	58	0	1078	1169	34474534	34474259	2.58e-08	61.6	1169	37678048	48
XP_052138358.1	HAP1_SCAFFOLD_2880	45.625	160	78	4	936	1086	27839	28318	1.33e-18	95.5	1169	30811	28
XP_052138358.1	HAP1_SCAFFOLD_2880	28.169	213	107	5	621	799	27044	27646	7.29e-12	73.6	1169	30811	28
XP_052138357.1	SUPER_6_HAP1	34.604	341	173	5	581	886	34477677	34476700	2.72e-44	180	1258	37678048	52
XP_052138357.1	SUPER_6_HAP1	51.366	183	81	4	914	1088	34476309	34475761	6.93e-33	142	1258	37678048	52
XP_052138357.1	SUPER_6_HAP1	49.296	142	65	3	936	1070	34529464	34529889	3.05e-20	97.8	1258	37678048	52
XP_052138357.1	SUPER_6_HAP1	53.333	15	7	0	1066	1080	34529864	34529908	3.05e-20	24.3	1258	37678048	52
XP_052138357.1	SUPER_6_HAP1	49.462	93	45	2	1079	1169	34475251	34474973	1.24e-18	95.9	1258	37678048	52
XP_052138357.1	SUPER_6_HAP1	35.652	115	62	2	621	735	34528669	34528977	7.13e-12	73.6	1258	37678048	52
XP_052138357.1	SUPER_6_HAP1	37.363	91	57	0	1168	1258	34474531	34474259	4.61e-08	61.2	1258	37678048	52
XP_052138357.1	HAP1_SCAFFOLD_2880	48.592	142	66	3	936	1070	27839	28264	2.21e-19	95.1	1258	30811	26
XP_052138357.1	HAP1_SCAFFOLD_2880	53.333	15	7	0	1066	1080	28239	28283	2.21e-19	24.3	1258	30811	26
XP_052138357.1	HAP1_SCAFFOLD_2880	28.169	213	107	5	621	799	27044	27646	8.54e-12	73.2	1258	30811	26
KAI9397292.1	SUPER_6_HAP1	47.507	381	170	4	479	856	34477677	34476616	5.56e-90	324	1219	37678048	72
KAI9397292.1	SUPER_6_HAP1	52.406	187	82	2	853	1039	34476324	34475785	9.52e-44	178	1219	37678048	72
KAI9397292.1	SUPER_6_HAP1	52.740	146	62	2	884	1029	34529473	34529889	1.80e-31	137	1219	37678048	72
KAI9397292.1	SUPER_6_HAP1	80.000	10	2	0	1030	1039	34529879	34529908	1.80e-31	21.9	1219	37678048	72
KAI9397292.1	SUPER_6_HAP1	33.333	234	111	5	519	741	34528669	34529268	6.81e-30	107	1219	37678048	72
KAI9397292.1	SUPER_6_HAP1	48.718	39	20	0	479	517	34528550	34528666	6.81e-30	47.8	1219	37678048	72
KAI9397292.1	SUPER_6_HAP1	58.065	93	39	0	1038	1130	34475251	34474973	6.48e-25	116	1219	37678048	72
KAI9397292.1	SUPER_6_HAP1	35.484	93	47	1	5	84	34481619	34481341	3.59e-09	64.7	1219	37678048	72
KAI9397292.1	SUPER_6_HAP1	35.484	93	47	1	5	84	34521347	34521625	3.59e-09	64.7	1219	37678048	72
KAI9397292.1	SUPER_6_HAP1	50.549	91	45	0	1129	1219	34474531	34474259	5.24e-08	60.8	1219	37678048	72
KAI9397292.1	SUPER_6_HAP1	41.176	85	26	1	111	171	34480783	34480529	7.34e-08	60.5	1219	37678048	72
KAI9397292.1	SUPER_6_HAP1	41.176	85	26	1	111	171	34522186	34522440	7.34e-08	60.5	1219	37678048	72
KAI9397292.1	SUPER_6_HAP1	50.000	42	21	0	130	171	34524972	34525097	7.22e-06	48.1	1219	37678048	72
KAI9397292.1	SUPER_6_HAP1	55.000	20	9	0	112	131	34524845	34524904	7.22e-06	24.6	1219	37678048	72
KAI9397292.1	HAP1_SCAFFOLD_2880	52.055	146	63	2	884	1029	27848	28264	1.19e-30	135	1219	30811	38
KAI9397292.1	HAP1_SCAFFOLD_2880	33.761	234	110	5	519	741	27044	27643	2.11e-30	108	1219	30811	38
KAI9397292.1	HAP1_SCAFFOLD_2880	48.718	39	20	0	479	517	26925	27041	2.11e-30	47.8	1219	30811	38
KAI9397292.1	HAP1_SCAFFOLD_2880	50.000	42	21	0	130	171	23349	23474	9.99e-06	48.1	1219	30811	38
KAI9397292.1	HAP1_SCAFFOLD_2880	55.000	20	9	0	112	131	23222	23281	9.99e-06	24.6	1219	30811	38
KAI9397291.1	SUPER_6_HAP1	47.507	381	170	4	481	858	34477677	34476616	5.71e-90	324	1221	37678048	72
KAI9397291.1	SUPER_6_HAP1	52.406	187	82	2	855	1041	34476324	34475785	9.57e-44	178	1221	37678048	72
KAI9397291.1	SUPER_6_HAP1	52.740	146	62	2	886	1031	34529473	34529889	1.80e-31	137	1221	37678048	72
KAI9397291.1	SUPER_6_HAP1	80.000	10	2	0	1032	1041	34529879	34529908	1.80e-31	21.9	1221	37678048	72
KAI9397291.1	SUPER_6_HAP1	33.333	234	111	5	521	743	34528669	34529268	7.05e-30	107	1221	37678048	72
KAI9397291.1	SUPER_6_HAP1	48.718	39	20	0	481	519	34528550	34528666	7.05e-30	47.8	1221	37678048	72
KAI9397291.1	SUPER_6_HAP1	58.065	93	39	0	1040	1132	34475251	34474973	6.34e-25	116	1221	37678048	72
KAI9397291.1	SUPER_6_HAP1	35.484	93	47	1	5	84	34481619	34481341	3.60e-09	64.7	1221	37678048	72
KAI9397291.1	SUPER_6_HAP1	35.484	93	47	1	5	84	34521347	34521625	3.60e-09	64.7	1221	37678048	72
KAI9397291.1	SUPER_6_HAP1	50.549	91	45	0	1131	1221	34474531	34474259	5.21e-08	60.8	1221	37678048	72
KAI9397291.1	SUPER_6_HAP1	41.176	85	26	1	111	171	34480783	34480529	7.54e-08	60.5	1221	37678048	72
KAI9397291.1	SUPER_6_HAP1	41.176	85	26	1	111	171	34522186	34522440	7.54e-08	60.5	1221	37678048	72
KAI9397291.1	SUPER_6_HAP1	50.000	42	21	0	130	171	34524972	34525097	7.40e-06	48.1	1221	37678048	72
KAI9397291.1	SUPER_6_HAP1	55.000	20	9	0	112	131	34524845	34524904	7.40e-06	24.6	1221	37678048	72
KAI9397291.1	HAP1_SCAFFOLD_2880	52.055	146	63	2	886	1031	27848	28264	1.19e-30	135	1221	30811	38
KAI9397291.1	HAP1_SCAFFOLD_2880	33.761	234	110	5	521	743	27044	27643	2.17e-30	108	1221	30811	38
KAI9397291.1	HAP1_SCAFFOLD_2880	48.718	39	20	0	481	519	26925	27041	2.17e-30	47.8	1221	30811	38
KAI9397291.1	HAP1_SCAFFOLD_2880	50.000	42	21	0	130	171	23349	23474	1.02e-05	48.1	1221	30811	38
KAI9397291.1	HAP1_SCAFFOLD_2880	55.000	20	9	0	112	131	23222	23281	1.02e-05	24.6	1221	30811	38
NP_001330126.1	SUPER_6_HAP1	35.294	323	163	6	447	730	34477671	34476724	4.61e-41	168	966	37678048	60
NP_001330126.1	SUPER_6_HAP1	44.186	172	94	1	771	942	34476297	34475788	1.36e-39	163	966	37678048	60
NP_001330126.1	SUPER_6_HAP1	42.529	174	95	2	790	963	34529464	34529970	2.67e-33	143	966	37678048	60
NP_001330126.1	SUPER_6_HAP1	37.000	100	55	2	4	102	34481619	34481341	4.78e-08	60.5	966	37678048	60
NP_001330126.1	SUPER_6_HAP1	37.000	100	55	2	4	102	34521347	34521625	4.78e-08	60.5	966	37678048	60
NP_001330126.1	SUPER_6_HAP1	28.105	153	94	5	440	592	34528561	34528971	1.13e-05	52.8	966	37678048	60
NP_001330126.1	HAP1_SCAFFOLD_2880	42.529	174	95	2	790	963	27839	28345	7.31e-33	141	966	30811	34
NP_001330126.1	HAP1_SCAFFOLD_2880	28.105	153	94	5	440	592	26936	27346	8.34e-06	53.1	966	30811	34
NP_197187.1	SUPER_6_HAP1	35.294	323	163	6	447	730	34477671	34476724	1.66e-40	167	1123	37678048	66
NP_197187.1	SUPER_6_HAP1	44.509	173	94	1	771	943	34476297	34475785	6.04e-40	165	1123	37678048	66
NP_197187.1	SUPER_6_HAP1	46.000	150	76	2	790	936	34529464	34529907	3.87e-32	140	1123	37678048	66
NP_197187.1	SUPER_6_HAP1	47.222	108	56	1	927	1034	34475293	34474973	5.20e-21	103	1123	37678048	66
NP_197187.1	SUPER_6_HAP1	37.000	100	55	2	4	102	34481619	34481341	5.05e-08	60.8	1123	37678048	66
NP_197187.1	SUPER_6_HAP1	37.000	100	55	2	4	102	34521347	34521625	5.05e-08	60.8	1123	37678048	66
NP_197187.1	SUPER_6_HAP1	43.956	91	51	0	1033	1123	34474531	34474259	7.25e-08	60.1	1123	37678048	66
NP_197187.1	SUPER_6_HAP1	28.105	153	94	5	440	592	34528561	34528971	1.61e-05	52.4	1123	37678048	66
NP_197187.1	HAP1_SCAFFOLD_2880	46.000	150	76	2	790	936	27839	28282	9.31e-32	138	1123	30811	27
NP_197187.1	HAP1_SCAFFOLD_2880	28.105	153	94	5	440	592	26936	27346	1.13e-05	53.1	1123	30811	27
XP_020399449.1	SUPER_6_HAP1	34.036	332	159	4	489	779	34477677	34476739	3.36e-46	186	1166	37678048	54
XP_020399449.1	SUPER_6_HAP1	51.149	174	78	3	825	991	34476297	34475776	1.76e-31	137	1166	37678048	54
XP_020399449.1	SUPER_6_HAP1	50.000	142	64	3	844	978	34529464	34529889	3.51e-20	100	1166	37678048	54
XP_020399449.1	SUPER_6_HAP1	49.462	93	45	2	987	1077	34475251	34474973	2.00e-18	95.1	1166	37678048	54
XP_020399449.1	SUPER_6_HAP1	36.066	122	52	2	529	643	34528669	34528977	2.29e-18	78.2	1166	37678048	54
XP_020399449.1	SUPER_6_HAP1	41.026	39	23	0	489	527	34528550	34528666	2.29e-18	37.4	1166	37678048	54
XP_020399449.1	SUPER_6_HAP1	36.264	91	58	0	1076	1166	34474531	34474259	1.38e-07	59.3	1166	37678048	54
XP_020399449.1	HAP1_SCAFFOLD_2880	50.000	142	64	3	844	978	27839	28264	2.15e-20	101	1166	30811	25
XP_020399449.1	HAP1_SCAFFOLD_2880	36.066	122	52	2	529	643	27044	27352	3.89e-18	77.8	1166	30811	25
XP_020399449.1	HAP1_SCAFFOLD_2880	41.026	39	23	0	489	527	26925	27041	3.89e-18	37.4	1166	30811	25
VYS67061.1	SUPER_6_HAP1	35.294	323	163	6	447	730	34477671	34476724	1.66e-40	167	1123	37678048	66
VYS67061.1	SUPER_6_HAP1	44.509	173	94	1	771	943	34476297	34475785	6.04e-40	165	1123	37678048	66
VYS67061.1	SUPER_6_HAP1	46.000	150	76	2	790	936	34529464	34529907	3.87e-32	140	1123	37678048	66
VYS67061.1	SUPER_6_HAP1	47.222	108	56	1	927	1034	34475293	34474973	5.20e-21	103	1123	37678048	66
VYS67061.1	SUPER_6_HAP1	37.000	100	55	2	4	102	34481619	34481341	5.05e-08	60.8	1123	37678048	66
VYS67061.1	SUPER_6_HAP1	37.000	100	55	2	4	102	34521347	34521625	5.05e-08	60.8	1123	37678048	66
VYS67061.1	SUPER_6_HAP1	43.956	91	51	0	1033	1123	34474531	34474259	7.25e-08	60.1	1123	37678048	66
VYS67061.1	SUPER_6_HAP1	28.105	153	94	5	440	592	34528561	34528971	1.61e-05	52.4	1123	37678048	66
VYS67061.1	HAP1_SCAFFOLD_2880	46.000	150	76	2	790	936	27839	28282	9.31e-32	138	1123	30811	27
VYS67061.1	HAP1_SCAFFOLD_2880	28.105	153	94	5	440	592	26936	27346	1.13e-05	53.1	1123	30811	27
XP_028550950.1	SUPER_6_HAP1	41.143	350	174	4	305	650	34477683	34476718	3.76e-70	261	1105	37678048	63
XP_028550950.1	SUPER_6_HAP1	64.773	88	30	1	839	926	34476045	34475785	3.09e-26	120	1105	37678048	63
XP_028550950.1	SUPER_6_HAP1	27.197	239	120	6	347	570	34528669	34529268	9.43e-23	82.8	1105	37678048	63
XP_028550950.1	SUPER_6_HAP1	51.111	45	22	0	301	345	34528532	34528666	9.43e-23	47.8	1105	37678048	63
XP_028550950.1	SUPER_6_HAP1	59.211	76	30	1	839	914	34529659	34529883	2.30e-19	94.4	1105	37678048	63
XP_028550950.1	SUPER_6_HAP1	53.333	15	7	0	912	926	34529864	34529908	2.30e-19	24.3	1105	37678048	63
XP_028550950.1	SUPER_6_HAP1	50.538	93	46	0	925	1017	34475251	34474973	2.53e-19	97.8	1105	37678048	63
XP_028550950.1	SUPER_6_HAP1	41.758	91	52	1	1016	1105	34474531	34474259	2.59e-10	68.2	1105	37678048	63
XP_028550950.1	SUPER_6_HAP1	43.011	93	40	2	674	753	34476390	34476112	1.46e-05	52.8	1105	37678048	63
XP_028550950.1	HAP1_SCAFFOLD_2880	27.615	239	119	6	347	570	27044	27643	2.91e-23	84.7	1105	30811	32
XP_028550950.1	HAP1_SCAFFOLD_2880	51.111	45	22	0	301	345	26907	27041	2.91e-23	47.8	1105	30811	32
XP_028550950.1	HAP1_SCAFFOLD_2880	59.211	76	30	1	839	914	28034	28258	2.62e-19	94.4	1105	30811	32
XP_028550950.1	HAP1_SCAFFOLD_2880	53.333	15	7	0	912	926	28239	28283	2.62e-19	24.3	1105	30811	32
XP_028550949.1	SUPER_6_HAP1	41.143	350	174	4	400	745	34477683	34476718	3.41e-70	263	1200	37678048	56
XP_028550949.1	SUPER_6_HAP1	64.773	88	30	1	934	1021	34476045	34475785	3.62e-26	120	1200	37678048	56
XP_028550949.1	SUPER_6_HAP1	27.197	239	120	6	442	665	34528669	34529268	6.57e-23	83.2	1200	37678048	56
XP_028550949.1	SUPER_6_HAP1	51.111	45	22	0	396	440	34528532	34528666	6.57e-23	47.8	1200	37678048	56
XP_028550949.1	SUPER_6_HAP1	50.538	93	46	0	1020	1112	34475251	34474973	2.59e-19	98.2	1200	37678048	56
XP_028550949.1	SUPER_6_HAP1	59.211	76	30	1	934	1009	34529659	34529883	3.18e-19	94.4	1200	37678048	56
XP_028550949.1	SUPER_6_HAP1	53.333	15	7	0	1007	1021	34529864	34529908	3.18e-19	24.3	1200	37678048	56
XP_028550949.1	SUPER_6_HAP1	41.758	91	52	1	1111	1200	34474531	34474259	1.57e-10	69.3	1200	37678048	56
XP_028550949.1	SUPER_6_HAP1	59.649	57	23	0	792	848	34476282	34476112	1.70e-05	52.4	1200	37678048	56
XP_028550949.1	HAP1_SCAFFOLD_2880	27.615	239	119	6	442	665	27044	27643	1.96e-23	85.1	1200	30811	30
XP_028550949.1	HAP1_SCAFFOLD_2880	51.111	45	22	0	396	440	26907	27041	1.96e-23	47.8	1200	30811	30
XP_028550949.1	HAP1_SCAFFOLD_2880	59.211	76	30	1	934	1009	28034	28258	3.64e-19	94.4	1200	30811	30
XP_028550949.1	HAP1_SCAFFOLD_2880	53.333	15	7	0	1007	1021	28239	28283	3.64e-19	24.3	1200	30811	30
XP_020672270.2	SUPER_6_HAP1	41.143	350	174	4	418	763	34477683	34476718	4.07e-70	263	1218	37678048	57
XP_020672270.2	SUPER_6_HAP1	64.773	88	30	1	952	1039	34476045	34475785	3.56e-26	120	1218	37678048	57
XP_020672270.2	SUPER_6_HAP1	27.197	239	120	6	460	683	34528669	34529268	5.86e-23	83.6	1218	37678048	57
XP_020672270.2	SUPER_6_HAP1	51.111	45	22	0	414	458	34528532	34528666	5.86e-23	47.8	1218	37678048	57
XP_020672270.2	SUPER_6_HAP1	59.211	76	30	1	952	1027	34529659	34529883	2.62e-19	94.4	1218	37678048	57
XP_020672270.2	SUPER_6_HAP1	53.333	15	7	0	1025	1039	34529864	34529908	2.62e-19	24.3	1218	37678048	57
XP_020672270.2	SUPER_6_HAP1	50.538	93	46	0	1038	1130	34475251	34474973	2.63e-19	98.2	1218	37678048	57
XP_020672270.2	SUPER_6_HAP1	41.758	91	52	1	1129	1218	34474531	34474259	1.60e-10	69.3	1218	37678048	57
XP_020672270.2	SUPER_6_HAP1	43.011	93	40	2	787	866	34476390	34476112	1.59e-05	52.8	1218	37678048	57
XP_020672270.2	HAP1_SCAFFOLD_2880	27.615	239	119	6	460	683	27044	27643	1.87e-23	85.5	1218	30811	29
XP_020672270.2	HAP1_SCAFFOLD_2880	51.111	45	22	0	414	458	26907	27041	1.87e-23	47.8	1218	30811	29
XP_020672270.2	HAP1_SCAFFOLD_2880	59.211	76	30	1	952	1027	28034	28258	2.99e-19	94.4	1218	30811	29
XP_020672270.2	HAP1_SCAFFOLD_2880	53.333	15	7	0	1025	1039	28239	28283	2.99e-19	24.3	1218	30811	29
XP_024531885.1	SUPER_6_HAP1	36.578	339	191	4	295	627	34477656	34476694	1.54e-53	208	1000	37678048	58
XP_024531885.1	SUPER_6_HAP1	43.293	164	85	3	668	824	34476273	34475785	2.52e-31	137	1000	37678048	58
XP_024531885.1	SUPER_6_HAP1	39.130	138	78	2	683	814	34529476	34529889	8.88e-22	102	1000	37678048	58
XP_024531885.1	SUPER_6_HAP1	53.333	15	7	0	810	824	34529864	34529908	8.88e-22	24.3	1000	37678048	58
XP_024531885.1	SUPER_6_HAP1	34.906	106	68	1	324	428	34528657	34528974	3.56e-19	73.2	1000	37678048	58
XP_024531885.1	SUPER_6_HAP1	53.333	30	14	0	295	324	34528571	34528660	3.56e-19	45.1	1000	37678048	58
XP_024531885.1	SUPER_6_HAP1	45.161	93	51	0	823	915	34475251	34474973	5.78e-16	86.7	1000	37678048	58
XP_024531885.1	HAP1_SCAFFOLD_2880	39.130	138	78	2	683	814	27851	28264	8.21e-22	102	1000	30811	28
XP_024531885.1	HAP1_SCAFFOLD_2880	53.333	15	7	0	810	824	28239	28283	8.21e-22	24.3	1000	30811	28
XP_024531885.1	HAP1_SCAFFOLD_2880	34.906	106	68	1	324	428	27032	27349	2.90e-19	73.6	1000	30811	28
XP_024531885.1	HAP1_SCAFFOLD_2880	53.333	30	14	0	295	324	26946	27035	2.90e-19	45.1	1000	30811	28
XP_024531884.1	SUPER_6_HAP1	36.578	339	191	4	311	643	34477656	34476694	1.82e-53	208	1016	37678048	57
XP_024531884.1	SUPER_6_HAP1	43.293	164	85	3	684	840	34476273	34475785	2.70e-31	136	1016	37678048	57
XP_024531884.1	SUPER_6_HAP1	39.130	138	78	2	699	830	34529476	34529889	9.11e-22	102	1016	37678048	57
XP_024531884.1	SUPER_6_HAP1	53.333	15	7	0	826	840	34529864	34529908	9.11e-22	24.3	1016	37678048	57
XP_024531884.1	SUPER_6_HAP1	34.906	106	68	1	340	444	34528657	34528974	3.56e-19	73.2	1016	37678048	57
XP_024531884.1	SUPER_6_HAP1	53.333	30	14	0	311	340	34528571	34528660	3.56e-19	45.1	1016	37678048	57
XP_024531884.1	SUPER_6_HAP1	45.161	93	51	0	839	931	34475251	34474973	5.93e-16	86.7	1016	37678048	57
XP_024531884.1	HAP1_SCAFFOLD_2880	39.130	138	78	2	699	830	27851	28264	8.03e-22	102	1016	30811	27
XP_024531884.1	HAP1_SCAFFOLD_2880	53.333	15	7	0	826	840	28239	28283	8.03e-22	24.3	1016	30811	27
XP_024531884.1	HAP1_SCAFFOLD_2880	34.906	106	68	1	340	444	27032	27349	3.18e-19	73.6	1016	30811	27
XP_024531884.1	HAP1_SCAFFOLD_2880	53.333	30	14	0	311	340	26946	27035	3.18e-19	45.1	1016	30811	27
XP_024531883.1	SUPER_6_HAP1	36.578	339	191	4	311	643	34477656	34476694	1.82e-53	208	1016	37678048	57
XP_024531883.1	SUPER_6_HAP1	43.293	164	85	3	684	840	34476273	34475785	2.70e-31	136	1016	37678048	57
XP_024531883.1	SUPER_6_HAP1	39.130	138	78	2	699	830	34529476	34529889	9.11e-22	102	1016	37678048	57
XP_024531883.1	SUPER_6_HAP1	53.333	15	7	0	826	840	34529864	34529908	9.11e-22	24.3	1016	37678048	57
XP_024531883.1	SUPER_6_HAP1	34.906	106	68	1	340	444	34528657	34528974	3.56e-19	73.2	1016	37678048	57
XP_024531883.1	SUPER_6_HAP1	53.333	30	14	0	311	340	34528571	34528660	3.56e-19	45.1	1016	37678048	57
XP_024531883.1	SUPER_6_HAP1	45.161	93	51	0	839	931	34475251	34474973	5.93e-16	86.7	1016	37678048	57
XP_024531883.1	HAP1_SCAFFOLD_2880	39.130	138	78	2	699	830	27851	28264	8.03e-22	102	1016	30811	27
XP_024531883.1	HAP1_SCAFFOLD_2880	53.333	15	7	0	826	840	28239	28283	8.03e-22	24.3	1016	30811	27
XP_024531883.1	HAP1_SCAFFOLD_2880	34.906	106	68	1	340	444	27032	27349	3.18e-19	73.6	1016	30811	27
XP_024531883.1	HAP1_SCAFFOLD_2880	53.333	30	14	0	311	340	26946	27035	3.18e-19	45.1	1016	30811	27
XP_024376607.1	SUPER_6_HAP1	29.459	370	215	5	531	900	34477656	34476685	6.06e-43	176	1301	37678048	49
XP_024376607.1	SUPER_6_HAP1	37.968	187	92	3	938	1124	34476273	34475785	1.58e-30	135	1301	37678048	49
XP_024376607.1	SUPER_6_HAP1	35.542	166	83	3	949	1114	34529464	34529889	4.15e-22	102	1301	37678048	49
XP_024376607.1	SUPER_6_HAP1	60.000	15	6	0	1110	1124	34529864	34529908	4.15e-22	25.4	1301	37678048	49
XP_024376607.1	SUPER_6_HAP1	45.679	81	43	1	1123	1203	34475251	34475012	7.33e-13	77.0	1301	37678048	49
XP_024376607.1	SUPER_6_HAP1	25.664	113	62	2	565	677	34528672	34528944	1.10e-12	52.8	1301	37678048	49
XP_024376607.1	SUPER_6_HAP1	34.783	46	29	1	692	736	34528986	34529123	1.10e-12	31.6	1301	37678048	49
XP_024376607.1	SUPER_6_HAP1	50.000	20	10	0	531	550	34528571	34528630	1.10e-12	31.2	1301	37678048	49
XP_024376607.1	HAP1_SCAFFOLD_2880	34.940	166	84	3	949	1114	27839	28264	3.19e-21	100	1301	30811	27
XP_024376607.1	HAP1_SCAFFOLD_2880	60.000	15	6	0	1110	1124	28239	28283	3.19e-21	25.4	1301	30811	27
XP_024376607.1	HAP1_SCAFFOLD_2880	25.664	113	62	2	565	677	27047	27319	1.17e-12	53.1	1301	30811	27
XP_024376607.1	HAP1_SCAFFOLD_2880	34.783	46	29	1	692	736	27361	27498	1.17e-12	31.6	1301	30811	27
XP_024376607.1	HAP1_SCAFFOLD_2880	50.000	20	10	0	531	550	26946	27005	1.17e-12	31.2	1301	30811	27
XP_024376598.1	SUPER_6_HAP1	29.459	370	215	5	532	901	34477656	34476685	5.22e-43	176	1302	37678048	49
XP_024376598.1	SUPER_6_HAP1	37.968	187	92	3	939	1125	34476273	34475785	1.53e-30	135	1302	37678048	49
XP_024376598.1	SUPER_6_HAP1	35.542	166	83	3	950	1115	34529464	34529889	4.12e-22	102	1302	37678048	49
XP_024376598.1	SUPER_6_HAP1	60.000	15	6	0	1111	1125	34529864	34529908	4.12e-22	25.4	1302	37678048	49
XP_024376598.1	SUPER_6_HAP1	45.679	81	43	1	1124	1204	34475251	34475012	6.52e-13	77.0	1302	37678048	49
XP_024376598.1	SUPER_6_HAP1	25.664	113	62	2	566	678	34528672	34528944	1.07e-12	52.8	1302	37678048	49
XP_024376598.1	SUPER_6_HAP1	34.783	46	29	1	693	737	34528986	34529123	1.07e-12	31.6	1302	37678048	49
XP_024376598.1	SUPER_6_HAP1	50.000	20	10	0	532	551	34528571	34528630	1.07e-12	31.2	1302	37678048	49
XP_024376598.1	HAP1_SCAFFOLD_2880	34.940	166	84	3	950	1115	27839	28264	3.17e-21	100	1302	30811	27
XP_024376598.1	HAP1_SCAFFOLD_2880	60.000	15	6	0	1111	1125	28239	28283	3.17e-21	25.4	1302	30811	27
XP_024376598.1	HAP1_SCAFFOLD_2880	25.664	113	62	2	566	678	27047	27319	1.11e-12	53.1	1302	30811	27
XP_024376598.1	HAP1_SCAFFOLD_2880	34.783	46	29	1	693	737	27361	27498	1.11e-12	31.6	1302	30811	27
XP_024376598.1	HAP1_SCAFFOLD_2880	50.000	20	10	0	532	551	26946	27005	1.11e-12	31.2	1302	30811	27
XP_024376588.1	SUPER_6_HAP1	29.459	370	215	5	536	905	34477656	34476685	6.39e-43	176	1306	37678048	49
XP_024376588.1	SUPER_6_HAP1	37.968	187	92	3	943	1129	34476273	34475785	1.60e-30	135	1306	37678048	49
XP_024376588.1	SUPER_6_HAP1	35.542	166	83	3	954	1119	34529464	34529889	4.17e-22	102	1306	37678048	49
XP_024376588.1	SUPER_6_HAP1	60.000	15	6	0	1115	1129	34529864	34529908	4.17e-22	25.4	1306	37678048	49
XP_024376588.1	SUPER_6_HAP1	45.679	81	43	1	1128	1208	34475251	34475012	7.37e-13	77.0	1306	37678048	49
XP_024376588.1	SUPER_6_HAP1	25.664	113	62	2	570	682	34528672	34528944	1.15e-12	52.8	1306	37678048	49
XP_024376588.1	SUPER_6_HAP1	34.783	46	29	1	697	741	34528986	34529123	1.15e-12	31.6	1306	37678048	49
XP_024376588.1	SUPER_6_HAP1	50.000	20	10	0	536	555	34528571	34528630	1.15e-12	31.2	1306	37678048	49
XP_024376588.1	HAP1_SCAFFOLD_2880	34.940	166	84	3	954	1119	27839	28264	3.18e-21	100	1306	30811	27
XP_024376588.1	HAP1_SCAFFOLD_2880	60.000	15	6	0	1115	1129	28239	28283	3.18e-21	25.4	1306	30811	27
XP_024376588.1	HAP1_SCAFFOLD_2880	25.664	113	62	2	570	682	27047	27319	1.24e-12	53.1	1306	30811	27
XP_024376588.1	HAP1_SCAFFOLD_2880	34.783	46	29	1	697	741	27361	27498	1.24e-12	31.6	1306	30811	27
XP_024376588.1	HAP1_SCAFFOLD_2880	50.000	20	10	0	536	555	26946	27005	1.24e-12	31.2	1306	30811	27
XP_024376582.1	SUPER_6_HAP1	29.459	370	215	5	537	906	34477656	34476685	5.78e-43	176	1307	37678048	49
XP_024376582.1	SUPER_6_HAP1	37.968	187	92	3	944	1130	34476273	34475785	1.54e-30	135	1307	37678048	49
XP_024376582.1	SUPER_6_HAP1	35.542	166	83	3	955	1120	34529464	34529889	4.14e-22	102	1307	37678048	49
XP_024376582.1	SUPER_6_HAP1	60.000	15	6	0	1116	1130	34529864	34529908	4.14e-22	25.4	1307	37678048	49
XP_024376582.1	SUPER_6_HAP1	45.679	81	43	1	1129	1209	34475251	34475012	6.56e-13	77.0	1307	37678048	49
XP_024376582.1	SUPER_6_HAP1	25.664	113	62	2	571	683	34528672	34528944	1.10e-12	52.8	1307	37678048	49
XP_024376582.1	SUPER_6_HAP1	34.783	46	29	1	698	742	34528986	34529123	1.10e-12	31.6	1307	37678048	49
XP_024376582.1	SUPER_6_HAP1	50.000	20	10	0	537	556	34528571	34528630	1.10e-12	31.2	1307	37678048	49
XP_024376582.1	HAP1_SCAFFOLD_2880	34.940	166	84	3	955	1120	27839	28264	3.18e-21	100	1307	30811	27
XP_024376582.1	HAP1_SCAFFOLD_2880	60.000	15	6	0	1116	1130	28239	28283	3.18e-21	25.4	1307	30811	27
XP_024376582.1	HAP1_SCAFFOLD_2880	25.664	113	62	2	571	683	27047	27319	1.16e-12	53.1	1307	30811	27
XP_024376582.1	HAP1_SCAFFOLD_2880	34.783	46	29	1	698	742	27361	27498	1.16e-12	31.6	1307	30811	27
XP_024376582.1	HAP1_SCAFFOLD_2880	50.000	20	10	0	537	556	26946	27005	1.16e-12	31.2	1307	30811	27
XP_024376576.1	SUPER_6_HAP1	29.459	370	215	5	552	921	34477656	34476685	4.95e-43	176	1322	37678048	48
XP_024376576.1	SUPER_6_HAP1	37.968	187	92	3	959	1145	34476273	34475785	1.63e-30	135	1322	37678048	48
XP_024376576.1	SUPER_6_HAP1	35.542	166	83	3	970	1135	34529464	34529889	4.30e-22	102	1322	37678048	48
XP_024376576.1	SUPER_6_HAP1	60.000	15	6	0	1131	1145	34529864	34529908	4.30e-22	25.4	1322	37678048	48
XP_024376576.1	SUPER_6_HAP1	45.679	81	43	1	1144	1224	34475251	34475012	7.61e-13	77.0	1322	37678048	48
XP_024376576.1	SUPER_6_HAP1	25.664	113	62	2	586	698	34528672	34528944	1.07e-12	52.8	1322	37678048	48
XP_024376576.1	SUPER_6_HAP1	34.783	46	29	1	713	757	34528986	34529123	1.07e-12	31.6	1322	37678048	48
XP_024376576.1	SUPER_6_HAP1	50.000	20	10	0	552	571	34528571	34528630	1.07e-12	31.2	1322	37678048	48
XP_024376576.1	HAP1_SCAFFOLD_2880	34.940	166	84	3	970	1135	27839	28264	3.89e-21	99.8	1322	30811	27
XP_024376576.1	HAP1_SCAFFOLD_2880	60.000	15	6	0	1131	1145	28239	28283	3.89e-21	25.4	1322	30811	27
XP_024376576.1	HAP1_SCAFFOLD_2880	25.664	113	62	2	586	698	27047	27319	1.13e-12	53.1	1322	30811	27
XP_024376576.1	HAP1_SCAFFOLD_2880	34.783	46	29	1	713	757	27361	27498	1.13e-12	31.6	1322	30811	27
XP_024376576.1	HAP1_SCAFFOLD_2880	50.000	20	10	0	552	571	26946	27005	1.13e-12	31.2	1322	30811	27
XP_024376567.1	SUPER_6_HAP1	29.459	370	215	5	558	927	34477656	34476685	5.14e-43	176	1328	37678048	48
XP_024376567.1	SUPER_6_HAP1	37.968	187	92	3	965	1151	34476273	34475785	1.59e-30	135	1328	37678048	48
XP_024376567.1	SUPER_6_HAP1	35.542	166	83	3	976	1141	34529464	34529889	4.25e-22	102	1328	37678048	48
XP_024376567.1	SUPER_6_HAP1	60.000	15	6	0	1137	1151	34529864	34529908	4.25e-22	25.4	1328	37678048	48
XP_024376567.1	SUPER_6_HAP1	45.679	81	43	1	1150	1230	34475251	34475012	7.53e-13	77.0	1328	37678048	48
XP_024376567.1	SUPER_6_HAP1	25.664	113	62	2	592	704	34528672	34528944	1.08e-12	52.8	1328	37678048	48
XP_024376567.1	SUPER_6_HAP1	34.783	46	29	1	719	763	34528986	34529123	1.08e-12	31.6	1328	37678048	48
XP_024376567.1	SUPER_6_HAP1	50.000	20	10	0	558	577	34528571	34528630	1.08e-12	31.2	1328	37678048	48
XP_024376567.1	HAP1_SCAFFOLD_2880	34.940	166	84	3	976	1141	27839	28264	3.26e-21	100	1328	30811	27
XP_024376567.1	HAP1_SCAFFOLD_2880	60.000	15	6	0	1137	1151	28239	28283	3.26e-21	25.4	1328	30811	27
XP_024376567.1	HAP1_SCAFFOLD_2880	25.664	113	62	2	592	704	27047	27319	1.14e-12	53.1	1328	30811	27
XP_024376567.1	HAP1_SCAFFOLD_2880	34.783	46	29	1	719	763	27361	27498	1.14e-12	31.6	1328	30811	27
XP_024376567.1	HAP1_SCAFFOLD_2880	50.000	20	10	0	558	577	26946	27005	1.14e-12	31.2	1328	30811	27
XP_024376557.1	SUPER_6_HAP1	29.459	370	215	5	562	931	34477656	34476685	5.45e-43	176	1332	37678048	48
XP_024376557.1	SUPER_6_HAP1	37.968	187	92	3	969	1155	34476273	34475785	1.60e-30	135	1332	37678048	48
XP_024376557.1	SUPER_6_HAP1	35.542	166	83	3	980	1145	34529464	34529889	4.26e-22	102	1332	37678048	48
XP_024376557.1	SUPER_6_HAP1	60.000	15	6	0	1141	1155	34529864	34529908	4.26e-22	25.4	1332	37678048	48
XP_024376557.1	SUPER_6_HAP1	45.679	81	43	1	1154	1234	34475251	34475012	7.69e-13	77.0	1332	37678048	48
XP_024376557.1	SUPER_6_HAP1	25.664	113	62	2	596	708	34528672	34528944	1.15e-12	52.8	1332	37678048	48
XP_024376557.1	SUPER_6_HAP1	34.783	46	29	1	723	767	34528986	34529123	1.15e-12	31.6	1332	37678048	48
XP_024376557.1	SUPER_6_HAP1	50.000	20	10	0	562	581	34528571	34528630	1.15e-12	31.2	1332	37678048	48
XP_024376557.1	HAP1_SCAFFOLD_2880	34.940	166	84	3	980	1145	27839	28264	3.27e-21	100	1332	30811	27
XP_024376557.1	HAP1_SCAFFOLD_2880	60.000	15	6	0	1141	1155	28239	28283	3.27e-21	25.4	1332	30811	27
XP_024376557.1	HAP1_SCAFFOLD_2880	25.664	113	62	2	596	708	27047	27319	1.16e-12	53.1	1332	30811	27
XP_024376557.1	HAP1_SCAFFOLD_2880	34.783	46	29	1	723	767	27361	27498	1.16e-12	31.6	1332	30811	27
XP_024376557.1	HAP1_SCAFFOLD_2880	50.000	20	10	0	562	581	26946	27005	1.16e-12	31.2	1332	30811	27
XP_024376548.1	SUPER_6_HAP1	29.459	370	215	5	563	932	34477656	34476685	5.60e-43	176	1333	37678048	48
XP_024376548.1	SUPER_6_HAP1	37.968	187	92	3	970	1156	34476273	34475785	1.60e-30	135	1333	37678048	48
XP_024376548.1	SUPER_6_HAP1	35.542	166	83	3	981	1146	34529464	34529889	4.23e-22	102	1333	37678048	48
XP_024376548.1	SUPER_6_HAP1	60.000	15	6	0	1142	1156	34529864	34529908	4.23e-22	25.4	1333	37678048	48
XP_024376548.1	SUPER_6_HAP1	45.679	81	43	1	1155	1235	34475251	34475012	7.57e-13	77.0	1333	37678048	48
XP_024376548.1	SUPER_6_HAP1	25.664	113	62	2	597	709	34528672	34528944	1.17e-12	52.8	1333	37678048	48
XP_024376548.1	SUPER_6_HAP1	34.783	46	29	1	724	768	34528986	34529123	1.17e-12	31.6	1333	37678048	48
XP_024376548.1	SUPER_6_HAP1	50.000	20	10	0	563	582	34528571	34528630	1.17e-12	31.2	1333	37678048	48
XP_024376548.1	HAP1_SCAFFOLD_2880	34.940	166	84	3	981	1146	27839	28264	3.25e-21	100	1333	30811	27
XP_024376548.1	HAP1_SCAFFOLD_2880	60.000	15	6	0	1142	1156	28239	28283	3.25e-21	25.4	1333	30811	27
XP_024376548.1	HAP1_SCAFFOLD_2880	25.664	113	62	2	597	709	27047	27319	1.16e-12	53.1	1333	30811	27
XP_024376548.1	HAP1_SCAFFOLD_2880	34.783	46	29	1	724	768	27361	27498	1.16e-12	31.6	1333	30811	27
XP_024376548.1	HAP1_SCAFFOLD_2880	50.000	20	10	0	563	582	26946	27005	1.16e-12	31.2	1333	30811	27
PKU78836.1	SUPER_6_HAP1	37.671	292	150	4	1	288	34477509	34476718	1.72e-53	193	363	37678048	79
PKU78836.1	SUPER_6_HAP1	24.664	223	114	6	1	208	34528717	34529268	1.02e-08	60.1	363	37678048	79
PKU78836.1	HAP1_SCAFFOLD_2880	25.112	223	113	6	1	208	27092	27643	2.23e-09	62.4	363	30811	57
XP_021912651.1	SUPER_6_HAP1	48.564	383	162	6	153	524	34477734	34476658	2.18e-93	328	932	37678048	72
XP_021912651.1	SUPER_6_HAP1	47.150	193	89	1	539	731	34476324	34475785	8.57e-40	164	932	37678048	72
XP_021912651.1	SUPER_6_HAP1	36.404	228	110	9	212	432	34528669	34529268	2.75e-33	102	932	37678048	72
XP_021912651.1	SUPER_6_HAP1	44.444	63	34	1	153	214	34528493	34528681	2.75e-33	62.4	932	37678048	72
XP_021912651.1	SUPER_6_HAP1	48.026	152	66	1	570	721	34529473	34529889	1.81e-29	130	932	37678048	72
XP_021912651.1	SUPER_6_HAP1	56.075	107	47	0	730	836	34475251	34474931	1.22e-26	121	932	37678048	72
XP_021912651.1	HAP1_SCAFFOLD_2880	36.842	228	109	9	212	432	27044	27643	1.05e-33	104	932	30811	46
XP_021912651.1	HAP1_SCAFFOLD_2880	44.444	63	34	1	153	214	26868	27056	1.05e-33	62.4	932	30811	46
XP_021912651.1	HAP1_SCAFFOLD_2880	47.368	152	67	1	570	721	27848	28264	8.38e-29	128	932	30811	46
XP_021912650.1	SUPER_6_HAP1	48.564	383	162	6	374	745	34477734	34476658	1.06e-91	328	1153	37678048	73
XP_021912650.1	SUPER_6_HAP1	47.150	193	89	1	760	952	34476324	34475785	8.10e-40	165	1153	37678048	73
XP_021912650.1	SUPER_6_HAP1	36.404	228	110	9	433	653	34528669	34529268	3.47e-33	102	1153	37678048	73
XP_021912650.1	SUPER_6_HAP1	44.444	63	34	1	374	435	34528493	34528681	3.47e-33	62.4	1153	37678048	73
XP_021912650.1	SUPER_6_HAP1	48.026	152	66	1	791	942	34529473	34529889	1.28e-29	131	1153	37678048	73
XP_021912650.1	SUPER_6_HAP1	56.075	107	47	0	951	1057	34475251	34474931	2.07e-26	121	1153	37678048	73
XP_021912650.1	SUPER_6_HAP1	39.000	100	53	1	3	102	34481616	34481341	9.84e-11	69.7	1153	37678048	73
XP_021912650.1	SUPER_6_HAP1	39.000	100	53	1	3	102	34521350	34521625	9.84e-11	69.7	1153	37678048	73
XP_021912650.1	SUPER_6_HAP1	35.354	99	40	1	125	199	34480792	34480496	2.42e-06	55.5	1153	37678048	73
XP_021912650.1	SUPER_6_HAP1	35.354	99	40	1	125	199	34522177	34522473	2.42e-06	55.5	1153	37678048	73
XP_021912650.1	HAP1_SCAFFOLD_2880	36.842	228	109	9	433	653	27044	27643	1.32e-33	104	1153	30811	37
XP_021912650.1	HAP1_SCAFFOLD_2880	44.444	63	34	1	374	435	26868	27056	1.32e-33	62.4	1153	30811	37
XP_021912650.1	HAP1_SCAFFOLD_2880	47.368	152	67	1	791	942	27848	28264	7.83e-29	129	1153	30811	37
XP_021912650.1	SUPER_2_HAP1	39.560	91	41	3	3	92	16961845	16961612	4.57e-08	60.8	1153	42226540	8
AQL06529.1	SUPER_6_HAP1	34.036	332	159	4	58	348	34477677	34476739	1.17e-46	183	735	37678048	86
AQL06529.1	SUPER_6_HAP1	51.149	174	78	3	394	560	34476297	34475776	2.19e-31	135	735	37678048	86
AQL06529.1	SUPER_6_HAP1	50.000	142	64	3	413	547	34529464	34529889	6.69e-20	98.6	735	37678048	86
AQL06529.1	SUPER_6_HAP1	49.462	93	45	2	556	646	34475251	34474973	1.39e-18	94.4	735	37678048	86
AQL06529.1	SUPER_6_HAP1	36.066	122	52	2	98	212	34528669	34528977	6.02e-18	76.3	735	37678048	86
AQL06529.1	SUPER_6_HAP1	41.026	39	23	0	58	96	34528550	34528666	6.02e-18	37.4	735	37678048	86
AQL06529.1	SUPER_6_HAP1	36.264	91	58	0	645	735	34474531	34474259	2.60e-07	57.8	735	37678048	86
AQL06529.1	HAP1_SCAFFOLD_2880	50.000	142	64	3	413	547	27839	28264	3.03e-20	99.8	735	30811	39
AQL06529.1	HAP1_SCAFFOLD_2880	36.066	122	52	2	98	212	27044	27352	1.10e-17	75.5	735	30811	39
AQL06529.1	HAP1_SCAFFOLD_2880	41.026	39	23	0	58	96	26925	27041	1.10e-17	37.4	735	30811	39
AQL06528.1	SUPER_6_HAP1	31.928	332	146	5	89	359	34477677	34476739	2.76e-40	162	657	37678048	80
AQL06528.1	SUPER_6_HAP1	51.136	176	79	3	405	573	34476297	34475770	1.14e-32	138	657	37678048	80
AQL06528.1	SUPER_6_HAP1	50.000	142	64	3	424	558	34529464	34529889	8.29e-20	97.8	657	37678048	80
AQL06528.1	SUPER_6_HAP1	36.066	122	52	2	129	243	34528669	34528977	7.31e-18	76.3	657	37678048	80
AQL06528.1	SUPER_6_HAP1	41.026	39	23	0	89	127	34528550	34528666	7.31e-18	37.0	657	37678048	80
AQL06528.1	SUPER_6_HAP1	35.870	92	59	0	566	657	34474534	34474259	1.18e-07	58.5	657	37678048	80
AQL06528.1	HAP1_SCAFFOLD_2880	50.000	142	64	3	424	558	27839	28264	3.74e-20	99.0	657	30811	44
AQL06528.1	HAP1_SCAFFOLD_2880	36.066	122	52	2	129	243	27044	27352	1.25e-17	75.5	657	30811	44
AQL06528.1	HAP1_SCAFFOLD_2880	41.026	39	23	0	89	127	26925	27041	1.25e-17	37.0	657	30811	44
AQL06527.1	SUPER_6_HAP1	29.565	115	46	3	112	191	34480783	34480439	1.09e-07	54.7	227	37678048	35
AQL06527.1	SUPER_6_HAP1	29.565	115	46	3	112	191	34522186	34522530	1.09e-07	54.7	227	37678048	35
AQL06526.1	SUPER_6_HAP1	34.036	332	159	4	489	779	34477677	34476739	3.36e-46	186	1166	37678048	54
AQL06526.1	SUPER_6_HAP1	51.149	174	78	3	825	991	34476297	34475776	1.76e-31	137	1166	37678048	54
AQL06526.1	SUPER_6_HAP1	50.000	142	64	3	844	978	34529464	34529889	3.51e-20	100	1166	37678048	54
AQL06526.1	SUPER_6_HAP1	49.462	93	45	2	987	1077	34475251	34474973	2.00e-18	95.1	1166	37678048	54
AQL06526.1	SUPER_6_HAP1	36.066	122	52	2	529	643	34528669	34528977	2.29e-18	78.2	1166	37678048	54
AQL06526.1	SUPER_6_HAP1	41.026	39	23	0	489	527	34528550	34528666	2.29e-18	37.4	1166	37678048	54
AQL06526.1	SUPER_6_HAP1	36.264	91	58	0	1076	1166	34474531	34474259	1.38e-07	59.3	1166	37678048	54
AQL06526.1	HAP1_SCAFFOLD_2880	50.000	142	64	3	844	978	27839	28264	2.15e-20	101	1166	30811	25
AQL06526.1	HAP1_SCAFFOLD_2880	36.066	122	52	2	529	643	27044	27352	3.89e-18	77.8	1166	30811	25
AQL06526.1	HAP1_SCAFFOLD_2880	41.026	39	23	0	489	527	26925	27041	3.89e-18	37.4	1166	30811	25
AQL06525.1	SUPER_6_HAP1	34.036	332	159	4	348	638	34477677	34476739	1.17e-45	183	1025	37678048	62
AQL06525.1	SUPER_6_HAP1	51.149	174	78	3	684	850	34476297	34475776	4.95e-31	135	1025	37678048	62
AQL06525.1	SUPER_6_HAP1	50.000	142	64	3	703	837	34529464	34529889	9.19e-20	99.4	1025	37678048	62
AQL06525.1	SUPER_6_HAP1	49.462	93	45	2	846	936	34475251	34474973	3.16e-18	94.0	1025	37678048	62
AQL06525.1	SUPER_6_HAP1	36.066	122	52	2	388	502	34528669	34528977	6.65e-18	76.6	1025	37678048	62
AQL06525.1	SUPER_6_HAP1	41.026	39	23	0	348	386	34528550	34528666	6.65e-18	37.0	1025	37678048	62
AQL06525.1	SUPER_6_HAP1	36.264	91	58	0	935	1025	34474531	34474259	2.13e-07	58.5	1025	37678048	62
AQL06525.1	HAP1_SCAFFOLD_2880	50.000	142	64	3	703	837	27839	28264	5.35e-20	99.8	1025	30811	28
AQL06525.1	HAP1_SCAFFOLD_2880	36.066	122	52	2	388	502	27044	27352	1.22e-17	75.9	1025	30811	28
AQL06525.1	HAP1_SCAFFOLD_2880	41.026	39	23	0	348	386	26925	27041	1.22e-17	37.0	1025	30811	28
AQL06524.1	SUPER_6_HAP1	31.928	332	146	5	89	359	34477677	34476739	2.76e-40	162	657	37678048	80
AQL06524.1	SUPER_6_HAP1	51.136	176	79	3	405	573	34476297	34475770	1.14e-32	138	657	37678048	80
AQL06524.1	SUPER_6_HAP1	50.000	142	64	3	424	558	34529464	34529889	8.29e-20	97.8	657	37678048	80
AQL06524.1	SUPER_6_HAP1	36.066	122	52	2	129	243	34528669	34528977	7.31e-18	76.3	657	37678048	80
AQL06524.1	SUPER_6_HAP1	41.026	39	23	0	89	127	34528550	34528666	7.31e-18	37.0	657	37678048	80
AQL06524.1	SUPER_6_HAP1	35.870	92	59	0	566	657	34474534	34474259	1.18e-07	58.5	657	37678048	80
AQL06524.1	HAP1_SCAFFOLD_2880	50.000	142	64	3	424	558	27839	28264	3.74e-20	99.0	657	30811	44
AQL06524.1	HAP1_SCAFFOLD_2880	36.066	122	52	2	129	243	27044	27352	1.25e-17	75.5	657	30811	44
AQL06524.1	HAP1_SCAFFOLD_2880	41.026	39	23	0	89	127	26925	27041	1.25e-17	37.0	657	30811	44
AQL06523.1	SUPER_6_HAP1	34.036	332	159	4	484	774	34477677	34476739	3.57e-46	186	1161	37678048	60
AQL06523.1	SUPER_6_HAP1	51.149	174	78	3	820	986	34476297	34475776	2.05e-31	137	1161	37678048	60
AQL06523.1	SUPER_6_HAP1	50.000	142	64	3	839	973	34529464	34529889	4.02e-20	100	1161	37678048	60
AQL06523.1	SUPER_6_HAP1	49.462	93	45	2	982	1072	34475251	34474973	1.74e-18	95.1	1161	37678048	60
AQL06523.1	SUPER_6_HAP1	36.066	122	52	2	524	638	34528669	34528977	2.62e-18	78.2	1161	37678048	60
AQL06523.1	SUPER_6_HAP1	41.026	39	23	0	484	522	34528550	34528666	2.62e-18	37.4	1161	37678048	60
AQL06523.1	SUPER_6_HAP1	36.264	91	58	0	1071	1161	34474531	34474259	1.38e-07	59.3	1161	37678048	60
AQL06523.1	SUPER_6_HAP1	29.167	96	41	2	112	180	34480783	34480496	6.92e-06	53.9	1161	37678048	60
AQL06523.1	SUPER_6_HAP1	29.167	96	41	2	112	180	34522186	34522473	6.92e-06	53.9	1161	37678048	60
AQL06523.1	HAP1_SCAFFOLD_2880	50.000	142	64	3	839	973	27839	28264	2.26e-20	101	1161	30811	25
AQL06523.1	HAP1_SCAFFOLD_2880	36.066	122	52	2	524	638	27044	27352	4.99e-18	77.4	1161	30811	25
AQL06523.1	HAP1_SCAFFOLD_2880	41.026	39	23	0	484	522	26925	27041	4.99e-18	37.4	1161	30811	25
AQL06522.1	SUPER_6_HAP1	34.036	332	159	4	511	801	34477677	34476739	3.28e-46	186	1188	37678048	59
AQL06522.1	SUPER_6_HAP1	51.149	174	78	3	847	1013	34476297	34475776	1.52e-31	138	1188	37678048	59
AQL06522.1	SUPER_6_HAP1	50.000	142	64	3	866	1000	34529464	34529889	3.46e-20	100	1188	37678048	59
AQL06522.1	SUPER_6_HAP1	49.462	93	45	2	1009	1099	34475251	34474973	1.80e-18	95.1	1188	37678048	59
AQL06522.1	SUPER_6_HAP1	36.066	122	52	2	551	665	34528669	34528977	2.32e-18	78.6	1188	37678048	59
AQL06522.1	SUPER_6_HAP1	41.026	39	23	0	511	549	34528550	34528666	2.32e-18	37.4	1188	37678048	59
AQL06522.1	SUPER_6_HAP1	36.264	91	58	0	1098	1188	34474531	34474259	1.40e-07	59.3	1188	37678048	59
AQL06522.1	SUPER_6_HAP1	29.167	96	41	2	139	207	34480783	34480496	7.11e-06	53.9	1188	37678048	59
AQL06522.1	SUPER_6_HAP1	29.167	96	41	2	139	207	34522186	34522473	7.11e-06	53.9	1188	37678048	59
AQL06522.1	HAP1_SCAFFOLD_2880	50.000	142	64	3	866	1000	27839	28264	2.07e-20	101	1188	30811	24
AQL06522.1	HAP1_SCAFFOLD_2880	36.066	122	52	2	551	665	27044	27352	4.10e-18	77.8	1188	30811	24
AQL06522.1	HAP1_SCAFFOLD_2880	41.026	39	23	0	511	549	26925	27041	4.10e-18	37.4	1188	30811	24
AQL06521.1	SUPER_6_HAP1	31.928	332	146	5	89	359	34477677	34476739	2.76e-40	162	657	37678048	80
AQL06521.1	SUPER_6_HAP1	51.136	176	79	3	405	573	34476297	34475770	1.14e-32	138	657	37678048	80
AQL06521.1	SUPER_6_HAP1	50.000	142	64	3	424	558	34529464	34529889	8.29e-20	97.8	657	37678048	80
AQL06521.1	SUPER_6_HAP1	36.066	122	52	2	129	243	34528669	34528977	7.31e-18	76.3	657	37678048	80
AQL06521.1	SUPER_6_HAP1	41.026	39	23	0	89	127	34528550	34528666	7.31e-18	37.0	657	37678048	80
AQL06521.1	SUPER_6_HAP1	35.870	92	59	0	566	657	34474534	34474259	1.18e-07	58.5	657	37678048	80
AQL06521.1	HAP1_SCAFFOLD_2880	50.000	142	64	3	424	558	27839	28264	3.74e-20	99.0	657	30811	44
AQL06521.1	HAP1_SCAFFOLD_2880	36.066	122	52	2	129	243	27044	27352	1.25e-17	75.5	657	30811	44
AQL06521.1	HAP1_SCAFFOLD_2880	41.026	39	23	0	89	127	26925	27041	1.25e-17	37.0	657	30811	44
AQL06520.1	SUPER_6_HAP1	34.036	332	159	4	506	796	34477677	34476739	3.55e-46	186	1183	37678048	59
AQL06520.1	SUPER_6_HAP1	51.149	174	78	3	842	1008	34476297	34475776	1.30e-31	138	1183	37678048	59
AQL06520.1	SUPER_6_HAP1	50.000	142	64	3	861	995	34529464	34529889	3.22e-20	100	1183	37678048	59
AQL06520.1	SUPER_6_HAP1	49.462	93	45	2	1004	1094	34475251	34474973	1.74e-18	95.1	1183	37678048	59
AQL06520.1	SUPER_6_HAP1	36.066	122	52	2	546	660	34528669	34528977	2.16e-18	78.6	1183	37678048	59
AQL06520.1	SUPER_6_HAP1	41.026	39	23	0	506	544	34528550	34528666	2.16e-18	37.4	1183	37678048	59
AQL06520.1	SUPER_6_HAP1	36.264	91	58	0	1093	1183	34474531	34474259	1.41e-07	59.3	1183	37678048	59
AQL06520.1	SUPER_6_HAP1	29.167	96	41	2	139	207	34480783	34480496	7.20e-06	53.9	1183	37678048	59
AQL06520.1	SUPER_6_HAP1	29.167	96	41	2	139	207	34522186	34522473	7.20e-06	53.9	1183	37678048	59
AQL06520.1	HAP1_SCAFFOLD_2880	50.000	142	64	3	861	995	27839	28264	1.94e-20	101	1183	30811	24
AQL06520.1	HAP1_SCAFFOLD_2880	36.066	122	52	2	546	660	27044	27352	3.73e-18	77.8	1183	30811	24
AQL06520.1	HAP1_SCAFFOLD_2880	41.026	39	23	0	506	544	26925	27041	3.73e-18	37.4	1183	30811	24
AQL06519.1	SUPER_6_HAP1	34.036	332	159	4	58	348	34477677	34476739	1.17e-46	183	735	37678048	86
AQL06519.1	SUPER_6_HAP1	51.149	174	78	3	394	560	34476297	34475776	2.19e-31	135	735	37678048	86
AQL06519.1	SUPER_6_HAP1	50.000	142	64	3	413	547	34529464	34529889	6.69e-20	98.6	735	37678048	86
AQL06519.1	SUPER_6_HAP1	49.462	93	45	2	556	646	34475251	34474973	1.39e-18	94.4	735	37678048	86
AQL06519.1	SUPER_6_HAP1	36.066	122	52	2	98	212	34528669	34528977	6.02e-18	76.3	735	37678048	86
AQL06519.1	SUPER_6_HAP1	41.026	39	23	0	58	96	34528550	34528666	6.02e-18	37.4	735	37678048	86
AQL06519.1	SUPER_6_HAP1	36.264	91	58	0	645	735	34474531	34474259	2.60e-07	57.8	735	37678048	86
AQL06519.1	HAP1_SCAFFOLD_2880	50.000	142	64	3	413	547	27839	28264	3.03e-20	99.8	735	30811	39
AQL06519.1	HAP1_SCAFFOLD_2880	36.066	122	52	2	98	212	27044	27352	1.10e-17	75.5	735	30811	39
AQL06519.1	HAP1_SCAFFOLD_2880	41.026	39	23	0	58	96	26925	27041	1.10e-17	37.4	735	30811	39
AQL06518.1	SUPER_6_HAP1	31.928	332	146	5	89	359	34477677	34476739	2.76e-40	162	657	37678048	80
AQL06518.1	SUPER_6_HAP1	51.136	176	79	3	405	573	34476297	34475770	1.14e-32	138	657	37678048	80
AQL06518.1	SUPER_6_HAP1	50.000	142	64	3	424	558	34529464	34529889	8.29e-20	97.8	657	37678048	80
AQL06518.1	SUPER_6_HAP1	36.066	122	52	2	129	243	34528669	34528977	7.31e-18	76.3	657	37678048	80
AQL06518.1	SUPER_6_HAP1	41.026	39	23	0	89	127	34528550	34528666	7.31e-18	37.0	657	37678048	80
AQL06518.1	SUPER_6_HAP1	35.870	92	59	0	566	657	34474534	34474259	1.18e-07	58.5	657	37678048	80
AQL06518.1	HAP1_SCAFFOLD_2880	50.000	142	64	3	424	558	27839	28264	3.74e-20	99.0	657	30811	44
AQL06518.1	HAP1_SCAFFOLD_2880	36.066	122	52	2	129	243	27044	27352	1.25e-17	75.5	657	30811	44
AQL06518.1	HAP1_SCAFFOLD_2880	41.026	39	23	0	89	127	26925	27041	1.25e-17	37.0	657	30811	44
AAX21526.1	SUPER_6_HAP1	51.149	174	78	3	19	185	34476297	34475776	1.10e-33	134	334	37678048	76
AAX21526.1	SUPER_6_HAP1	50.000	142	64	3	38	172	34529464	34529889	1.96e-21	98.6	334	37678048	76
AAX21526.1	SUPER_6_HAP1	49.462	93	45	2	181	271	34475251	34474973	4.58e-20	94.4	334	37678048	76
AAX21526.1	HAP1_SCAFFOLD_2880	50.000	142	64	3	38	172	27839	28264	1.16e-21	99.0	334	30811	40
AAS91212.1	SUPER_6_HAP1	34.036	332	159	4	194	484	34477677	34476739	3.27e-46	183	871	37678048	72
AAS91212.1	SUPER_6_HAP1	52.121	165	72	3	539	696	34476270	34475776	3.06e-35	149	871	37678048	72
AAS91212.1	SUPER_6_HAP1	49.296	142	65	3	549	683	34529464	34529889	7.07e-25	115	871	37678048	72
AAS91212.1	SUPER_6_HAP1	49.462	93	45	2	692	782	34475251	34474973	2.53e-18	94.0	871	37678048	72
AAS91212.1	SUPER_6_HAP1	36.066	122	52	2	234	348	34528669	34528977	4.90e-18	76.6	871	37678048	72
AAS91212.1	SUPER_6_HAP1	41.026	39	23	0	194	232	34528550	34528666	4.90e-18	37.4	871	37678048	72
AAS91212.1	SUPER_6_HAP1	36.264	91	58	0	781	871	34474531	34474259	1.77e-07	58.5	871	37678048	72
AAS91212.1	HAP1_SCAFFOLD_2880	49.296	142	65	3	549	683	27839	28264	2.95e-25	116	871	30811	33
AAS91212.1	HAP1_SCAFFOLD_2880	36.066	122	52	2	234	348	27044	27352	8.85e-18	75.9	871	30811	33
AAS91212.1	HAP1_SCAFFOLD_2880	41.026	39	23	0	194	232	26925	27041	8.85e-18	37.4	871	30811	33
OAO93725.1	SUPER_6_HAP1	35.294	323	163	6	447	730	34477671	34476724	1.66e-40	167	1123	37678048	66
OAO93725.1	SUPER_6_HAP1	44.509	173	94	1	771	943	34476297	34475785	6.04e-40	165	1123	37678048	66
OAO93725.1	SUPER_6_HAP1	46.000	150	76	2	790	936	34529464	34529907	3.87e-32	140	1123	37678048	66
OAO93725.1	SUPER_6_HAP1	47.222	108	56	1	927	1034	34475293	34474973	5.20e-21	103	1123	37678048	66
OAO93725.1	SUPER_6_HAP1	37.000	100	55	2	4	102	34481619	34481341	5.05e-08	60.8	1123	37678048	66
OAO93725.1	SUPER_6_HAP1	37.000	100	55	2	4	102	34521347	34521625	5.05e-08	60.8	1123	37678048	66
OAO93725.1	SUPER_6_HAP1	43.956	91	51	0	1033	1123	34474531	34474259	7.25e-08	60.1	1123	37678048	66
OAO93725.1	SUPER_6_HAP1	28.105	153	94	5	440	592	34528561	34528971	1.61e-05	52.4	1123	37678048	66
OAO93725.1	HAP1_SCAFFOLD_2880	46.000	150	76	2	790	936	27839	28282	9.31e-32	138	1123	30811	27
OAO93725.1	HAP1_SCAFFOLD_2880	28.105	153	94	5	440	592	26936	27346	1.13e-05	53.1	1123	30811	27
AJN91133.1	SUPER_6_HAP1	32.576	264	154	3	31	294	34477404	34476685	2.27e-35	147	676	37678048	78
AJN91133.1	SUPER_6_HAP1	37.968	187	92	3	332	518	34476273	34475785	2.66e-31	134	676	37678048	78
AJN91133.1	SUPER_6_HAP1	35.542	166	83	3	343	508	34529464	34529889	3.30e-22	102	676	37678048	78
AJN91133.1	SUPER_6_HAP1	60.000	15	6	0	504	518	34529864	34529908	3.30e-22	25.4	676	37678048	78
AJN91133.1	SUPER_6_HAP1	45.679	81	43	1	517	597	34475251	34475012	5.76e-13	75.9	676	37678048	78
AJN91133.1	SUPER_6_HAP1	43.902	41	23	0	31	71	34528822	34528944	1.06e-08	49.7	676	37678048	78
AJN91133.1	SUPER_6_HAP1	34.783	46	29	1	86	130	34528986	34529123	1.06e-08	32.0	676	37678048	78
AJN91133.1	HAP1_SCAFFOLD_2880	34.940	166	84	3	343	508	27839	28264	2.47e-21	99.4	676	30811	39
AJN91133.1	HAP1_SCAFFOLD_2880	60.000	15	6	0	504	518	28239	28283	2.47e-21	25.4	676	30811	39
AJN91133.1	HAP1_SCAFFOLD_2880	43.902	41	23	0	31	71	27197	27319	1.46e-08	49.7	676	30811	39
AJN91133.1	HAP1_SCAFFOLD_2880	34.783	46	29	1	86	130	27361	27498	1.46e-08	32.0	676	30811	39
ACH81295.1	SUPER_6_HAP1	36.578	339	191	4	402	734	34477656	34476694	3.97e-53	207	1122	37678048	52
ACH81295.1	SUPER_6_HAP1	43.293	164	85	3	755	911	34476273	34475785	2.94e-31	137	1122	37678048	52
ACH81295.1	SUPER_6_HAP1	39.130	138	78	2	770	901	34529476	34529889	7.15e-22	102	1122	37678048	52
ACH81295.1	SUPER_6_HAP1	53.333	15	7	0	897	911	34529864	34529908	7.15e-22	24.3	1122	37678048	52
ACH81295.1	SUPER_6_HAP1	34.906	106	68	1	431	535	34528657	34528974	2.13e-19	73.6	1122	37678048	52
ACH81295.1	SUPER_6_HAP1	53.333	30	14	0	402	431	34528571	34528660	2.13e-19	45.4	1122	37678048	52
ACH81295.1	SUPER_6_HAP1	45.161	93	51	0	910	1002	34475251	34474973	3.29e-16	87.8	1122	37678048	52
ACH81295.1	HAP1_SCAFFOLD_2880	39.130	138	78	2	770	901	27851	28264	6.04e-22	103	1122	30811	25
ACH81295.1	HAP1_SCAFFOLD_2880	53.333	15	7	0	897	911	28239	28283	6.04e-22	24.3	1122	30811	25
ACH81295.1	HAP1_SCAFFOLD_2880	34.906	106	68	1	431	535	27032	27349	1.75e-19	74.3	1122	30811	25
ACH81295.1	HAP1_SCAFFOLD_2880	53.333	30	14	0	402	431	26946	27035	1.75e-19	45.4	1122	30811	25
ACG63772.1	SUPER_6_HAP1	48.564	383	162	6	446	817	34477734	34476658	4.02e-92	330	1204	37678048	76
ACG63772.1	SUPER_6_HAP1	47.150	193	89	1	832	1024	34476324	34475785	3.93e-40	166	1204	37678048	76
ACG63772.1	SUPER_6_HAP1	36.404	228	110	9	505	725	34528669	34529268	4.62e-33	102	1204	37678048	76
ACG63772.1	SUPER_6_HAP1	44.444	63	34	1	446	507	34528493	34528681	4.62e-33	62.8	1204	37678048	76
ACG63772.1	SUPER_6_HAP1	48.026	152	66	1	863	1014	34529473	34529889	9.01e-30	132	1204	37678048	76
ACG63772.1	SUPER_6_HAP1	56.075	107	47	0	1023	1129	34475251	34474931	3.92e-26	120	1204	37678048	76
ACG63772.1	SUPER_6_HAP1	39.000	100	53	1	3	102	34481616	34481341	1.21e-10	69.7	1204	37678048	76
ACG63772.1	SUPER_6_HAP1	39.000	100	53	1	3	102	34521350	34521625	1.21e-10	69.7	1204	37678048	76
ACG63772.1	SUPER_6_HAP1	50.549	91	45	0	1114	1204	34474531	34474259	6.10e-09	63.9	1204	37678048	76
ACG63772.1	SUPER_6_HAP1	36.957	92	34	1	125	192	34480792	34480517	2.08e-06	55.5	1204	37678048	76
ACG63772.1	SUPER_6_HAP1	36.957	92	34	1	125	192	34522177	34522452	2.08e-06	55.5	1204	37678048	76
ACG63772.1	HAP1_SCAFFOLD_2880	36.842	228	109	9	505	725	27044	27643	1.47e-33	104	1204	30811	36
ACG63772.1	HAP1_SCAFFOLD_2880	44.444	63	34	1	446	507	26868	27056	1.47e-33	62.8	1204	30811	36
ACG63772.1	HAP1_SCAFFOLD_2880	47.368	152	67	1	863	1014	27848	28264	5.74e-29	129	1204	30811	36
ACG63772.1	SUPER_2_HAP1	39.560	91	41	3	3	92	16961845	16961612	4.95e-08	60.8	1204	42226540	7
ACH81294.1	SUPER_6_HAP1	46.381	373	145	3	418	761	34477677	34476637	8.11e-86	310	1128	37678048	75
ACH81294.1	SUPER_6_HAP1	52.406	187	82	2	762	948	34476324	34475785	6.71e-44	178	1128	37678048	75
ACH81294.1	SUPER_6_HAP1	52.740	146	62	2	793	938	34529473	34529889	1.54e-31	137	1128	37678048	75
ACH81294.1	SUPER_6_HAP1	33.036	224	95	5	458	650	34528669	34529268	1.44e-29	103	1128	37678048	75
ACH81294.1	SUPER_6_HAP1	51.282	39	19	0	418	456	34528550	34528666	1.44e-29	49.3	1128	37678048	75
ACH81294.1	SUPER_6_HAP1	58.065	93	39	0	947	1039	34475251	34474973	6.08e-25	116	1128	37678048	75
ACH81294.1	SUPER_6_HAP1	35.484	93	47	1	5	84	34481619	34481341	1.91e-09	65.5	1128	37678048	75
ACH81294.1	SUPER_6_HAP1	35.484	93	47	1	5	84	34521347	34521625	1.91e-09	65.5	1128	37678048	75
ACH81294.1	SUPER_6_HAP1	43.038	79	21	1	111	165	34480783	34480547	2.36e-08	62.0	1128	37678048	75
ACH81294.1	SUPER_6_HAP1	43.038	79	21	1	111	165	34522186	34522422	2.36e-08	62.0	1128	37678048	75
ACH81294.1	SUPER_6_HAP1	50.549	91	45	0	1038	1128	34474531	34474259	4.37e-08	60.8	1128	37678048	75
ACH81294.1	SUPER_6_HAP1	55.556	36	16	0	130	165	34524972	34525079	2.23e-06	49.7	1128	37678048	75
ACH81294.1	SUPER_6_HAP1	55.000	20	9	0	112	131	34524845	34524904	2.23e-06	24.6	1128	37678048	75
ACH81294.1	HAP1_SCAFFOLD_2880	52.055	146	63	2	793	938	27848	28264	9.10e-31	135	1128	30811	38
ACH81294.1	HAP1_SCAFFOLD_2880	33.482	224	94	5	458	650	27044	27643	5.52e-30	105	1128	30811	38
ACH81294.1	HAP1_SCAFFOLD_2880	51.282	39	19	0	418	456	26925	27041	5.52e-30	49.3	1128	30811	38
ACH81294.1	HAP1_SCAFFOLD_2880	55.556	36	16	0	130	165	23349	23456	3.04e-06	49.7	1128	30811	38
ACH81294.1	HAP1_SCAFFOLD_2880	55.000	20	9	0	112	131	23222	23281	3.04e-06	24.6	1128	30811	38
AFJ00034.1	SUPER_6_HAP1	50.951	263	123	4	1	259	34477398	34476616	3.91e-74	253	381	37678048	100
AFJ00034.1	SUPER_6_HAP1	41.667	144	68	2	242	381	34476381	34475986	4.97e-19	92.4	381	37678048	100
AFJ00034.1	SUPER_6_HAP1	48.454	97	38	1	285	381	34529464	34529718	6.24e-14	76.6	381	37678048	100
AFJ00034.1	SUPER_6_HAP1	34.132	167	67	8	1	144	34528828	34529268	4.95e-10	64.3	381	37678048	100
AFJ00034.1	HAP1_SCAFFOLD_2880	47.423	97	39	1	285	381	27839	28093	4.73e-13	73.9	381	30811	63
AFJ00034.1	HAP1_SCAFFOLD_2880	34.132	167	67	8	1	144	27203	27643	4.89e-10	64.3	381	30811	63
AFJ00033.1	SUPER_6_HAP1	46.535	101	48	2	1	101	34481625	34481341	9.01e-20	89.7	213	37678048	88
AFJ00033.1	SUPER_6_HAP1	46.535	101	48	2	1	101	34521341	34521625	9.01e-20	89.7	213	37678048	88
AFJ00033.1	SUPER_6_HAP1	38.636	88	30	1	125	188	34480786	34480523	3.92e-15	65.1	213	37678048	88
AFJ00033.1	SUPER_6_HAP1	53.125	32	11	1	98	125	34481001	34480906	3.92e-15	36.2	213	37678048	88
AFJ00033.1	SUPER_6_HAP1	38.636	88	30	1	125	188	34522183	34522446	2.68e-11	65.1	213	37678048	88
AFJ00033.1	SUPER_6_HAP1	58.065	31	13	0	1	31	34523969	34524061	2.76e-08	41.6	213	37678048	88
AFJ00033.1	SUPER_6_HAP1	38.298	47	29	0	55	101	34524121	34524261	2.76e-08	36.2	213	37678048	88
AFJ00033.1	SUPER_6_HAP1	43.478	46	26	0	143	188	34524966	34525103	1.12e-07	50.8	213	37678048	88
AFJ00033.1	SUPER_6_HAP1	52.632	19	9	0	128	146	34524848	34524904	1.12e-07	24.6	213	37678048	88
AFJ00033.1	SUPER_2_HAP1	40.426	94	45	4	2	95	16961851	16961603	1.31e-10	63.2	213	42226540	44
AFJ00033.1	HAP1_SCAFFOLD_2880	58.065	31	13	0	1	31	22346	22438	2.62e-08	41.6	213	30811	65
AFJ00033.1	HAP1_SCAFFOLD_2880	38.298	47	29	0	55	101	22498	22638	2.62e-08	36.6	213	30811	65
AFJ00033.1	HAP1_SCAFFOLD_2880	43.478	46	26	0	143	188	23343	23480	1.46e-07	50.8	213	30811	65
AFJ00033.1	HAP1_SCAFFOLD_2880	52.632	19	9	0	128	146	23225	23281	1.46e-07	24.6	213	30811	65
AFJ00032.1	SUPER_6_HAP1	53.403	191	80	2	329	510	34477671	34477099	1.97e-60	218	511	37678048	52
AFJ00032.1	SUPER_6_HAP1	41.748	103	51	2	367	460	34528669	34528977	3.26e-39	90.1	511	37678048	52
AFJ00032.1	SUPER_6_HAP1	55.556	54	24	0	457	510	34528965	34529126	3.26e-39	58.9	511	37678048	52
AFJ00032.1	SUPER_6_HAP1	62.162	37	14	0	329	365	34528556	34528666	3.26e-39	56.2	511	37678048	52
AFJ00032.1	SUPER_6_HAP1	53.125	32	15	0	239	270	34478311	34478216	9.15e-06	38.5	511	37678048	52
AFJ00032.1	SUPER_6_HAP1	40.000	50	30	0	189	238	34478556	34478407	9.15e-06	32.3	511	37678048	52
AFJ00032.1	HAP1_SCAFFOLD_2880	42.718	103	50	2	367	460	27044	27352	1.15e-39	91.7	511	30811	35
AFJ00032.1	HAP1_SCAFFOLD_2880	55.556	54	24	0	457	510	27340	27501	1.15e-39	58.9	511	30811	35
AFJ00032.1	HAP1_SCAFFOLD_2880	62.162	37	14	0	329	365	26931	27041	1.15e-39	56.2	511	30811	35
AFJ00031.1	SUPER_6_HAP1	36.957	92	34	1	22	89	34480798	34480523	1.88e-12	65.1	268	37678048	33
AFJ00031.1	SUPER_6_HAP1	50.000	30	11	1	1	26	34480995	34480906	1.88e-12	27.3	268	37678048	33
AFJ00031.1	SUPER_6_HAP1	36.957	92	34	1	22	89	34522171	34522446	7.14e-11	65.1	268	37678048	33
AFJ00031.1	SUPER_6_HAP1	43.478	46	26	0	44	89	34524966	34525103	1.38e-07	50.8	268	37678048	33
AFJ00031.1	SUPER_6_HAP1	52.632	19	9	0	29	47	34524848	34524904	1.38e-07	25.0	268	37678048	33
AFJ00031.1	HAP1_SCAFFOLD_2880	43.478	46	26	0	44	89	23343	23480	1.81e-07	50.8	268	30811	23
AFJ00031.1	HAP1_SCAFFOLD_2880	52.632	19	9	0	29	47	23225	23281	1.81e-07	25.0	268	30811	23
AFG16841.1	SUPER_6_HAP1	63.462	52	19	0	264	315	34477671	34477516	1.45e-15	80.5	315	37678048	42
AFG16841.1	SUPER_6_HAP1	62.162	37	14	0	264	300	34528556	34528666	3.42e-07	54.7	315	37678048	42
AFG16841.1	SUPER_6_HAP1	54.839	31	14	0	175	205	34478305	34478213	6.43e-05	35.4	315	37678048	42
AFG16841.1	SUPER_6_HAP1	42.000	50	29	0	123	172	34478556	34478407	6.43e-05	31.2	315	37678048	42
AFG16841.1	HAP1_SCAFFOLD_2880	62.162	37	14	0	264	300	26931	27041	3.36e-07	54.7	315	30811	12
AFG16841.1	SUPER_4_HAP1	45.455	55	30	0	90	144	11909894	11909730	7.27e-06	50.8	315	40853388	17
AFG16840.1	SUPER_6_HAP1	49.527	317	145	6	1	304	34477560	34476616	1.02e-82	289	673	37678048	99
AFG16840.1	SUPER_6_HAP1	54.595	185	72	1	309	493	34476303	34475785	5.69e-48	186	673	37678048	99
AFG16840.1	SUPER_6_HAP1	53.247	154	60	1	330	483	34529464	34529889	1.59e-34	144	673	37678048	99
AFG16840.1	SUPER_6_HAP1	64.516	93	33	0	492	584	34475251	34474973	3.54e-28	124	673	37678048	99
AFG16840.1	SUPER_6_HAP1	33.663	202	116	7	2	188	34528669	34529265	1.74e-18	93.6	673	37678048	99
AFG16840.1	SUPER_6_HAP1	47.253	91	48	0	583	673	34474531	34474259	5.03e-13	75.9	673	37678048	99
AFG16840.1	HAP1_SCAFFOLD_2880	52.597	154	61	1	330	483	27839	28264	1.07e-33	142	673	30811	51
AFG16840.1	HAP1_SCAFFOLD_2880	33.831	201	117	6	2	188	27044	27640	5.14e-19	95.5	673	30811	51
AFG16839.1	SUPER_6_HAP1	56.287	167	61	1	1	167	34476249	34475785	6.75e-48	176	347	37678048	100
AFG16839.1	SUPER_6_HAP1	52.597	154	61	1	4	157	34529464	34529889	4.39e-37	144	347	37678048	100
AFG16839.1	SUPER_6_HAP1	63.441	93	34	0	166	258	34475251	34474973	5.75e-29	120	347	37678048	100
AFG16839.1	SUPER_6_HAP1	49.451	91	46	0	257	347	34474531	34474259	1.18e-15	81.3	347	37678048	100
AFG16839.1	HAP1_SCAFFOLD_2880	51.948	154	62	1	4	157	27839	28264	3.29e-36	142	347	30811	44
AEB33870.1	SUPER_6_HAP1	49.527	317	145	6	1	304	34477560	34476616	1.61e-82	288	673	37678048	100
AEB33870.1	SUPER_6_HAP1	50.237	211	89	2	287	493	34476381	34475785	1.38e-49	191	673	37678048	100
AEB33870.1	SUPER_6_HAP1	52.597	154	61	1	330	483	34529464	34529889	9.33e-36	148	673	37678048	100
AEB33870.1	SUPER_6_HAP1	63.441	93	34	0	492	584	34475251	34474973	1.78e-27	122	673	37678048	100
AEB33870.1	SUPER_6_HAP1	34.545	220	92	10	2	189	34528669	34529268	1.33e-18	94.0	673	37678048	100
AEB33870.1	SUPER_6_HAP1	49.451	91	46	0	583	673	34474531	34474259	3.61e-14	79.7	673	37678048	100
AEB33870.1	HAP1_SCAFFOLD_2880	51.948	154	62	1	330	483	27839	28264	5.66e-35	145	673	30811	51
AEB33870.1	HAP1_SCAFFOLD_2880	35.000	220	91	10	2	189	27044	27643	4.08e-19	95.9	673	30811	51
AEB33869.1	SUPER_6_HAP1	53.403	191	80	2	355	536	34477671	34477099	1.00e-59	217	537	37678048	49
AEB33869.1	SUPER_6_HAP1	41.748	103	51	2	393	486	34528669	34528977	8.23e-39	87.8	537	37678048	49
AEB33869.1	SUPER_6_HAP1	55.556	54	24	0	483	536	34528965	34529126	8.23e-39	59.7	537	37678048	49
AEB33869.1	SUPER_6_HAP1	62.162	37	14	0	355	391	34528556	34528666	8.23e-39	56.2	537	37678048	49
AEB33869.1	SUPER_6_HAP1	54.545	33	15	0	264	296	34478311	34478213	2.65e-06	39.7	537	37678048	49
AEB33869.1	SUPER_6_HAP1	42.000	50	29	0	214	263	34478556	34478407	2.65e-06	33.1	537	37678048	49
AEB33869.1	HAP1_SCAFFOLD_2880	42.718	103	50	2	393	486	27044	27352	2.65e-39	89.7	537	30811	34
AEB33869.1	HAP1_SCAFFOLD_2880	55.556	54	24	0	483	536	27340	27501	2.65e-39	59.7	537	30811	34
AEB33869.1	HAP1_SCAFFOLD_2880	62.162	37	14	0	355	391	26931	27041	2.65e-39	56.2	537	30811	34
AEB33869.1	SUPER_4_HAP1	45.455	55	30	0	181	235	11909894	11909730	2.88e-05	50.1	537	40853388	10
AEB33868.1	SUPER_6_HAP1	46.535	101	48	2	1	101	34481625	34481341	3.24e-20	89.7	181	37678048	99
AEB33868.1	SUPER_6_HAP1	46.535	101	48	2	1	101	34521341	34521625	3.24e-20	89.7	181	37678048	99
AEB33868.1	SUPER_6_HAP1	40.000	80	24	1	125	180	34480786	34480547	7.69e-15	63.2	181	37678048	99
AEB33868.1	SUPER_6_HAP1	53.125	32	11	1	98	125	34481001	34480906	7.69e-15	36.6	181	37678048	99
AEB33868.1	SUPER_6_HAP1	40.000	80	24	1	125	180	34522183	34522422	4.96e-11	63.2	181	37678048	99
AEB33868.1	SUPER_6_HAP1	58.065	31	13	0	1	31	34523969	34524061	1.57e-08	42.0	181	37678048	99
AEB33868.1	SUPER_6_HAP1	38.298	47	29	0	55	101	34524121	34524261	1.57e-08	36.2	181	37678048	99
AEB33868.1	SUPER_6_HAP1	47.368	38	20	0	143	180	34524966	34525079	2.93e-07	48.9	181	37678048	99
AEB33868.1	SUPER_6_HAP1	52.632	19	9	0	128	146	34524848	34524904	2.93e-07	24.6	181	37678048	99
AEB33868.1	SUPER_2_HAP1	40.426	94	45	4	2	95	16961851	16961603	5.89e-11	63.2	181	42226540	52
AEB33868.1	HAP1_SCAFFOLD_2880	47.368	38	20	0	143	180	23343	23456	3.88e-07	48.9	181	30811	29
AEB33868.1	HAP1_SCAFFOLD_2880	52.632	19	9	0	128	146	23225	23281	3.88e-07	24.6	181	30811	29
AEA72244.1	SUPER_6_HAP1	51.622	339	150	5	331	656	34477671	34476658	1.68e-101	343	668	37678048	61
AEA72244.1	SUPER_6_HAP1	33.663	202	116	7	369	555	34528669	34529265	5.45e-29	94.0	668	37678048	61
AEA72244.1	SUPER_6_HAP1	62.162	37	14	0	331	367	34528556	34528666	5.45e-29	56.6	668	37678048	61
AEA72244.1	SUPER_6_HAP1	53.125	32	15	0	241	272	34478311	34478216	7.21e-05	38.9	668	37678048	61
AEA72244.1	SUPER_6_HAP1	38.000	50	31	0	191	240	34478556	34478407	7.21e-05	29.3	668	37678048	61
AEA72244.1	HAP1_SCAFFOLD_2880	34.158	202	115	7	369	555	27044	27640	1.77e-29	95.5	668	30811	34
AEA72244.1	HAP1_SCAFFOLD_2880	62.162	37	14	0	331	367	26931	27041	1.77e-29	56.6	668	30811	34
AEA72243.1	SUPER_6_HAP1	48.036	331	156	7	1	317	34477560	34476574	1.11e-86	286	321	37678048	99
AEA72243.1	SUPER_6_HAP1	33.333	201	118	6	2	188	34528669	34529265	1.92e-19	92.0	321	37678048	99
AEA72243.1	HAP1_SCAFFOLD_2880	33.831	201	117	6	2	188	27044	27640	4.35e-20	94.0	321	30811	58
AEA72242.1	SUPER_6_HAP1	49.211	317	146	6	1	304	34477560	34476616	5.94e-83	286	559	37678048	100
AEA72242.1	SUPER_6_HAP1	63.441	93	34	0	378	470	34475251	34474973	1.92e-27	120	559	37678048	100
AEA72242.1	SUPER_6_HAP1	68.000	75	24	0	305	379	34476009	34475785	2.66e-25	114	559	37678048	100
AEA72242.1	SUPER_6_HAP1	33.333	201	118	6	2	188	34528669	34529265	1.33e-18	93.2	559	37678048	100
AEA72242.1	SUPER_6_HAP1	60.000	65	26	0	305	369	34529695	34529889	1.31e-17	87.4	559	37678048	100
AEA72242.1	SUPER_6_HAP1	53.333	15	7	0	365	379	34529864	34529908	1.31e-17	24.6	559	37678048	100
AEA72242.1	SUPER_6_HAP1	47.253	91	48	0	469	559	34474531	34474259	2.68e-13	76.3	559	37678048	100
AEA72242.1	HAP1_SCAFFOLD_2880	33.831	201	117	6	2	188	27044	27640	3.59e-19	95.1	559	30811	47
AEA72242.1	HAP1_SCAFFOLD_2880	60.000	65	26	0	305	369	28070	28264	1.51e-17	87.4	559	30811	47
AEA72242.1	HAP1_SCAFFOLD_2880	53.333	15	7	0	365	379	28239	28283	1.51e-17	24.6	559	30811	47
AEA72241.1	SUPER_6_HAP1	49.527	317	145	6	1	304	34477560	34476616	1.20e-83	288	557	37678048	100
AEA72241.1	SUPER_6_HAP1	64.516	93	33	0	376	468	34475251	34474973	1.54e-28	124	557	37678048	100
AEA72241.1	SUPER_6_HAP1	69.333	75	23	0	303	377	34476009	34475785	8.88e-26	115	557	37678048	100
AEA72241.1	SUPER_6_HAP1	33.333	201	118	6	2	188	34528669	34529265	1.13e-18	93.6	557	37678048	100
AEA72241.1	SUPER_6_HAP1	61.538	65	25	0	303	367	34529695	34529889	4.40e-18	89.0	557	37678048	100
AEA72241.1	SUPER_6_HAP1	53.333	15	7	0	363	377	34529864	34529908	4.40e-18	24.6	557	37678048	100
AEA72241.1	SUPER_6_HAP1	47.253	91	48	0	467	557	34474531	34474259	6.17e-13	75.1	557	37678048	100
AEA72241.1	HAP1_SCAFFOLD_2880	33.831	201	117	6	2	188	27044	27640	3.39e-19	95.1	557	30811	47
AEA72241.1	HAP1_SCAFFOLD_2880	61.538	65	25	0	303	367	28070	28264	5.05e-18	89.0	557	30811	47
AEA72241.1	HAP1_SCAFFOLD_2880	53.333	15	7	0	363	377	28239	28283	5.05e-18	24.6	557	30811	47
AEA72240.1	SUPER_6_HAP1	49.211	317	146	5	1	304	34477560	34476616	1.00e-82	289	673	37678048	99
AEA72240.1	SUPER_6_HAP1	54.054	185	73	1	309	493	34476303	34475785	1.66e-47	184	673	37678048	99
AEA72240.1	SUPER_6_HAP1	52.597	154	61	1	330	483	34529464	34529889	4.87e-34	143	673	37678048	99
AEA72240.1	SUPER_6_HAP1	63.441	93	34	0	492	584	34475251	34474973	2.32e-27	122	673	37678048	99
AEA72240.1	SUPER_6_HAP1	32.195	205	115	6	2	188	34528669	34529265	2.97e-18	93.2	673	37678048	99
AEA72240.1	SUPER_6_HAP1	47.253	91	48	0	583	673	34474531	34474259	2.63e-13	77.0	673	37678048	99
AEA72240.1	HAP1_SCAFFOLD_2880	51.948	154	62	1	330	483	27839	28264	3.04e-33	140	673	30811	51
AEA72240.1	HAP1_SCAFFOLD_2880	32.683	205	114	6	2	188	27044	27640	9.22e-19	94.7	673	30811	51
AEA72239.1	SUPER_6_HAP1	48.896	317	147	6	1	304	34477560	34476616	7.01e-81	283	673	37678048	100
AEA72239.1	SUPER_6_HAP1	49.763	211	90	2	287	493	34476381	34475785	6.86e-49	188	673	37678048	100
AEA72239.1	SUPER_6_HAP1	51.948	154	62	1	330	483	34529464	34529889	4.52e-35	146	673	37678048	100
AEA72239.1	SUPER_6_HAP1	62.366	93	35	0	492	584	34475251	34474973	3.84e-26	118	673	37678048	100
AEA72239.1	SUPER_6_HAP1	34.091	220	93	10	2	189	34528669	34529268	1.40e-17	90.9	673	37678048	100
AEA72239.1	SUPER_6_HAP1	49.451	91	46	0	583	673	34474531	34474259	3.10e-14	80.1	673	37678048	100
AEA72239.1	HAP1_SCAFFOLD_2880	51.299	154	63	1	330	483	27839	28264	2.69e-34	144	673	30811	51
AEA72239.1	HAP1_SCAFFOLD_2880	34.545	220	92	10	2	189	27044	27643	3.86e-18	92.4	673	30811	51
AEA72235.1	SUPER_6_HAP1	49.527	317	145	6	1	304	34477560	34476616	2.19e-82	288	673	37678048	100
AEA72235.1	SUPER_6_HAP1	50.711	211	88	2	287	493	34476381	34475785	2.46e-50	192	673	37678048	100
AEA72235.1	SUPER_6_HAP1	52.597	154	61	1	330	483	34529464	34529889	9.33e-36	148	673	37678048	100
AEA72235.1	SUPER_6_HAP1	63.441	93	34	0	492	584	34475251	34474973	2.16e-27	122	673	37678048	100
AEA72235.1	SUPER_6_HAP1	34.545	220	92	10	2	189	34528669	34529268	1.76e-18	93.6	673	37678048	100
AEA72235.1	SUPER_6_HAP1	49.451	91	46	0	583	673	34474531	34474259	2.57e-14	80.1	673	37678048	100
AEA72235.1	HAP1_SCAFFOLD_2880	51.948	154	62	1	330	483	27839	28264	5.61e-35	145	673	30811	51
AEA72235.1	HAP1_SCAFFOLD_2880	35.000	220	91	10	2	189	27044	27643	5.14e-19	95.5	673	30811	51
AEA72234.1	SUPER_6_HAP1	46.535	101	48	2	1	101	34481625	34481341	9.01e-20	89.7	213	37678048	88
AEA72234.1	SUPER_6_HAP1	46.535	101	48	2	1	101	34521341	34521625	9.01e-20	89.7	213	37678048	88
AEA72234.1	SUPER_6_HAP1	38.636	88	30	1	125	188	34480786	34480523	3.92e-15	65.1	213	37678048	88
AEA72234.1	SUPER_6_HAP1	53.125	32	11	1	98	125	34481001	34480906	3.92e-15	36.2	213	37678048	88
AEA72234.1	SUPER_6_HAP1	38.636	88	30	1	125	188	34522183	34522446	2.68e-11	65.1	213	37678048	88
AEA72234.1	SUPER_6_HAP1	58.065	31	13	0	1	31	34523969	34524061	2.76e-08	41.6	213	37678048	88
AEA72234.1	SUPER_6_HAP1	38.298	47	29	0	55	101	34524121	34524261	2.76e-08	36.2	213	37678048	88
AEA72234.1	SUPER_6_HAP1	43.478	46	26	0	143	188	34524966	34525103	1.12e-07	50.8	213	37678048	88
AEA72234.1	SUPER_6_HAP1	52.632	19	9	0	128	146	34524848	34524904	1.12e-07	24.6	213	37678048	88
AEA72234.1	SUPER_2_HAP1	40.426	94	45	4	2	95	16961851	16961603	1.31e-10	63.2	213	42226540	44
AEA72234.1	HAP1_SCAFFOLD_2880	58.065	31	13	0	1	31	22346	22438	2.62e-08	41.6	213	30811	65
AEA72234.1	HAP1_SCAFFOLD_2880	38.298	47	29	0	55	101	22498	22638	2.62e-08	36.6	213	30811	65
AEA72234.1	HAP1_SCAFFOLD_2880	43.478	46	26	0	143	188	23343	23480	1.46e-07	50.8	213	30811	65
AEA72234.1	HAP1_SCAFFOLD_2880	52.632	19	9	0	128	146	23225	23281	1.46e-07	24.6	213	30811	65
AAX21528.1	SUPER_6_HAP1	34.036	332	159	4	511	801	34477677	34476739	3.28e-46	186	1188	37678048	59
AAX21528.1	SUPER_6_HAP1	51.149	174	78	3	847	1013	34476297	34475776	1.52e-31	138	1188	37678048	59
AAX21528.1	SUPER_6_HAP1	50.000	142	64	3	866	1000	34529464	34529889	3.46e-20	100	1188	37678048	59
AAX21528.1	SUPER_6_HAP1	49.462	93	45	2	1009	1099	34475251	34474973	1.80e-18	95.1	1188	37678048	59
AAX21528.1	SUPER_6_HAP1	36.066	122	52	2	551	665	34528669	34528977	2.32e-18	78.6	1188	37678048	59
AAX21528.1	SUPER_6_HAP1	41.026	39	23	0	511	549	34528550	34528666	2.32e-18	37.4	1188	37678048	59
AAX21528.1	SUPER_6_HAP1	36.264	91	58	0	1098	1188	34474531	34474259	1.40e-07	59.3	1188	37678048	59
AAX21528.1	SUPER_6_HAP1	29.167	96	41	2	139	207	34480783	34480496	7.11e-06	53.9	1188	37678048	59
AAX21528.1	SUPER_6_HAP1	29.167	96	41	2	139	207	34522186	34522473	7.11e-06	53.9	1188	37678048	59
AAX21528.1	HAP1_SCAFFOLD_2880	50.000	142	64	3	866	1000	27839	28264	2.07e-20	101	1188	30811	24
AAX21528.1	HAP1_SCAFFOLD_2880	36.066	122	52	2	551	665	27044	27352	4.10e-18	77.8	1188	30811	24
AAX21528.1	HAP1_SCAFFOLD_2880	41.026	39	23	0	511	549	26925	27041	4.10e-18	37.4	1188	30811	24
AAX21527.1	SUPER_6_HAP1	34.036	332	159	4	511	801	34477677	34476739	3.28e-46	186	1188	37678048	59
AAX21527.1	SUPER_6_HAP1	50.575	174	79	3	847	1013	34476297	34475776	4.72e-37	156	1188	37678048	59
AAX21527.1	SUPER_6_HAP1	49.296	142	65	3	866	1000	34529464	34529889	1.11e-25	119	1188	37678048	59
AAX21527.1	SUPER_6_HAP1	49.462	93	45	2	1009	1099	34475251	34474973	1.81e-18	95.1	1188	37678048	59
AAX21527.1	SUPER_6_HAP1	36.066	122	52	2	551	665	34528669	34528977	2.37e-18	78.2	1188	37678048	59
AAX21527.1	SUPER_6_HAP1	41.026	39	23	0	511	549	34528550	34528666	2.37e-18	37.4	1188	37678048	59
AAX21527.1	SUPER_6_HAP1	36.264	91	58	0	1098	1188	34474531	34474259	1.35e-07	59.3	1188	37678048	59
AAX21527.1	SUPER_6_HAP1	29.167	96	41	2	139	207	34480783	34480496	7.48e-06	53.5	1188	37678048	59
AAX21527.1	SUPER_6_HAP1	29.167	96	41	2	139	207	34522186	34522473	7.48e-06	53.5	1188	37678048	59
AAX21527.1	HAP1_SCAFFOLD_2880	49.296	142	65	3	866	1000	27839	28264	6.84e-26	119	1188	30811	24
AAX21527.1	HAP1_SCAFFOLD_2880	36.066	122	52	2	551	665	27044	27352	4.79e-18	77.4	1188	30811	24
AAX21527.1	HAP1_SCAFFOLD_2880	41.026	39	23	0	511	549	26925	27041	4.79e-18	37.4	1188	30811	24
AAM21641.1	SUPER_6_HAP1	34.311	341	174	5	582	887	34477677	34476700	6.03e-44	179	1261	37678048	51
AAM21641.1	SUPER_6_HAP1	52.247	178	77	4	915	1084	34476309	34475776	1.63e-32	141	1261	37678048	51
AAM21641.1	SUPER_6_HAP1	46.541	159	77	4	937	1088	34529464	34529937	1.50e-19	99.0	1261	37678048	51
AAM21641.1	SUPER_6_HAP1	35.652	115	62	2	622	736	34528669	34528977	6.69e-12	73.9	1261	37678048	51
AAM21641.1	SUPER_6_HAP1	53.623	69	30	2	1105	1172	34475176	34474973	6.31e-11	70.5	1261	37678048	51
AAM21641.1	SUPER_6_HAP1	37.363	91	57	0	1171	1261	34474531	34474259	3.36e-08	61.6	1261	37678048	51
AAM21641.1	HAP1_SCAFFOLD_2880	45.912	159	78	4	937	1088	27839	28312	9.56e-19	96.3	1261	30811	26
AAM21641.1	HAP1_SCAFFOLD_2880	28.169	213	107	5	622	800	27044	27646	1.00e-11	73.2	1261	30811	26
AAD54777.1	SUPER_6_HAP1	35.294	323	163	6	447	730	34477671	34476724	1.66e-40	167	1123	37678048	66
AAD54777.1	SUPER_6_HAP1	44.509	173	94	1	771	943	34476297	34475785	6.04e-40	165	1123	37678048	66
AAD54777.1	SUPER_6_HAP1	46.000	150	76	2	790	936	34529464	34529907	3.87e-32	140	1123	37678048	66
AAD54777.1	SUPER_6_HAP1	47.222	108	56	1	927	1034	34475293	34474973	5.20e-21	103	1123	37678048	66
AAD54777.1	SUPER_6_HAP1	37.000	100	55	2	4	102	34481619	34481341	5.05e-08	60.8	1123	37678048	66
AAD54777.1	SUPER_6_HAP1	37.000	100	55	2	4	102	34521347	34521625	5.05e-08	60.8	1123	37678048	66
AAD54777.1	SUPER_6_HAP1	43.956	91	51	0	1033	1123	34474531	34474259	7.25e-08	60.1	1123	37678048	66
AAD54777.1	SUPER_6_HAP1	28.105	153	94	5	440	592	34528561	34528971	1.61e-05	52.4	1123	37678048	66
AAD54777.1	HAP1_SCAFFOLD_2880	46.000	150	76	2	790	936	27839	28282	9.31e-32	138	1123	30811	27
AAD54777.1	HAP1_SCAFFOLD_2880	28.105	153	94	5	440	592	26936	27346	1.13e-05	53.1	1123	30811	27
CAC01849.1	SUPER_6_HAP1	35.294	323	163	6	447	730	34477671	34476724	1.66e-40	167	1123	37678048	66
CAC01849.1	SUPER_6_HAP1	44.509	173	94	1	771	943	34476297	34475785	6.04e-40	165	1123	37678048	66
CAC01849.1	SUPER_6_HAP1	46.000	150	76	2	790	936	34529464	34529907	3.87e-32	140	1123	37678048	66
CAC01849.1	SUPER_6_HAP1	47.222	108	56	1	927	1034	34475293	34474973	5.20e-21	103	1123	37678048	66
CAC01849.1	SUPER_6_HAP1	37.000	100	55	2	4	102	34481619	34481341	5.05e-08	60.8	1123	37678048	66
CAC01849.1	SUPER_6_HAP1	37.000	100	55	2	4	102	34521347	34521625	5.05e-08	60.8	1123	37678048	66
CAC01849.1	SUPER_6_HAP1	43.956	91	51	0	1033	1123	34474531	34474259	7.25e-08	60.1	1123	37678048	66
CAC01849.1	SUPER_6_HAP1	28.105	153	94	5	440	592	34528561	34528971	1.61e-05	52.4	1123	37678048	66
CAC01849.1	HAP1_SCAFFOLD_2880	46.000	150	76	2	790	936	27839	28282	9.31e-32	138	1123	30811	27
CAC01849.1	HAP1_SCAFFOLD_2880	28.105	153	94	5	440	592	26936	27346	1.13e-05	53.1	1123	30811	27
TERT_Arceuthobium_sichuanense_exon9	SUPER_6_HAP1	52.941	102	48	0	29	130	34477437	34477132	2.14e-29	114	130	37678048	78
TERT_Arceuthobium_sichuanense_exon9	SUPER_6_HAP1	48.214	56	29	0	29	84	34528789	34528956	3.09e-17	64.7	130	37678048	78
TERT_Arceuthobium_sichuanense_exon9	SUPER_6_HAP1	60.000	35	14	0	96	130	34528989	34529093	3.09e-17	42.0	130	37678048	78
TERT_Arceuthobium_sichuanense_exon9	HAP1_SCAFFOLD_2880	48.214	56	29	0	29	84	27164	27331	3.61e-17	64.7	130	30811	70
TERT_Arceuthobium_sichuanense_exon9	HAP1_SCAFFOLD_2880	60.000	35	14	0	96	130	27364	27468	3.61e-17	42.0	130	30811	70
TERT_Santalum_album_chr1locus	SUPER_6_HAP1	49.157	356	151	5	26	377	34477674	34476685	1.33e-93	310	399	37678048	88
TERT_Santalum_album_chr1locus	SUPER_6_HAP1	32.051	234	114	7	65	287	34528669	34529268	3.87e-30	98.2	399	37678048	88
TERT_Santalum_album_chr1locus	SUPER_6_HAP1	60.526	38	15	0	26	63	34528553	34528666	3.87e-30	55.1	399	37678048	88
TERT_Santalum_album_chr1locus	HAP1_SCAFFOLD_2880	32.479	234	113	7	65	287	27044	27643	1.31e-30	100	399	30811	65
TERT_Santalum_album_chr1locus	HAP1_SCAFFOLD_2880	60.526	38	15	0	26	63	26928	27041	1.31e-30	55.1	399	30811	65
